timestamp, memory.used [MiB], power.draw [W], utilization.gpu [%], temperature.gpu
2026/10/10 00:12:40.018, 699 MiB, 12.66 W, 9 %, 41
2026/10/10 00:12:41.024, 699 MiB, 14.03 W, 21 %, 42
2026/10/10 00:12:42.033, 1035 MiB, 56.36 W, 1 %, 43
2026/10/10 00:12:43.037, 15161 MiB, 61.44 W, 96 %, 44
2026/10/10 00:12:44.049, 15193 MiB, 72.94 W, 8 %, 44
2026/10/10 00:12:45.062, 15193 MiB, 70.26 W, 8 %, 44
2026/10/10 00:12:46.073, 15193 MiB, 58.88 W, 7 %, 44
2026/10/10 00:12:47.077, 15193 MiB, 58.65 W, 8 %, 44
2026/10/10 00:12:48.091, 15193 MiB, 56.72 W, 24 %, 43
2026/10/10 00:12:49.093, 15193 MiB, 25.03 W, 30 %, 42
2026/10/10 00:12:50.106, 15193 MiB, 23.24 W, 31 %, 42
2026/10/10 00:12:51.118, 15193 MiB, 21.50 W, 56 %, 42
2026/10/10 00:12:52.124, 15193 MiB, 18.30 W, 3 %, 42
2026/10/10 00:12:53.130, 15193 MiB, 17.15 W, 7 %, 42
2026/10/10 00:12:54.131, 21797 MiB, 12.40 W, 7 %, 42
2026/10/10 00:12:55.139, 23287 MiB, 50.07 W, 9 %, 44
2026/10/10 00:12:56.148, 23715 MiB, 60.71 W, 4 %, 46
2026/10/10 00:12:57.160, 23997 MiB, 52.15 W, 35 %, 48
2026/10/10 00:12:58.173, 23997 MiB, 200.35 W, 100 %, 57
2026/10/10 00:12:59.187, 23997 MiB, 252.43 W, 100 %, 59
2026/10/10 00:13:00.200, 23997 MiB, 254.39 W, 100 %, 53
2026/10/10 00:13:01.201, 24021 MiB, 182.71 W, 94 %, 55
2026/10/10 00:13:02.214, 24025 MiB, 261.79 W, 92 %, 64
2026/10/10 00:13:03.224, 24027 MiB, 298.32 W, 91 %, 56
2026/10/10 00:13:04.230, 24033 MiB, 227.24 W, 99 %, 61
2026/10/10 00:13:05.242, 24033 MiB, 254.41 W, 100 %, 68
2026/10/10 00:13:06.257, 24033 MiB, 258.53 W, 100 %, 66
2026/10/10 00:13:07.257, 24033 MiB, 236.30 W, 100 %, 53
2026/10/10 00:13:08.270, 24039 MiB, 191.84 W, 92 %, 59
2026/10/10 00:13:09.271, 24039 MiB, 303.70 W, 90 %, 57
2026/10/10 00:13:10.279, 24039 MiB, 261.48 W, 92 %, 53
2026/10/10 00:13:11.293, 24039 MiB, 210.50 W, 99 %, 58
2026/10/10 00:13:12.297, 24039 MiB, 264.23 W, 100 %, 55
2026/10/10 00:13:13.298, 24039 MiB, 259.76 W, 100 %, 55
2026/10/10 00:13:14.313, 24039 MiB, 183.17 W, 76 %, 53
2026/10/10 00:13:15.321, 24039 MiB, 260.05 W, 89 %, 55
2026/10/10 00:13:16.335, 24039 MiB, 266.46 W, 91 %, 54
2026/10/10 00:13:17.350, 24041 MiB, 280.89 W, 89 %, 66
2026/10/10 00:13:18.364, 24041 MiB, 262.29 W, 36 %, 53
2026/10/10 00:13:19.369, 24043 MiB, 108.27 W, 1 %, 51
2026/10/10 00:13:20.376, 24043 MiB, 94.60 W, 42 %, 47
2026/10/10 00:13:21.384, 24043 MiB, 60.54 W, 42 %, 46
2026/10/10 00:13:22.390, 24043 MiB, 59.41 W, 43 %, 46
2026/10/10 00:13:23.392, 24043 MiB, 56.60 W, 28 %, 46
2026/10/10 00:13:24.397, 24043 MiB, 54.11 W, 10 %, 47
2026/10/10 00:13:25.400, 24043 MiB, 53.23 W, 3 %, 46
2026/10/10 00:13:26.409, 24043 MiB, 52.46 W, 3 %, 44
2026/10/10 00:13:27.416, 24043 MiB, 52.06 W, 48 %, 45
2026/10/10 00:13:28.428, 24043 MiB, 52.92 W, 4 %, 45
2026/10/10 00:13:29.439, 24043 MiB, 52.81 W, 62 %, 44
2026/10/10 00:13:30.453, 24043 MiB, 52.54 W, 5 %, 44
2026/10/10 00:13:31.464, 24043 MiB, 50.00 W, 29 %, 45
2026/10/10 00:13:32.472, 24043 MiB, 52.49 W, 67 %, 44
2026/10/10 00:13:33.478, 24043 MiB, 51.89 W, 5 %, 43
2026/10/10 00:13:34.487, 24043 MiB, 49.11 W, 21 %, 45
2026/10/10 00:13:35.489, 24043 MiB, 52.51 W, 72 %, 43
2026/10/10 00:13:36.501, 24043 MiB, 52.58 W, 19 %, 43
2026/10/10 00:13:37.505, 24043 MiB, 49.28 W, 5 %, 43
2026/10/10 00:13:38.516, 24043 MiB, 50.08 W, 42 %, 44
2026/10/10 00:13:39.526, 24043 MiB, 51.69 W, 55 %, 43
2026/10/10 00:13:40.532, 24043 MiB, 51.45 W, 6 %, 43
2026/10/10 00:13:41.535, 24043 MiB, 48.92 W, 25 %, 44
2026/10/10 00:13:42.538, 24043 MiB, 52.12 W, 73 %, 43
2026/10/10 00:13:43.550, 24043 MiB, 52.36 W, 16 %, 42
2026/10/10 00:13:44.558, 24043 MiB, 48.55 W, 7 %, 43
2026/10/10 00:13:45.573, 24043 MiB, 50.77 W, 55 %, 43
2026/10/10 00:13:46.583, 24043 MiB, 52.26 W, 66 %, 42
2026/10/10 00:13:47.596, 24043 MiB, 51.45 W, 7 %, 42
2026/10/10 00:13:48.608, 24043 MiB, 47.40 W, 19 %, 43
2026/10/10 00:13:49.620, 24043 MiB, 51.05 W, 71 %, 42
2026/10/10 00:13:50.632, 24043 MiB, 51.68 W, 23 %, 42
2026/10/10 00:13:51.644, 24043 MiB, 48.58 W, 5 %, 42
2026/10/10 00:13:52.651, 24043 MiB, 49.90 W, 45 %, 42
2026/10/10 00:13:53.661, 24043 MiB, 51.50 W, 67 %, 42
2026/10/10 00:13:54.676, 24043 MiB, 51.66 W, 23 %, 41
2026/10/10 00:13:55.678, 24043 MiB, 48.70 W, 5 %, 42
2026/10/10 00:13:56.694, 24043 MiB, 49.09 W, 38 %, 42
2026/10/10 00:13:57.700, 24043 MiB, 51.28 W, 49 %, 41
2026/10/10 00:13:58.708, 24043 MiB, 50.58 W, 5 %, 41
2026/10/10 00:13:59.718, 24043 MiB, 48.26 W, 21 %, 42
2026/10/10 00:14:00.731, 24043 MiB, 51.03 W, 67 %, 41
2026/10/10 00:14:01.738, 24043 MiB, 51.46 W, 29 %, 41
2026/10/10 00:14:02.745, 24043 MiB, 48.59 W, 5 %, 42
2026/10/10 00:14:03.748, 24043 MiB, 50.48 W, 64 %, 41
2026/10/10 00:14:04.753, 24043 MiB, 51.87 W, 49 %, 41
2026/10/10 00:14:05.764, 24043 MiB, 50.11 W, 5 %, 41
2026/10/10 00:14:06.772, 24043 MiB, 48.38 W, 28 %, 42
2026/10/10 00:14:07.776, 24043 MiB, 50.18 W, 65 %, 41
2026/10/10 00:14:08.780, 24043 MiB, 50.98 W, 47 %, 41
2026/10/10 00:14:09.780, 24043 MiB, 49.68 W, 5 %, 40
2026/10/10 00:14:10.784, 24043 MiB, 47.27 W, 18 %, 42
2026/10/10 00:14:11.797, 24043 MiB, 50.81 W, 53 %, 40
2026/10/10 00:14:12.806, 24043 MiB, 49.56 W, 6 %, 40
2026/10/10 00:14:13.812, 24043 MiB, 46.94 W, 17 %, 41
2026/10/10 00:14:14.827, 24043 MiB, 49.54 W, 71 %, 40
2026/10/10 00:14:15.837, 24043 MiB, 45.82 W, 48 %, 40
2026/10/10 00:14:16.841, 24043 MiB, 48.00 W, 5 %, 40
2026/10/10 00:14:17.847, 24043 MiB, 50.29 W, 57 %, 41
2026/10/10 00:14:18.857, 24043 MiB, 49.80 W, 77 %, 40
2026/10/10 00:14:19.865, 24043 MiB, 45.50 W, 33 %, 40
2026/10/10 00:14:20.877, 24043 MiB, 49.75 W, 5 %, 40
2026/10/10 00:14:21.887, 24043 MiB, 50.44 W, 41 %, 41
2026/10/10 00:14:22.888, 24043 MiB, 48.55 W, 5 %, 40
2026/10/10 00:14:23.893, 24043 MiB, 45.87 W, 6 %, 40
2026/10/10 00:14:24.897, 24043 MiB, 49.93 W, 67 %, 40
2026/10/10 00:14:25.899, 24043 MiB, 49.74 W, 50 %, 41
2026/10/10 00:14:26.909, 24043 MiB, 48.46 W, 5 %, 40
2026/10/10 00:14:27.916, 24043 MiB, 45.21 W, 9 %, 40
2026/10/10 00:14:28.926, 24043 MiB, 48.19 W, 58 %, 39
2026/10/10 00:14:29.940, 24043 MiB, 49.63 W, 61 %, 41
2026/10/10 00:14:30.945, 24043 MiB, 49.19 W, 7 %, 40
2026/10/10 00:14:31.957, 24043 MiB, 45.83 W, 15 %, 40
2026/10/10 00:14:32.961, 24043 MiB, 48.33 W, 51 %, 40
2026/10/10 00:14:33.966, 24043 MiB, 49.63 W, 69 %, 41
2026/10/10 00:14:34.968, 24043 MiB, 49.25 W, 5 %, 40
2026/10/10 00:14:35.977, 24043 MiB, 45.30 W, 5 %, 40
2026/10/10 00:14:36.993, 24043 MiB, 47.75 W, 45 %, 40
2026/10/10 00:14:37.997, 24043 MiB, 49.27 W, 51 %, 41
2026/10/10 00:14:39.011, 24043 MiB, 48.53 W, 5 %, 40
2026/10/10 00:14:40.015, 24043 MiB, 45.52 W, 6 %, 40
2026/10/10 00:14:41.019, 24043 MiB, 47.49 W, 44 %, 40
2026/10/10 00:14:42.034, 24043 MiB, 49.33 W, 71 %, 41
2026/10/10 00:14:43.037, 24043 MiB, 49.39 W, 20 %, 41
2026/10/10 00:14:44.040, 24043 MiB, 46.35 W, 5 %, 40
2026/10/10 00:14:45.054, 24043 MiB, 47.96 W, 50 %, 40
2026/10/10 00:14:46.056, 24043 MiB, 50.04 W, 72 %, 41
2026/10/10 00:14:47.069, 24043 MiB, 49.79 W, 36 %, 41
2026/10/10 00:14:48.074, 24043 MiB, 47.94 W, 5 %, 41
2026/10/10 00:14:49.087, 24043 MiB, 45.69 W, 4 %, 40
2026/10/10 00:14:50.094, 24043 MiB, 48.72 W, 59 %, 40
2026/10/10 00:14:51.098, 24043 MiB, 49.36 W, 34 %, 41
2026/10/10 00:14:52.113, 24043 MiB, 47.92 W, 6 %, 41
2026/10/10 00:14:53.114, 24043 MiB, 45.77 W, 4 %, 41
2026/10/10 00:14:54.122, 24043 MiB, 48.30 W, 51 %, 41
2026/10/10 00:14:55.134, 24043 MiB, 50.00 W, 67 %, 42
2026/10/10 00:14:56.135, 24043 MiB, 49.91 W, 18 %, 41
2026/10/10 00:14:57.142, 24043 MiB, 46.56 W, 5 %, 41
2026/10/10 00:14:58.147, 24043 MiB, 49.39 W, 72 %, 41
2026/10/10 00:14:59.148, 24043 MiB, 50.26 W, 53 %, 42
2026/10/10 00:15:00.157, 24043 MiB, 48.89 W, 7 %, 41
2026/10/10 00:15:01.173, 24043 MiB, 46.68 W, 29 %, 41
2026/10/10 00:15:02.173, 24043 MiB, 49.61 W, 77 %, 42
2026/10/10 00:15:03.178, 24043 MiB, 49.70 W, 36 %, 42
2026/10/10 00:15:04.182, 24043 MiB, 47.60 W, 5 %, 41
2026/10/10 00:15:05.191, 24043 MiB, 45.94 W, 22 %, 41
2026/10/10 00:15:06.196, 24043 MiB, 49.92 W, 72 %, 42
2026/10/10 00:15:07.204, 24043 MiB, 49.91 W, 51 %, 42
2026/10/10 00:15:08.220, 24043 MiB, 48.89 W, 5 %, 41
2026/10/10 00:15:09.223, 24043 MiB, 45.91 W, 15 %, 41
2026/10/10 00:15:10.229, 24043 MiB, 49.43 W, 67 %, 42
2026/10/10 00:15:11.244, 24043 MiB, 49.57 W, 41 %, 42
2026/10/10 00:15:12.254, 24043 MiB, 48.13 W, 5 %, 42
2026/10/10 00:15:13.262, 24043 MiB, 46.50 W, 13 %, 41
2026/10/10 00:15:14.267, 24043 MiB, 48.87 W, 54 %, 41
2026/10/10 00:15:15.274, 24043 MiB, 49.97 W, 66 %, 43
2026/10/10 00:15:16.276, 24043 MiB, 49.96 W, 5 %, 42
2026/10/10 00:15:17.282, 24043 MiB, 46.00 W, 14 %, 42
2026/10/10 00:15:18.286, 24043 MiB, 49.41 W, 55 %, 42
2026/10/10 00:15:19.290, 24043 MiB, 50.63 W, 57 %, 43
2026/10/10 00:15:20.292, 24043 MiB, 49.81 W, 21 %, 42
2026/10/10 00:15:21.302, 24043 MiB, 47.54 W, 5 %, 42
2026/10/10 00:15:22.306, 24043 MiB, 49.51 W, 54 %, 42
2026/10/10 00:15:23.317, 24043 MiB, 51.04 W, 75 %, 43
2026/10/10 00:15:24.328, 24043 MiB, 51.33 W, 40 %, 43
2026/10/10 00:15:25.331, 24043 MiB, 49.24 W, 5 %, 42
2026/10/10 00:15:26.346, 24043 MiB, 46.92 W, 17 %, 42
2026/10/10 00:15:27.348, 24043 MiB, 50.30 W, 77 %, 43
2026/10/10 00:15:28.349, 24043 MiB, 50.74 W, 52 %, 43
2026/10/10 00:15:29.353, 24043 MiB, 49.88 W, 7 %, 42
2026/10/10 00:15:30.361, 24043 MiB, 47.08 W, 7 %, 42
2026/10/10 00:15:31.363, 24043 MiB, 48.47 W, 37 %, 42
2026/10/10 00:15:32.366, 24043 MiB, 50.64 W, 71 %, 42
2026/10/10 00:15:33.370, 24043 MiB, 50.66 W, 16 %, 42
2026/10/10 00:15:34.378, 24043 MiB, 47.65 W, 5 %, 42
2026/10/10 00:15:35.382, 24043 MiB, 46.98 W, 5 %, 43
2026/10/10 00:15:36.388, 24043 MiB, 50.38 W, 61 %, 43
2026/10/10 00:15:37.388, 24043 MiB, 50.71 W, 58 %, 42
2026/10/10 00:15:38.404, 24043 MiB, 50.29 W, 19 %, 42
2026/10/10 00:15:39.411, 24043 MiB, 47.43 W, 5 %, 43
2026/10/10 00:15:40.414, 24043 MiB, 47.09 W, 25 %, 44
2026/10/10 00:15:41.417, 24043 MiB, 50.45 W, 76 %, 43
2026/10/10 00:15:42.421, 24043 MiB, 50.80 W, 43 %, 42
2026/10/10 00:15:43.428, 24043 MiB, 48.90 W, 6 %, 42
2026/10/10 00:15:44.441, 24043 MiB, 46.59 W, 19 %, 44
2026/10/10 00:15:45.451, 24043 MiB, 51.05 W, 76 %, 43
2026/10/10 00:15:46.462, 24043 MiB, 51.19 W, 39 %, 43
2026/10/10 00:15:47.466, 24043 MiB, 48.83 W, 5 %, 43
2026/10/10 00:15:48.471, 24043 MiB, 47.07 W, 14 %, 44
2026/10/10 00:15:49.487, 24043 MiB, 47.62 W, 26 %, 44
2026/10/10 00:15:50.497, 24043 MiB, 50.45 W, 68 %, 43
2026/10/10 00:15:51.502, 24043 MiB, 50.89 W, 32 %, 43
2026/10/10 00:15:52.506, 24043 MiB, 48.59 W, 6 %, 43
2026/10/10 00:15:53.513, 24043 MiB, 46.45 W, 5 %, 43
2026/10/10 00:15:54.516, 24043 MiB, 47.87 W, 29 %, 44
2026/10/10 00:15:55.528, 24043 MiB, 50.67 W, 75 %, 43
2026/10/10 00:15:56.536, 24043 MiB, 50.91 W, 50 %, 43
2026/10/10 00:15:57.542, 24043 MiB, 49.75 W, 6 %, 43
2026/10/10 00:15:58.547, 24043 MiB, 46.77 W, 5 %, 44
2026/10/10 00:15:59.552, 24043 MiB, 48.75 W, 43 %, 44
2026/10/10 00:16:00.558, 24043 MiB, 51.05 W, 73 %, 43
2026/10/10 00:16:01.569, 24043 MiB, 51.13 W, 29 %, 43
2026/10/10 00:16:02.576, 24043 MiB, 47.90 W, 7 %, 44
2026/10/10 00:16:03.582, 24043 MiB, 47.53 W, 24 %, 44
2026/10/10 00:16:04.592, 24043 MiB, 50.27 W, 67 %, 44
2026/10/10 00:16:05.604, 24043 MiB, 51.29 W, 58 %, 43
2026/10/10 00:16:06.609, 24043 MiB, 50.47 W, 7 %, 43
2026/10/10 00:16:07.614, 24043 MiB, 46.68 W, 7 %, 44
2026/10/10 00:16:08.625, 24043 MiB, 48.37 W, 38 %, 45
2026/10/10 00:16:09.632, 24043 MiB, 51.15 W, 69 %, 44
2026/10/10 00:16:10.644, 24043 MiB, 51.14 W, 19 %, 43
2026/10/10 00:16:11.652, 24043 MiB, 48.22 W, 5 %, 43
2026/10/10 00:16:12.661, 24043 MiB, 46.87 W, 9 %, 44
2026/10/10 00:16:13.670, 24043 MiB, 51.26 W, 68 %, 44
2026/10/10 00:16:14.685, 24043 MiB, 51.28 W, 41 %, 43
2026/10/10 00:16:15.691, 24043 MiB, 49.76 W, 5 %, 43
2026/10/10 00:16:16.702, 24043 MiB, 46.60 W, 5 %, 44
2026/10/10 00:16:17.711, 24043 MiB, 48.79 W, 44 %, 44
2026/10/10 00:16:18.722, 24043 MiB, 51.38 W, 70 %, 44
2026/10/10 00:16:19.733, 24043 MiB, 51.53 W, 26 %, 44
2026/10/10 00:16:20.745, 24043 MiB, 48.51 W, 5 %, 44
2026/10/10 00:16:21.754, 24043 MiB, 46.46 W, 6 %, 45
2026/10/10 00:16:22.766, 24043 MiB, 48.69 W, 43 %, 45
2026/10/10 00:16:23.776, 24043 MiB, 49.23 W, 49 %, 44
2026/10/10 00:16:24.779, 24043 MiB, 51.09 W, 72 %, 44
2026/10/10 00:16:25.783, 24043 MiB, 50.96 W, 27 %, 44
2026/10/10 00:16:26.799, 24043 MiB, 48.51 W, 5 %, 44
2026/10/10 00:16:27.801, 24043 MiB, 46.91 W, 12 %, 45
2026/10/10 00:16:28.820, 24043 MiB, 51.08 W, 68 %, 44
2026/10/10 00:16:29.832, 24043 MiB, 51.13 W, 31 %, 44
2026/10/10 00:16:30.837, 24043 MiB, 49.34 W, 5 %, 44
2026/10/10 00:16:31.847, 24043 MiB, 47.70 W, 5 %, 45
2026/10/10 00:16:32.850, 24043 MiB, 49.51 W, 44 %, 45
2026/10/10 00:16:33.859, 24043 MiB, 51.86 W, 71 %, 44
2026/10/10 00:16:34.862, 24043 MiB, 51.59 W, 51 %, 44
2026/10/10 00:16:35.870, 24043 MiB, 50.51 W, 17 %, 44
2026/10/10 00:16:36.875, 24043 MiB, 47.66 W, 5 %, 45
2026/10/10 00:16:37.883, 24043 MiB, 48.22 W, 29 %, 45
2026/10/10 00:16:38.887, 24043 MiB, 50.78 W, 64 %, 45
2026/10/10 00:16:39.891, 24043 MiB, 51.85 W, 74 %, 44
2026/10/10 00:16:40.905, 24043 MiB, 51.09 W, 19 %, 44
2026/10/10 00:16:41.911, 24043 MiB, 47.48 W, 7 %, 45
2026/10/10 00:16:42.914, 24043 MiB, 46.97 W, 15 %, 45
2026/10/10 00:16:43.921, 24043 MiB, 49.44 W, 51 %, 45
2026/10/10 00:16:44.935, 24043 MiB, 50.92 W, 66 %, 44
2026/10/10 00:16:45.948, 24043 MiB, 51.29 W, 21 %, 44
2026/10/10 00:16:46.958, 24043 MiB, 48.28 W, 5 %, 45
2026/10/10 00:16:47.969, 24043 MiB, 47.13 W, 15 %, 45
2026/10/10 00:16:48.978, 24043 MiB, 50.31 W, 67 %, 45
2026/10/10 00:16:49.986, 24043 MiB, 51.35 W, 68 %, 45
2026/10/10 00:16:50.996, 24043 MiB, 51.47 W, 21 %, 44
2026/10/10 00:16:52.000, 24043 MiB, 48.44 W, 5 %, 44
2026/10/10 00:16:53.013, 24043 MiB, 47.24 W, 5 %, 45
2026/10/10 00:16:54.019, 24043 MiB, 47.12 W, 14 %, 46
2026/10/10 00:16:55.023, 24043 MiB, 49.39 W, 41 %, 45
2026/10/10 00:16:56.032, 24043 MiB, 51.27 W, 71 %, 45
2026/10/10 00:16:57.041, 24043 MiB, 51.54 W, 49 %, 45
2026/10/10 00:16:58.043, 24043 MiB, 50.00 W, 6 %, 45
2026/10/10 00:16:59.050, 24043 MiB, 47.21 W, 5 %, 45
2026/10/10 00:17:00.053, 24043 MiB, 48.65 W, 26 %, 46
2026/10/10 00:17:01.058, 24043 MiB, 51.31 W, 65 %, 45
2026/10/10 00:17:02.063, 24043 MiB, 51.52 W, 67 %, 45
2026/10/10 00:17:03.065, 24043 MiB, 51.76 W, 28 %, 45
2026/10/10 00:17:04.071, 24043 MiB, 49.67 W, 7 %, 45
2026/10/10 00:17:05.085, 24043 MiB, 47.71 W, 5 %, 46
2026/10/10 00:17:06.089, 24043 MiB, 49.29 W, 37 %, 46
2026/10/10 00:17:07.090, 24043 MiB, 51.38 W, 68 %, 45
2026/10/10 00:17:08.103, 24043 MiB, 51.63 W, 35 %, 45
2026/10/10 00:17:09.107, 24043 MiB, 49.57 W, 5 %, 45
2026/10/10 00:17:10.112, 24043 MiB, 47.44 W, 5 %, 46
2026/10/10 00:17:11.116, 24043 MiB, 48.50 W, 31 %, 46
2026/10/10 00:17:12.130, 24043 MiB, 51.07 W, 68 %, 45
2026/10/10 00:17:13.142, 24043 MiB, 47.72 W, 65 %, 45
2026/10/10 00:17:14.150, 24043 MiB, 47.49 W, 39 %, 45
2026/10/10 00:17:15.163, 24043 MiB, 50.16 W, 8 %, 45
2026/10/10 00:17:16.166, 24043 MiB, 51.48 W, 7 %, 46
2026/10/10 00:17:17.167, 24043 MiB, 51.65 W, 25 %, 46
2026/10/10 00:17:18.170, 24043 MiB, 50.04 W, 64 %, 46
2026/10/10 00:17:19.178, 24043 MiB, 48.41 W, 5 %, 45
2026/10/10 00:17:20.189, 24043 MiB, 47.46 W, 9 %, 45
2026/10/10 00:17:21.192, 24043 MiB, 50.14 W, 61 %, 45
2026/10/10 00:17:22.203, 24043 MiB, 51.94 W, 73 %, 46
2026/10/10 00:17:23.216, 24043 MiB, 52.14 W, 58 %, 46
2026/10/10 00:17:24.217, 24043 MiB, 51.36 W, 21 %, 46
2026/10/10 00:17:25.229, 24043 MiB, 49.28 W, 6 %, 45
2026/10/10 00:17:26.244, 24043 MiB, 47.43 W, 5 %, 45
2026/10/10 00:17:27.251, 24043 MiB, 49.09 W, 36 %, 45
2026/10/10 00:17:28.264, 24043 MiB, 51.93 W, 72 %, 46
2026/10/10 00:17:29.266, 24043 MiB, 52.07 W, 49 %, 47
2026/10/10 00:17:30.272, 24043 MiB, 51.09 W, 15 %, 46
2026/10/10 00:17:31.288, 24043 MiB, 48.73 W, 5 %, 46
2026/10/10 00:17:32.289, 24043 MiB, 48.03 W, 17 %, 45
2026/10/10 00:17:33.304, 24043 MiB, 50.80 W, 58 %, 45
2026/10/10 00:17:34.309, 24043 MiB, 52.84 W, 72 %, 46
2026/10/10 00:17:35.312, 24043 MiB, 52.88 W, 45 %, 47
2026/10/10 00:17:36.319, 24043 MiB, 51.77 W, 5 %, 46
2026/10/10 00:17:37.330, 24043 MiB, 48.85 W, 5 %, 46
2026/10/10 00:17:38.346, 24043 MiB, 49.46 W, 25 %, 46
2026/10/10 00:17:39.359, 24043 MiB, 51.07 W, 55 %, 45
2026/10/10 00:17:40.373, 24043 MiB, 51.84 W, 62 %, 47
2026/10/10 00:17:41.386, 24043 MiB, 52.33 W, 23 %, 46
2026/10/10 00:17:42.401, 24043 MiB, 49.47 W, 5 %, 46
2026/10/10 00:17:43.404, 24043 MiB, 48.40 W, 21 %, 46
2026/10/10 00:17:44.410, 24043 MiB, 50.12 W, 48 %, 46
2026/10/10 00:17:45.410, 24043 MiB, 52.18 W, 73 %, 47
2026/10/10 00:17:46.411, 24043 MiB, 52.90 W, 62 %, 47
2026/10/10 00:17:47.426, 24043 MiB, 52.01 W, 17 %, 46
2026/10/10 00:17:48.429, 24043 MiB, 48.71 W, 7 %, 46
2026/10/10 00:17:49.435, 24043 MiB, 47.33 W, 9 %, 46
2026/10/10 00:17:50.438, 24043 MiB, 48.94 W, 41 %, 46
2026/10/10 00:17:51.447, 24043 MiB, 51.56 W, 68 %, 47
2026/10/10 00:17:52.448, 24043 MiB, 51.92 W, 56 %, 47
2026/10/10 00:17:53.463, 24043 MiB, 50.72 W, 57 %, 47
2026/10/10 00:17:54.478, 24043 MiB, 50.86 W, 26 %, 47
2026/10/10 00:17:55.484, 24043 MiB, 48.99 W, 5 %, 46
2026/10/10 00:17:56.485, 24043 MiB, 47.56 W, 5 %, 46
2026/10/10 00:17:57.498, 24043 MiB, 49.57 W, 42 %, 46
2026/10/10 00:17:58.500, 24043 MiB, 51.72 W, 72 %, 46
2026/10/10 00:17:59.502, 24043 MiB, 52.21 W, 61 %, 47
2026/10/10 00:18:00.515, 24043 MiB, 51.77 W, 12 %, 46
2026/10/10 00:18:01.523, 24043 MiB, 48.38 W, 5 %, 46
2026/10/10 00:18:02.529, 24043 MiB, 48.63 W, 18 %, 46
2026/10/10 00:18:03.545, 24043 MiB, 50.43 W, 50 %, 46
2026/10/10 00:18:04.546, 24043 MiB, 51.96 W, 69 %, 47
2026/10/10 00:18:05.549, 24043 MiB, 51.99 W, 39 %, 47
2026/10/10 00:18:06.552, 24043 MiB, 50.08 W, 18 %, 47
2026/10/10 00:18:07.559, 24043 MiB, 49.08 W, 5 %, 46
2026/10/10 00:18:08.565, 24043 MiB, 48.27 W, 5 %, 46
2026/10/10 00:18:09.568, 24043 MiB, 49.69 W, 34 %, 46
2026/10/10 00:18:10.569, 24043 MiB, 52.20 W, 65 %, 46
2026/10/10 00:18:11.582, 24043 MiB, 52.45 W, 71 %, 47
2026/10/10 00:18:12.582, 24043 MiB, 52.45 W, 56 %, 48
2026/10/10 00:18:13.585, 24043 MiB, 51.54 W, 9 %, 47
2026/10/10 00:18:14.589, 24043 MiB, 48.33 W, 7 %, 46
2026/10/10 00:18:15.590, 24043 MiB, 48.35 W, 8 %, 46
2026/10/10 00:18:16.595, 24043 MiB, 49.86 W, 37 %, 46
2026/10/10 00:18:17.601, 24043 MiB, 51.85 W, 68 %, 47
2026/10/10 00:18:18.604, 24043 MiB, 51.69 W, 62 %, 48
2026/10/10 00:18:19.612, 24043 MiB, 51.68 W, 37 %, 47
2026/10/10 00:18:20.621, 24043 MiB, 50.18 W, 14 %, 47
2026/10/10 00:18:21.631, 24043 MiB, 49.29 W, 5 %, 47
2026/10/10 00:18:22.642, 24043 MiB, 48.07 W, 5 %, 46
2026/10/10 00:18:23.652, 24043 MiB, 48.03 W, 5 %, 46
2026/10/10 00:18:24.660, 24043 MiB, 50.67 W, 41 %, 46
2026/10/10 00:18:25.674, 24043 MiB, 52.61 W, 73 %, 47
2026/10/10 00:18:26.682, 24043 MiB, 52.80 W, 65 %, 48
2026/10/10 00:18:27.694, 24043 MiB, 52.99 W, 42 %, 48
2026/10/10 00:18:28.705, 24043 MiB, 51.19 W, 19 %, 47
2026/10/10 00:18:29.716, 24043 MiB, 50.48 W, 5 %, 47
2026/10/10 00:18:30.726, 24043 MiB, 48.88 W, 6 %, 47
2026/10/10 00:18:31.737, 24043 MiB, 50.18 W, 39 %, 47
2026/10/10 00:18:32.748, 24043 MiB, 51.72 W, 65 %, 47
2026/10/10 00:18:33.763, 24043 MiB, 52.51 W, 67 %, 48
2026/10/10 00:18:34.776, 24043 MiB, 52.87 W, 26 %, 47
2026/10/10 00:18:35.783, 24043 MiB, 50.44 W, 6 %, 47
2026/10/10 00:18:36.797, 24043 MiB, 48.42 W, 5 %, 47
2026/10/10 00:18:37.807, 24043 MiB, 48.39 W, 5 %, 47
2026/10/10 00:18:38.815, 24043 MiB, 49.62 W, 19 %, 48
2026/10/10 00:18:39.821, 24043 MiB, 51.09 W, 39 %, 48
2026/10/10 00:18:40.826, 24043 MiB, 52.72 W, 69 %, 47
2026/10/10 00:18:41.833, 24043 MiB, 53.06 W, 69 %, 47
2026/10/10 00:18:42.841, 24043 MiB, 53.49 W, 51 %, 47
2026/10/10 00:18:43.847, 24043 MiB, 52.05 W, 28 %, 47
2026/10/10 00:18:44.853, 24043 MiB, 49.26 W, 5 %, 47
2026/10/10 00:18:45.856, 24043 MiB, 48.92 W, 5 %, 48
2026/10/10 00:18:46.864, 24043 MiB, 51.57 W, 47 %, 48
2026/10/10 00:18:47.874, 24043 MiB, 53.08 W, 76 %, 47
2026/10/10 00:18:48.882, 24043 MiB, 52.51 W, 53 %, 47
2026/10/10 00:18:49.893, 24043 MiB, 51.97 W, 26 %, 47
2026/10/10 00:18:50.906, 24043 MiB, 50.79 W, 4 %, 47
2026/10/10 00:18:51.912, 24043 MiB, 48.82 W, 5 %, 48
2026/10/10 00:18:52.918, 24043 MiB, 48.76 W, 5 %, 48
2026/10/10 00:18:53.923, 24043 MiB, 49.09 W, 4 %, 48
2026/10/10 00:18:54.934, 24043 MiB, 49.57 W, 23 %, 48
2026/10/10 00:18:55.939, 24043 MiB, 51.31 W, 47 %, 48
2026/10/10 00:18:56.947, 24043 MiB, 52.31 W, 72 %, 47
2026/10/10 00:18:57.954, 24043 MiB, 53.50 W, 63 %, 47
2026/10/10 00:18:58.961, 24043 MiB, 52.57 W, 25 %, 47
2026/10/10 00:18:59.964, 24043 MiB, 50.22 W, 18 %, 47
2026/10/10 00:19:00.974, 24043 MiB, 49.57 W, 7 %, 47
2026/10/10 00:19:01.977, 24043 MiB, 48.91 W, 5 %, 48
2026/10/10 00:19:02.985, 24043 MiB, 49.85 W, 23 %, 48
2026/10/10 00:19:03.997, 24043 MiB, 51.16 W, 54 %, 48
2026/10/10 00:19:05.004, 24043 MiB, 52.46 W, 75 %, 47
2026/10/10 00:19:06.009, 24043 MiB, 52.83 W, 61 %, 47
2026/10/10 00:19:07.024, 24043 MiB, 52.27 W, 52 %, 47
2026/10/10 00:19:08.027, 24043 MiB, 51.54 W, 29 %, 47
2026/10/10 00:19:09.030, 24043 MiB, 50.35 W, 5 %, 47
2026/10/10 00:19:10.039, 24043 MiB, 48.91 W, 5 %, 48
2026/10/10 00:19:11.042, 24043 MiB, 49.18 W, 10 %, 48
2026/10/10 00:19:12.057, 24043 MiB, 50.43 W, 35 %, 49
2026/10/10 00:19:13.059, 24043 MiB, 51.90 W, 49 %, 48
2026/10/10 00:19:14.062, 24043 MiB, 53.23 W, 68 %, 48
2026/10/10 00:19:15.070, 24043 MiB, 52.94 W, 51 %, 47
2026/10/10 00:19:16.076, 24043 MiB, 52.21 W, 26 %, 47
2026/10/10 00:19:17.082, 24043 MiB, 50.13 W, 6 %, 47
2026/10/10 00:19:18.086, 24043 MiB, 49.39 W, 5 %, 47
2026/10/10 00:19:19.097, 24043 MiB, 48.41 W, 5 %, 48
2026/10/10 00:19:20.106, 24043 MiB, 48.59 W, 18 %, 49
2026/10/10 00:19:21.106, 24043 MiB, 50.26 W, 46 %, 48
2026/10/10 00:19:22.108, 24043 MiB, 51.64 W, 72 %, 48
2026/10/10 00:19:23.114, 24043 MiB, 52.08 W, 72 %, 48
2026/10/10 00:19:24.117, 24043 MiB, 52.05 W, 76 %, 48
2026/10/10 00:19:25.123, 24043 MiB, 52.46 W, 72 %, 48
2026/10/10 00:19:26.127, 24043 MiB, 52.09 W, 44 %, 48
2026/10/10 00:19:27.133, 24043 MiB, 50.72 W, 8 %, 47
2026/10/10 00:19:28.140, 24043 MiB, 48.61 W, 7 %, 48
2026/10/10 00:19:29.147, 24043 MiB, 48.04 W, 7 %, 48
2026/10/10 00:19:30.152, 24043 MiB, 48.69 W, 20 %, 49
2026/10/10 00:19:31.164, 24043 MiB, 49.58 W, 38 %, 49
2026/10/10 00:19:32.170, 24043 MiB, 51.85 W, 69 %, 48
2026/10/10 00:19:33.180, 24043 MiB, 52.86 W, 61 %, 48
2026/10/10 00:19:34.201, 24043 MiB, 52.48 W, 47 %, 48
2026/10/10 00:19:35.203, 24043 MiB, 51.68 W, 23 %, 48
2026/10/10 00:19:36.207, 24043 MiB, 50.64 W, 5 %, 48
2026/10/10 00:19:37.212, 24043 MiB, 48.94 W, 6 %, 48
2026/10/10 00:19:38.221, 24043 MiB, 48.60 W, 5 %, 48
2026/10/10 00:19:39.230, 24043 MiB, 48.84 W, 5 %, 49
2026/10/10 00:19:40.235, 24043 MiB, 49.53 W, 18 %, 49
2026/10/10 00:19:41.238, 24043 MiB, 51.16 W, 44 %, 49
2026/10/10 00:19:42.243, 24043 MiB, 52.29 W, 62 %, 48
2026/10/10 00:19:43.258, 24043 MiB, 53.34 W, 76 %, 48
2026/10/10 00:19:44.263, 24043 MiB, 53.04 W, 72 %, 48
2026/10/10 00:19:45.264, 24043 MiB, 52.84 W, 60 %, 48
2026/10/10 00:19:46.267, 24043 MiB, 52.40 W, 24 %, 48
2026/10/10 00:19:47.271, 24043 MiB, 49.82 W, 6 %, 48
2026/10/10 00:19:48.273, 24043 MiB, 48.55 W, 6 %, 48
2026/10/10 00:19:49.288, 24043 MiB, 48.45 W, 5 %, 48
2026/10/10 00:19:50.290, 24043 MiB, 48.86 W, 5 %, 49
2026/10/10 00:19:51.292, 24043 MiB, 49.27 W, 14 %, 49
2026/10/10 00:19:52.303, 24043 MiB, 51.78 W, 50 %, 48
2026/10/10 00:19:53.318, 24043 MiB, 51.99 W, 59 %, 48
2026/10/10 00:19:54.331, 24043 MiB, 52.34 W, 61 %, 48
2026/10/10 00:19:55.336, 24043 MiB, 53.52 W, 76 %, 48
2026/10/10 00:19:56.337, 24043 MiB, 53.57 W, 72 %, 48
2026/10/10 00:19:57.343, 24043 MiB, 53.46 W, 61 %, 48
2026/10/10 00:19:58.358, 24043 MiB, 53.01 W, 39 %, 48
2026/10/10 00:19:59.360, 24043 MiB, 52.12 W, 7 %, 48
2026/10/10 00:20:00.373, 24043 MiB, 49.23 W, 7 %, 48
2026/10/10 00:20:01.380, 24043 MiB, 49.16 W, 7 %, 48
2026/10/10 00:20:02.395, 24043 MiB, 49.17 W, 7 %, 49
2026/10/10 00:20:03.400, 24043 MiB, 48.57 W, 7 %, 49
2026/10/10 00:20:04.405, 24043 MiB, 49.89 W, 20 %, 49
2026/10/10 00:20:05.414, 24043 MiB, 51.77 W, 50 %, 49
2026/10/10 00:20:06.416, 24043 MiB, 53.42 W, 71 %, 48
2026/10/10 00:20:07.421, 24043 MiB, 53.40 W, 69 %, 48
2026/10/10 00:20:08.428, 24043 MiB, 53.36 W, 58 %, 48
2026/10/10 00:20:09.436, 24043 MiB, 52.52 W, 33 %, 48
2026/10/10 00:20:10.449, 24043 MiB, 51.14 W, 28 %, 48
2026/10/10 00:20:11.450, 24043 MiB, 50.67 W, 26 %, 48
2026/10/10 00:20:12.454, 24043 MiB, 50.57 W, 5 %, 48
2026/10/10 00:20:13.468, 24043 MiB, 49.28 W, 5 %, 48
2026/10/10 00:20:14.472, 24043 MiB, 49.56 W, 5 %, 49
2026/10/10 00:20:15.473, 24043 MiB, 50.99 W, 32 %, 50
2026/10/10 00:20:16.486, 24043 MiB, 53.10 W, 62 %, 49
2026/10/10 00:20:17.500, 24043 MiB, 53.30 W, 68 %, 48
2026/10/10 00:20:18.509, 24043 MiB, 53.75 W, 48 %, 48
2026/10/10 00:20:19.517, 24043 MiB, 52.69 W, 28 %, 48
2026/10/10 00:20:20.521, 24043 MiB, 50.37 W, 6 %, 48
2026/10/10 00:20:21.535, 24043 MiB, 51.47 W, 5 %, 48
2026/10/10 00:20:22.542, 24043 MiB, 53.11 W, 5 %, 49
2026/10/10 00:20:23.545, 24043 MiB, 53.08 W, 5 %, 49
2026/10/10 00:20:24.548, 24043 MiB, 53.77 W, 5 %, 49
2026/10/10 00:20:25.549, 24043 MiB, 53.68 W, 55 %, 50
2026/10/10 00:20:26.562, 24043 MiB, 52.84 W, 49 %, 49
2026/10/10 00:20:27.567, 24043 MiB, 51.27 W, 67 %, 49
2026/10/10 00:20:28.571, 24043 MiB, 50.02 W, 4 %, 49
2026/10/10 00:20:29.581, 24043 MiB, 50.24 W, 5 %, 48
2026/10/10 00:20:30.589, 24043 MiB, 49.93 W, 5 %, 48
2026/10/10 00:20:31.590, 24043 MiB, 52.17 W, 45 %, 48
2026/10/10 00:20:32.592, 24043 MiB, 53.36 W, 67 %, 49
2026/10/10 00:20:33.597, 24043 MiB, 54.06 W, 75 %, 49
2026/10/10 00:20:34.598, 24043 MiB, 54.21 W, 73 %, 49
2026/10/10 00:20:35.612, 24043 MiB, 54.40 W, 40 %, 49
2026/10/10 00:20:36.619, 24043 MiB, 52.18 W, 11 %, 49
2026/10/10 00:20:37.623, 24043 MiB, 50.63 W, 7 %, 49
2026/10/10 00:20:38.631, 24043 MiB, 50.49 W, 6 %, 49
2026/10/10 00:20:39.632, 24043 MiB, 50.16 W, 5 %, 48
2026/10/10 00:20:40.648, 24043 MiB, 50.15 W, 5 %, 48
2026/10/10 00:20:41.656, 24043 MiB, 51.54 W, 27 %, 48
2026/10/10 00:20:42.658, 24043 MiB, 52.35 W, 46 %, 48
2026/10/10 00:20:43.671, 24043 MiB, 52.85 W, 52 %, 48
2026/10/10 00:20:44.675, 24043 MiB, 54.18 W, 68 %, 49
2026/10/10 00:20:45.680, 24043 MiB, 54.54 W, 72 %, 49
2026/10/10 00:20:46.692, 24043 MiB, 54.75 W, 78 %, 49
2026/10/10 00:20:47.703, 24043 MiB, 54.31 W, 71 %, 50
2026/10/10 00:20:48.704, 24043 MiB, 53.87 W, 72 %, 50
2026/10/10 00:20:49.712, 24043 MiB, 54.47 W, 57 %, 50
2026/10/10 00:20:50.715, 24043 MiB, 53.81 W, 51 %, 50
2026/10/10 00:20:51.731, 24043 MiB, 53.26 W, 37 %, 50
2026/10/10 00:20:52.734, 24043 MiB, 52.28 W, 33 %, 50
2026/10/10 00:20:53.739, 24043 MiB, 51.83 W, 46 %, 50
2026/10/10 00:20:54.744, 24043 MiB, 52.45 W, 30 %, 49
2026/10/10 00:20:55.753, 24043 MiB, 51.71 W, 11 %, 49
2026/10/10 00:20:56.763, 24043 MiB, 49.93 W, 6 %, 49
2026/10/10 00:20:57.774, 24043 MiB, 49.25 W, 5 %, 49
2026/10/10 00:20:58.777, 24043 MiB, 49.79 W, 6 %, 49
2026/10/10 00:20:59.778, 24043 MiB, 49.79 W, 5 %, 49
2026/10/10 00:21:00.784, 24043 MiB, 49.43 W, 4 %, 49
2026/10/10 00:21:01.795, 24043 MiB, 49.68 W, 5 %, 49
2026/10/10 00:21:02.820, 24043 MiB, 50.16 W, 18 %, 49
2026/10/10 00:21:03.831, 24043 MiB, 50.16 W, 20 %, 49
2026/10/10 00:21:04.839, 24043 MiB, 51.86 W, 41 %, 49
2026/10/10 00:21:05.851, 24043 MiB, 53.98 W, 70 %, 49
2026/10/10 00:21:06.856, 24043 MiB, 54.06 W, 77 %, 49
2026/10/10 00:21:07.861, 24043 MiB, 54.33 W, 72 %, 50
2026/10/10 00:21:08.867, 24043 MiB, 54.28 W, 76 %, 50
2026/10/10 00:21:09.873, 24043 MiB, 54.32 W, 71 %, 50
2026/10/10 00:21:10.880, 24043 MiB, 54.07 W, 62 %, 50
2026/10/10 00:21:11.888, 24043 MiB, 53.05 W, 49 %, 50
2026/10/10 00:21:12.890, 24043 MiB, 52.26 W, 48 %, 50
2026/10/10 00:21:13.902, 24043 MiB, 52.31 W, 30 %, 50
2026/10/10 00:21:14.907, 24043 MiB, 51.83 W, 15 %, 49
2026/10/10 00:21:15.912, 24043 MiB, 50.35 W, 7 %, 49
2026/10/10 00:21:16.917, 24043 MiB, 49.63 W, 8 %, 49
2026/10/10 00:21:17.919, 24043 MiB, 49.86 W, 7 %, 49
2026/10/10 00:21:18.926, 24043 MiB, 49.49 W, 7 %, 49
2026/10/10 00:21:19.931, 24043 MiB, 49.70 W, 7 %, 49
2026/10/10 00:21:20.934, 24043 MiB, 49.46 W, 5 %, 49
2026/10/10 00:21:21.939, 24043 MiB, 50.41 W, 20 %, 49
2026/10/10 00:21:22.945, 24043 MiB, 49.78 W, 13 %, 49
2026/10/10 00:21:23.951, 24043 MiB, 50.21 W, 19 %, 49
2026/10/10 00:21:24.955, 24043 MiB, 51.36 W, 36 %, 49
2026/10/10 00:21:25.958, 24043 MiB, 52.51 W, 53 %, 49
2026/10/10 00:21:26.962, 24043 MiB, 53.27 W, 66 %, 49
2026/10/10 00:21:27.968, 24043 MiB, 53.79 W, 73 %, 50
2026/10/10 00:21:28.975, 24043 MiB, 54.31 W, 72 %, 50
2026/10/10 00:21:29.985, 24043 MiB, 54.30 W, 58 %, 50
2026/10/10 00:21:30.994, 24043 MiB, 53.78 W, 47 %, 50
2026/10/10 00:21:32.004, 24043 MiB, 52.87 W, 28 %, 50
2026/10/10 00:21:33.015, 24043 MiB, 51.67 W, 5 %, 49
2026/10/10 00:21:34.025, 24043 MiB, 49.93 W, 5 %, 49
2026/10/10 00:21:35.035, 24043 MiB, 50.14 W, 5 %, 49
2026/10/10 00:21:36.051, 24043 MiB, 50.32 W, 6 %, 49
2026/10/10 00:21:37.059, 24043 MiB, 37.58 W, 30 %, 49
2026/10/10 00:21:38.073, 24043 MiB, 156.65 W, 100 %, 58
2026/10/10 00:21:39.085, 24043 MiB, 264.06 W, 100 %, 60
2026/10/10 00:21:40.085, 24043 MiB, 264.81 W, 99 %, 61
2026/10/10 00:21:41.094, 24043 MiB, 175.44 W, 95 %, 56
2026/10/10 00:21:42.105, 24043 MiB, 277.96 W, 99 %, 70
2026/10/10 00:21:43.116, 24043 MiB, 277.43 W, 94 %, 59
2026/10/10 00:21:44.117, 24043 MiB, 263.32 W, 1 %, 59
2026/10/10 00:21:45.122, 24043 MiB, 233.71 W, 100 %, 61
2026/10/10 00:21:46.137, 24043 MiB, 270.20 W, 100 %, 60
2026/10/10 00:21:47.146, 24043 MiB, 265.37 W, 98 %, 60
2026/10/10 00:21:48.150, 24043 MiB, 192.30 W, 98 %, 66
2026/10/10 00:21:49.156, 24043 MiB, 291.35 W, 89 %, 60
2026/10/10 00:21:50.166, 24043 MiB, 258.56 W, 89 %, 68
2026/10/10 00:21:51.181, 24043 MiB, 270.73 W, 42 %, 56
2026/10/10 00:21:52.195, 24043 MiB, 225.15 W, 100 %, 59
2026/10/10 00:21:53.206, 24043 MiB, 266.66 W, 99 %, 60
2026/10/10 00:21:54.212, 24043 MiB, 263.19 W, 99 %, 61
2026/10/10 00:21:55.224, 24043 MiB, 164.80 W, 90 %, 65
2026/10/10 00:21:56.232, 24043 MiB, 281.24 W, 97 %, 60
2026/10/10 00:21:57.243, 24043 MiB, 299.21 W, 99 %, 73
2026/10/10 00:21:58.251, 24043 MiB, 317.14 W, 99 %, 65
2026/10/10 00:21:59.257, 24043 MiB, 234.83 W, 23 %, 54
2026/10/10 00:22:00.270, 24043 MiB, 103.91 W, 1 %, 55
2026/10/10 00:22:01.274, 24043 MiB, 88.80 W, 43 %, 50
2026/10/10 00:22:02.282, 24043 MiB, 60.72 W, 38 %, 50
2026/10/10 00:22:03.292, 24043 MiB, 58.21 W, 23 %, 49
2026/10/10 00:22:04.301, 24043 MiB, 54.77 W, 2 %, 50
2026/10/10 00:22:05.311, 24043 MiB, 53.61 W, 2 %, 48
2026/10/10 00:22:06.315, 24043 MiB, 53.10 W, 6 %, 47
2026/10/10 00:22:07.320, 24043 MiB, 53.07 W, 38 %, 47
2026/10/10 00:22:08.326, 24043 MiB, 55.78 W, 52 %, 47
2026/10/10 00:22:09.329, 24043 MiB, 52.54 W, 4 %, 47
2026/10/10 00:22:10.334, 24043 MiB, 53.12 W, 61 %, 46
2026/10/10 00:22:11.344, 24043 MiB, 52.76 W, 5 %, 46
2026/10/10 00:22:12.346, 24043 MiB, 50.54 W, 40 %, 47
2026/10/10 00:22:13.349, 24043 MiB, 53.27 W, 70 %, 46
2026/10/10 00:22:14.365, 24043 MiB, 53.01 W, 16 %, 45
2026/10/10 00:22:15.368, 24043 MiB, 49.50 W, 5 %, 46
2026/10/10 00:22:16.377, 24043 MiB, 50.92 W, 45 %, 46
2026/10/10 00:22:17.392, 24043 MiB, 52.93 W, 71 %, 45
2026/10/10 00:22:18.399, 24043 MiB, 52.79 W, 14 %, 45
2026/10/10 00:22:19.410, 24043 MiB, 50.34 W, 35 %, 46
2026/10/10 00:22:20.418, 24043 MiB, 52.49 W, 60 %, 45
2026/10/10 00:22:21.422, 24043 MiB, 52.52 W, 5 %, 44
2026/10/10 00:22:22.429, 24043 MiB, 48.93 W, 5 %, 45
2026/10/10 00:22:23.429, 24043 MiB, 50.15 W, 39 %, 45
2026/10/10 00:22:24.434, 24043 MiB, 52.42 W, 66 %, 44
2026/10/10 00:22:25.436, 24043 MiB, 52.25 W, 16 %, 44
2026/10/10 00:22:26.451, 24043 MiB, 48.67 W, 5 %, 45
2026/10/10 00:22:27.455, 24043 MiB, 50.23 W, 45 %, 44
2026/10/10 00:22:28.463, 24043 MiB, 52.33 W, 74 %, 44
2026/10/10 00:22:29.476, 24043 MiB, 52.08 W, 19 %, 43
2026/10/10 00:22:30.482, 24043 MiB, 48.72 W, 7 %, 44
2026/10/10 00:22:31.497, 24043 MiB, 49.61 W, 41 %, 44
2026/10/10 00:22:32.508, 24043 MiB, 51.87 W, 77 %, 43
2026/10/10 00:22:33.523, 24043 MiB, 51.60 W, 27 %, 43
2026/10/10 00:22:34.528, 24043 MiB, 48.73 W, 4 %, 44
2026/10/10 00:22:35.529, 24043 MiB, 51.01 W, 62 %, 43
2026/10/10 00:22:36.543, 24043 MiB, 51.32 W, 32 %, 43
2026/10/10 00:22:37.548, 24043 MiB, 49.35 W, 5 %, 42
2026/10/10 00:22:38.549, 24043 MiB, 47.95 W, 27 %, 44
2026/10/10 00:22:39.550, 24043 MiB, 51.50 W, 75 %, 43
2026/10/10 00:22:40.555, 24043 MiB, 51.05 W, 33 %, 42
2026/10/10 00:22:41.558, 24043 MiB, 48.76 W, 5 %, 43
2026/10/10 00:22:42.559, 24043 MiB, 49.40 W, 50 %, 43
2026/10/10 00:22:43.570, 24043 MiB, 50.35 W, 70 %, 42
2026/10/10 00:22:44.582, 24043 MiB, 51.16 W, 8 %, 42
2026/10/10 00:22:45.597, 24043 MiB, 47.10 W, 5 %, 43
2026/10/10 00:22:46.597, 24043 MiB, 48.91 W, 48 %, 42
2026/10/10 00:22:47.610, 24043 MiB, 51.02 W, 67 %, 42
2026/10/10 00:22:48.612, 24043 MiB, 50.68 W, 8 %, 42
2026/10/10 00:22:49.615, 24043 MiB, 46.51 W, 8 %, 43
2026/10/10 00:22:50.617, 24043 MiB, 50.08 W, 78 %, 42
2026/10/10 00:22:51.623, 24043 MiB, 50.44 W, 43 %, 41
2026/10/10 00:22:52.627, 24043 MiB, 48.46 W, 7 %, 41
2026/10/10 00:22:53.633, 24043 MiB, 46.39 W, 6 %, 42
2026/10/10 00:22:54.646, 24043 MiB, 48.71 W, 44 %, 42
2026/10/10 00:22:55.649, 24043 MiB, 50.48 W, 67 %, 41
2026/10/10 00:22:56.656, 24043 MiB, 50.15 W, 5 %, 41
2026/10/10 00:22:57.660, 24043 MiB, 46.77 W, 16 %, 42
2026/10/10 00:22:58.671, 24043 MiB, 50.17 W, 67 %, 41
2026/10/10 00:22:59.673, 24043 MiB, 50.79 W, 15 %, 41
2026/10/10 00:23:00.687, 24043 MiB, 48.12 W, 5 %, 41
2026/10/10 00:23:01.689, 24043 MiB, 50.40 W, 57 %, 41
2026/10/10 00:23:02.694, 24043 MiB, 51.10 W, 51 %, 41
2026/10/10 00:23:03.710, 24043 MiB, 49.99 W, 7 %, 40
2026/10/10 00:23:04.717, 24043 MiB, 47.67 W, 17 %, 42
2026/10/10 00:23:05.723, 24043 MiB, 51.05 W, 75 %, 41
2026/10/10 00:23:06.724, 24043 MiB, 51.46 W, 50 %, 40
2026/10/10 00:23:07.732, 24043 MiB, 49.97 W, 5 %, 40
2026/10/10 00:23:08.748, 24043 MiB, 46.99 W, 22 %, 41
2026/10/10 00:23:09.762, 24043 MiB, 49.56 W, 65 %, 41
2026/10/10 00:23:10.776, 24043 MiB, 50.65 W, 52 %, 40
2026/10/10 00:23:11.779, 24043 MiB, 49.12 W, 5 %, 40
2026/10/10 00:23:12.787, 24043 MiB, 46.24 W, 5 %, 41
2026/10/10 00:23:13.789, 24043 MiB, 48.83 W, 53 %, 41
2026/10/10 00:23:14.793, 24043 MiB, 50.09 W, 54 %, 40
2026/10/10 00:23:15.797, 24043 MiB, 49.49 W, 9 %, 40
2026/10/10 00:23:16.804, 24043 MiB, 46.58 W, 5 %, 41
2026/10/10 00:23:17.813, 24043 MiB, 48.22 W, 44 %, 41
2026/10/10 00:23:18.819, 24043 MiB, 50.82 W, 75 %, 41
2026/10/10 00:23:19.827, 24043 MiB, 50.66 W, 27 %, 40
2026/10/10 00:23:20.835, 24043 MiB, 48.10 W, 6 %, 41
2026/10/10 00:23:21.846, 24043 MiB, 48.76 W, 53 %, 41
2026/10/10 00:23:22.859, 24043 MiB, 50.21 W, 73 %, 41
2026/10/10 00:23:23.865, 24043 MiB, 45.91 W, 36 %, 41
2026/10/10 00:23:24.865, 24043 MiB, 49.98 W, 7 %, 41
2026/10/10 00:23:25.870, 24043 MiB, 50.58 W, 27 %, 42
2026/10/10 00:23:26.872, 24043 MiB, 49.46 W, 71 %, 41
2026/10/10 00:23:27.885, 24043 MiB, 45.94 W, 36 %, 41
2026/10/10 00:23:28.894, 24043 MiB, 48.99 W, 6 %, 41
2026/10/10 00:23:29.898, 24043 MiB, 50.22 W, 60 %, 42
2026/10/10 00:23:30.899, 24043 MiB, 49.15 W, 7 %, 41
2026/10/10 00:23:31.907, 24043 MiB, 46.83 W, 25 %, 41
2026/10/10 00:23:32.914, 24043 MiB, 49.79 W, 65 %, 41
2026/10/10 00:23:33.922, 24043 MiB, 49.95 W, 52 %, 42
2026/10/10 00:23:34.931, 24043 MiB, 46.20 W, 5 %, 41
2026/10/10 00:23:35.940, 24043 MiB, 48.10 W, 43 %, 41
2026/10/10 00:23:36.944, 24043 MiB, 50.43 W, 71 %, 42
2026/10/10 00:23:37.946, 24043 MiB, 49.98 W, 31 %, 42
2026/10/10 00:23:38.958, 24043 MiB, 48.21 W, 5 %, 41
2026/10/10 00:23:39.966, 24043 MiB, 46.48 W, 16 %, 41
2026/10/10 00:23:40.974, 24043 MiB, 49.81 W, 68 %, 42
2026/10/10 00:23:41.988, 24043 MiB, 50.28 W, 31 %, 42
2026/10/10 00:23:42.999, 24043 MiB, 48.50 W, 5 %, 42
2026/10/10 00:23:44.003, 24043 MiB, 46.76 W, 14 %, 41
2026/10/10 00:23:45.029, 24043 MiB, 50.77 W, 76 %, 42
2026/10/10 00:23:46.039, 24043 MiB, 50.67 W, 36 %, 43
2026/10/10 00:23:47.049, 24043 MiB, 48.57 W, 5 %, 42
2026/10/10 00:23:48.053, 24043 MiB, 47.59 W, 32 %, 42
2026/10/10 00:23:49.061, 24043 MiB, 50.46 W, 75 %, 42
2026/10/10 00:23:50.073, 24043 MiB, 50.93 W, 48 %, 43
2026/10/10 00:23:51.079, 24043 MiB, 49.99 W, 6 %, 42
2026/10/10 00:23:52.090, 24043 MiB, 47.02 W, 13 %, 42
2026/10/10 00:23:53.096, 24043 MiB, 48.07 W, 38 %, 42
2026/10/10 00:23:54.104, 24043 MiB, 50.09 W, 68 %, 43
2026/10/10 00:23:55.114, 24043 MiB, 50.40 W, 22 %, 43
2026/10/10 00:23:56.123, 24043 MiB, 48.04 W, 5 %, 42
2026/10/10 00:23:57.135, 24043 MiB, 46.25 W, 18 %, 42
2026/10/10 00:23:58.145, 24043 MiB, 49.31 W, 63 %, 42
2026/10/10 00:23:59.155, 24043 MiB, 50.51 W, 54 %, 43
2026/10/10 00:24:00.167, 24043 MiB, 49.71 W, 10 %, 42
2026/10/10 00:24:01.176, 24043 MiB, 47.04 W, 5 %, 42
2026/10/10 00:24:02.183, 24043 MiB, 49.10 W, 49 %, 42
2026/10/10 00:24:03.189, 24043 MiB, 51.08 W, 71 %, 43
2026/10/10 00:24:04.199, 24043 MiB, 51.25 W, 29 %, 43
2026/10/10 00:24:05.212, 24043 MiB, 48.27 W, 5 %, 42
2026/10/10 00:24:06.218, 24043 MiB, 48.21 W, 36 %, 42
2026/10/10 00:24:07.230, 24043 MiB, 50.97 W, 77 %, 43
2026/10/10 00:24:08.239, 24043 MiB, 51.32 W, 39 %, 44
2026/10/10 00:24:09.250, 24043 MiB, 49.23 W, 5 %, 43
2026/10/10 00:24:10.254, 24043 MiB, 46.56 W, 7 %, 43
2026/10/10 00:24:11.265, 24043 MiB, 48.60 W, 46 %, 42
2026/10/10 00:24:12.276, 24043 MiB, 50.75 W, 82 %, 43
2026/10/10 00:24:13.284, 24043 MiB, 51.13 W, 47 %, 44
2026/10/10 00:24:14.292, 24043 MiB, 49.83 W, 7 %, 43
2026/10/10 00:24:15.299, 24043 MiB, 47.20 W, 7 %, 43
2026/10/10 00:24:16.311, 24043 MiB, 49.19 W, 46 %, 43
2026/10/10 00:24:17.320, 24043 MiB, 51.43 W, 73 %, 44
2026/10/10 00:24:18.326, 24043 MiB, 51.05 W, 22 %, 43
2026/10/10 00:24:19.333, 24043 MiB, 48.03 W, 5 %, 43
2026/10/10 00:24:20.345, 24043 MiB, 47.25 W, 16 %, 43
2026/10/10 00:24:21.349, 24043 MiB, 50.84 W, 68 %, 43
2026/10/10 00:24:22.353, 24043 MiB, 51.21 W, 35 %, 44
2026/10/10 00:24:23.363, 24043 MiB, 49.16 W, 15 %, 43
2026/10/10 00:24:24.374, 24043 MiB, 47.55 W, 5 %, 43
2026/10/10 00:24:25.387, 24043 MiB, 47.59 W, 21 %, 43
2026/10/10 00:24:26.395, 24043 MiB, 51.05 W, 76 %, 44
2026/10/10 00:24:27.408, 24043 MiB, 51.20 W, 46 %, 44
2026/10/10 00:24:28.418, 24043 MiB, 50.32 W, 5 %, 43
2026/10/10 00:24:29.426, 24043 MiB, 47.41 W, 5 %, 43
2026/10/10 00:24:30.431, 24043 MiB, 50.60 W, 49 %, 43
2026/10/10 00:24:31.433, 24043 MiB, 52.53 W, 71 %, 44
2026/10/10 00:24:32.447, 24043 MiB, 50.74 W, 5 %, 43
2026/10/10 00:24:33.455, 24043 MiB, 47.15 W, 7 %, 43
2026/10/10 00:24:34.461, 24043 MiB, 49.70 W, 39 %, 43
2026/10/10 00:24:35.473, 24043 MiB, 51.97 W, 65 %, 44
2026/10/10 00:24:36.485, 24043 MiB, 52.08 W, 17 %, 44
2026/10/10 00:24:37.491, 24043 MiB, 48.83 W, 5 %, 43
2026/10/10 00:24:38.499, 24043 MiB, 47.58 W, 17 %, 43
2026/10/10 00:24:39.503, 24043 MiB, 51.30 W, 68 %, 44
2026/10/10 00:24:40.506, 24043 MiB, 51.62 W, 44 %, 45
2026/10/10 00:24:41.511, 24043 MiB, 50.22 W, 28 %, 44
2026/10/10 00:24:42.516, 24043 MiB, 48.76 W, 31 %, 44
2026/10/10 00:24:43.527, 24043 MiB, 48.83 W, 29 %, 44
2026/10/10 00:24:44.531, 24043 MiB, 48.73 W, 5 %, 44
2026/10/10 00:24:45.548, 24043 MiB, 48.15 W, 20 %, 44
2026/10/10 00:24:46.563, 24043 MiB, 52.06 W, 74 %, 44
2026/10/10 00:24:47.578, 24043 MiB, 51.41 W, 57 %, 45
2026/10/10 00:24:48.579, 24043 MiB, 50.35 W, 6 %, 44
2026/10/10 00:24:49.585, 24043 MiB, 47.39 W, 8 %, 44
2026/10/10 00:24:50.590, 24043 MiB, 49.35 W, 43 %, 44
2026/10/10 00:24:51.593, 24043 MiB, 52.06 W, 73 %, 44
2026/10/10 00:24:52.597, 24043 MiB, 51.87 W, 35 %, 45
2026/10/10 00:24:53.602, 24043 MiB, 49.92 W, 16 %, 44
2026/10/10 00:24:54.606, 24043 MiB, 48.70 W, 6 %, 44
2026/10/10 00:24:55.614, 24043 MiB, 47.43 W, 10 %, 45
2026/10/10 00:24:56.615, 24043 MiB, 51.34 W, 67 %, 44
2026/10/10 00:24:57.620, 24043 MiB, 52.29 W, 57 %, 44
2026/10/10 00:24:58.625, 24043 MiB, 51.36 W, 21 %, 44
2026/10/10 00:24:59.629, 24043 MiB, 49.55 W, 6 %, 44
2026/10/10 00:25:00.634, 24043 MiB, 47.84 W, 11 %, 45
2026/10/10 00:25:01.646, 24043 MiB, 52.36 W, 67 %, 44
2026/10/10 00:25:02.655, 24043 MiB, 52.55 W, 55 %, 44
2026/10/10 00:25:03.669, 24043 MiB, 51.60 W, 10 %, 44
2026/10/10 00:25:04.671, 24043 MiB, 48.44 W, 6 %, 45
2026/10/10 00:25:05.683, 24043 MiB, 49.45 W, 31 %, 45
2026/10/10 00:25:06.685, 24043 MiB, 51.71 W, 60 %, 45
2026/10/10 00:25:07.695, 24043 MiB, 52.16 W, 53 %, 44
2026/10/10 00:25:08.703, 24043 MiB, 51.30 W, 14 %, 44
2026/10/10 00:25:09.709, 24043 MiB, 48.75 W, 5 %, 45
2026/10/10 00:25:10.713, 24043 MiB, 48.64 W, 23 %, 45
2026/10/10 00:25:11.723, 24043 MiB, 51.71 W, 60 %, 45
2026/10/10 00:25:12.727, 24043 MiB, 51.88 W, 52 %, 44
2026/10/10 00:25:13.733, 24043 MiB, 51.24 W, 21 %, 44
2026/10/10 00:25:14.737, 24043 MiB, 48.90 W, 5 %, 44
2026/10/10 00:25:15.741, 24043 MiB, 47.83 W, 5 %, 45
2026/10/10 00:25:16.745, 24043 MiB, 50.65 W, 50 %, 45
2026/10/10 00:25:17.756, 24043 MiB, 52.70 W, 71 %, 45
2026/10/10 00:25:18.766, 24043 MiB, 52.28 W, 49 %, 44
2026/10/10 00:25:19.769, 24043 MiB, 50.48 W, 5 %, 44
2026/10/10 00:25:20.775, 24043 MiB, 47.42 W, 5 %, 45
2026/10/10 00:25:21.779, 24043 MiB, 48.57 W, 38 %, 46
2026/10/10 00:25:22.793, 24043 MiB, 51.08 W, 71 %, 45
2026/10/10 00:25:23.809, 24043 MiB, 50.50 W, 73 %, 45
2026/10/10 00:25:24.811, 24043 MiB, 51.08 W, 60 %, 45
2026/10/10 00:25:25.812, 24043 MiB, 50.65 W, 8 %, 45
2026/10/10 00:25:26.824, 24043 MiB, 47.89 W, 5 %, 45
2026/10/10 00:25:27.827, 24043 MiB, 49.33 W, 39 %, 46
2026/10/10 00:25:28.829, 24043 MiB, 51.08 W, 69 %, 45
2026/10/10 00:25:29.833, 24043 MiB, 51.42 W, 44 %, 45
2026/10/10 00:25:30.837, 24043 MiB, 50.48 W, 18 %, 45
2026/10/10 00:25:31.851, 24043 MiB, 48.85 W, 5 %, 45
2026/10/10 00:25:32.852, 24043 MiB, 48.68 W, 25 %, 46
2026/10/10 00:25:33.863, 24043 MiB, 50.51 W, 61 %, 45
2026/10/10 00:25:34.865, 24043 MiB, 51.36 W, 72 %, 45
2026/10/10 00:25:35.872, 24043 MiB, 51.65 W, 48 %, 45
2026/10/10 00:25:36.873, 24043 MiB, 50.45 W, 5 %, 45
2026/10/10 00:25:37.875, 24043 MiB, 47.16 W, 6 %, 46
2026/10/10 00:25:38.878, 24043 MiB, 48.85 W, 32 %, 46
2026/10/10 00:25:39.879, 24043 MiB, 51.72 W, 68 %, 45
2026/10/10 00:25:40.892, 24043 MiB, 51.84 W, 48 %, 45
2026/10/10 00:25:41.906, 24043 MiB, 50.19 W, 9 %, 45
2026/10/10 00:25:42.916, 24043 MiB, 47.44 W, 5 %, 45
2026/10/10 00:25:43.924, 24043 MiB, 47.69 W, 18 %, 46
2026/10/10 00:25:44.929, 24043 MiB, 50.35 W, 52 %, 46
2026/10/10 00:25:45.938, 24043 MiB, 52.04 W, 71 %, 45
2026/10/10 00:25:46.938, 24043 MiB, 52.45 W, 60 %, 45
2026/10/10 00:25:47.944, 24043 MiB, 51.52 W, 24 %, 45
2026/10/10 00:25:48.954, 24043 MiB, 47.09 W, 7 %, 46
2026/10/10 00:25:49.964, 24043 MiB, 49.54 W, 52 %, 46
2026/10/10 00:25:50.969, 24043 MiB, 51.31 W, 76 %, 46
2026/10/10 00:25:51.969, 24043 MiB, 50.89 W, 45 %, 45
2026/10/10 00:25:52.982, 24043 MiB, 49.98 W, 9 %, 45
2026/10/10 00:25:53.984, 24043 MiB, 48.11 W, 5 %, 45
2026/10/10 00:25:54.988, 24043 MiB, 47.45 W, 5 %, 46
2026/10/10 00:25:55.993, 24043 MiB, 50.12 W, 48 %, 46
2026/10/10 00:25:57.000, 24043 MiB, 51.83 W, 74 %, 45
2026/10/10 00:25:58.008, 24043 MiB, 52.00 W, 41 %, 45
2026/10/10 00:25:59.013, 24043 MiB, 49.67 W, 6 %, 45
2026/10/10 00:26:00.026, 24043 MiB, 47.38 W, 5 %, 46
2026/10/10 00:26:01.032, 24043 MiB, 48.22 W, 17 %, 47
2026/10/10 00:26:02.036, 24043 MiB, 50.74 W, 60 %, 46
2026/10/10 00:26:03.038, 24043 MiB, 51.94 W, 78 %, 46
2026/10/10 00:26:04.063, 24043 MiB, 51.57 W, 48 %, 46
2026/10/10 00:26:05.067, 24043 MiB, 50.35 W, 5 %, 45
2026/10/10 00:26:06.080, 24043 MiB, 47.83 W, 5 %, 46
2026/10/10 00:26:07.089, 24043 MiB, 48.07 W, 13 %, 47
2026/10/10 00:26:08.090, 24043 MiB, 50.07 W, 45 %, 46
2026/10/10 00:26:09.103, 24043 MiB, 51.98 W, 68 %, 46
2026/10/10 00:26:10.106, 24043 MiB, 51.82 W, 24 %, 46
2026/10/10 00:26:11.119, 24043 MiB, 48.90 W, 5 %, 46
2026/10/10 00:26:12.135, 24043 MiB, 47.50 W, 5 %, 46
2026/10/10 00:26:13.138, 24043 MiB, 48.75 W, 30 %, 47
2026/10/10 00:26:14.145, 24043 MiB, 51.09 W, 67 %, 46
2026/10/10 00:26:15.152, 24043 MiB, 51.98 W, 68 %, 46
2026/10/10 00:26:16.156, 24043 MiB, 51.85 W, 39 %, 46
2026/10/10 00:26:17.167, 24043 MiB, 50.38 W, 7 %, 46
2026/10/10 00:26:18.168, 24043 MiB, 47.67 W, 8 %, 47
2026/10/10 00:26:19.183, 24043 MiB, 49.36 W, 33 %, 47
2026/10/10 00:26:20.187, 24043 MiB, 51.01 W, 61 %, 46
2026/10/10 00:26:21.190, 24043 MiB, 51.90 W, 69 %, 46
2026/10/10 00:26:22.202, 24043 MiB, 52.17 W, 18 %, 46
2026/10/10 00:26:23.210, 24043 MiB, 49.40 W, 6 %, 46
2026/10/10 00:26:24.220, 24043 MiB, 47.71 W, 5 %, 46
2026/10/10 00:26:25.228, 24043 MiB, 47.41 W, 5 %, 47
2026/10/10 00:26:26.237, 24043 MiB, 48.08 W, 17 %, 47
2026/10/10 00:26:27.239, 24043 MiB, 50.45 W, 62 %, 46
2026/10/10 00:26:28.250, 24043 MiB, 51.71 W, 71 %, 46
2026/10/10 00:26:29.256, 24043 MiB, 51.78 W, 33 %, 46
2026/10/10 00:26:30.264, 24043 MiB, 49.72 W, 4 %, 46
2026/10/10 00:26:31.278, 24043 MiB, 51.51 W, 4 %, 47
2026/10/10 00:26:32.289, 24043 MiB, 51.50 W, 23 %, 47
2026/10/10 00:26:33.291, 24043 MiB, 50.89 W, 57 %, 47
2026/10/10 00:26:34.295, 24043 MiB, 49.38 W, 76 %, 46
2026/10/10 00:26:35.305, 24043 MiB, 48.19 W, 69 %, 46
2026/10/10 00:26:36.318, 24043 MiB, 48.07 W, 40 %, 46
2026/10/10 00:26:37.329, 24043 MiB, 49.64 W, 4 %, 46
2026/10/10 00:26:38.338, 24043 MiB, 51.70 W, 5 %, 46
2026/10/10 00:26:39.346, 24043 MiB, 52.32 W, 72 %, 47
2026/10/10 00:26:40.354, 24043 MiB, 52.32 W, 49 %, 48
2026/10/10 00:26:41.365, 24043 MiB, 50.86 W, 22 %, 47
2026/10/10 00:26:42.373, 24043 MiB, 49.20 W, 5 %, 47
2026/10/10 00:26:43.383, 24043 MiB, 47.79 W, 5 %, 46
2026/10/10 00:26:44.392, 24043 MiB, 48.72 W, 23 %, 46
2026/10/10 00:26:45.398, 24043 MiB, 50.92 W, 57 %, 46
2026/10/10 00:26:46.406, 24043 MiB, 52.41 W, 72 %, 47
2026/10/10 00:26:47.421, 24043 MiB, 52.71 W, 64 %, 48
2026/10/10 00:26:48.431, 24043 MiB, 52.36 W, 19 %, 47
2026/10/10 00:26:49.438, 24043 MiB, 49.45 W, 5 %, 47
2026/10/10 00:26:50.445, 24043 MiB, 48.26 W, 5 %, 46
2026/10/10 00:26:51.452, 24043 MiB, 47.85 W, 4 %, 46
2026/10/10 00:26:52.464, 24043 MiB, 48.17 W, 6 %, 46
2026/10/10 00:26:53.470, 24043 MiB, 48.50 W, 5 %, 47
2026/10/10 00:26:54.476, 24043 MiB, 49.08 W, 22 %, 46
2026/10/10 00:26:55.485, 24043 MiB, 49.97 W, 41 %, 46
2026/10/10 00:26:56.487, 24043 MiB, 52.29 W, 68 %, 47
2026/10/10 00:26:57.503, 24043 MiB, 52.13 W, 54 %, 48
2026/10/10 00:26:58.511, 24043 MiB, 51.53 W, 21 %, 47
2026/10/10 00:26:59.512, 24043 MiB, 49.35 W, 5 %, 47
2026/10/10 00:27:00.515, 24043 MiB, 47.70 W, 5 %, 47
2026/10/10 00:27:01.520, 24043 MiB, 48.94 W, 21 %, 47
2026/10/10 00:27:02.524, 24043 MiB, 51.56 W, 55 %, 47
2026/10/10 00:27:03.525, 24043 MiB, 53.01 W, 76 %, 48
2026/10/10 00:27:04.532, 24043 MiB, 52.94 W, 43 %, 48
2026/10/10 00:27:05.542, 24043 MiB, 50.87 W, 6 %, 47
2026/10/10 00:27:06.553, 24043 MiB, 47.87 W, 7 %, 47
2026/10/10 00:27:07.559, 24043 MiB, 48.28 W, 18 %, 47
2026/10/10 00:27:08.571, 24043 MiB, 50.37 W, 44 %, 47
2026/10/10 00:27:09.587, 24043 MiB, 52.54 W, 69 %, 47
2026/10/10 00:27:10.592, 24043 MiB, 52.29 W, 40 %, 48
2026/10/10 00:27:11.606, 24043 MiB, 50.29 W, 14 %, 47
2026/10/10 00:27:12.611, 24043 MiB, 48.90 W, 5 %, 47
2026/10/10 00:27:13.627, 24043 MiB, 48.08 W, 5 %, 47
2026/10/10 00:27:14.632, 24043 MiB, 49.47 W, 31 %, 47
2026/10/10 00:27:15.647, 24043 MiB, 50.47 W, 54 %, 47
2026/10/10 00:27:16.651, 24043 MiB, 52.19 W, 72 %, 47
2026/10/10 00:27:17.669, 24043 MiB, 52.13 W, 66 %, 48
2026/10/10 00:27:18.671, 24043 MiB, 52.46 W, 25 %, 48
2026/10/10 00:27:19.678, 24043 MiB, 50.48 W, 6 %, 47
2026/10/10 00:27:20.681, 24043 MiB, 48.71 W, 5 %, 47
2026/10/10 00:27:21.685, 24043 MiB, 49.01 W, 5 %, 47
2026/10/10 00:27:22.686, 24043 MiB, 49.10 W, 5 %, 47
2026/10/10 00:27:23.697, 24043 MiB, 48.94 W, 11 %, 47
2026/10/10 00:27:24.701, 24043 MiB, 49.80 W, 33 %, 47
2026/10/10 00:27:25.707, 24043 MiB, 51.01 W, 57 %, 47
2026/10/10 00:27:26.713, 24043 MiB, 50.88 W, 59 %, 47
2026/10/10 00:27:27.727, 24043 MiB, 52.55 W, 72 %, 48
2026/10/10 00:27:28.728, 24043 MiB, 52.88 W, 79 %, 48
2026/10/10 00:27:29.731, 24043 MiB, 53.40 W, 51 %, 48
2026/10/10 00:27:30.746, 24043 MiB, 52.20 W, 13 %, 48
2026/10/10 00:27:31.749, 24043 MiB, 49.63 W, 7 %, 47
2026/10/10 00:27:32.765, 24043 MiB, 48.44 W, 7 %, 47
2026/10/10 00:27:33.777, 24043 MiB, 48.69 W, 5 %, 47
2026/10/10 00:27:34.783, 24043 MiB, 49.99 W, 27 %, 47
2026/10/10 00:27:35.787, 24043 MiB, 52.53 W, 61 %, 47
2026/10/10 00:27:36.790, 24043 MiB, 52.78 W, 72 %, 48
2026/10/10 00:27:37.806, 24043 MiB, 52.63 W, 56 %, 49
2026/10/10 00:27:38.807, 24043 MiB, 51.40 W, 38 %, 48
2026/10/10 00:27:39.807, 24043 MiB, 50.41 W, 21 %, 48
2026/10/10 00:27:40.811, 24043 MiB, 49.80 W, 5 %, 47
2026/10/10 00:27:41.817, 24043 MiB, 48.65 W, 5 %, 47
2026/10/10 00:27:42.819, 24043 MiB, 48.76 W, 7 %, 47
2026/10/10 00:27:43.824, 24043 MiB, 49.58 W, 15 %, 47
2026/10/10 00:27:44.839, 24043 MiB, 50.76 W, 39 %, 47
2026/10/10 00:27:45.845, 24043 MiB, 51.96 W, 62 %, 47
2026/10/10 00:27:46.846, 24043 MiB, 53.07 W, 68 %, 48
2026/10/10 00:27:47.857, 24043 MiB, 52.68 W, 46 %, 49
2026/10/10 00:27:48.870, 24043 MiB, 51.55 W, 23 %, 48
2026/10/10 00:27:49.872, 24043 MiB, 50.37 W, 5 %, 48
2026/10/10 00:27:50.886, 24043 MiB, 48.92 W, 5 %, 48
2026/10/10 00:27:51.897, 24043 MiB, 48.95 W, 5 %, 47
2026/10/10 00:27:52.899, 24043 MiB, 50.15 W, 27 %, 47
2026/10/10 00:27:53.913, 24043 MiB, 50.48 W, 32 %, 47
2026/10/10 00:27:54.918, 24043 MiB, 51.56 W, 58 %, 47
2026/10/10 00:27:55.929, 24043 MiB, 52.51 W, 77 %, 48
2026/10/10 00:27:56.940, 24043 MiB, 53.84 W, 68 %, 49
2026/10/10 00:27:57.946, 24043 MiB, 52.78 W, 42 %, 49
2026/10/10 00:27:58.952, 24043 MiB, 51.60 W, 26 %, 48
2026/10/10 00:27:59.962, 24043 MiB, 50.38 W, 7 %, 48
2026/10/10 00:28:00.964, 24043 MiB, 48.68 W, 6 %, 47
2026/10/10 00:28:01.979, 24043 MiB, 48.10 W, 5 %, 48
2026/10/10 00:28:02.990, 24043 MiB, 49.63 W, 24 %, 49
2026/10/10 00:28:04.007, 24043 MiB, 51.53 W, 52 %, 48
2026/10/10 00:28:05.012, 24043 MiB, 52.48 W, 67 %, 48
2026/10/10 00:28:06.022, 24043 MiB, 52.71 W, 72 %, 48
2026/10/10 00:28:07.037, 24043 MiB, 52.92 W, 71 %, 48
2026/10/10 00:28:08.046, 24043 MiB, 52.74 W, 62 %, 48
2026/10/10 00:28:09.052, 24043 MiB, 52.10 W, 30 %, 48
2026/10/10 00:28:10.055, 24043 MiB, 50.18 W, 5 %, 48
2026/10/10 00:28:11.058, 24043 MiB, 48.69 W, 6 %, 48
2026/10/10 00:28:12.060, 24043 MiB, 48.17 W, 5 %, 48
2026/10/10 00:28:13.065, 24043 MiB, 48.14 W, 5 %, 49
2026/10/10 00:28:14.067, 24043 MiB, 49.22 W, 18 %, 49
2026/10/10 00:28:15.081, 24043 MiB, 51.07 W, 45 %, 49
2026/10/10 00:28:16.082, 24043 MiB, 52.71 W, 69 %, 48
2026/10/10 00:28:17.086, 24043 MiB, 52.40 W, 66 %, 48
2026/10/10 00:28:18.098, 24043 MiB, 52.43 W, 57 %, 48
2026/10/10 00:28:19.104, 24043 MiB, 52.02 W, 38 %, 48
2026/10/10 00:28:20.120, 24043 MiB, 50.98 W, 14 %, 48
2026/10/10 00:28:21.122, 24043 MiB, 49.17 W, 8 %, 48
2026/10/10 00:28:22.137, 24043 MiB, 48.60 W, 7 %, 49
2026/10/10 00:28:23.144, 24043 MiB, 48.78 W, 7 %, 48
2026/10/10 00:28:24.147, 24043 MiB, 49.13 W, 7 %, 49
2026/10/10 00:28:25.150, 24043 MiB, 48.81 W, 7 %, 49
2026/10/10 00:28:26.154, 24043 MiB, 49.06 W, 18 %, 49
2026/10/10 00:28:27.168, 24043 MiB, 50.41 W, 26 %, 49
2026/10/10 00:28:28.174, 24043 MiB, 51.26 W, 46 %, 49
2026/10/10 00:28:29.186, 24043 MiB, 53.51 W, 68 %, 48
2026/10/10 00:28:30.190, 24043 MiB, 53.45 W, 68 %, 48
2026/10/10 00:28:31.204, 24043 MiB, 53.17 W, 55 %, 48
2026/10/10 00:28:32.205, 24043 MiB, 52.26 W, 34 %, 48
2026/10/10 00:28:33.208, 24043 MiB, 50.54 W, 21 %, 48
2026/10/10 00:28:34.214, 24043 MiB, 50.01 W, 5 %, 48
2026/10/10 00:28:35.224, 24043 MiB, 48.98 W, 5 %, 48
2026/10/10 00:28:36.226, 24043 MiB, 48.72 W, 6 %, 48
2026/10/10 00:28:37.232, 24043 MiB, 48.67 W, 5 %, 49
2026/10/10 00:28:38.236, 24043 MiB, 48.42 W, 9 %, 49
2026/10/10 00:28:39.242, 24043 MiB, 49.34 W, 26 %, 49
2026/10/10 00:28:40.256, 24043 MiB, 49.72 W, 26 %, 49
2026/10/10 00:28:41.268, 24043 MiB, 51.39 W, 48 %, 49
2026/10/10 00:28:42.272, 24043 MiB, 53.20 W, 67 %, 48
2026/10/10 00:28:43.281, 24043 MiB, 53.66 W, 71 %, 48
2026/10/10 00:28:44.292, 24043 MiB, 53.56 W, 73 %, 48
2026/10/10 00:28:45.306, 24043 MiB, 53.69 W, 68 %, 48
2026/10/10 00:28:46.315, 24043 MiB, 53.27 W, 46 %, 48
2026/10/10 00:28:47.324, 24043 MiB, 51.63 W, 31 %, 48
2026/10/10 00:28:48.336, 24043 MiB, 50.50 W, 4 %, 48
2026/10/10 00:28:49.344, 24043 MiB, 48.88 W, 5 %, 48
2026/10/10 00:28:50.364, 24043 MiB, 49.12 W, 5 %, 49
2026/10/10 00:28:51.367, 24043 MiB, 50.70 W, 24 %, 50
2026/10/10 00:28:52.373, 24043 MiB, 51.19 W, 41 %, 49
2026/10/10 00:28:53.378, 24043 MiB, 50.36 W, 33 %, 50
2026/10/10 00:28:54.381, 24043 MiB, 50.55 W, 33 %, 50
2026/10/10 00:28:55.395, 24043 MiB, 52.29 W, 50 %, 49
2026/10/10 00:28:56.402, 24043 MiB, 52.66 W, 64 %, 49
2026/10/10 00:28:57.407, 24043 MiB, 53.22 W, 76 %, 49
2026/10/10 00:28:58.416, 24043 MiB, 53.35 W, 74 %, 49
2026/10/10 00:28:59.420, 24043 MiB, 53.22 W, 48 %, 48
2026/10/10 00:29:00.423, 24043 MiB, 51.70 W, 38 %, 48
2026/10/10 00:29:01.431, 24043 MiB, 51.09 W, 14 %, 48
2026/10/10 00:29:02.438, 24043 MiB, 49.97 W, 7 %, 48
2026/10/10 00:29:03.448, 24043 MiB, 49.62 W, 6 %, 48
2026/10/10 00:29:04.456, 24043 MiB, 48.96 W, 5 %, 49
2026/10/10 00:29:05.461, 24043 MiB, 49.26 W, 5 %, 49
2026/10/10 00:29:06.475, 24043 MiB, 50.14 W, 22 %, 50
2026/10/10 00:29:07.485, 24043 MiB, 51.34 W, 33 %, 50
2026/10/10 00:29:08.495, 24043 MiB, 52.41 W, 48 %, 49
2026/10/10 00:29:09.506, 24043 MiB, 53.50 W, 70 %, 49
2026/10/10 00:29:10.516, 24043 MiB, 54.01 W, 72 %, 49
2026/10/10 00:29:11.522, 24043 MiB, 54.42 W, 66 %, 49
2026/10/10 00:29:12.530, 24043 MiB, 54.35 W, 56 %, 49
2026/10/10 00:29:13.537, 24043 MiB, 53.71 W, 46 %, 49
2026/10/10 00:29:14.549, 24043 MiB, 52.66 W, 9 %, 49
2026/10/10 00:29:15.556, 24043 MiB, 50.65 W, 5 %, 48
2026/10/10 00:29:16.571, 24043 MiB, 50.08 W, 5 %, 48
2026/10/10 00:29:17.577, 24043 MiB, 50.08 W, 5 %, 49
2026/10/10 00:29:18.585, 24043 MiB, 49.99 W, 4 %, 48
2026/10/10 00:29:19.599, 24043 MiB, 33.85 W, 21 %, 49
2026/10/10 00:29:20.603, 24043 MiB, 192.65 W, 100 %, 58
2026/10/10 00:29:21.611, 24043 MiB, 265.49 W, 99 %, 60
2026/10/10 00:29:22.624, 24043 MiB, 261.60 W, 99 %, 62
2026/10/10 00:29:23.639, 24043 MiB, 163.15 W, 95 %, 68
2026/10/10 00:29:24.644, 24043 MiB, 282.23 W, 94 %, 59
2026/10/10 00:29:25.650, 24043 MiB, 267.08 W, 98 %, 71
2026/10/10 00:29:26.653, 24043 MiB, 250.49 W, 21 %, 60
2026/10/10 00:29:27.668, 24043 MiB, 262.96 W, 97 %, 59
2026/10/10 00:29:28.679, 24043 MiB, 268.42 W, 100 %, 60
2026/10/10 00:29:29.693, 24043 MiB, 247.85 W, 96 %, 58
2026/10/10 00:29:30.706, 24043 MiB, 188.77 W, 90 %, 60
2026/10/10 00:29:31.711, 24043 MiB, 264.58 W, 89 %, 59
2026/10/10 00:29:32.723, 24043 MiB, 277.80 W, 98 %, 72
2026/10/10 00:29:33.733, 24043 MiB, 266.62 W, 1 %, 54
2026/10/10 00:29:34.741, 24043 MiB, 245.05 W, 99 %, 59
2026/10/10 00:29:35.750, 24043 MiB, 267.98 W, 98 %, 60
2026/10/10 00:29:36.764, 24043 MiB, 262.17 W, 100 %, 61
2026/10/10 00:29:37.778, 24043 MiB, 177.79 W, 98 %, 71
2026/10/10 00:29:38.786, 24043 MiB, 306.12 W, 99 %, 64
2026/10/10 00:29:39.794, 24043 MiB, 299.87 W, 91 %, 61
2026/10/10 00:29:40.806, 24043 MiB, 277.35 W, 88 %, 58
2026/10/10 00:29:41.813, 24043 MiB, 204.75 W, 1 %, 53
2026/10/10 00:29:42.817, 24043 MiB, 103.40 W, 21 %, 52
2026/10/10 00:29:43.830, 24043 MiB, 84.44 W, 43 %, 49
2026/10/10 00:29:44.834, 24043 MiB, 60.50 W, 43 %, 49
2026/10/10 00:29:45.843, 24043 MiB, 59.25 W, 44 %, 48
2026/10/10 00:29:46.845, 24043 MiB, 58.28 W, 45 %, 48
2026/10/10 00:29:47.859, 24043 MiB, 54.42 W, 15 %, 48
2026/10/10 00:29:48.867, 24043 MiB, 53.07 W, 4 %, 48
2026/10/10 00:29:49.869, 24043 MiB, 53.12 W, 23 %, 47
2026/10/10 00:29:50.872, 24043 MiB, 53.43 W, 53 %, 47
2026/10/10 00:29:51.887, 24043 MiB, 52.98 W, 4 %, 46
2026/10/10 00:29:52.891, 24043 MiB, 53.18 W, 48 %, 47
2026/10/10 00:29:53.898, 24043 MiB, 50.44 W, 71 %, 46
2026/10/10 00:29:54.913, 24043 MiB, 49.30 W, 21 %, 45
2026/10/10 00:29:55.928, 24043 MiB, 53.07 W, 5 %, 46
2026/10/10 00:29:56.931, 24043 MiB, 52.46 W, 46 %, 46
2026/10/10 00:29:57.946, 24043 MiB, 50.61 W, 5 %, 45
2026/10/10 00:29:58.953, 24043 MiB, 49.73 W, 40 %, 45
2026/10/10 00:29:59.957, 24043 MiB, 51.97 W, 69 %, 46
2026/10/10 00:30:00.973, 24043 MiB, 51.44 W, 9 %, 45
2026/10/10 00:30:01.981, 24043 MiB, 47.67 W, 5 %, 44
2026/10/10 00:30:02.988, 24043 MiB, 50.25 W, 48 %, 44
2026/10/10 00:30:03.990, 24043 MiB, 51.90 W, 41 %, 45
2026/10/10 00:30:04.994, 24043 MiB, 50.48 W, 5 %, 44
2026/10/10 00:30:06.003, 24043 MiB, 48.76 W, 29 %, 44
2026/10/10 00:30:07.005, 24043 MiB, 51.90 W, 67 %, 45
2026/10/10 00:30:08.020, 24043 MiB, 50.32 W, 5 %, 44
2026/10/10 00:30:09.022, 24043 MiB, 48.44 W, 27 %, 43
2026/10/10 00:30:10.027, 24043 MiB, 51.40 W, 75 %, 44
2026/10/10 00:30:11.030, 24043 MiB, 51.67 W, 28 %, 44
2026/10/10 00:30:12.036, 24043 MiB, 48.63 W, 4 %, 43
2026/10/10 00:30:13.039, 24043 MiB, 49.28 W, 41 %, 43
2026/10/10 00:30:14.045, 24043 MiB, 52.01 W, 75 %, 44
2026/10/10 00:30:15.054, 24043 MiB, 52.71 W, 35 %, 44
2026/10/10 00:30:16.056, 24043 MiB, 49.69 W, 7 %, 43
2026/10/10 00:30:17.065, 24043 MiB, 48.57 W, 33 %, 43
2026/10/10 00:30:18.068, 24043 MiB, 51.46 W, 70 %, 44
2026/10/10 00:30:19.081, 24043 MiB, 51.08 W, 5 %, 43
2026/10/10 00:30:20.093, 24043 MiB, 47.52 W, 4 %, 42
2026/10/10 00:30:21.103, 24043 MiB, 51.36 W, 67 %, 43
2026/10/10 00:30:22.111, 24043 MiB, 52.09 W, 37 %, 43
2026/10/10 00:30:23.112, 24043 MiB, 49.52 W, 5 %, 42
2026/10/10 00:30:24.127, 24043 MiB, 47.08 W, 5 %, 42
2026/10/10 00:30:25.138, 24043 MiB, 46.95 W, 14 %, 42
2026/10/10 00:30:26.144, 24043 MiB, 50.32 W, 62 %, 42
2026/10/10 00:30:27.160, 24043 MiB, 51.06 W, 58 %, 43
2026/10/10 00:30:28.168, 24043 MiB, 49.98 W, 5 %, 42
2026/10/10 00:30:29.182, 24043 MiB, 46.58 W, 18 %, 41
2026/10/10 00:30:30.188, 24043 MiB, 50.40 W, 70 %, 42
2026/10/10 00:30:31.203, 24043 MiB, 51.23 W, 38 %, 42
2026/10/10 00:30:32.211, 24043 MiB, 49.16 W, 4 %, 41
2026/10/10 00:30:33.214, 24043 MiB, 48.23 W, 29 %, 41
2026/10/10 00:30:34.216, 24043 MiB, 50.72 W, 68 %, 42
2026/10/10 00:30:35.218, 24043 MiB, 50.67 W, 5 %, 41
2026/10/10 00:30:36.222, 24043 MiB, 46.41 W, 4 %, 41
2026/10/10 00:30:37.237, 24043 MiB, 50.69 W, 68 %, 41
2026/10/10 00:30:38.250, 24043 MiB, 50.62 W, 23 %, 41
2026/10/10 00:30:39.262, 24043 MiB, 47.98 W, 4 %, 41
2026/10/10 00:30:40.268, 24043 MiB, 47.27 W, 25 %, 41
2026/10/10 00:30:41.277, 24043 MiB, 50.46 W, 79 %, 41
2026/10/10 00:30:42.286, 24043 MiB, 50.75 W, 28 %, 41
2026/10/10 00:30:43.293, 24043 MiB, 47.32 W, 7 %, 41
2026/10/10 00:30:44.303, 24043 MiB, 48.95 W, 58 %, 40
2026/10/10 00:30:45.306, 24043 MiB, 50.52 W, 60 %, 42
2026/10/10 00:30:46.314, 24043 MiB, 49.52 W, 7 %, 40
2026/10/10 00:30:47.329, 24043 MiB, 46.63 W, 25 %, 40
2026/10/10 00:30:48.343, 24043 MiB, 50.30 W, 68 %, 41
2026/10/10 00:30:49.358, 24043 MiB, 50.08 W, 8 %, 41
2026/10/10 00:30:50.362, 24043 MiB, 46.89 W, 5 %, 40
2026/10/10 00:30:51.372, 24043 MiB, 50.34 W, 62 %, 40
2026/10/10 00:30:52.387, 24043 MiB, 51.49 W, 38 %, 41
2026/10/10 00:30:53.397, 24043 MiB, 49.42 W, 5 %, 40
2026/10/10 00:30:54.406, 24043 MiB, 46.88 W, 5 %, 40
2026/10/10 00:30:55.409, 24043 MiB, 49.38 W, 42 %, 40
2026/10/10 00:30:56.424, 24043 MiB, 51.47 W, 71 %, 41
2026/10/10 00:30:57.435, 24043 MiB, 51.10 W, 5 %, 40
2026/10/10 00:30:58.444, 24043 MiB, 47.31 W, 18 %, 40
2026/10/10 00:30:59.458, 24043 MiB, 51.40 W, 68 %, 40
2026/10/10 00:31:00.473, 24043 MiB, 51.09 W, 15 %, 40
2026/10/10 00:31:01.480, 24043 MiB, 47.99 W, 5 %, 40
2026/10/10 00:31:02.483, 24043 MiB, 47.93 W, 30 %, 39
2026/10/10 00:31:03.489, 24043 MiB, 50.49 W, 67 %, 40
2026/10/10 00:31:04.492, 24043 MiB, 49.90 W, 17 %, 40
2026/10/10 00:31:05.496, 24043 MiB, 46.57 W, 5 %, 39
2026/10/10 00:31:06.499, 24043 MiB, 48.90 W, 55 %, 39
2026/10/10 00:31:07.506, 24043 MiB, 49.86 W, 52 %, 40
2026/10/10 00:31:08.511, 24043 MiB, 48.92 W, 5 %, 40
2026/10/10 00:31:09.522, 24043 MiB, 48.46 W, 51 %, 39
2026/10/10 00:31:10.528, 24043 MiB, 49.99 W, 75 %, 40
2026/10/10 00:31:11.541, 24043 MiB, 49.75 W, 11 %, 40
2026/10/10 00:31:12.549, 24043 MiB, 46.26 W, 8 %, 40
2026/10/10 00:31:13.559, 24043 MiB, 48.45 W, 49 %, 39
2026/10/10 00:31:14.574, 24043 MiB, 50.51 W, 68 %, 40
2026/10/10 00:31:15.583, 24043 MiB, 49.89 W, 7 %, 40
2026/10/10 00:31:16.588, 24043 MiB, 46.43 W, 7 %, 41
2026/10/10 00:31:17.603, 24043 MiB, 48.55 W, 50 %, 40
2026/10/10 00:31:18.617, 24043 MiB, 50.00 W, 63 %, 40
2026/10/10 00:31:19.628, 24043 MiB, 49.88 W, 24 %, 40
2026/10/10 00:31:20.636, 24043 MiB, 47.54 W, 5 %, 40
2026/10/10 00:31:21.641, 24043 MiB, 47.41 W, 26 %, 41
2026/10/10 00:31:22.643, 24043 MiB, 50.33 W, 68 %, 40
2026/10/10 00:31:23.644, 24043 MiB, 50.92 W, 65 %, 40
2026/10/10 00:31:24.652, 24043 MiB, 50.20 W, 31 %, 40
2026/10/10 00:31:25.656, 24043 MiB, 47.63 W, 5 %, 41
2026/10/10 00:31:26.663, 24043 MiB, 48.55 W, 45 %, 41
2026/10/10 00:31:27.668, 24043 MiB, 50.20 W, 72 %, 40
2026/10/10 00:31:28.671, 24043 MiB, 50.02 W, 27 %, 40
2026/10/10 00:31:29.676, 24043 MiB, 46.87 W, 5 %, 41
2026/10/10 00:31:30.687, 24043 MiB, 47.92 W, 47 %, 41
2026/10/10 00:31:31.693, 24043 MiB, 49.38 W, 56 %, 40
2026/10/10 00:31:32.697, 24043 MiB, 48.98 W, 7 %, 40
2026/10/10 00:31:33.707, 24043 MiB, 44.88 W, 6 %, 41
2026/10/10 00:31:34.712, 24043 MiB, 48.33 W, 59 %, 41
2026/10/10 00:31:35.715, 24043 MiB, 49.34 W, 41 %, 41
2026/10/10 00:31:36.717, 24043 MiB, 48.01 W, 5 %, 40
2026/10/10 00:31:37.724, 24043 MiB, 45.34 W, 5 %, 41
2026/10/10 00:31:38.733, 24043 MiB, 47.12 W, 42 %, 42
2026/10/10 00:31:39.742, 24043 MiB, 49.94 W, 75 %, 41
2026/10/10 00:31:40.755, 24043 MiB, 49.87 W, 48 %, 41
2026/10/10 00:31:41.761, 24043 MiB, 49.06 W, 5 %, 41
2026/10/10 00:31:42.765, 24043 MiB, 46.55 W, 17 %, 42
2026/10/10 00:31:43.775, 24043 MiB, 50.02 W, 74 %, 41
2026/10/10 00:31:44.782, 24043 MiB, 50.51 W, 48 %, 41
2026/10/10 00:31:45.788, 24043 MiB, 48.97 W, 7 %, 41
2026/10/10 00:31:46.794, 24043 MiB, 46.55 W, 5 %, 42
2026/10/10 00:31:47.796, 24043 MiB, 47.50 W, 29 %, 42
2026/10/10 00:31:48.806, 24043 MiB, 50.57 W, 72 %, 41
2026/10/10 00:31:49.813, 24043 MiB, 50.54 W, 26 %, 41
2026/10/10 00:31:50.826, 24043 MiB, 48.24 W, 8 %, 41
2026/10/10 00:31:51.837, 24043 MiB, 46.96 W, 20 %, 42
2026/10/10 00:31:52.843, 24043 MiB, 49.60 W, 57 %, 42
2026/10/10 00:31:53.845, 24043 MiB, 50.39 W, 68 %, 41
2026/10/10 00:31:54.850, 24043 MiB, 50.25 W, 40 %, 41
2026/10/10 00:31:55.860, 24043 MiB, 48.49 W, 5 %, 41
2026/10/10 00:31:56.867, 24043 MiB, 45.90 W, 5 %, 42
2026/10/10 00:31:57.872, 24043 MiB, 49.25 W, 66 %, 42
2026/10/10 00:31:58.877, 24043 MiB, 49.22 W, 66 %, 42
2026/10/10 00:31:59.889, 24043 MiB, 49.93 W, 58 %, 42
2026/10/10 00:32:00.897, 24043 MiB, 49.47 W, 5 %, 41
2026/10/10 00:32:01.906, 24043 MiB, 45.60 W, 5 %, 42
2026/10/10 00:32:02.915, 24043 MiB, 47.23 W, 34 %, 43
2026/10/10 00:32:03.935, 24043 MiB, 49.99 W, 73 %, 42
2026/10/10 00:32:04.938, 24043 MiB, 50.43 W, 52 %, 42
2026/10/10 00:32:05.941, 24043 MiB, 49.42 W, 5 %, 42
2026/10/10 00:32:06.945, 24043 MiB, 45.78 W, 10 %, 43
2026/10/10 00:32:07.949, 24043 MiB, 48.24 W, 43 %, 43
2026/10/10 00:32:08.955, 24043 MiB, 50.39 W, 69 %, 42
2026/10/10 00:32:09.957, 24043 MiB, 50.63 W, 26 %, 42
2026/10/10 00:32:10.959, 24043 MiB, 48.23 W, 5 %, 42
2026/10/10 00:32:11.964, 24043 MiB, 46.28 W, 8 %, 43
2026/10/10 00:32:12.970, 24043 MiB, 48.88 W, 53 %, 42
2026/10/10 00:32:13.982, 24043 MiB, 50.47 W, 57 %, 42
2026/10/10 00:32:14.990, 24043 MiB, 49.79 W, 23 %, 42
2026/10/10 00:32:15.996, 24043 MiB, 47.55 W, 5 %, 42
2026/10/10 00:32:17.007, 24043 MiB, 47.22 W, 18 %, 43
2026/10/10 00:32:18.014, 24043 MiB, 50.98 W, 73 %, 42
2026/10/10 00:32:19.019, 24043 MiB, 51.14 W, 33 %, 42
2026/10/10 00:32:20.035, 24043 MiB, 49.40 W, 5 %, 42
2026/10/10 00:32:21.037, 24043 MiB, 47.10 W, 9 %, 43
2026/10/10 00:32:22.052, 24043 MiB, 50.83 W, 72 %, 43
2026/10/10 00:32:23.067, 24043 MiB, 51.03 W, 76 %, 42
2026/10/10 00:32:24.071, 24043 MiB, 51.20 W, 60 %, 42
2026/10/10 00:32:25.079, 24043 MiB, 50.82 W, 7 %, 42
2026/10/10 00:32:26.082, 24043 MiB, 46.81 W, 7 %, 43
2026/10/10 00:32:27.096, 24043 MiB, 49.13 W, 48 %, 43
2026/10/10 00:32:28.097, 24043 MiB, 50.71 W, 67 %, 43
2026/10/10 00:32:29.100, 24043 MiB, 50.99 W, 8 %, 42
2026/10/10 00:32:30.114, 24043 MiB, 47.21 W, 5 %, 43
2026/10/10 00:32:31.120, 24043 MiB, 46.83 W, 6 %, 44
2026/10/10 00:32:32.125, 24043 MiB, 50.46 W, 58 %, 43
2026/10/10 00:32:33.140, 24043 MiB, 51.21 W, 59 %, 43
2026/10/10 00:32:34.149, 24043 MiB, 49.99 W, 26 %, 43
2026/10/10 00:32:35.165, 24043 MiB, 48.06 W, 4 %, 43
2026/10/10 00:32:36.176, 24043 MiB, 47.71 W, 21 %, 44
2026/10/10 00:32:37.178, 24043 MiB, 50.40 W, 66 %, 43
2026/10/10 00:32:38.178, 24043 MiB, 51.34 W, 72 %, 43
2026/10/10 00:32:39.180, 24043 MiB, 50.96 W, 17 %, 43
2026/10/10 00:32:40.186, 24043 MiB, 47.65 W, 5 %, 44
2026/10/10 00:32:41.194, 24043 MiB, 47.96 W, 27 %, 44
2026/10/10 00:32:42.209, 24043 MiB, 51.22 W, 68 %, 43
2026/10/10 00:32:43.225, 24043 MiB, 50.96 W, 34 %, 43
2026/10/10 00:32:44.226, 24043 MiB, 49.25 W, 5 %, 43
2026/10/10 00:32:45.234, 24043 MiB, 47.07 W, 5 %, 44
2026/10/10 00:32:46.237, 24043 MiB, 49.71 W, 53 %, 44
2026/10/10 00:32:47.238, 24043 MiB, 51.31 W, 73 %, 43
2026/10/10 00:32:48.253, 24043 MiB, 51.54 W, 33 %, 43
2026/10/10 00:32:49.256, 24043 MiB, 49.49 W, 5 %, 43
2026/10/10 00:32:50.262, 24043 MiB, 48.90 W, 30 %, 45
2026/10/10 00:32:51.267, 24043 MiB, 52.03 W, 80 %, 43
2026/10/10 00:32:52.275, 24043 MiB, 47.64 W, 48 %, 43
2026/10/10 00:32:53.277, 24043 MiB, 51.13 W, 9 %, 43
2026/10/10 00:32:54.277, 24043 MiB, 48.38 W, 7 %, 43
2026/10/10 00:32:55.293, 24043 MiB, 51.37 W, 5 %, 44
2026/10/10 00:32:56.297, 24043 MiB, 51.61 W, 54 %, 44
2026/10/10 00:32:57.300, 24043 MiB, 49.13 W, 62 %, 43
2026/10/10 00:32:58.317, 24043 MiB, 49.09 W, 14 %, 43
2026/10/10 00:32:59.320, 24043 MiB, 51.72 W, 5 %, 44
2026/10/10 00:33:00.321, 24043 MiB, 51.72 W, 46 %, 45
2026/10/10 00:33:01.323, 24043 MiB, 50.28 W, 15 %, 44
2026/10/10 00:33:02.326, 24043 MiB, 48.01 W, 5 %, 44
2026/10/10 00:33:03.338, 24043 MiB, 47.40 W, 6 %, 44
2026/10/10 00:33:04.344, 24043 MiB, 48.73 W, 25 %, 43
2026/10/10 00:33:05.346, 24043 MiB, 51.02 W, 63 %, 44
2026/10/10 00:33:06.359, 24043 MiB, 52.04 W, 71 %, 44
2026/10/10 00:33:07.368, 24043 MiB, 52.00 W, 46 %, 45
2026/10/10 00:33:08.376, 24043 MiB, 50.14 W, 34 %, 44
2026/10/10 00:33:09.388, 24043 MiB, 49.51 W, 33 %, 45
2026/10/10 00:33:10.390, 24043 MiB, 49.00 W, 29 %, 44
2026/10/10 00:33:11.405, 24043 MiB, 49.22 W, 5 %, 44
2026/10/10 00:33:12.419, 24043 MiB, 47.28 W, 5 %, 44
2026/10/10 00:33:13.423, 24043 MiB, 47.90 W, 15 %, 44
2026/10/10 00:33:14.425, 24043 MiB, 49.69 W, 46 %, 44
2026/10/10 00:33:15.439, 24043 MiB, 51.85 W, 68 %, 45
2026/10/10 00:33:16.453, 24043 MiB, 52.30 W, 34 %, 45
2026/10/10 00:33:17.459, 24043 MiB, 49.75 W, 6 %, 44
2026/10/10 00:33:18.461, 24043 MiB, 47.50 W, 5 %, 44
2026/10/10 00:33:19.464, 24043 MiB, 47.37 W, 10 %, 44
2026/10/10 00:33:20.479, 24043 MiB, 51.21 W, 64 %, 44
2026/10/10 00:33:21.480, 24043 MiB, 52.04 W, 67 %, 45
2026/10/10 00:33:22.486, 24043 MiB, 51.81 W, 37 %, 45
2026/10/10 00:33:23.497, 24043 MiB, 49.07 W, 7 %, 44
2026/10/10 00:33:24.505, 24043 MiB, 47.26 W, 7 %, 44
2026/10/10 00:33:25.513, 24043 MiB, 47.17 W, 7 %, 44
2026/10/10 00:33:26.528, 24043 MiB, 49.40 W, 41 %, 44
2026/10/10 00:33:27.540, 24043 MiB, 51.83 W, 72 %, 45
2026/10/10 00:33:28.544, 24043 MiB, 51.28 W, 37 %, 45
2026/10/10 00:33:29.547, 24043 MiB, 49.45 W, 6 %, 44
2026/10/10 00:33:30.551, 24043 MiB, 47.10 W, 5 %, 44
2026/10/10 00:33:31.557, 24043 MiB, 49.07 W, 39 %, 44
2026/10/10 00:33:32.563, 24043 MiB, 51.28 W, 76 %, 45
2026/10/10 00:33:33.568, 24043 MiB, 51.17 W, 48 %, 46
2026/10/10 00:33:34.580, 24043 MiB, 50.11 W, 5 %, 45
2026/10/10 00:33:35.582, 24043 MiB, 47.54 W, 5 %, 44
2026/10/10 00:33:36.586, 24043 MiB, 48.85 W, 28 %, 44
2026/10/10 00:33:37.594, 24043 MiB, 51.46 W, 68 %, 45
2026/10/10 00:33:38.598, 24043 MiB, 51.37 W, 51 %, 46
2026/10/10 00:33:39.604, 24043 MiB, 50.92 W, 21 %, 45
2026/10/10 00:33:40.611, 24043 MiB, 48.17 W, 5 %, 45
2026/10/10 00:33:41.612, 24043 MiB, 46.79 W, 6 %, 45
2026/10/10 00:33:42.619, 24043 MiB, 46.85 W, 41 %, 46
2026/10/10 00:33:43.622, 24043 MiB, 49.71 W, 76 %, 45
2026/10/10 00:33:44.630, 24043 MiB, 51.73 W, 52 %, 46
2026/10/10 00:33:45.638, 24043 MiB, 50.52 W, 5 %, 45
2026/10/10 00:33:46.649, 24043 MiB, 48.22 W, 5 %, 45
2026/10/10 00:33:47.657, 24043 MiB, 47.98 W, 14 %, 45
2026/10/10 00:33:48.667, 24043 MiB, 49.03 W, 32 %, 45
2026/10/10 00:33:49.671, 24043 MiB, 51.35 W, 68 %, 45
2026/10/10 00:33:50.675, 24043 MiB, 51.40 W, 35 %, 46
2026/10/10 00:33:51.679, 24043 MiB, 49.66 W, 6 %, 45
2026/10/10 00:33:52.695, 24043 MiB, 48.38 W, 5 %, 45
2026/10/10 00:33:53.698, 24043 MiB, 47.64 W, 5 %, 45
2026/10/10 00:33:54.700, 24043 MiB, 48.75 W, 23 %, 45
2026/10/10 00:33:55.710, 24043 MiB, 50.19 W, 45 %, 45
2026/10/10 00:33:56.714, 24043 MiB, 51.96 W, 74 %, 46
2026/10/10 00:33:57.719, 24043 MiB, 52.14 W, 70 %, 46
2026/10/10 00:33:58.721, 24043 MiB, 51.92 W, 40 %, 46
2026/10/10 00:33:59.727, 24043 MiB, 50.25 W, 8 %, 45
2026/10/10 00:34:00.739, 24043 MiB, 48.61 W, 6 %, 45
2026/10/10 00:34:01.746, 24043 MiB, 48.00 W, 7 %, 45
2026/10/10 00:34:02.752, 24043 MiB, 47.55 W, 11 %, 45
2026/10/10 00:34:03.761, 24043 MiB, 49.58 W, 36 %, 45
2026/10/10 00:34:04.766, 24043 MiB, 50.74 W, 61 %, 45
2026/10/10 00:34:05.777, 24043 MiB, 52.30 W, 72 %, 46
2026/10/10 00:34:06.780, 24043 MiB, 52.09 W, 46 %, 46
2026/10/10 00:34:07.791, 24043 MiB, 50.12 W, 30 %, 46
2026/10/10 00:34:08.801, 24043 MiB, 49.57 W, 7 %, 45
2026/10/10 00:34:09.812, 24043 MiB, 47.82 W, 7 %, 45
2026/10/10 00:34:10.813, 24043 MiB, 48.24 W, 7 %, 45
2026/10/10 00:34:11.817, 24043 MiB, 51.21 W, 45 %, 45
2026/10/10 00:34:12.827, 24043 MiB, 52.67 W, 76 %, 46
2026/10/10 00:34:13.832, 24043 MiB, 52.89 W, 58 %, 46
2026/10/10 00:34:14.837, 24043 MiB, 52.34 W, 77 %, 46
2026/10/10 00:34:15.852, 24043 MiB, 51.08 W, 50 %, 45
2026/10/10 00:34:16.855, 24043 MiB, 49.87 W, 33 %, 45
2026/10/10 00:34:17.862, 24043 MiB, 51.12 W, 42 %, 46
2026/10/10 00:34:18.882, 24043 MiB, 51.98 W, 68 %, 46
2026/10/10 00:34:19.889, 24043 MiB, 52.62 W, 78 %, 45
2026/10/10 00:34:20.900, 24043 MiB, 53.11 W, 60 %, 45
2026/10/10 00:34:21.902, 24043 MiB, 52.23 W, 16 %, 45
2026/10/10 00:34:22.917, 24043 MiB, 49.21 W, 5 %, 45
2026/10/10 00:34:23.923, 24043 MiB, 48.63 W, 4 %, 46
2026/10/10 00:34:24.935, 24043 MiB, 48.30 W, 6 %, 46
2026/10/10 00:34:25.940, 24043 MiB, 49.84 W, 25 %, 47
2026/10/10 00:34:26.950, 24043 MiB, 52.91 W, 67 %, 46
2026/10/10 00:34:27.962, 24043 MiB, 53.36 W, 52 %, 46
2026/10/10 00:34:28.971, 24043 MiB, 52.14 W, 31 %, 45
2026/10/10 00:34:29.975, 24043 MiB, 50.47 W, 5 %, 45
2026/10/10 00:34:30.986, 24043 MiB, 48.15 W, 6 %, 46
2026/10/10 00:34:31.995, 24043 MiB, 48.87 W, 13 %, 47
2026/10/10 00:34:33.005, 24043 MiB, 51.15 W, 50 %, 46
2026/10/10 00:34:34.016, 24043 MiB, 53.17 W, 71 %, 46
2026/10/10 00:34:35.024, 24043 MiB, 52.58 W, 54 %, 46
2026/10/10 00:34:36.030, 24043 MiB, 51.39 W, 30 %, 46
2026/10/10 00:34:37.036, 24043 MiB, 50.16 W, 4 %, 46
2026/10/10 00:34:38.046, 24043 MiB, 48.03 W, 4 %, 46
2026/10/10 00:34:39.053, 24043 MiB, 48.67 W, 16 %, 47
2026/10/10 00:34:40.059, 24043 MiB, 50.62 W, 42 %, 47
2026/10/10 00:34:41.063, 24043 MiB, 52.04 W, 72 %, 46
2026/10/10 00:34:42.069, 24043 MiB, 52.08 W, 66 %, 46
2026/10/10 00:34:43.082, 24043 MiB, 51.41 W, 7 %, 46
2026/10/10 00:34:44.087, 24043 MiB, 48.26 W, 5 %, 46
2026/10/10 00:34:45.102, 24043 MiB, 48.88 W, 6 %, 47
2026/10/10 00:34:46.108, 24043 MiB, 50.56 W, 42 %, 47
2026/10/10 00:34:47.109, 24043 MiB, 52.58 W, 71 %, 46
2026/10/10 00:34:48.114, 24043 MiB, 53.20 W, 58 %, 46
2026/10/10 00:34:49.128, 24043 MiB, 52.51 W, 22 %, 46
2026/10/10 00:34:50.136, 24043 MiB, 50.24 W, 25 %, 46
2026/10/10 00:34:51.139, 24043 MiB, 49.40 W, 5 %, 46
2026/10/10 00:34:52.145, 24043 MiB, 48.37 W, 5 %, 47
2026/10/10 00:34:53.154, 24043 MiB, 48.20 W, 5 %, 47
2026/10/10 00:34:54.170, 24043 MiB, 48.29 W, 14 %, 47
2026/10/10 00:34:55.185, 24043 MiB, 50.38 W, 39 %, 47
2026/10/10 00:34:56.187, 24043 MiB, 51.55 W, 61 %, 46
2026/10/10 00:34:57.203, 24043 MiB, 52.18 W, 67 %, 46
2026/10/10 00:34:58.209, 24043 MiB, 52.60 W, 26 %, 46
2026/10/10 00:34:59.216, 24043 MiB, 49.10 W, 5 %, 46
2026/10/10 00:35:00.223, 24043 MiB, 47.21 W, 6 %, 46
2026/10/10 00:35:01.225, 24043 MiB, 47.90 W, 5 %, 47
2026/10/10 00:35:02.228, 24043 MiB, 48.97 W, 14 %, 47
2026/10/10 00:35:03.230, 24043 MiB, 49.76 W, 30 %, 47
2026/10/10 00:35:04.234, 24043 MiB, 50.55 W, 48 %, 47
2026/10/10 00:35:05.245, 24043 MiB, 52.00 W, 66 %, 47
2026/10/10 00:35:06.253, 24043 MiB, 52.95 W, 72 %, 46
2026/10/10 00:35:07.261, 24043 MiB, 52.80 W, 57 %, 46
2026/10/10 00:35:08.272, 24043 MiB, 52.46 W, 44 %, 46
2026/10/10 00:35:09.274, 24043 MiB, 51.49 W, 7 %, 46
2026/10/10 00:35:10.281, 24043 MiB, 49.39 W, 8 %, 47
2026/10/10 00:35:11.293, 24043 MiB, 49.13 W, 7 %, 47
2026/10/10 00:35:12.305, 24043 MiB, 49.22 W, 7 %, 47
2026/10/10 00:35:13.316, 24043 MiB, 48.84 W, 7 %, 47
2026/10/10 00:35:14.322, 24043 MiB, 49.32 W, 15 %, 48
2026/10/10 00:35:15.328, 24043 MiB, 50.27 W, 38 %, 48
2026/10/10 00:35:16.338, 24043 MiB, 51.91 W, 53 %, 47
2026/10/10 00:35:17.339, 24043 MiB, 53.46 W, 68 %, 47
2026/10/10 00:35:18.344, 24043 MiB, 53.03 W, 59 %, 47
2026/10/10 00:35:19.360, 24043 MiB, 52.33 W, 37 %, 46
2026/10/10 00:35:20.369, 24043 MiB, 51.19 W, 29 %, 46
2026/10/10 00:35:21.372, 24043 MiB, 50.01 W, 5 %, 46
2026/10/10 00:35:22.374, 24043 MiB, 48.67 W, 5 %, 47
2026/10/10 00:35:23.378, 24043 MiB, 48.62 W, 5 %, 47
2026/10/10 00:35:24.380, 24043 MiB, 48.67 W, 5 %, 48
2026/10/10 00:35:25.386, 24043 MiB, 49.69 W, 26 %, 48
2026/10/10 00:35:26.400, 24043 MiB, 50.94 W, 46 %, 47
2026/10/10 00:35:27.415, 24043 MiB, 52.46 W, 70 %, 47
2026/10/10 00:35:28.429, 24043 MiB, 53.48 W, 67 %, 47
2026/10/10 00:35:29.443, 24043 MiB, 53.12 W, 46 %, 47
2026/10/10 00:35:30.459, 24043 MiB, 52.19 W, 23 %, 47
2026/10/10 00:35:31.461, 24043 MiB, 49.97 W, 5 %, 47
2026/10/10 00:35:32.476, 24043 MiB, 48.83 W, 5 %, 47
2026/10/10 00:35:33.479, 24043 MiB, 48.82 W, 5 %, 47
2026/10/10 00:35:34.488, 24043 MiB, 48.97 W, 17 %, 48
2026/10/10 00:35:35.494, 24043 MiB, 51.13 W, 43 %, 48
2026/10/10 00:35:36.503, 24043 MiB, 52.82 W, 71 %, 47
2026/10/10 00:35:37.509, 24043 MiB, 53.19 W, 71 %, 47
2026/10/10 00:35:38.514, 24043 MiB, 53.03 W, 62 %, 47
2026/10/10 00:35:39.528, 24043 MiB, 52.24 W, 29 %, 47
2026/10/10 00:35:40.535, 24043 MiB, 50.41 W, 7 %, 47
2026/10/10 00:35:41.539, 24043 MiB, 48.71 W, 8 %, 47
2026/10/10 00:35:42.554, 24043 MiB, 48.41 W, 7 %, 48
2026/10/10 00:35:43.561, 24043 MiB, 48.95 W, 17 %, 48
2026/10/10 00:35:44.564, 24043 MiB, 50.42 W, 24 %, 48
2026/10/10 00:35:45.566, 24043 MiB, 52.05 W, 41 %, 48
2026/10/10 00:35:46.567, 24043 MiB, 54.31 W, 69 %, 47
2026/10/10 00:35:47.574, 24043 MiB, 53.99 W, 71 %, 47
2026/10/10 00:35:48.580, 24043 MiB, 54.28 W, 51 %, 47
2026/10/10 00:35:49.590, 24043 MiB, 51.89 W, 5 %, 47
2026/10/10 00:35:50.596, 24043 MiB, 49.83 W, 5 %, 48
2026/10/10 00:35:51.611, 24043 MiB, 50.67 W, 18 %, 48
2026/10/10 00:35:52.612, 24043 MiB, 51.06 W, 30 %, 48
2026/10/10 00:35:53.612, 24043 MiB, 50.30 W, 22 %, 48
2026/10/10 00:35:54.621, 24043 MiB, 51.42 W, 39 %, 48
2026/10/10 00:35:55.628, 24043 MiB, 53.06 W, 62 %, 47
2026/10/10 00:35:56.630, 24043 MiB, 53.83 W, 76 %, 47
2026/10/10 00:35:57.635, 24043 MiB, 53.93 W, 73 %, 47
2026/10/10 00:35:58.639, 24043 MiB, 54.98 W, 46 %, 47
2026/10/10 00:35:59.641, 24043 MiB, 53.21 W, 5 %, 47
2026/10/10 00:36:00.646, 24043 MiB, 50.07 W, 4 %, 47
2026/10/10 00:36:01.651, 24043 MiB, 50.03 W, 4 %, 47
2026/10/10 00:36:02.652, 24043 MiB, 49.86 W, 14 %, 48
2026/10/10 00:36:03.655, 24043 MiB, 53.70 W, 35 %, 48
2026/10/10 00:36:04.666, 24043 MiB, 52.65 W, 63 %, 48
2026/10/10 00:36:05.672, 24043 MiB, 50.81 W, 72 %, 47
2026/10/10 00:36:06.679, 24043 MiB, 50.13 W, 61 %, 47
2026/10/10 00:36:07.686, 24043 MiB, 50.65 W, 58 %, 47
2026/10/10 00:36:08.688, 24043 MiB, 50.21 W, 5 %, 47
2026/10/10 00:36:09.691, 24043 MiB, 50.83 W, 15 %, 47
2026/10/10 00:36:10.701, 24043 MiB, 51.62 W, 29 %, 47
2026/10/10 00:36:11.709, 24043 MiB, 53.19 W, 57 %, 47
2026/10/10 00:36:12.714, 24043 MiB, 54.67 W, 71 %, 48
2026/10/10 00:36:13.724, 24043 MiB, 54.35 W, 68 %, 48
2026/10/10 00:36:14.736, 24043 MiB, 55.06 W, 51 %, 49
2026/10/10 00:36:15.746, 24043 MiB, 54.09 W, 52 %, 49
2026/10/10 00:36:16.748, 24043 MiB, 53.13 W, 31 %, 48
2026/10/10 00:36:17.751, 24043 MiB, 51.93 W, 27 %, 48
2026/10/10 00:36:18.754, 24043 MiB, 51.41 W, 5 %, 48
2026/10/10 00:36:19.764, 24043 MiB, 49.83 W, 5 %, 48
2026/10/10 00:36:20.780, 24043 MiB, 50.32 W, 5 %, 47
2026/10/10 00:36:21.782, 24043 MiB, 50.86 W, 15 %, 47
2026/10/10 00:36:22.788, 24043 MiB, 51.47 W, 34 %, 47
2026/10/10 00:36:23.795, 24043 MiB, 50.82 W, 16 %, 47
2026/10/10 00:36:24.796, 24043 MiB, 51.04 W, 24 %, 47
2026/10/10 00:36:25.799, 24043 MiB, 51.99 W, 39 %, 47
2026/10/10 00:36:26.815, 24043 MiB, 53.17 W, 58 %, 47
2026/10/10 00:36:27.818, 24043 MiB, 54.35 W, 73 %, 48
2026/10/10 00:36:28.825, 24043 MiB, 54.74 W, 71 %, 49
2026/10/10 00:36:29.836, 24043 MiB, 54.41 W, 59 %, 49
2026/10/10 00:36:30.845, 24043 MiB, 53.88 W, 37 %, 49
2026/10/10 00:36:31.846, 24043 MiB, 52.67 W, 20 %, 48
2026/10/10 00:36:32.847, 24043 MiB, 51.26 W, 5 %, 48
2026/10/10 00:36:33.854, 24043 MiB, 49.88 W, 5 %, 48
2026/10/10 00:36:34.855, 24043 MiB, 49.68 W, 5 %, 48
2026/10/10 00:36:35.861, 24043 MiB, 51.26 W, 33 %, 48
2026/10/10 00:36:36.863, 24043 MiB, 52.35 W, 51 %, 48
2026/10/10 00:36:37.867, 24043 MiB, 53.99 W, 68 %, 48
2026/10/10 00:36:38.870, 24043 MiB, 54.28 W, 52 %, 49
2026/10/10 00:36:39.879, 24043 MiB, 53.24 W, 9 %, 48
2026/10/10 00:36:40.890, 24043 MiB, 50.57 W, 5 %, 48
2026/10/10 00:36:41.905, 24043 MiB, 50.06 W, 5 %, 48
2026/10/10 00:36:42.914, 24043 MiB, 50.10 W, 5 %, 48
2026/10/10 00:36:43.920, 24043 MiB, 49.73 W, 8 %, 48
2026/10/10 00:36:44.929, 24043 MiB, 50.95 W, 24 %, 48
2026/10/10 00:36:45.930, 24043 MiB, 51.74 W, 35 %, 48
2026/10/10 00:36:46.940, 24043 MiB, 53.76 W, 64 %, 48
2026/10/10 00:36:47.947, 24043 MiB, 54.37 W, 74 %, 49
2026/10/10 00:36:48.948, 24043 MiB, 55.07 W, 72 %, 49
2026/10/10 00:36:49.956, 24043 MiB, 54.95 W, 57 %, 49
2026/10/10 00:36:50.959, 24043 MiB, 53.85 W, 53 %, 49
2026/10/10 00:36:51.966, 24043 MiB, 53.44 W, 36 %, 49
2026/10/10 00:36:52.970, 24043 MiB, 52.52 W, 21 %, 48
2026/10/10 00:36:53.973, 24043 MiB, 51.19 W, 32 %, 49
2026/10/10 00:36:54.974, 24043 MiB, 52.16 W, 25 %, 49
2026/10/10 00:36:55.980, 24043 MiB, 50.85 W, 5 %, 48
2026/10/10 00:36:57.003, 24043 MiB, 49.71 W, 5 %, 48
2026/10/10 00:36:58.006, 24043 MiB, 49.86 W, 5 %, 48
2026/10/10 00:36:59.013, 24043 MiB, 50.00 W, 7 %, 48
2026/10/10 00:37:00.019, 24043 MiB, 50.44 W, 7 %, 48
2026/10/10 00:37:01.026, 24043 MiB, 51.05 W, 15 %, 48
2026/10/10 00:37:02.031, 24043 MiB, 52.01 W, 34 %, 48
2026/10/10 00:37:03.037, 24043 MiB, 52.23 W, 48 %, 48
2026/10/10 00:37:04.048, 24043 MiB, 53.71 W, 61 %, 48
2026/10/10 00:37:05.060, 24043 MiB, 53.98 W, 66 %, 48
2026/10/10 00:37:06.064, 24043 MiB, 53.54 W, 69 %, 49
2026/10/10 00:37:07.068, 24043 MiB, 53.50 W, 58 %, 49
2026/10/10 00:37:08.076, 24043 MiB, 53.66 W, 38 %, 49
2026/10/10 00:37:09.085, 24043 MiB, 52.06 W, 24 %, 49
2026/10/10 00:37:10.099, 24043 MiB, 50.85 W, 15 %, 49
2026/10/10 00:37:11.102, 24043 MiB, 50.22 W, 5 %, 48
2026/10/10 00:37:12.109, 24043 MiB, 49.87 W, 5 %, 48
2026/10/10 00:37:13.114, 24043 MiB, 50.28 W, 5 %, 48
2026/10/10 00:37:14.119, 24043 MiB, 50.65 W, 5 %, 48
2026/10/10 00:37:15.126, 24043 MiB, 50.66 W, 8 %, 48
2026/10/10 00:37:16.131, 24043 MiB, 50.89 W, 17 %, 48
2026/10/10 00:37:17.145, 24043 MiB, 51.28 W, 24 %, 48
2026/10/10 00:37:18.149, 24043 MiB, 51.37 W, 31 %, 48
2026/10/10 00:37:19.158, 24043 MiB, 52.02 W, 42 %, 48
2026/10/10 00:37:20.164, 24043 MiB, 52.40 W, 50 %, 48
2026/10/10 00:37:21.178, 24043 MiB, 53.20 W, 64 %, 48
2026/10/10 00:37:22.181, 24043 MiB, 54.24 W, 68 %, 49
2026/10/10 00:37:23.186, 24043 MiB, 53.47 W, 66 %, 49
2026/10/10 00:37:24.191, 24043 MiB, 53.56 W, 69 %, 49
2026/10/10 00:37:25.206, 24043 MiB, 54.01 W, 66 %, 50
2026/10/10 00:37:26.206, 24043 MiB, 54.31 W, 57 %, 50
2026/10/10 00:37:27.209, 24043 MiB, 53.13 W, 48 %, 50
2026/10/10 00:37:28.212, 24043 MiB, 52.43 W, 39 %, 49
2026/10/10 00:37:29.216, 24043 MiB, 52.30 W, 29 %, 49
2026/10/10 00:37:30.219, 24043 MiB, 51.81 W, 8 %, 48
2026/10/10 00:37:31.226, 24043 MiB, 50.11 W, 5 %, 48
2026/10/10 00:37:32.232, 24043 MiB, 50.04 W, 7 %, 49
2026/10/10 00:37:33.237, 24043 MiB, 50.17 W, 7 %, 49
2026/10/10 00:37:34.244, 24043 MiB, 50.14 W, 7 %, 49
2026/10/10 00:37:35.259, 24043 MiB, 49.92 W, 8 %, 50
2026/10/10 00:37:36.266, 24043 MiB, 50.35 W, 14 %, 50
2026/10/10 00:37:37.268, 24043 MiB, 50.24 W, 21 %, 50
2026/10/10 00:37:38.273, 24043 MiB, 52.02 W, 40 %, 49
2026/10/10 00:37:39.285, 24043 MiB, 53.04 W, 59 %, 49
2026/10/10 00:37:40.286, 24043 MiB, 54.03 W, 69 %, 49
2026/10/10 00:37:41.294, 24043 MiB, 54.57 W, 71 %, 49
2026/10/10 00:37:42.310, 24043 MiB, 54.54 W, 50 %, 49
2026/10/10 00:37:43.318, 24043 MiB, 53.51 W, 42 %, 49
2026/10/10 00:37:44.326, 24043 MiB, 53.51 W, 39 %, 49
2026/10/10 00:37:45.327, 24043 MiB, 52.84 W, 33 %, 49
2026/10/10 00:37:46.332, 24043 MiB, 52.73 W, 11 %, 48
2026/10/10 00:37:47.341, 24043 MiB, 51.13 W, 5 %, 48
2026/10/10 00:37:48.350, 24043 MiB, 50.85 W, 5 %, 48
2026/10/10 00:37:49.350, 24043 MiB, 50.79 W, 5 %, 49
2026/10/10 00:37:50.358, 24043 MiB, 50.32 W, 5 %, 49
2026/10/10 00:37:51.372, 24043 MiB, 50.24 W, 5 %, 50
2026/10/10 00:37:52.378, 24043 MiB, 50.25 W, 5 %, 50
2026/10/10 00:37:53.393, 24043 MiB, 50.53 W, 5 %, 50
2026/10/10 00:37:54.402, 24043 MiB, 50.67 W, 11 %, 50
2026/10/10 00:37:55.412, 24043 MiB, 52.02 W, 29 %, 50
2026/10/10 00:37:56.417, 24043 MiB, 52.78 W, 50 %, 49
2026/10/10 00:37:57.431, 24043 MiB, 53.43 W, 50 %, 49
2026/10/10 00:37:58.445, 24043 MiB, 54.90 W, 71 %, 49
2026/10/10 00:37:59.448, 24043 MiB, 54.67 W, 75 %, 49
2026/10/10 00:38:00.449, 24043 MiB, 54.21 W, 72 %, 49
2026/10/10 00:38:01.453, 24043 MiB, 55.00 W, 81 %, 49
2026/10/10 00:38:02.454, 24043 MiB, 54.99 W, 73 %, 49
2026/10/10 00:38:03.465, 24043 MiB, 54.79 W, 53 %, 49
2026/10/10 00:38:04.468, 24043 MiB, 53.63 W, 53 %, 49
2026/10/10 00:38:05.472, 24043 MiB, 53.37 W, 42 %, 49
2026/10/10 00:38:06.487, 24043 MiB, 52.53 W, 28 %, 49
2026/10/10 00:38:07.491, 24043 MiB, 52.25 W, 25 %, 49
2026/10/10 00:38:08.499, 24043 MiB, 52.00 W, 29 %, 49
2026/10/10 00:38:09.502, 24043 MiB, 52.23 W, 14 %, 49
2026/10/10 00:38:10.515, 24043 MiB, 50.69 W, 5 %, 49
2026/10/10 00:38:11.519, 24043 MiB, 50.44 W, 4 %, 49
2026/10/10 00:38:12.533, 24043 MiB, 50.60 W, 6 %, 49
2026/10/10 00:38:13.537, 24043 MiB, 50.51 W, 4 %, 49
2026/10/10 00:38:14.552, 24043 MiB, 50.63 W, 4 %, 50
2026/10/10 00:38:15.555, 24043 MiB, 50.32 W, 5 %, 50
2026/10/10 00:38:16.560, 24043 MiB, 50.59 W, 5 %, 50
2026/10/10 00:38:17.571, 24043 MiB, 50.10 W, 5 %, 50
2026/10/10 00:38:18.582, 24043 MiB, 50.75 W, 8 %, 50
2026/10/10 00:38:19.590, 24043 MiB, 50.58 W, 9 %, 50
2026/10/10 00:38:20.603, 24043 MiB, 49.66 W, 6 %, 50
2026/10/10 00:38:21.612, 24043 MiB, 50.59 W, 23 %, 50
2026/10/10 00:38:22.623, 24043 MiB, 51.68 W, 29 %, 50
2026/10/10 00:38:23.624, 24043 MiB, 50.19 W, 5 %, 50
2026/10/10 00:38:24.639, 24043 MiB, 50.55 W, 19 %, 50
2026/10/10 00:38:25.654, 24043 MiB, 51.25 W, 25 %, 50
2026/10/10 00:38:26.661, 24043 MiB, 52.35 W, 45 %, 50
2026/10/10 00:38:27.675, 24043 MiB, 53.80 W, 57 %, 50
2026/10/10 00:38:28.680, 24043 MiB, 53.50 W, 62 %, 49
2026/10/10 00:38:29.687, 24043 MiB, 53.22 W, 64 %, 49
2026/10/10 00:38:30.693, 24043 MiB, 53.85 W, 69 %, 49
2026/10/10 00:38:31.701, 24043 MiB, 54.21 W, 73 %, 49
2026/10/10 00:38:32.702, 24043 MiB, 54.51 W, 77 %, 49
2026/10/10 00:38:33.706, 24043 MiB, 54.90 W, 67 %, 49
2026/10/10 00:38:34.713, 24043 MiB, 54.77 W, 61 %, 49
2026/10/10 00:38:35.714, 24043 MiB, 53.68 W, 54 %, 49
2026/10/10 00:38:36.715, 24043 MiB, 53.52 W, 45 %, 49
2026/10/10 00:38:37.723, 24043 MiB, 52.87 W, 34 %, 49
2026/10/10 00:38:38.726, 24043 MiB, 51.75 W, 27 %, 49
2026/10/10 00:38:39.736, 24043 MiB, 51.13 W, 28 %, 49
2026/10/10 00:38:40.742, 24043 MiB, 51.31 W, 10 %, 49
2026/10/10 00:38:41.745, 24043 MiB, 50.36 W, 5 %, 49
2026/10/10 00:38:42.752, 24043 MiB, 49.89 W, 6 %, 49
2026/10/10 00:38:43.763, 24043 MiB, 50.30 W, 5 %, 49
2026/10/10 00:38:44.773, 24043 MiB, 50.09 W, 5 %, 49
2026/10/10 00:38:45.775, 24043 MiB, 49.61 W, 5 %, 49
2026/10/10 00:38:46.782, 24043 MiB, 49.49 W, 5 %, 49
2026/10/10 00:38:47.788, 24043 MiB, 49.19 W, 5 %, 49
2026/10/10 00:38:48.793, 24043 MiB, 49.74 W, 6 %, 50
2026/10/10 00:38:49.798, 24043 MiB, 50.00 W, 5 %, 50
2026/10/10 00:38:50.814, 24043 MiB, 50.07 W, 5 %, 50
2026/10/10 00:38:51.816, 24043 MiB, 49.77 W, 5 %, 50
2026/10/10 00:38:52.820, 24043 MiB, 49.66 W, 5 %, 50
2026/10/10 00:38:53.825, 24043 MiB, 49.55 W, 6 %, 50
2026/10/10 00:38:54.828, 24043 MiB, 49.96 W, 14 %, 50
2026/10/10 00:38:55.836, 24043 MiB, 49.78 W, 10 %, 50
2026/10/10 00:38:56.844, 24043 MiB, 50.09 W, 5 %, 50
2026/10/10 00:38:57.846, 24043 MiB, 50.34 W, 5 %, 50
2026/10/10 00:38:58.854, 24043 MiB, 50.31 W, 5 %, 50
2026/10/10 00:38:59.861, 24043 MiB, 50.74 W, 12 %, 51
2026/10/10 00:39:00.863, 24043 MiB, 51.85 W, 27 %, 51
2026/10/10 00:39:01.869, 24043 MiB, 51.81 W, 28 %, 51
2026/10/10 00:39:02.873, 24043 MiB, 52.15 W, 39 %, 50
2026/10/10 00:39:03.877, 24043 MiB, 52.28 W, 43 %, 50
2026/10/10 00:39:04.889, 24043 MiB, 53.32 W, 55 %, 50
2026/10/10 00:39:05.898, 24043 MiB, 52.63 W, 46 %, 50
2026/10/10 00:39:06.907, 24043 MiB, 51.03 W, 25 %, 51
2026/10/10 00:39:07.921, 24043 MiB, 51.34 W, 27 %, 51
2026/10/10 00:39:08.931, 24043 MiB, 50.89 W, 21 %, 51
2026/10/10 00:39:09.936, 24043 MiB, 51.23 W, 31 %, 51
2026/10/10 00:39:10.950, 24043 MiB, 51.58 W, 26 %, 51
2026/10/10 00:39:11.955, 24043 MiB, 54.14 W, 19 %, 51
2026/10/10 00:39:12.964, 24043 MiB, 54.13 W, 28 %, 51
2026/10/10 00:39:13.967, 24043 MiB, 53.80 W, 27 %, 51
2026/10/10 00:39:14.968, 24043 MiB, 53.61 W, 14 %, 51
2026/10/10 00:39:15.974, 24043 MiB, 54.27 W, 64 %, 51
2026/10/10 00:39:16.979, 24043 MiB, 54.53 W, 73 %, 51
2026/10/10 00:39:17.990, 24043 MiB, 54.83 W, 69 %, 51
2026/10/10 00:39:18.994, 24043 MiB, 54.71 W, 67 %, 51
2026/10/10 00:39:20.004, 24043 MiB, 41.90 W, 3 %, 49
2026/10/10 00:39:21.005, 24043 MiB, 90.83 W, 100 %, 63
2026/10/10 00:39:22.020, 24043 MiB, 260.61 W, 100 %, 72
2026/10/10 00:39:23.035, 24043 MiB, 259.96 W, 100 %, 72
2026/10/10 00:39:24.050, 24043 MiB, 210.92 W, 99 %, 57
2026/10/10 00:39:25.062, 24043 MiB, 232.19 W, 92 %, 65
2026/10/10 00:39:26.073, 24043 MiB, 277.20 W, 98 %, 63
2026/10/10 00:39:27.081, 24043 MiB, 286.02 W, 94 %, 61
2026/10/10 00:39:28.096, 24043 MiB, 223.58 W, 99 %, 61
2026/10/10 00:39:29.097, 24043 MiB, 256.49 W, 99 %, 64
2026/10/10 00:39:30.112, 24043 MiB, 264.87 W, 100 %, 65
2026/10/10 00:39:31.118, 24043 MiB, 184.67 W, 95 %, 57
2026/10/10 00:39:32.123, 24043 MiB, 259.27 W, 92 %, 59
2026/10/10 00:39:33.130, 24043 MiB, 285.57 W, 89 %, 73
2026/10/10 00:39:34.142, 24043 MiB, 226.43 W, 31 %, 59
2026/10/10 00:39:35.154, 24043 MiB, 252.54 W, 99 %, 68
2026/10/10 00:39:36.168, 24043 MiB, 266.59 W, 100 %, 73
2026/10/10 00:39:37.178, 24043 MiB, 254.01 W, 100 %, 59
2026/10/10 00:39:38.191, 24043 MiB, 196.45 W, 89 %, 63
2026/10/10 00:39:39.201, 24043 MiB, 270.46 W, 92 %, 60
2026/10/10 00:39:40.214, 24043 MiB, 270.64 W, 87 %, 59
2026/10/10 00:39:41.227, 24043 MiB, 267.68 W, 94 %, 57
2026/10/10 00:39:42.236, 24043 MiB, 186.22 W, 7 %, 53
2026/10/10 00:39:43.243, 24043 MiB, 103.14 W, 7 %, 53
2026/10/10 00:39:44.246, 24043 MiB, 70.98 W, 1 %, 50
2026/10/10 00:39:45.259, 24043 MiB, 57.01 W, 2 %, 50
2026/10/10 00:39:46.271, 24043 MiB, 56.07 W, 10 %, 49
2026/10/10 00:39:47.283, 24043 MiB, 55.72 W, 22 %, 49
2026/10/10 00:39:48.292, 24043 MiB, 56.56 W, 36 %, 49
2026/10/10 00:39:49.306, 24043 MiB, 56.67 W, 47 %, 49
2026/10/10 00:39:50.313, 24043 MiB, 56.83 W, 45 %, 47
2026/10/10 00:39:51.325, 24043 MiB, 53.26 W, 4 %, 47
2026/10/10 00:39:52.341, 24043 MiB, 53.64 W, 37 %, 48
2026/10/10 00:39:53.346, 24043 MiB, 52.19 W, 4 %, 46
2026/10/10 00:39:54.348, 24043 MiB, 53.77 W, 69 %, 47
2026/10/10 00:39:55.353, 24043 MiB, 53.98 W, 35 %, 47
2026/10/10 00:39:56.356, 24043 MiB, 51.20 W, 5 %, 46
2026/10/10 00:39:57.366, 24043 MiB, 51.21 W, 45 %, 46
2026/10/10 00:39:58.370, 24043 MiB, 53.40 W, 75 %, 46
2026/10/10 00:39:59.381, 24043 MiB, 53.01 W, 8 %, 46
2026/10/10 00:40:00.385, 24043 MiB, 50.56 W, 41 %, 45
2026/10/10 00:40:01.398, 24043 MiB, 53.07 W, 71 %, 46
2026/10/10 00:40:02.404, 24043 MiB, 53.63 W, 7 %, 45
2026/10/10 00:40:03.405, 24043 MiB, 48.80 W, 8 %, 45
2026/10/10 00:40:04.415, 24043 MiB, 52.53 W, 62 %, 44
2026/10/10 00:40:05.431, 24043 MiB, 53.36 W, 41 %, 46
2026/10/10 00:40:06.437, 24043 MiB, 51.43 W, 6 %, 44
2026/10/10 00:40:07.448, 24043 MiB, 49.97 W, 26 %, 44
2026/10/10 00:40:08.449, 24043 MiB, 52.55 W, 70 %, 45
2026/10/10 00:40:09.456, 24043 MiB, 51.99 W, 25 %, 44
2026/10/10 00:40:10.467, 24043 MiB, 48.57 W, 6 %, 44
2026/10/10 00:40:11.471, 24043 MiB, 50.70 W, 55 %, 43
2026/10/10 00:40:12.477, 24043 MiB, 51.91 W, 68 %, 45
2026/10/10 00:40:13.491, 24043 MiB, 51.48 W, 7 %, 44
2026/10/10 00:40:14.503, 24043 MiB, 48.12 W, 6 %, 43
2026/10/10 00:40:15.519, 24043 MiB, 51.80 W, 70 %, 44
2026/10/10 00:40:16.519, 24043 MiB, 52.06 W, 38 %, 44
2026/10/10 00:40:17.521, 24043 MiB, 50.21 W, 5 %, 43
2026/10/10 00:40:18.526, 24043 MiB, 48.02 W, 20 %, 43
2026/10/10 00:40:19.529, 24043 MiB, 51.64 W, 68 %, 44
2026/10/10 00:40:20.539, 24043 MiB, 52.16 W, 4 %, 43
2026/10/10 00:40:21.540, 24043 MiB, 48.32 W, 20 %, 42
2026/10/10 00:40:22.550, 24043 MiB, 52.14 W, 70 %, 43
2026/10/10 00:40:23.565, 24043 MiB, 52.19 W, 45 %, 44
2026/10/10 00:40:24.580, 24043 MiB, 50.53 W, 8 %, 42
2026/10/10 00:40:25.584, 24043 MiB, 49.31 W, 32 %, 42
2026/10/10 00:40:26.584, 24043 MiB, 51.89 W, 77 %, 43
2026/10/10 00:40:27.598, 24043 MiB, 51.71 W, 7 %, 42
2026/10/10 00:40:28.600, 24043 MiB, 48.41 W, 28 %, 42
2026/10/10 00:40:29.607, 24043 MiB, 52.20 W, 75 %, 42
2026/10/10 00:40:30.613, 24043 MiB, 51.66 W, 18 %, 42
2026/10/10 00:40:31.614, 24043 MiB, 48.88 W, 15 %, 42
2026/10/10 00:40:32.628, 24043 MiB, 51.20 W, 66 %, 42
2026/10/10 00:40:33.632, 24043 MiB, 51.25 W, 24 %, 42
2026/10/10 00:40:34.648, 24043 MiB, 48.79 W, 23 %, 41
2026/10/10 00:40:35.654, 24043 MiB, 51.78 W, 72 %, 41
2026/10/10 00:40:36.657, 24043 MiB, 51.45 W, 18 %, 41
2026/10/10 00:40:37.659, 24043 MiB, 48.30 W, 5 %, 42
2026/10/10 00:40:38.662, 24043 MiB, 50.41 W, 56 %, 41
2026/10/10 00:40:39.677, 24043 MiB, 51.46 W, 42 %, 41
2026/10/10 00:40:40.678, 24043 MiB, 49.78 W, 5 %, 41
2026/10/10 00:40:41.680, 24043 MiB, 49.48 W, 53 %, 41
2026/10/10 00:40:42.695, 24043 MiB, 51.03 W, 40 %, 41
2026/10/10 00:40:43.709, 24043 MiB, 49.45 W, 5 %, 41
2026/10/10 00:40:44.713, 24043 MiB, 49.64 W, 54 %, 41
2026/10/10 00:40:45.720, 24043 MiB, 50.58 W, 52 %, 41
2026/10/10 00:40:46.722, 24043 MiB, 50.18 W, 6 %, 40
2026/10/10 00:40:47.731, 24043 MiB, 47.09 W, 8 %, 41
2026/10/10 00:40:48.733, 24043 MiB, 51.45 W, 70 %, 41
2026/10/10 00:40:49.748, 24043 MiB, 51.79 W, 37 %, 40
2026/10/10 00:40:50.752, 24043 MiB, 49.29 W, 5 %, 40
2026/10/10 00:40:51.766, 24043 MiB, 49.75 W, 57 %, 41
2026/10/10 00:40:52.773, 24043 MiB, 50.51 W, 44 %, 40
2026/10/10 00:40:53.776, 24043 MiB, 49.36 W, 14 %, 40
2026/10/10 00:40:54.777, 24043 MiB, 47.46 W, 5 %, 41
2026/10/10 00:40:55.781, 24043 MiB, 50.33 W, 69 %, 40
2026/10/10 00:40:56.785, 24043 MiB, 50.82 W, 51 %, 40
2026/10/10 00:40:57.788, 24043 MiB, 49.86 W, 5 %, 40
2026/10/10 00:40:58.792, 24043 MiB, 47.27 W, 18 %, 41
2026/10/10 00:40:59.807, 24043 MiB, 50.21 W, 68 %, 40
2026/10/10 00:41:00.814, 24043 MiB, 49.56 W, 5 %, 40
2026/10/10 00:41:01.819, 24043 MiB, 46.02 W, 5 %, 40
2026/10/10 00:41:02.824, 24043 MiB, 48.08 W, 46 %, 40
2026/10/10 00:41:03.827, 24043 MiB, 49.94 W, 65 %, 40
2026/10/10 00:41:04.836, 24043 MiB, 49.31 W, 6 %, 40
2026/10/10 00:41:05.842, 24043 MiB, 46.30 W, 12 %, 41
2026/10/10 00:41:06.845, 24043 MiB, 50.28 W, 75 %, 40
2026/10/10 00:41:07.852, 24043 MiB, 50.72 W, 44 %, 40
2026/10/10 00:41:08.858, 24043 MiB, 48.89 W, 3 %, 40
2026/10/10 00:41:09.864, 24043 MiB, 48.60 W, 44 %, 41
2026/10/10 00:41:10.871, 24043 MiB, 50.44 W, 70 %, 40
2026/10/10 00:41:11.895, 24043 MiB, 50.63 W, 7 %, 40
2026/10/10 00:41:12.910, 24043 MiB, 46.79 W, 14 %, 41
2026/10/10 00:41:13.913, 24043 MiB, 50.45 W, 69 %, 40
2026/10/10 00:41:14.920, 24043 MiB, 51.09 W, 43 %, 40
2026/10/10 00:41:15.922, 24043 MiB, 49.18 W, 5 %, 40
2026/10/10 00:41:16.925, 24043 MiB, 47.36 W, 16 %, 41
2026/10/10 00:41:17.930, 24043 MiB, 50.90 W, 69 %, 40
2026/10/10 00:41:18.940, 24043 MiB, 50.53 W, 11 %, 40
2026/10/10 00:41:19.952, 24043 MiB, 47.61 W, 5 %, 41
2026/10/10 00:41:20.958, 24043 MiB, 50.58 W, 65 %, 41
2026/10/10 00:41:21.972, 24043 MiB, 50.82 W, 35 %, 40
2026/10/10 00:41:22.982, 24043 MiB, 48.78 W, 5 %, 40
2026/10/10 00:41:23.994, 24043 MiB, 46.49 W, 9 %, 42
2026/10/10 00:41:25.004, 24043 MiB, 50.92 W, 76 %, 41
2026/10/10 00:41:26.015, 24043 MiB, 51.00 W, 40 %, 41
2026/10/10 00:41:27.022, 24043 MiB, 48.83 W, 6 %, 41
2026/10/10 00:41:28.032, 24043 MiB, 48.89 W, 48 %, 41
2026/10/10 00:41:29.034, 24043 MiB, 50.89 W, 66 %, 41
2026/10/10 00:41:30.042, 24043 MiB, 50.29 W, 7 %, 41
2026/10/10 00:41:31.046, 24043 MiB, 47.49 W, 21 %, 42
2026/10/10 00:41:32.052, 24043 MiB, 50.86 W, 75 %, 41
2026/10/10 00:41:33.057, 24043 MiB, 50.97 W, 41 %, 41
2026/10/10 00:41:34.065, 24043 MiB, 49.16 W, 6 %, 41
2026/10/10 00:41:35.074, 24043 MiB, 46.51 W, 15 %, 42
2026/10/10 00:41:36.077, 24043 MiB, 49.98 W, 61 %, 41
2026/10/10 00:41:37.085, 24043 MiB, 51.23 W, 54 %, 41
2026/10/10 00:41:38.097, 24043 MiB, 50.00 W, 5 %, 41
2026/10/10 00:41:39.110, 24043 MiB, 46.13 W, 6 %, 42
2026/10/10 00:41:40.118, 24043 MiB, 50.03 W, 65 %, 42
2026/10/10 00:41:41.129, 24043 MiB, 51.15 W, 61 %, 41
2026/10/10 00:41:42.138, 24043 MiB, 50.45 W, 5 %, 41
2026/10/10 00:41:43.144, 24043 MiB, 46.90 W, 15 %, 42
2026/10/10 00:41:44.156, 24043 MiB, 50.95 W, 76 %, 42
2026/10/10 00:41:45.163, 24043 MiB, 50.26 W, 13 %, 41
2026/10/10 00:41:46.169, 24043 MiB, 47.29 W, 7 %, 42
2026/10/10 00:41:47.176, 24043 MiB, 50.91 W, 71 %, 42
2026/10/10 00:41:48.185, 24043 MiB, 51.05 W, 54 %, 41
2026/10/10 00:41:49.195, 24043 MiB, 50.03 W, 5 %, 41
2026/10/10 00:41:50.203, 24043 MiB, 46.94 W, 6 %, 42
2026/10/10 00:41:51.215, 24043 MiB, 50.35 W, 63 %, 42
2026/10/10 00:41:52.222, 24043 MiB, 50.72 W, 51 %, 42
2026/10/10 00:41:53.227, 24043 MiB, 49.59 W, 5 %, 42
2026/10/10 00:41:54.236, 24043 MiB, 46.38 W, 5 %, 43
2026/10/10 00:41:55.243, 24043 MiB, 49.53 W, 50 %, 42
2026/10/10 00:41:56.254, 24043 MiB, 50.65 W, 68 %, 42
2026/10/10 00:41:57.266, 24043 MiB, 51.19 W, 42 %, 42
2026/10/10 00:41:58.279, 24043 MiB, 49.04 W, 5 %, 42
2026/10/10 00:41:59.289, 24043 MiB, 46.54 W, 5 %, 43
2026/10/10 00:42:00.292, 24043 MiB, 51.00 W, 69 %, 42
2026/10/10 00:42:01.303, 24043 MiB, 51.30 W, 49 %, 42
2026/10/10 00:42:02.319, 24043 MiB, 50.22 W, 5 %, 42
2026/10/10 00:42:03.324, 24043 MiB, 47.09 W, 8 %, 43
2026/10/10 00:42:04.328, 24043 MiB, 51.27 W, 68 %, 42
2026/10/10 00:42:05.332, 24043 MiB, 51.43 W, 42 %, 42
2026/10/10 00:42:06.335, 24043 MiB, 49.38 W, 5 %, 42
2026/10/10 00:42:07.343, 24043 MiB, 48.05 W, 28 %, 43
2026/10/10 00:42:08.353, 24043 MiB, 51.34 W, 71 %, 42
2026/10/10 00:42:09.358, 24043 MiB, 51.21 W, 45 %, 42
2026/10/10 00:42:10.366, 24043 MiB, 49.25 W, 7 %, 42
2026/10/10 00:42:11.375, 24043 MiB, 48.26 W, 31 %, 44
2026/10/10 00:42:12.382, 24043 MiB, 51.03 W, 74 %, 43
2026/10/10 00:42:13.386, 24043 MiB, 51.31 W, 47 %, 42
2026/10/10 00:42:14.392, 24043 MiB, 50.04 W, 11 %, 42
2026/10/10 00:42:15.400, 24043 MiB, 47.68 W, 8 %, 43
2026/10/10 00:42:16.415, 24043 MiB, 48.75 W, 28 %, 44
2026/10/10 00:42:17.419, 24043 MiB, 50.43 W, 68 %, 43
2026/10/10 00:42:18.435, 24043 MiB, 47.84 W, 24 %, 42
2026/10/10 00:42:19.443, 24043 MiB, 50.09 W, 5 %, 42
2026/10/10 00:42:20.444, 24043 MiB, 50.65 W, 15 %, 44
2026/10/10 00:42:21.448, 24043 MiB, 50.18 W, 5 %, 43
2026/10/10 00:42:22.452, 24043 MiB, 47.23 W, 16 %, 43
2026/10/10 00:42:23.463, 24043 MiB, 49.60 W, 50 %, 43
2026/10/10 00:42:24.466, 24043 MiB, 51.01 W, 62 %, 44
2026/10/10 00:42:25.468, 24043 MiB, 50.88 W, 23 %, 43
2026/10/10 00:42:26.469, 24043 MiB, 48.21 W, 5 %, 43
2026/10/10 00:42:27.474, 24043 MiB, 49.01 W, 44 %, 43
2026/10/10 00:42:28.479, 24043 MiB, 50.96 W, 67 %, 44
2026/10/10 00:42:29.484, 24043 MiB, 50.94 W, 24 %, 43
2026/10/10 00:42:30.489, 24043 MiB, 47.66 W, 5 %, 43
2026/10/10 00:42:31.505, 24043 MiB, 49.10 W, 47 %, 43
2026/10/10 00:42:32.519, 24043 MiB, 51.04 W, 65 %, 44
2026/10/10 00:42:33.525, 24043 MiB, 51.26 W, 6 %, 43
2026/10/10 00:42:34.537, 24043 MiB, 47.13 W, 5 %, 43
2026/10/10 00:42:35.540, 24043 MiB, 50.18 W, 53 %, 43
2026/10/10 00:42:36.541, 24043 MiB, 51.21 W, 52 %, 44
2026/10/10 00:42:37.556, 24043 MiB, 50.20 W, 22 %, 44
2026/10/10 00:42:38.560, 24043 MiB, 48.44 W, 12 %, 43
2026/10/10 00:42:39.563, 24043 MiB, 47.75 W, 5 %, 43
2026/10/10 00:42:40.578, 24043 MiB, 48.96 W, 39 %, 43
2026/10/10 00:42:41.583, 24043 MiB, 51.44 W, 76 %, 44
2026/10/10 00:42:42.585, 24043 MiB, 51.55 W, 35 %, 44
2026/10/10 00:42:43.593, 24043 MiB, 49.26 W, 5 %, 43
2026/10/10 00:42:44.607, 24043 MiB, 48.45 W, 30 %, 43
2026/10/10 00:42:45.611, 24043 MiB, 51.74 W, 80 %, 44
2026/10/10 00:42:46.617, 24043 MiB, 51.63 W, 25 %, 44
2026/10/10 00:42:47.633, 24043 MiB, 48.91 W, 7 %, 43
2026/10/10 00:42:48.636, 24043 MiB, 48.64 W, 36 %, 43
2026/10/10 00:42:49.637, 24043 MiB, 51.76 W, 70 %, 44
2026/10/10 00:42:50.641, 24043 MiB, 51.73 W, 14 %, 44
2026/10/10 00:42:51.654, 24043 MiB, 48.56 W, 5 %, 44
2026/10/10 00:42:52.669, 24043 MiB, 48.68 W, 29 %, 43
2026/10/10 00:42:53.684, 24043 MiB, 51.19 W, 70 %, 45
2026/10/10 00:42:54.685, 24043 MiB, 52.06 W, 40 %, 45
2026/10/10 00:42:55.686, 24043 MiB, 50.10 W, 5 %, 44
2026/10/10 00:42:56.700, 24043 MiB, 48.50 W, 23 %, 44
2026/10/10 00:42:57.707, 24043 MiB, 51.62 W, 67 %, 44
2026/10/10 00:42:58.714, 24043 MiB, 51.44 W, 42 %, 45
2026/10/10 00:42:59.718, 24043 MiB, 49.87 W, 5 %, 44
2026/10/10 00:43:00.719, 24043 MiB, 47.25 W, 7 %, 44
2026/10/10 00:43:01.731, 24043 MiB, 50.57 W, 53 %, 44
2026/10/10 00:43:02.732, 24043 MiB, 50.90 W, 60 %, 45
2026/10/10 00:43:03.745, 24043 MiB, 50.69 W, 22 %, 44
2026/10/10 00:43:04.751, 24043 MiB, 48.12 W, 5 %, 44
2026/10/10 00:43:05.754, 24043 MiB, 49.31 W, 43 %, 44
2026/10/10 00:43:06.758, 24043 MiB, 51.81 W, 71 %, 45
2026/10/10 00:43:07.761, 24043 MiB, 51.81 W, 41 %, 45
2026/10/10 00:43:08.762, 24043 MiB, 49.79 W, 7 %, 44
2026/10/10 00:43:09.776, 24043 MiB, 48.35 W, 29 %, 44
2026/10/10 00:43:10.789, 24043 MiB, 51.15 W, 72 %, 44
2026/10/10 00:43:11.796, 24043 MiB, 51.71 W, 55 %, 45
2026/10/10 00:43:12.806, 24043 MiB, 50.58 W, 7 %, 44
2026/10/10 00:43:13.822, 24043 MiB, 47.12 W, 15 %, 44
2026/10/10 00:43:14.824, 24043 MiB, 50.29 W, 52 %, 44
2026/10/10 00:43:15.828, 24043 MiB, 51.71 W, 53 %, 45
2026/10/10 00:43:16.833, 24043 MiB, 51.26 W, 8 %, 44
2026/10/10 00:43:17.835, 24043 MiB, 48.14 W, 5 %, 44
2026/10/10 00:43:18.838, 24043 MiB, 49.95 W, 36 %, 44
2026/10/10 00:43:19.842, 24043 MiB, 51.84 W, 65 %, 45
2026/10/10 00:43:20.843, 24043 MiB, 51.76 W, 24 %, 45
2026/10/10 00:43:21.847, 24043 MiB, 48.97 W, 5 %, 44
2026/10/10 00:43:22.853, 24043 MiB, 47.54 W, 14 %, 44
2026/10/10 00:43:23.853, 24043 MiB, 48.27 W, 27 %, 44
2026/10/10 00:43:24.857, 24043 MiB, 51.08 W, 71 %, 45
2026/10/10 00:43:25.859, 24043 MiB, 51.74 W, 60 %, 46
2026/10/10 00:43:26.865, 24043 MiB, 51.06 W, 5 %, 45
2026/10/10 00:43:27.873, 24043 MiB, 46.97 W, 5 %, 44
2026/10/10 00:43:28.887, 24043 MiB, 49.32 W, 39 %, 44
2026/10/10 00:43:29.890, 24043 MiB, 51.86 W, 68 %, 45
2026/10/10 00:43:30.890, 24043 MiB, 51.60 W, 27 %, 45
2026/10/10 00:43:31.905, 24043 MiB, 49.20 W, 5 %, 45
2026/10/10 00:43:32.906, 24043 MiB, 46.96 W, 5 %, 45
2026/10/10 00:43:33.908, 24043 MiB, 50.68 W, 64 %, 45
2026/10/10 00:43:34.924, 24043 MiB, 51.79 W, 41 %, 46
2026/10/10 00:43:35.928, 24043 MiB, 50.42 W, 6 %, 45
2026/10/10 00:43:36.937, 24043 MiB, 48.06 W, 12 %, 45
2026/10/10 00:43:37.950, 24043 MiB, 52.19 W, 71 %, 45
2026/10/10 00:43:38.955, 24043 MiB, 52.44 W, 53 %, 46
2026/10/10 00:43:39.960, 24043 MiB, 50.91 W, 5 %, 45
2026/10/10 00:43:40.964, 24043 MiB, 47.85 W, 6 %, 45
2026/10/10 00:43:41.968, 24043 MiB, 50.02 W, 42 %, 46
2026/10/10 00:43:42.969, 24043 MiB, 51.91 W, 75 %, 45
2026/10/10 00:43:43.973, 24043 MiB, 52.18 W, 41 %, 45
2026/10/10 00:43:44.982, 24043 MiB, 50.04 W, 8 %, 45
2026/10/10 00:43:45.988, 24043 MiB, 47.68 W, 13 %, 46
2026/10/10 00:43:46.994, 24043 MiB, 51.14 W, 63 %, 45
2026/10/10 00:43:48.010, 24043 MiB, 51.83 W, 48 %, 45
2026/10/10 00:43:49.014, 24043 MiB, 51.19 W, 9 %, 45
2026/10/10 00:43:50.015, 24043 MiB, 48.81 W, 5 %, 46
2026/10/10 00:43:51.027, 24043 MiB, 48.56 W, 18 %, 46
2026/10/10 00:43:52.033, 24043 MiB, 51.76 W, 62 %, 45
2026/10/10 00:43:53.044, 24043 MiB, 52.54 W, 67 %, 45
2026/10/10 00:43:54.046, 24043 MiB, 52.56 W, 48 %, 45
2026/10/10 00:43:55.056, 24043 MiB, 51.50 W, 13 %, 45
2026/10/10 00:43:56.061, 24043 MiB, 48.98 W, 5 %, 45
2026/10/10 00:43:57.068, 24043 MiB, 49.05 W, 27 %, 46
2026/10/10 00:43:58.073, 24043 MiB, 51.77 W, 66 %, 46
2026/10/10 00:43:59.080, 24043 MiB, 52.22 W, 58 %, 45
2026/10/10 00:44:00.092, 24043 MiB, 51.55 W, 10 %, 45
2026/10/10 00:44:01.098, 24043 MiB, 48.64 W, 6 %, 46
2026/10/10 00:44:02.110, 24043 MiB, 49.41 W, 26 %, 46
2026/10/10 00:44:03.120, 24043 MiB, 51.61 W, 60 %, 46
2026/10/10 00:44:04.129, 24043 MiB, 52.21 W, 59 %, 45
2026/10/10 00:44:05.143, 24043 MiB, 51.73 W, 11 %, 45
2026/10/10 00:44:06.153, 24043 MiB, 48.34 W, 6 %, 46
2026/10/10 00:44:07.165, 24043 MiB, 48.20 W, 4 %, 46
2026/10/10 00:44:08.179, 24043 MiB, 50.60 W, 40 %, 46
2026/10/10 00:44:09.195, 24043 MiB, 52.49 W, 54 %, 45
2026/10/10 00:44:10.200, 24043 MiB, 52.33 W, 18 %, 45
2026/10/10 00:44:11.212, 24043 MiB, 49.74 W, 5 %, 45
2026/10/10 00:44:12.222, 24043 MiB, 48.35 W, 9 %, 47
2026/10/10 00:44:13.235, 24043 MiB, 51.57 W, 55 %, 46
2026/10/10 00:44:14.243, 24043 MiB, 52.80 W, 72 %, 46
2026/10/10 00:44:15.251, 24043 MiB, 53.05 W, 21 %, 45
2026/10/10 00:44:16.261, 24043 MiB, 49.48 W, 4 %, 46
2026/10/10 00:44:17.280, 24043 MiB, 48.50 W, 12 %, 47
2026/10/10 00:44:18.289, 24043 MiB, 51.45 W, 52 %, 46
2026/10/10 00:44:19.294, 24043 MiB, 53.04 W, 59 %, 46
2026/10/10 00:44:20.299, 24043 MiB, 52.78 W, 14 %, 46
2026/10/10 00:44:21.304, 24043 MiB, 49.48 W, 5 %, 46
2026/10/10 00:44:22.317, 24043 MiB, 49.96 W, 28 %, 47
2026/10/10 00:44:23.320, 24043 MiB, 52.21 W, 53 %, 46
2026/10/10 00:44:24.328, 24043 MiB, 53.79 W, 76 %, 46
2026/10/10 00:44:25.336, 24043 MiB, 53.12 W, 44 %, 46
2026/10/10 00:44:26.344, 24043 MiB, 51.11 W, 7 %, 46
2026/10/10 00:44:27.350, 24043 MiB, 48.31 W, 7 %, 47
2026/10/10 00:44:28.363, 24043 MiB, 49.58 W, 32 %, 47
2026/10/10 00:44:29.365, 24043 MiB, 53.10 W, 73 %, 46
2026/10/10 00:44:30.374, 24043 MiB, 53.24 W, 37 %, 46
2026/10/10 00:44:31.385, 24043 MiB, 51.73 W, 7 %, 46
2026/10/10 00:44:32.394, 24043 MiB, 48.78 W, 5 %, 46
2026/10/10 00:44:33.407, 24043 MiB, 49.31 W, 23 %, 47
2026/10/10 00:44:34.421, 24043 MiB, 52.29 W, 68 %, 46
2026/10/10 00:44:35.426, 24043 MiB, 52.59 W, 45 %, 46
2026/10/10 00:44:36.437, 24043 MiB, 51.60 W, 15 %, 46
2026/10/10 00:44:37.450, 24043 MiB, 49.38 W, 5 %, 46
2026/10/10 00:44:38.459, 24043 MiB, 50.07 W, 30 %, 47
2026/10/10 00:44:39.471, 24043 MiB, 53.18 W, 76 %, 46
2026/10/10 00:44:40.474, 24043 MiB, 53.17 W, 53 %, 46
2026/10/10 00:44:41.486, 24043 MiB, 52.25 W, 15 %, 46
2026/10/10 00:44:42.498, 24043 MiB, 50.04 W, 5 %, 46
2026/10/10 00:44:43.507, 24043 MiB, 49.09 W, 18 %, 47
2026/10/10 00:44:44.509, 24043 MiB, 52.44 W, 64 %, 46
2026/10/10 00:44:45.523, 24043 MiB, 53.09 W, 56 %, 46
2026/10/10 00:44:46.524, 24043 MiB, 52.65 W, 22 %, 46
2026/10/10 00:44:47.533, 24043 MiB, 50.49 W, 5 %, 46
2026/10/10 00:44:48.544, 24043 MiB, 49.40 W, 5 %, 47
2026/10/10 00:44:49.554, 24043 MiB, 50.15 W, 23 %, 48
2026/10/10 00:44:50.559, 24043 MiB, 53.13 W, 68 %, 46
2026/10/10 00:44:51.561, 24043 MiB, 53.11 W, 38 %, 46
2026/10/10 00:44:52.573, 24043 MiB, 51.17 W, 5 %, 46
2026/10/10 00:44:53.581, 24043 MiB, 49.00 W, 5 %, 46
2026/10/10 00:44:54.596, 24043 MiB, 49.00 W, 5 %, 47
2026/10/10 00:44:55.600, 24043 MiB, 52.02 W, 52 %, 47
2026/10/10 00:44:56.608, 24043 MiB, 52.94 W, 73 %, 47
2026/10/10 00:44:57.617, 24043 MiB, 53.30 W, 67 %, 46
2026/10/10 00:44:58.620, 24043 MiB, 52.84 W, 31 %, 46
2026/10/10 00:44:59.634, 24043 MiB, 50.49 W, 7 %, 46
2026/10/10 00:45:00.639, 24043 MiB, 48.87 W, 7 %, 47
2026/10/10 00:45:01.642, 24043 MiB, 50.37 W, 32 %, 48
2026/10/10 00:45:02.652, 24043 MiB, 51.83 W, 53 %, 47
2026/10/10 00:45:03.654, 24043 MiB, 53.20 W, 70 %, 47
2026/10/10 00:45:04.661, 24043 MiB, 52.76 W, 20 %, 46
2026/10/10 00:45:05.670, 24043 MiB, 50.14 W, 5 %, 47
2026/10/10 00:45:06.681, 24043 MiB, 48.63 W, 6 %, 47
2026/10/10 00:45:07.690, 24043 MiB, 50.10 W, 38 %, 47
2026/10/10 00:45:08.701, 24043 MiB, 52.98 W, 71 %, 47
2026/10/10 00:45:09.706, 24043 MiB, 52.80 W, 61 %, 47
2026/10/10 00:45:10.720, 24043 MiB, 52.57 W, 38 %, 47
2026/10/10 00:45:11.733, 24043 MiB, 51.36 W, 5 %, 46
2026/10/10 00:45:12.747, 24043 MiB, 49.30 W, 5 %, 47
2026/10/10 00:45:13.752, 24043 MiB, 50.70 W, 33 %, 48
2026/10/10 00:45:14.767, 24043 MiB, 52.64 W, 60 %, 47
2026/10/10 00:45:15.773, 24043 MiB, 53.30 W, 69 %, 47
2026/10/10 00:45:16.779, 24043 MiB, 53.39 W, 26 %, 47
2026/10/10 00:45:17.782, 24043 MiB, 51.46 W, 5 %, 47
2026/10/10 00:45:18.784, 24043 MiB, 49.25 W, 5 %, 47
2026/10/10 00:45:19.797, 24043 MiB, 49.37 W, 5 %, 47
2026/10/10 00:45:20.805, 24043 MiB, 49.40 W, 6 %, 47
2026/10/10 00:45:21.813, 24043 MiB, 49.18 W, 5 %, 47
2026/10/10 00:45:22.830, 24043 MiB, 49.48 W, 5 %, 47
2026/10/10 00:45:23.837, 24043 MiB, 49.72 W, 5 %, 48
2026/10/10 00:45:24.840, 24043 MiB, 51.01 W, 33 %, 48
2026/10/10 00:45:25.849, 24043 MiB, 52.04 W, 65 %, 47
2026/10/10 00:45:26.857, 24043 MiB, 50.46 W, 71 %, 47
2026/10/10 00:45:27.859, 24043 MiB, 49.27 W, 49 %, 47
2026/10/10 00:45:28.873, 24043 MiB, 49.89 W, 29 %, 47
2026/10/10 00:45:29.886, 24043 MiB, 52.81 W, 5 %, 47
2026/10/10 00:45:30.887, 24043 MiB, 53.50 W, 70 %, 48
2026/10/10 00:45:31.890, 24043 MiB, 53.48 W, 35 %, 48
2026/10/10 00:45:32.892, 24043 MiB, 51.69 W, 7 %, 47
2026/10/10 00:45:33.899, 24043 MiB, 49.96 W, 5 %, 47
2026/10/10 00:45:34.902, 24043 MiB, 49.51 W, 5 %, 47
2026/10/10 00:45:35.904, 24043 MiB, 51.66 W, 38 %, 47
2026/10/10 00:45:36.906, 24043 MiB, 53.41 W, 73 %, 48
2026/10/10 00:45:37.910, 24043 MiB, 53.58 W, 64 %, 48
2026/10/10 00:45:38.923, 24043 MiB, 53.44 W, 13 %, 47
2026/10/10 00:45:39.933, 24043 MiB, 50.32 W, 5 %, 47
2026/10/10 00:45:40.942, 24043 MiB, 49.77 W, 7 %, 47
2026/10/10 00:45:41.943, 24043 MiB, 50.18 W, 19 %, 47
2026/10/10 00:45:42.951, 24043 MiB, 53.07 W, 60 %, 47
2026/10/10 00:45:43.966, 24043 MiB, 54.06 W, 64 %, 48
2026/10/10 00:45:44.978, 24043 MiB, 52.97 W, 33 %, 48
2026/10/10 00:45:45.992, 24043 MiB, 50.94 W, 6 %, 47
2026/10/10 00:45:46.993, 24043 MiB, 49.10 W, 4 %, 47
2026/10/10 00:45:48.007, 24043 MiB, 49.94 W, 14 %, 47
2026/10/10 00:45:49.008, 24043 MiB, 52.33 W, 58 %, 47
2026/10/10 00:45:50.009, 24043 MiB, 53.03 W, 72 %, 48
2026/10/10 00:45:51.022, 24043 MiB, 52.76 W, 35 %, 48
2026/10/10 00:45:52.035, 24043 MiB, 50.54 W, 5 %, 47
2026/10/10 00:45:53.042, 24043 MiB, 48.34 W, 5 %, 47
2026/10/10 00:45:54.059, 24043 MiB, 48.83 W, 5 %, 47
2026/10/10 00:45:55.073, 24043 MiB, 48.71 W, 5 %, 47
2026/10/10 00:45:56.082, 24043 MiB, 51.35 W, 50 %, 47
2026/10/10 00:45:57.083, 24043 MiB, 53.01 W, 76 %, 48
2026/10/10 00:45:58.098, 24043 MiB, 53.44 W, 53 %, 49
2026/10/10 00:45:59.099, 24043 MiB, 51.88 W, 27 %, 48
2026/10/10 00:46:00.105, 24043 MiB, 50.71 W, 10 %, 48
2026/10/10 00:46:01.111, 24043 MiB, 49.14 W, 5 %, 48
2026/10/10 00:46:02.119, 24043 MiB, 48.13 W, 6 %, 47
2026/10/10 00:46:03.133, 24043 MiB, 48.71 W, 14 %, 47
2026/10/10 00:46:04.146, 24043 MiB, 50.12 W, 40 %, 47
2026/10/10 00:46:05.160, 24043 MiB, 51.48 W, 65 %, 47
2026/10/10 00:46:06.161, 24043 MiB, 53.37 W, 72 %, 48
2026/10/10 00:46:07.173, 24043 MiB, 52.86 W, 41 %, 49
2026/10/10 00:46:08.176, 24043 MiB, 51.11 W, 31 %, 48
2026/10/10 00:46:09.184, 24043 MiB, 50.55 W, 5 %, 48
2026/10/10 00:46:10.189, 24043 MiB, 48.79 W, 4 %, 48
2026/10/10 00:46:11.191, 24043 MiB, 49.17 W, 15 %, 47
2026/10/10 00:46:12.197, 24043 MiB, 50.72 W, 37 %, 47
2026/10/10 00:46:13.204, 24043 MiB, 52.58 W, 58 %, 47
2026/10/10 00:46:14.211, 24043 MiB, 53.33 W, 72 %, 48
2026/10/10 00:46:15.225, 24043 MiB, 53.47 W, 49 %, 49
2026/10/10 00:46:16.232, 24043 MiB, 52.54 W, 12 %, 48
2026/10/10 00:46:17.237, 24043 MiB, 50.58 W, 5 %, 48
2026/10/10 00:46:18.240, 24043 MiB, 49.31 W, 6 %, 48
2026/10/10 00:46:19.242, 24043 MiB, 49.42 W, 9 %, 48
2026/10/10 00:46:20.247, 24043 MiB, 51.07 W, 28 %, 48
2026/10/10 00:46:21.249, 24043 MiB, 52.75 W, 50 %, 48
2026/10/10 00:46:22.256, 24043 MiB, 53.91 W, 69 %, 48
2026/10/10 00:46:23.266, 24043 MiB, 53.72 W, 72 %, 48
2026/10/10 00:46:24.275, 24043 MiB, 53.83 W, 70 %, 49
2026/10/10 00:46:25.278, 24043 MiB, 53.44 W, 44 %, 49
2026/10/10 00:46:26.290, 24043 MiB, 51.50 W, 26 %, 48
2026/10/10 00:46:27.294, 24043 MiB, 50.91 W, 5 %, 48
2026/10/10 00:46:28.303, 24043 MiB, 49.15 W, 5 %, 48
2026/10/10 00:46:29.305, 24043 MiB, 49.79 W, 5 %, 48
2026/10/10 00:46:30.319, 24043 MiB, 51.20 W, 29 %, 48
2026/10/10 00:46:31.331, 24043 MiB, 51.93 W, 53 %, 48
2026/10/10 00:46:32.338, 24043 MiB, 53.59 W, 71 %, 49
2026/10/10 00:46:33.348, 24043 MiB, 54.05 W, 68 %, 49
2026/10/10 00:46:34.359, 24043 MiB, 54.05 W, 51 %, 49
2026/10/10 00:46:35.370, 24043 MiB, 53.29 W, 14 %, 48
2026/10/10 00:46:36.374, 24043 MiB, 50.24 W, 6 %, 48
2026/10/10 00:46:37.386, 24043 MiB, 49.23 W, 7 %, 48
2026/10/10 00:46:38.394, 24043 MiB, 49.68 W, 13 %, 48
2026/10/10 00:46:39.402, 24043 MiB, 51.73 W, 36 %, 48
2026/10/10 00:46:40.409, 24043 MiB, 52.89 W, 63 %, 48
2026/10/10 00:46:41.412, 24043 MiB, 54.22 W, 74 %, 49
2026/10/10 00:46:42.413, 24043 MiB, 54.45 W, 50 %, 49
2026/10/10 00:46:43.415, 24043 MiB, 52.99 W, 26 %, 49
2026/10/10 00:46:44.419, 24043 MiB, 51.28 W, 5 %, 48
2026/10/10 00:46:45.427, 24043 MiB, 50.07 W, 5 %, 48
2026/10/10 00:46:46.432, 24043 MiB, 49.69 W, 13 %, 49
2026/10/10 00:46:47.437, 24043 MiB, 51.56 W, 36 %, 49
2026/10/10 00:46:48.440, 24043 MiB, 53.52 W, 59 %, 48
2026/10/10 00:46:49.450, 24043 MiB, 53.92 W, 71 %, 48
2026/10/10 00:46:50.460, 24043 MiB, 53.83 W, 71 %, 48
2026/10/10 00:46:51.467, 24043 MiB, 53.76 W, 51 %, 48
2026/10/10 00:46:52.474, 24043 MiB, 52.88 W, 22 %, 48
2026/10/10 00:46:53.483, 24043 MiB, 51.03 W, 22 %, 48
2026/10/10 00:46:54.495, 24043 MiB, 50.97 W, 14 %, 48
2026/10/10 00:46:55.506, 24043 MiB, 50.45 W, 5 %, 48
2026/10/10 00:46:56.514, 24043 MiB, 49.53 W, 5 %, 49
2026/10/10 00:46:57.520, 24043 MiB, 50.77 W, 24 %, 49
2026/10/10 00:46:58.528, 24043 MiB, 52.38 W, 56 %, 49
2026/10/10 00:46:59.537, 24043 MiB, 53.91 W, 71 %, 48
2026/10/10 00:47:00.548, 24043 MiB, 54.31 W, 73 %, 48
2026/10/10 00:47:01.560, 24043 MiB, 54.31 W, 70 %, 48
2026/10/10 00:47:02.567, 24043 MiB, 54.54 W, 49 %, 48
2026/10/10 00:47:03.569, 24043 MiB, 53.21 W, 10 %, 48
2026/10/10 00:47:04.574, 24043 MiB, 50.78 W, 5 %, 48
2026/10/10 00:47:05.585, 24043 MiB, 49.75 W, 5 %, 49
2026/10/10 00:47:06.589, 24043 MiB, 49.99 W, 6 %, 49
2026/10/10 00:47:07.595, 24043 MiB, 50.67 W, 19 %, 50
2026/10/10 00:47:08.606, 24043 MiB, 51.89 W, 48 %, 49
2026/10/10 00:47:09.611, 24043 MiB, 53.45 W, 65 %, 49
2026/10/10 00:47:10.620, 24043 MiB, 54.00 W, 71 %, 49
2026/10/10 00:47:11.630, 24043 MiB, 53.44 W, 61 %, 48
2026/10/10 00:47:12.638, 24043 MiB, 52.71 W, 37 %, 48
2026/10/10 00:47:13.648, 24043 MiB, 51.18 W, 5 %, 48
2026/10/10 00:47:14.660, 24043 MiB, 49.48 W, 5 %, 48
2026/10/10 00:47:15.668, 24043 MiB, 49.08 W, 5 %, 49
2026/10/10 00:47:16.680, 24043 MiB, 51.35 W, 40 %, 49
2026/10/10 00:47:17.693, 24043 MiB, 53.04 W, 64 %, 49
2026/10/10 00:47:18.697, 24043 MiB, 54.15 W, 74 %, 49
2026/10/10 00:47:19.703, 24043 MiB, 54.65 W, 75 %, 49
2026/10/10 00:47:20.708, 24043 MiB, 54.12 W, 66 %, 49
2026/10/10 00:47:21.723, 24043 MiB, 54.44 W, 49 %, 48
2026/10/10 00:47:22.730, 24043 MiB, 53.02 W, 21 %, 48
2026/10/10 00:47:23.736, 24043 MiB, 50.35 W, 8 %, 48
2026/10/10 00:47:24.740, 24043 MiB, 50.38 W, 7 %, 48
2026/10/10 00:47:25.747, 24043 MiB, 50.08 W, 6 %, 48
2026/10/10 00:47:26.749, 24043 MiB, 50.00 W, 5 %, 49
2026/10/10 00:47:27.758, 24043 MiB, 50.61 W, 15 %, 50
2026/10/10 00:47:28.761, 24043 MiB, 52.19 W, 38 %, 49
2026/10/10 00:47:29.767, 24043 MiB, 53.91 W, 76 %, 49
2026/10/10 00:47:30.770, 24043 MiB, 54.07 W, 72 %, 49
2026/10/10 00:47:31.785, 24043 MiB, 53.94 W, 49 %, 49
2026/10/10 00:47:32.786, 24043 MiB, 52.63 W, 34 %, 49
2026/10/10 00:47:33.790, 24043 MiB, 51.62 W, 5 %, 48
2026/10/10 00:47:34.794, 24043 MiB, 49.72 W, 5 %, 49
2026/10/10 00:47:35.802, 24043 MiB, 50.03 W, 8 %, 50
2026/10/10 00:47:36.808, 24043 MiB, 51.82 W, 42 %, 50
2026/10/10 00:47:37.817, 24043 MiB, 53.10 W, 64 %, 49
2026/10/10 00:47:38.821, 24043 MiB, 54.40 W, 70 %, 49
2026/10/10 00:47:39.834, 24043 MiB, 54.16 W, 58 %, 49
2026/10/10 00:47:40.836, 24043 MiB, 53.71 W, 36 %, 49
2026/10/10 00:47:41.851, 24043 MiB, 52.11 W, 15 %, 49
2026/10/10 00:47:42.855, 24043 MiB, 50.96 W, 5 %, 49
2026/10/10 00:47:43.862, 24043 MiB, 50.15 W, 6 %, 49
2026/10/10 00:47:44.870, 24043 MiB, 49.90 W, 5 %, 50
2026/10/10 00:47:45.870, 24043 MiB, 51.17 W, 31 %, 50
2026/10/10 00:47:46.875, 24043 MiB, 53.51 W, 67 %, 49
2026/10/10 00:47:47.880, 24043 MiB, 54.39 W, 72 %, 49
2026/10/10 00:47:48.882, 24043 MiB, 54.03 W, 63 %, 49
2026/10/10 00:47:49.886, 24043 MiB, 53.76 W, 40 %, 49
2026/10/10 00:47:50.891, 24043 MiB, 51.99 W, 10 %, 49
2026/10/10 00:47:51.906, 24043 MiB, 50.82 W, 8 %, 49
2026/10/10 00:47:52.908, 24043 MiB, 50.45 W, 7 %, 49
2026/10/10 00:47:53.923, 24043 MiB, 49.75 W, 6 %, 49
2026/10/10 00:47:54.923, 24043 MiB, 49.93 W, 4 %, 49
2026/10/10 00:47:55.935, 24043 MiB, 49.63 W, 5 %, 50
2026/10/10 00:47:56.944, 24043 MiB, 37.11 W, 41 %, 48
2026/10/10 00:47:57.947, 24043 MiB, 143.79 W, 100 %, 58
2026/10/10 00:47:58.953, 24043 MiB, 263.95 W, 100 %, 58
2026/10/10 00:47:59.965, 24043 MiB, 267.14 W, 100 %, 59
2026/10/10 00:48:00.967, 24043 MiB, 182.71 W, 65 %, 56
2026/10/10 00:48:01.969, 24043 MiB, 246.16 W, 94 %, 69
2026/10/10 00:48:02.977, 24043 MiB, 285.80 W, 93 %, 59
2026/10/10 00:48:03.981, 24043 MiB, 263.23 W, 90 %, 58
2026/10/10 00:48:04.995, 24043 MiB, 226.72 W, 100 %, 69
2026/10/10 00:48:05.999, 24043 MiB, 266.61 W, 100 %, 67
2026/10/10 00:48:07.012, 24043 MiB, 270.94 W, 100 %, 59
2026/10/10 00:48:08.020, 24043 MiB, 173.31 W, 92 %, 69
2026/10/10 00:48:09.029, 24043 MiB, 295.93 W, 93 %, 61
2026/10/10 00:48:10.040, 24043 MiB, 280.95 W, 88 %, 59
2026/10/10 00:48:11.055, 24043 MiB, 252.61 W, 85 %, 67
2026/10/10 00:48:12.060, 24043 MiB, 238.10 W, 100 %, 64
2026/10/10 00:48:13.068, 24043 MiB, 268.24 W, 100 %, 59
2026/10/10 00:48:14.069, 24043 MiB, 264.97 W, 100 %, 59
2026/10/10 00:48:15.071, 24043 MiB, 175.74 W, 92 %, 57
2026/10/10 00:48:16.072, 24043 MiB, 264.84 W, 91 %, 66
2026/10/10 00:48:17.073, 24043 MiB, 285.62 W, 96 %, 70
2026/10/10 00:48:18.082, 24043 MiB, 299.48 W, 100 %, 72
2026/10/10 00:48:19.086, 24043 MiB, 249.64 W, 14 %, 55
2026/10/10 00:48:20.088, 24043 MiB, 103.41 W, 7 %, 52
2026/10/10 00:48:21.101, 24043 MiB, 91.52 W, 24 %, 50
2026/10/10 00:48:22.107, 24043 MiB, 59.09 W, 28 %, 50
2026/10/10 00:48:23.110, 24043 MiB, 56.72 W, 19 %, 49
2026/10/10 00:48:24.114, 24043 MiB, 54.08 W, 3 %, 49
2026/10/10 00:48:25.118, 24043 MiB, 53.05 W, 3 %, 48
2026/10/10 00:48:26.121, 24043 MiB, 52.26 W, 9 %, 47
2026/10/10 00:48:27.136, 24043 MiB, 52.92 W, 40 %, 47
2026/10/10 00:48:28.139, 24043 MiB, 55.54 W, 53 %, 47
2026/10/10 00:48:29.141, 24043 MiB, 51.81 W, 9 %, 48
2026/10/10 00:48:30.155, 24043 MiB, 51.56 W, 24 %, 46
2026/10/10 00:48:31.161, 24043 MiB, 50.30 W, 23 %, 47
2026/10/10 00:48:32.186, 24043 MiB, 50.80 W, 71 %, 46
2026/10/10 00:48:33.198, 24043 MiB, 49.28 W, 5 %, 45
2026/10/10 00:48:34.198, 24043 MiB, 51.79 W, 10 %, 46
2026/10/10 00:48:35.213, 24043 MiB, 51.68 W, 72 %, 45
2026/10/10 00:48:36.219, 24043 MiB, 48.77 W, 20 %, 45
2026/10/10 00:48:37.228, 24043 MiB, 51.03 W, 5 %, 46
2026/10/10 00:48:38.238, 24043 MiB, 51.01 W, 14 %, 45
2026/10/10 00:48:39.239, 24043 MiB, 47.37 W, 47 %, 45
2026/10/10 00:48:40.241, 24043 MiB, 50.42 W, 68 %, 45
2026/10/10 00:48:41.242, 24043 MiB, 50.59 W, 17 %, 45
2026/10/10 00:48:42.258, 24043 MiB, 49.96 W, 57 %, 44
2026/10/10 00:48:43.263, 24043 MiB, 50.75 W, 42 %, 45
2026/10/10 00:48:44.270, 24043 MiB, 48.64 W, 5 %, 44
2026/10/10 00:48:45.273, 24043 MiB, 47.28 W, 26 %, 44
2026/10/10 00:48:46.278, 24043 MiB, 51.39 W, 76 %, 44
2026/10/10 00:48:47.281, 24043 MiB, 50.55 W, 29 %, 44
2026/10/10 00:48:48.286, 24043 MiB, 47.92 W, 5 %, 43
2026/10/10 00:48:49.297, 24043 MiB, 48.58 W, 40 %, 43
2026/10/10 00:48:50.306, 24043 MiB, 50.01 W, 46 %, 44
2026/10/10 00:48:51.313, 24043 MiB, 48.86 W, 6 %, 43
2026/10/10 00:48:52.314, 24043 MiB, 48.52 W, 34 %, 43
2026/10/10 00:48:53.327, 24043 MiB, 50.26 W, 67 %, 44
2026/10/10 00:48:54.342, 24043 MiB, 50.40 W, 5 %, 43
2026/10/10 00:48:55.344, 24043 MiB, 46.42 W, 5 %, 43
2026/10/10 00:48:56.350, 24043 MiB, 50.08 W, 69 %, 43
2026/10/10 00:48:57.351, 24043 MiB, 50.07 W, 14 %, 43
2026/10/10 00:48:58.355, 24043 MiB, 46.77 W, 5 %, 42
2026/10/10 00:48:59.362, 24043 MiB, 47.47 W, 28 %, 42
2026/10/10 00:49:00.372, 24043 MiB, 50.24 W, 71 %, 42
2026/10/10 00:49:01.375, 24043 MiB, 51.22 W, 59 %, 43
2026/10/10 00:49:02.382, 24043 MiB, 50.66 W, 8 %, 42
2026/10/10 00:49:03.389, 24043 MiB, 47.84 W, 22 %, 42
2026/10/10 00:49:04.402, 24043 MiB, 51.67 W, 80 %, 42
2026/10/10 00:49:05.407, 24043 MiB, 51.39 W, 34 %, 42
2026/10/10 00:49:06.418, 24043 MiB, 48.77 W, 7 %, 42
2026/10/10 00:49:07.423, 24043 MiB, 49.57 W, 58 %, 41
2026/10/10 00:49:08.425, 24043 MiB, 50.99 W, 49 %, 43
2026/10/10 00:49:09.435, 24043 MiB, 49.50 W, 5 %, 41
2026/10/10 00:49:10.445, 24043 MiB, 48.04 W, 34 %, 41
2026/10/10 00:49:11.460, 24043 MiB, 50.51 W, 72 %, 42
2026/10/10 00:49:12.464, 24043 MiB, 50.37 W, 11 %, 41
2026/10/10 00:49:13.478, 24043 MiB, 46.81 W, 5 %, 41
2026/10/10 00:49:14.487, 24043 MiB, 49.88 W, 68 %, 41
2026/10/10 00:49:15.493, 24043 MiB, 49.87 W, 20 %, 41
2026/10/10 00:49:16.499, 24043 MiB, 47.43 W, 6 %, 41
2026/10/10 00:49:17.510, 24043 MiB, 49.04 W, 58 %, 41
2026/10/10 00:49:18.520, 24043 MiB, 49.80 W, 33 %, 41
2026/10/10 00:49:19.531, 24043 MiB, 48.09 W, 5 %, 41
2026/10/10 00:49:20.543, 24043 MiB, 47.17 W, 28 %, 40
2026/10/10 00:49:21.548, 24043 MiB, 50.05 W, 77 %, 41
2026/10/10 00:49:22.554, 24043 MiB, 50.14 W, 14 %, 41
2026/10/10 00:49:23.565, 24043 MiB, 46.72 W, 5 %, 40
2026/10/10 00:49:24.574, 24043 MiB, 47.67 W, 32 %, 40
2026/10/10 00:49:25.582, 24043 MiB, 50.12 W, 67 %, 41
2026/10/10 00:49:26.593, 24043 MiB, 49.66 W, 9 %, 40
2026/10/10 00:49:27.605, 24043 MiB, 45.75 W, 6 %, 40
2026/10/10 00:49:28.615, 24043 MiB, 48.68 W, 57 %, 40
2026/10/10 00:49:29.617, 24043 MiB, 49.33 W, 36 %, 41
2026/10/10 00:49:30.620, 24043 MiB, 47.75 W, 5 %, 40
2026/10/10 00:49:31.631, 24043 MiB, 46.74 W, 31 %, 40
2026/10/10 00:49:32.636, 24043 MiB, 49.55 W, 71 %, 41
2026/10/10 00:49:33.645, 24043 MiB, 49.59 W, 24 %, 41
2026/10/10 00:49:34.655, 24043 MiB, 47.11 W, 5 %, 40
2026/10/10 00:49:35.666, 24043 MiB, 47.36 W, 36 %, 40
2026/10/10 00:49:36.676, 24043 MiB, 49.64 W, 57 %, 41
2026/10/10 00:49:37.683, 24043 MiB, 49.17 W, 5 %, 41
2026/10/10 00:49:38.693, 24043 MiB, 45.90 W, 15 %, 40
2026/10/10 00:49:39.705, 24043 MiB, 49.60 W, 75 %, 41
2026/10/10 00:49:40.714, 24043 MiB, 49.81 W, 28 %, 41
2026/10/10 00:49:41.718, 24043 MiB, 47.27 W, 5 %, 41
2026/10/10 00:49:42.726, 24043 MiB, 49.14 W, 70 %, 41
2026/10/10 00:49:43.740, 24043 MiB, 49.76 W, 36 %, 41
2026/10/10 00:49:44.744, 24043 MiB, 47.31 W, 6 %, 41
2026/10/10 00:49:45.749, 24043 MiB, 48.51 W, 60 %, 41
2026/10/10 00:49:46.754, 24043 MiB, 49.62 W, 59 %, 42
2026/10/10 00:49:47.758, 24043 MiB, 46.16 W, 7 %, 41
2026/10/10 00:49:48.767, 24043 MiB, 48.18 W, 59 %, 41
2026/10/10 00:49:49.774, 24043 MiB, 49.73 W, 61 %, 42
2026/10/10 00:49:50.783, 24043 MiB, 49.17 W, 5 %, 41
2026/10/10 00:49:51.789, 24043 MiB, 45.09 W, 7 %, 41
2026/10/10 00:49:52.803, 24043 MiB, 48.20 W, 54 %, 41
2026/10/10 00:49:53.811, 24043 MiB, 49.23 W, 59 %, 42
2026/10/10 00:49:54.817, 24043 MiB, 49.00 W, 5 %, 41
2026/10/10 00:49:55.822, 24043 MiB, 45.60 W, 10 %, 41
2026/10/10 00:49:56.828, 24043 MiB, 49.93 W, 67 %, 42
2026/10/10 00:49:57.831, 24043 MiB, 50.32 W, 29 %, 41
2026/10/10 00:49:58.834, 24043 MiB, 47.77 W, 6 %, 42
2026/10/10 00:49:59.844, 24043 MiB, 47.78 W, 36 %, 43
2026/10/10 00:50:00.849, 24043 MiB, 50.04 W, 70 %, 42
2026/10/10 00:50:01.863, 24043 MiB, 50.35 W, 23 %, 41
2026/10/10 00:50:02.870, 24043 MiB, 46.58 W, 5 %, 42
2026/10/10 00:50:03.876, 24043 MiB, 49.95 W, 72 %, 42
2026/10/10 00:50:04.880, 24043 MiB, 50.53 W, 45 %, 42
2026/10/10 00:50:05.891, 24043 MiB, 48.52 W, 5 %, 41
2026/10/10 00:50:06.894, 24043 MiB, 45.47 W, 5 %, 42
2026/10/10 00:50:07.898, 24043 MiB, 48.44 W, 48 %, 42
2026/10/10 00:50:08.908, 24043 MiB, 49.45 W, 38 %, 42
2026/10/10 00:50:09.913, 24043 MiB, 48.03 W, 5 %, 42
2026/10/10 00:50:10.920, 24043 MiB, 47.18 W, 29 %, 43
2026/10/10 00:50:11.923, 24043 MiB, 49.78 W, 71 %, 42
2026/10/10 00:50:12.932, 24043 MiB, 50.15 W, 40 %, 42
2026/10/10 00:50:13.938, 24043 MiB, 47.90 W, 5 %, 42
2026/10/10 00:50:14.944, 24043 MiB, 47.45 W, 38 %, 43
2026/10/10 00:50:15.953, 24043 MiB, 49.77 W, 57 %, 42
2026/10/10 00:50:16.961, 24043 MiB, 49.80 W, 17 %, 42
2026/10/10 00:50:17.971, 24043 MiB, 46.84 W, 5 %, 43
2026/10/10 00:50:18.977, 24043 MiB, 50.11 W, 73 %, 42
2026/10/10 00:50:19.991, 24043 MiB, 50.98 W, 42 %, 42
2026/10/10 00:50:20.995, 24043 MiB, 47.99 W, 7 %, 42
2026/10/10 00:50:22.001, 24043 MiB, 47.34 W, 31 %, 43
2026/10/10 00:50:23.009, 24043 MiB, 51.15 W, 74 %, 42
2026/10/10 00:50:24.017, 24043 MiB, 50.97 W, 59 %, 42
2026/10/10 00:50:25.021, 24043 MiB, 50.22 W, 7 %, 42
2026/10/10 00:50:26.034, 24043 MiB, 47.06 W, 6 %, 43
2026/10/10 00:50:27.039, 24043 MiB, 49.99 W, 61 %, 43
2026/10/10 00:50:28.044, 24043 MiB, 50.92 W, 56 %, 42
2026/10/10 00:50:29.051, 24043 MiB, 50.10 W, 6 %, 42
2026/10/10 00:50:30.059, 24043 MiB, 46.51 W, 5 %, 43
2026/10/10 00:50:31.064, 24043 MiB, 49.17 W, 51 %, 43
2026/10/10 00:50:32.079, 24043 MiB, 50.48 W, 46 %, 42
2026/10/10 00:50:33.083, 24043 MiB, 48.82 W, 5 %, 42
2026/10/10 00:50:34.085, 24043 MiB, 45.71 W, 10 %, 43
2026/10/10 00:50:35.089, 24043 MiB, 49.49 W, 59 %, 43
2026/10/10 00:50:36.101, 24043 MiB, 50.33 W, 61 %, 43
2026/10/10 00:50:37.115, 24043 MiB, 50.53 W, 16 %, 43
2026/10/10 00:50:38.129, 24043 MiB, 46.96 W, 5 %, 43
2026/10/10 00:50:39.138, 24043 MiB, 47.43 W, 28 %, 44
2026/10/10 00:50:40.139, 24043 MiB, 50.31 W, 67 %, 43
2026/10/10 00:50:41.153, 24043 MiB, 50.57 W, 26 %, 43
2026/10/10 00:50:42.169, 24043 MiB, 48.53 W, 5 %, 43
2026/10/10 00:50:43.173, 24043 MiB, 46.53 W, 6 %, 43
2026/10/10 00:50:44.174, 24043 MiB, 47.12 W, 18 %, 44
2026/10/10 00:50:45.179, 24043 MiB, 50.44 W, 67 %, 43
2026/10/10 00:50:46.180, 24043 MiB, 50.38 W, 51 %, 43
2026/10/10 00:50:47.192, 24043 MiB, 49.11 W, 7 %, 43
2026/10/10 00:50:48.197, 24043 MiB, 46.67 W, 17 %, 44
2026/10/10 00:50:49.202, 24043 MiB, 49.55 W, 55 %, 44
2026/10/10 00:50:50.211, 24043 MiB, 50.92 W, 65 %, 43
2026/10/10 00:50:51.220, 24043 MiB, 50.96 W, 5 %, 43
2026/10/10 00:50:52.232, 24043 MiB, 48.09 W, 24 %, 44
2026/10/10 00:50:53.245, 24043 MiB, 50.87 W, 69 %, 43
2026/10/10 00:50:54.257, 24043 MiB, 51.65 W, 71 %, 43
2026/10/10 00:50:55.274, 24043 MiB, 50.33 W, 16 %, 43
2026/10/10 00:50:56.288, 24043 MiB, 47.77 W, 5 %, 44
2026/10/10 00:50:57.296, 24043 MiB, 48.16 W, 29 %, 45
2026/10/10 00:50:58.305, 24043 MiB, 51.23 W, 72 %, 44
2026/10/10 00:50:59.312, 24043 MiB, 51.08 W, 45 %, 43
2026/10/10 00:51:00.318, 24043 MiB, 49.82 W, 5 %, 44
2026/10/10 00:51:01.324, 24043 MiB, 47.72 W, 20 %, 45
2026/10/10 00:51:02.328, 24043 MiB, 48.23 W, 33 %, 45
2026/10/10 00:51:03.342, 24043 MiB, 51.47 W, 68 %, 44
2026/10/10 00:51:04.349, 24043 MiB, 51.06 W, 22 %, 43
2026/10/10 00:51:05.359, 24043 MiB, 47.53 W, 5 %, 44
2026/10/10 00:51:06.364, 24043 MiB, 47.76 W, 25 %, 45
2026/10/10 00:51:07.372, 24043 MiB, 51.38 W, 68 %, 44
2026/10/10 00:51:08.381, 24043 MiB, 51.82 W, 14 %, 43
2026/10/10 00:51:09.388, 24043 MiB, 48.36 W, 5 %, 44
2026/10/10 00:51:10.401, 24043 MiB, 48.17 W, 19 %, 45
2026/10/10 00:51:11.407, 24043 MiB, 51.52 W, 68 %, 44
2026/10/10 00:51:12.413, 24043 MiB, 51.37 W, 25 %, 44
2026/10/10 00:51:13.419, 24043 MiB, 48.97 W, 5 %, 44
2026/10/10 00:51:14.424, 24043 MiB, 49.15 W, 35 %, 45
2026/10/10 00:51:15.430, 24043 MiB, 51.66 W, 74 %, 44
2026/10/10 00:51:16.444, 24043 MiB, 51.85 W, 30 %, 44
2026/10/10 00:51:17.445, 24043 MiB, 48.82 W, 6 %, 44
2026/10/10 00:51:18.463, 24043 MiB, 48.63 W, 38 %, 45
2026/10/10 00:51:19.467, 24043 MiB, 51.02 W, 73 %, 44
2026/10/10 00:51:20.475, 24043 MiB, 51.32 W, 8 %, 44
2026/10/10 00:51:21.490, 24043 MiB, 47.24 W, 8 %, 45
2026/10/10 00:51:22.499, 24043 MiB, 49.34 W, 48 %, 45
2026/10/10 00:51:23.502, 24043 MiB, 50.92 W, 68 %, 44
2026/10/10 00:51:24.507, 24043 MiB, 50.81 W, 39 %, 44
2026/10/10 00:51:25.510, 24043 MiB, 49.17 W, 16 %, 44
2026/10/10 00:51:26.518, 24043 MiB, 47.83 W, 5 %, 44
2026/10/10 00:51:27.531, 24043 MiB, 46.74 W, 6 %, 44
2026/10/10 00:51:28.540, 24043 MiB, 48.04 W, 23 %, 45
2026/10/10 00:51:29.547, 24043 MiB, 51.35 W, 75 %, 44
2026/10/10 00:51:30.549, 24043 MiB, 51.58 W, 38 %, 44
2026/10/10 00:51:31.555, 24043 MiB, 49.71 W, 5 %, 44
2026/10/10 00:51:32.563, 24043 MiB, 47.15 W, 11 %, 45
2026/10/10 00:51:33.572, 24043 MiB, 50.67 W, 63 %, 45
2026/10/10 00:51:34.580, 24043 MiB, 51.93 W, 67 %, 44
2026/10/10 00:51:35.585, 24043 MiB, 51.64 W, 18 %, 44
2026/10/10 00:51:36.587, 24043 MiB, 48.05 W, 6 %, 45
2026/10/10 00:51:37.592, 24043 MiB, 49.11 W, 31 %, 46
2026/10/10 00:51:38.602, 24043 MiB, 50.19 W, 60 %, 45
2026/10/10 00:51:39.610, 24043 MiB, 47.84 W, 55 %, 44
2026/10/10 00:51:40.617, 24043 MiB, 48.88 W, 5 %, 44
2026/10/10 00:51:41.641, 24043 MiB, 50.88 W, 5 %, 45
2026/10/10 00:51:42.647, 24043 MiB, 50.99 W, 41 %, 45
2026/10/10 00:51:43.649, 24043 MiB, 49.22 W, 68 %, 45
2026/10/10 00:51:44.656, 24043 MiB, 48.42 W, 14 %, 44
2026/10/10 00:51:45.662, 24043 MiB, 50.87 W, 5 %, 45
2026/10/10 00:51:46.668, 24043 MiB, 51.49 W, 58 %, 46
2026/10/10 00:51:47.672, 24043 MiB, 51.00 W, 5 %, 45
2026/10/10 00:51:48.678, 24043 MiB, 47.53 W, 6 %, 45
2026/10/10 00:51:49.680, 24043 MiB, 50.21 W, 39 %, 45
2026/10/10 00:51:50.687, 24043 MiB, 51.96 W, 68 %, 46
2026/10/10 00:51:51.695, 24043 MiB, 51.50 W, 29 %, 45
2026/10/10 00:51:52.705, 24043 MiB, 49.04 W, 5 %, 45
2026/10/10 00:51:53.716, 24043 MiB, 47.46 W, 6 %, 45
2026/10/10 00:51:54.729, 24043 MiB, 50.01 W, 44 %, 45
2026/10/10 00:51:55.738, 24043 MiB, 51.69 W, 71 %, 46
2026/10/10 00:51:56.746, 24043 MiB, 51.80 W, 36 %, 46
2026/10/10 00:51:57.755, 24043 MiB, 49.39 W, 5 %, 45
2026/10/10 00:51:58.760, 24043 MiB, 46.97 W, 5 %, 45
2026/10/10 00:51:59.768, 24043 MiB, 49.56 W, 43 %, 45
2026/10/10 00:52:00.772, 24043 MiB, 51.78 W, 71 %, 46
2026/10/10 00:52:01.779, 24043 MiB, 52.05 W, 31 %, 46
2026/10/10 00:52:02.790, 24043 MiB, 48.36 W, 5 %, 45
2026/10/10 00:52:03.801, 24043 MiB, 49.55 W, 32 %, 45
2026/10/10 00:52:04.825, 24043 MiB, 52.03 W, 75 %, 46
2026/10/10 00:52:05.832, 24043 MiB, 52.88 W, 33 %, 46
2026/10/10 00:52:06.837, 24043 MiB, 50.54 W, 6 %, 45
2026/10/10 00:52:07.846, 24043 MiB, 49.05 W, 16 %, 45
2026/10/10 00:52:08.849, 24043 MiB, 51.95 W, 65 %, 45
2026/10/10 00:52:09.857, 24043 MiB, 52.75 W, 57 %, 46
2026/10/10 00:52:10.865, 24043 MiB, 51.68 W, 7 %, 45
2026/10/10 00:52:11.868, 24043 MiB, 47.90 W, 7 %, 45
2026/10/10 00:52:12.873, 24043 MiB, 49.87 W, 39 %, 45
2026/10/10 00:52:13.875, 24043 MiB, 52.31 W, 69 %, 46
2026/10/10 00:52:14.884, 24043 MiB, 52.29 W, 21 %, 46
2026/10/10 00:52:15.893, 24043 MiB, 49.70 W, 5 %, 45
2026/10/10 00:52:16.908, 24043 MiB, 48.80 W, 10 %, 45
2026/10/10 00:52:17.912, 24043 MiB, 52.25 W, 68 %, 46
2026/10/10 00:52:18.913, 24043 MiB, 52.42 W, 48 %, 47
2026/10/10 00:52:19.918, 24043 MiB, 51.27 W, 11 %, 46
2026/10/10 00:52:20.924, 24043 MiB, 48.79 W, 5 %, 45
2026/10/10 00:52:21.936, 24043 MiB, 51.21 W, 53 %, 45
2026/10/10 00:52:22.942, 24043 MiB, 52.88 W, 68 %, 46
2026/10/10 00:52:23.945, 24043 MiB, 52.46 W, 48 %, 47
2026/10/10 00:52:24.951, 24043 MiB, 51.24 W, 5 %, 46
2026/10/10 00:52:25.958, 24043 MiB, 47.72 W, 5 %, 45
2026/10/10 00:52:26.960, 24043 MiB, 50.40 W, 50 %, 45
2026/10/10 00:52:27.969, 24043 MiB, 52.22 W, 68 %, 46
2026/10/10 00:52:28.971, 24043 MiB, 52.31 W, 6 %, 46
2026/10/10 00:52:29.979, 24043 MiB, 48.83 W, 5 %, 46
2026/10/10 00:52:30.984, 24043 MiB, 49.81 W, 33 %, 45
2026/10/10 00:52:31.989, 24043 MiB, 52.26 W, 72 %, 46
2026/10/10 00:52:32.991, 24043 MiB, 52.59 W, 40 %, 47
2026/10/10 00:52:33.994, 24043 MiB, 50.88 W, 6 %, 46
2026/10/10 00:52:34.998, 24043 MiB, 48.17 W, 5 %, 46
2026/10/10 00:52:36.003, 24043 MiB, 50.18 W, 41 %, 46
2026/10/10 00:52:37.005, 24043 MiB, 52.92 W, 76 %, 47
2026/10/10 00:52:38.007, 24043 MiB, 52.98 W, 30 %, 46
2026/10/10 00:52:39.023, 24043 MiB, 49.71 W, 6 %, 46
2026/10/10 00:52:40.025, 24043 MiB, 47.72 W, 5 %, 46
2026/10/10 00:52:41.029, 24043 MiB, 49.79 W, 47 %, 46
2026/10/10 00:52:42.043, 24043 MiB, 51.59 W, 74 %, 47
2026/10/10 00:52:43.044, 24043 MiB, 52.14 W, 50 %, 47
2026/10/10 00:52:44.045, 24043 MiB, 50.04 W, 7 %, 46
2026/10/10 00:52:45.060, 24043 MiB, 47.26 W, 7 %, 46
2026/10/10 00:52:46.063, 24043 MiB, 50.03 W, 49 %, 46
2026/10/10 00:52:47.067, 24043 MiB, 51.73 W, 68 %, 47
2026/10/10 00:52:48.070, 24043 MiB, 51.54 W, 30 %, 47
2026/10/10 00:52:49.075, 24043 MiB, 49.38 W, 6 %, 46
2026/10/10 00:52:50.076, 24043 MiB, 47.47 W, 5 %, 46
2026/10/10 00:52:51.088, 24043 MiB, 49.71 W, 45 %, 46
2026/10/10 00:52:52.102, 24043 MiB, 51.99 W, 71 %, 47
2026/10/10 00:52:53.106, 24043 MiB, 52.00 W, 40 %, 47
2026/10/10 00:52:54.111, 24043 MiB, 49.74 W, 20 %, 46
2026/10/10 00:52:55.118, 24043 MiB, 48.20 W, 5 %, 46
2026/10/10 00:52:56.131, 24043 MiB, 47.31 W, 5 %, 46
2026/10/10 00:52:57.131, 24043 MiB, 48.28 W, 28 %, 46
2026/10/10 00:52:58.133, 24043 MiB, 51.14 W, 68 %, 47
2026/10/10 00:52:59.136, 24043 MiB, 51.61 W, 26 %, 47
2026/10/10 00:53:00.138, 24043 MiB, 49.42 W, 5 %, 46
2026/10/10 00:53:01.153, 24043 MiB, 47.98 W, 5 %, 46
2026/10/10 00:53:02.162, 24043 MiB, 49.45 W, 36 %, 47
2026/10/10 00:53:03.164, 24043 MiB, 52.02 W, 76 %, 46
2026/10/10 00:53:04.171, 24043 MiB, 51.68 W, 41 %, 46
2026/10/10 00:53:05.179, 24043 MiB, 49.49 W, 8 %, 46
2026/10/10 00:53:06.193, 24043 MiB, 47.68 W, 7 %, 47
2026/10/10 00:53:07.199, 24043 MiB, 49.19 W, 35 %, 48
2026/10/10 00:53:08.201, 24043 MiB, 51.53 W, 69 %, 47
2026/10/10 00:53:09.204, 24043 MiB, 52.46 W, 60 %, 46
2026/10/10 00:53:10.208, 24043 MiB, 51.53 W, 10 %, 46
2026/10/10 00:53:11.217, 24043 MiB, 48.64 W, 7 %, 47
2026/10/10 00:53:12.232, 24043 MiB, 48.78 W, 22 %, 47
2026/10/10 00:53:13.236, 24043 MiB, 51.05 W, 62 %, 47
2026/10/10 00:53:14.249, 24043 MiB, 51.80 W, 51 %, 46
2026/10/10 00:53:15.264, 24043 MiB, 51.12 W, 11 %, 46
2026/10/10 00:53:16.269, 24043 MiB, 48.43 W, 5 %, 47
2026/10/10 00:53:17.275, 24043 MiB, 49.14 W, 24 %, 48
2026/10/10 00:53:18.278, 24043 MiB, 51.94 W, 76 %, 47
2026/10/10 00:53:19.285, 24043 MiB, 51.96 W, 56 %, 46
2026/10/10 00:53:20.288, 24043 MiB, 51.26 W, 18 %, 46
2026/10/10 00:53:21.304, 24043 MiB, 48.11 W, 11 %, 48
2026/10/10 00:53:22.309, 24043 MiB, 50.69 W, 42 %, 47
2026/10/10 00:53:23.315, 24043 MiB, 50.91 W, 54 %, 47
2026/10/10 00:53:24.316, 24043 MiB, 51.98 W, 68 %, 47
2026/10/10 00:53:25.317, 24043 MiB, 52.07 W, 43 %, 47
2026/10/10 00:53:26.332, 24043 MiB, 51.01 W, 5 %, 46
2026/10/10 00:53:27.347, 24043 MiB, 47.78 W, 5 %, 48
2026/10/10 00:53:28.350, 24043 MiB, 49.91 W, 39 %, 48
2026/10/10 00:53:29.353, 24043 MiB, 51.98 W, 68 %, 47
2026/10/10 00:53:30.364, 24043 MiB, 51.99 W, 35 %, 47
2026/10/10 00:53:31.372, 24043 MiB, 49.30 W, 5 %, 47
2026/10/10 00:53:32.377, 24043 MiB, 47.73 W, 5 %, 48
2026/10/10 00:53:33.392, 24043 MiB, 50.23 W, 43 %, 47
2026/10/10 00:53:34.406, 24043 MiB, 52.45 W, 74 %, 47
2026/10/10 00:53:35.410, 24043 MiB, 52.59 W, 65 %, 47
2026/10/10 00:53:36.412, 24043 MiB, 51.74 W, 19 %, 47
2026/10/10 00:53:37.418, 24043 MiB, 48.96 W, 7 %, 47
2026/10/10 00:53:38.430, 24043 MiB, 48.28 W, 10 %, 48
2026/10/10 00:53:39.434, 24043 MiB, 50.22 W, 42 %, 48
2026/10/10 00:53:40.437, 24043 MiB, 51.92 W, 68 %, 47
2026/10/10 00:53:41.444, 24043 MiB, 52.59 W, 38 %, 47
2026/10/10 00:53:42.446, 24043 MiB, 50.58 W, 5 %, 47
2026/10/10 00:53:43.462, 24043 MiB, 48.26 W, 6 %, 47
2026/10/10 00:53:44.464, 24043 MiB, 48.82 W, 16 %, 48
2026/10/10 00:53:45.470, 24043 MiB, 51.82 W, 58 %, 47
2026/10/10 00:53:46.484, 24043 MiB, 52.98 W, 71 %, 47
2026/10/10 00:53:47.499, 24043 MiB, 52.85 W, 55 %, 47
2026/10/10 00:53:48.514, 24043 MiB, 51.68 W, 20 %, 47
2026/10/10 00:53:49.522, 24043 MiB, 49.38 W, 5 %, 47
2026/10/10 00:53:50.523, 24043 MiB, 48.67 W, 15 %, 48
2026/10/10 00:53:51.530, 24043 MiB, 52.01 W, 64 %, 47
2026/10/10 00:53:52.534, 24043 MiB, 52.60 W, 60 %, 47
2026/10/10 00:53:53.548, 24043 MiB, 52.48 W, 33 %, 47
2026/10/10 00:53:54.556, 24043 MiB, 50.05 W, 8 %, 47
2026/10/10 00:53:55.566, 24043 MiB, 48.83 W, 5 %, 47
2026/10/10 00:53:56.581, 24043 MiB, 48.25 W, 10 %, 48
2026/10/10 00:53:57.589, 24043 MiB, 50.22 W, 34 %, 48
2026/10/10 00:53:58.594, 24043 MiB, 52.56 W, 69 %, 47
2026/10/10 00:53:59.599, 24043 MiB, 52.49 W, 43 %, 47
2026/10/10 00:54:00.609, 24043 MiB, 50.71 W, 16 %, 47
2026/10/10 00:54:01.617, 24043 MiB, 48.55 W, 5 %, 47
2026/10/10 00:54:02.626, 24043 MiB, 47.84 W, 5 %, 48
2026/10/10 00:54:03.637, 24043 MiB, 50.86 W, 53 %, 48
2026/10/10 00:54:04.648, 24043 MiB, 50.44 W, 48 %, 48
2026/10/10 00:54:05.657, 24043 MiB, 49.38 W, 34 %, 48
2026/10/10 00:54:06.660, 24043 MiB, 50.28 W, 44 %, 48
2026/10/10 00:54:07.669, 24043 MiB, 52.46 W, 73 %, 48
2026/10/10 00:54:08.680, 24043 MiB, 52.30 W, 71 %, 47
2026/10/10 00:54:09.683, 24043 MiB, 52.38 W, 25 %, 47
2026/10/10 00:54:10.687, 24043 MiB, 49.56 W, 7 %, 47
2026/10/10 00:54:11.691, 24043 MiB, 48.66 W, 7 %, 48
2026/10/10 00:54:12.698, 24043 MiB, 48.95 W, 12 %, 48
2026/10/10 00:54:13.708, 24043 MiB, 50.67 W, 41 %, 48
2026/10/10 00:54:14.719, 24043 MiB, 53.47 W, 72 %, 48
2026/10/10 00:54:15.732, 24043 MiB, 52.84 W, 44 %, 47
2026/10/10 00:54:16.743, 24043 MiB, 51.90 W, 5 %, 47
2026/10/10 00:54:17.751, 24043 MiB, 48.71 W, 5 %, 48
2026/10/10 00:54:18.756, 24043 MiB, 49.21 W, 12 %, 48
2026/10/10 00:54:19.766, 24043 MiB, 51.64 W, 56 %, 48
2026/10/10 00:54:20.774, 24043 MiB, 53.29 W, 71 %, 48
2026/10/10 00:54:21.785, 24043 MiB, 53.01 W, 50 %, 47
2026/10/10 00:54:22.799, 24043 MiB, 51.85 W, 19 %, 47
2026/10/10 00:54:23.807, 24043 MiB, 50.09 W, 6 %, 47
2026/10/10 00:54:24.814, 24043 MiB, 49.05 W, 5 %, 48
2026/10/10 00:54:25.824, 24043 MiB, 50.08 W, 24 %, 49
2026/10/10 00:54:26.827, 24043 MiB, 52.12 W, 55 %, 48
2026/10/10 00:54:27.835, 24043 MiB, 53.19 W, 74 %, 48
2026/10/10 00:54:28.848, 24043 MiB, 53.28 W, 48 %, 48
2026/10/10 00:54:29.855, 24043 MiB, 51.65 W, 6 %, 47
2026/10/10 00:54:30.864, 24043 MiB, 48.94 W, 5 %, 48
2026/10/10 00:54:31.874, 24043 MiB, 49.08 W, 5 %, 49
2026/10/10 00:54:32.885, 24043 MiB, 50.69 W, 30 %, 49
2026/10/10 00:54:33.895, 24043 MiB, 52.49 W, 59 %, 48
2026/10/10 00:54:34.899, 24043 MiB, 53.43 W, 68 %, 48
2026/10/10 00:54:35.912, 24043 MiB, 53.42 W, 48 %, 48
2026/10/10 00:54:36.925, 24043 MiB, 52.04 W, 22 %, 48
2026/10/10 00:54:37.937, 24043 MiB, 49.25 W, 5 %, 48
2026/10/10 00:54:38.946, 24043 MiB, 48.44 W, 5 %, 48
2026/10/10 00:54:39.955, 24043 MiB, 53.23 W, 6 %, 49
2026/10/10 00:54:40.967, 24043 MiB, 53.06 W, 29 %, 49
2026/10/10 00:54:41.968, 24043 MiB, 51.81 W, 70 %, 48
2026/10/10 00:54:42.972, 24043 MiB, 49.56 W, 72 %, 48
2026/10/10 00:54:43.985, 24043 MiB, 49.06 W, 5 %, 48
2026/10/10 00:54:44.994, 24043 MiB, 49.72 W, 11 %, 48
2026/10/10 00:54:46.000, 24043 MiB, 52.19 W, 50 %, 48
2026/10/10 00:54:47.019, 24043 MiB, 53.66 W, 68 %, 49
2026/10/10 00:54:48.020, 24043 MiB, 53.69 W, 41 %, 49
2026/10/10 00:54:49.031, 24043 MiB, 51.98 W, 10 %, 48
2026/10/10 00:54:50.045, 24043 MiB, 49.32 W, 5 %, 48
2026/10/10 00:54:51.055, 24043 MiB, 49.26 W, 5 %, 48
2026/10/10 00:54:52.064, 24043 MiB, 50.17 W, 21 %, 48
2026/10/10 00:54:53.069, 24043 MiB, 51.31 W, 37 %, 48
2026/10/10 00:54:54.084, 24043 MiB, 52.23 W, 50 %, 48
2026/10/10 00:54:55.096, 24043 MiB, 53.36 W, 71 %, 48
2026/10/10 00:54:56.099, 24043 MiB, 53.89 W, 72 %, 49
2026/10/10 00:54:57.103, 24043 MiB, 53.16 W, 35 %, 49
2026/10/10 00:54:58.115, 24043 MiB, 51.06 W, 5 %, 48
2026/10/10 00:54:59.119, 24043 MiB, 48.71 W, 7 %, 48
2026/10/10 00:55:00.120, 24043 MiB, 49.32 W, 8 %, 48
2026/10/10 00:55:01.123, 24043 MiB, 49.38 W, 5 %, 48
2026/10/10 00:55:02.130, 24043 MiB, 50.80 W, 37 %, 48
2026/10/10 00:55:03.133, 24043 MiB, 52.83 W, 68 %, 49
2026/10/10 00:55:04.139, 24043 MiB, 53.08 W, 69 %, 49
2026/10/10 00:55:05.145, 24043 MiB, 53.44 W, 32 %, 49
2026/10/10 00:55:06.161, 24043 MiB, 51.02 W, 11 %, 48
2026/10/10 00:55:07.165, 24043 MiB, 49.58 W, 6 %, 48
2026/10/10 00:55:08.166, 24043 MiB, 48.66 W, 5 %, 48
2026/10/10 00:55:09.172, 24043 MiB, 50.06 W, 30 %, 48
2026/10/10 00:55:10.187, 24043 MiB, 51.92 W, 57 %, 48
2026/10/10 00:55:11.191, 24043 MiB, 53.32 W, 72 %, 49
2026/10/10 00:55:12.192, 24043 MiB, 53.38 W, 70 %, 49
2026/10/10 00:55:13.202, 24043 MiB, 53.20 W, 28 %, 49
2026/10/10 00:55:14.209, 24043 MiB, 50.19 W, 5 %, 48
2026/10/10 00:55:15.217, 24043 MiB, 48.70 W, 5 %, 48
2026/10/10 00:55:16.220, 24043 MiB, 48.70 W, 5 %, 48
2026/10/10 00:55:17.222, 24043 MiB, 50.18 W, 31 %, 48
2026/10/10 00:55:18.230, 24043 MiB, 52.65 W, 62 %, 48
2026/10/10 00:55:19.237, 24043 MiB, 53.40 W, 61 %, 49
2026/10/10 00:55:20.250, 24043 MiB, 53.44 W, 33 %, 49
2026/10/10 00:55:21.266, 24043 MiB, 51.91 W, 7 %, 49
2026/10/10 00:55:22.268, 24043 MiB, 49.64 W, 5 %, 48
2026/10/10 00:55:23.284, 24043 MiB, 49.15 W, 7 %, 48
2026/10/10 00:55:24.289, 24043 MiB, 49.91 W, 19 %, 48
2026/10/10 00:55:25.296, 24043 MiB, 51.32 W, 38 %, 48
2026/10/10 00:55:26.302, 24043 MiB, 53.06 W, 69 %, 49
2026/10/10 00:55:27.309, 24043 MiB, 53.26 W, 72 %, 49
2026/10/10 00:55:28.321, 24043 MiB, 53.81 W, 53 %, 50
2026/10/10 00:55:29.322, 24043 MiB, 52.28 W, 13 %, 49
2026/10/10 00:55:30.338, 24043 MiB, 49.26 W, 7 %, 48
2026/10/10 00:55:31.340, 24043 MiB, 49.25 W, 7 %, 48
2026/10/10 00:55:32.353, 24043 MiB, 49.56 W, 21 %, 48
2026/10/10 00:55:33.374, 24043 MiB, 52.25 W, 59 %, 48
2026/10/10 00:55:34.389, 24043 MiB, 44.71 W, 3 %, 48
2026/10/10 00:55:35.393, 24043 MiB, 49.74 W, 100 %, 53
2026/10/10 00:55:36.404, 24043 MiB, 242.84 W, 100 %, 68
2026/10/10 00:55:37.419, 24043 MiB, 266.76 W, 99 %, 71
2026/10/10 00:55:38.435, 24043 MiB, 239.25 W, 99 %, 57
2026/10/10 00:55:39.449, 24043 MiB, 188.84 W, 95 %, 58
2026/10/10 00:55:40.461, 24043 MiB, 286.21 W, 87 %, 63
2026/10/10 00:55:41.462, 24043 MiB, 253.01 W, 92 %, 58
2026/10/10 00:55:42.471, 24043 MiB, 247.78 W, 100 %, 61
2026/10/10 00:55:43.485, 24043 MiB, 259.64 W, 100 %, 63
2026/10/10 00:55:44.497, 24043 MiB, 257.34 W, 100 %, 65
2026/10/10 00:55:45.503, 24043 MiB, 210.46 W, 100 %, 57
2026/10/10 00:55:46.515, 24043 MiB, 245.86 W, 93 %, 72
2026/10/10 00:55:47.523, 24043 MiB, 273.21 W, 91 %, 59
2026/10/10 00:55:48.525, 24043 MiB, 280.02 W, 98 %, 64
2026/10/10 00:55:49.535, 24043 MiB, 242.37 W, 98 %, 71
2026/10/10 00:55:50.550, 24043 MiB, 266.05 W, 100 %, 71
2026/10/10 00:55:51.560, 24043 MiB, 267.49 W, 100 %, 69
2026/10/10 00:55:52.561, 24043 MiB, 213.02 W, 100 %, 56
2026/10/10 00:55:53.567, 24043 MiB, 233.72 W, 99 %, 68
2026/10/10 00:55:54.580, 24043 MiB, 307.78 W, 100 %, 70
2026/10/10 00:55:55.594, 24043 MiB, 302.47 W, 91 %, 71
2026/10/10 00:55:56.604, 24043 MiB, 249.23 W, 89 %, 57
2026/10/10 00:55:57.607, 24043 MiB, 152.05 W, 1 %, 53
2026/10/10 00:55:58.619, 24043 MiB, 99.09 W, 42 %, 51
2026/10/10 00:55:59.621, 24043 MiB, 61.55 W, 44 %, 49
2026/10/10 00:56:00.635, 24043 MiB, 59.17 W, 44 %, 48
2026/10/10 00:56:01.650, 24043 MiB, 56.89 W, 42 %, 48
2026/10/10 00:56:02.667, 24043 MiB, 54.12 W, 30 %, 47
2026/10/10 00:56:03.671, 24043 MiB, 51.87 W, 13 %, 47
2026/10/10 00:56:04.673, 24043 MiB, 51.12 W, 4 %, 47
2026/10/10 00:56:05.676, 24043 MiB, 52.26 W, 4 %, 47
2026/10/10 00:56:06.678, 24043 MiB, 52.41 W, 53 %, 48
2026/10/10 00:56:07.687, 24043 MiB, 52.47 W, 16 %, 46
2026/10/10 00:56:08.689, 24043 MiB, 52.03 W, 46 %, 47
2026/10/10 00:56:09.692, 24043 MiB, 50.84 W, 5 %, 46
2026/10/10 00:56:10.706, 24043 MiB, 50.94 W, 52 %, 45
2026/10/10 00:56:11.712, 24043 MiB, 52.46 W, 61 %, 46
2026/10/10 00:56:12.716, 24043 MiB, 51.98 W, 5 %, 45
2026/10/10 00:56:13.724, 24043 MiB, 50.58 W, 42 %, 46
2026/10/10 00:56:14.726, 24043 MiB, 52.44 W, 54 %, 45
2026/10/10 00:56:15.730, 24043 MiB, 51.67 W, 5 %, 45
2026/10/10 00:56:16.734, 24043 MiB, 49.14 W, 24 %, 46
2026/10/10 00:56:17.738, 24043 MiB, 52.61 W, 75 %, 45
2026/10/10 00:56:18.745, 24043 MiB, 52.26 W, 22 %, 44
2026/10/10 00:56:19.753, 24043 MiB, 49.37 W, 8 %, 45
2026/10/10 00:56:20.762, 24043 MiB, 51.43 W, 71 %, 44
2026/10/10 00:56:21.771, 24043 MiB, 51.73 W, 35 %, 44
2026/10/10 00:56:22.784, 24043 MiB, 50.00 W, 5 %, 44
2026/10/10 00:56:23.798, 24043 MiB, 47.66 W, 7 %, 45
2026/10/10 00:56:24.801, 24043 MiB, 51.27 W, 67 %, 44
2026/10/10 00:56:25.815, 24043 MiB, 50.81 W, 7 %, 43
2026/10/10 00:56:26.821, 24043 MiB, 47.25 W, 5 %, 44
2026/10/10 00:56:27.828, 24043 MiB, 50.52 W, 70 %, 43
2026/10/10 00:56:28.833, 24043 MiB, 51.29 W, 41 %, 43
2026/10/10 00:56:29.839, 24043 MiB, 49.51 W, 5 %, 43
2026/10/10 00:56:30.844, 24043 MiB, 51.38 W, 77 %, 43
2026/10/10 00:56:31.853, 24043 MiB, 51.56 W, 16 %, 43
2026/10/10 00:56:32.864, 24043 MiB, 48.32 W, 21 %, 44
2026/10/10 00:56:33.872, 24043 MiB, 50.53 W, 68 %, 43
2026/10/10 00:56:34.877, 24043 MiB, 50.86 W, 42 %, 42
2026/10/10 00:56:35.888, 24043 MiB, 49.26 W, 8 %, 43
2026/10/10 00:56:36.891, 24043 MiB, 49.12 W, 44 %, 43
2026/10/10 00:56:37.893, 24043 MiB, 51.02 W, 67 %, 42
2026/10/10 00:56:38.905, 24043 MiB, 51.08 W, 5 %, 42
2026/10/10 00:56:39.912, 24043 MiB, 49.85 W, 39 %, 43
2026/10/10 00:56:40.917, 24043 MiB, 52.09 W, 46 %, 42
2026/10/10 00:56:41.925, 24043 MiB, 50.81 W, 6 %, 42
2026/10/10 00:56:42.938, 24043 MiB, 49.61 W, 33 %, 43
2026/10/10 00:56:43.944, 24043 MiB, 51.62 W, 57 %, 42
2026/10/10 00:56:44.956, 24043 MiB, 50.93 W, 5 %, 41
2026/10/10 00:56:45.965, 24043 MiB, 48.49 W, 21 %, 43
2026/10/10 00:56:46.980, 24043 MiB, 51.76 W, 72 %, 41
2026/10/10 00:56:47.990, 24043 MiB, 52.09 W, 32 %, 41
2026/10/10 00:56:48.997, 24043 MiB, 49.84 W, 5 %, 42
2026/10/10 00:56:50.006, 24043 MiB, 49.90 W, 45 %, 42
2026/10/10 00:56:51.016, 24043 MiB, 51.74 W, 67 %, 41
2026/10/10 00:56:52.017, 24043 MiB, 51.55 W, 5 %, 41
2026/10/10 00:56:53.021, 24043 MiB, 48.15 W, 27 %, 42
2026/10/10 00:56:54.029, 24043 MiB, 50.25 W, 58 %, 41
2026/10/10 00:56:55.038, 24043 MiB, 51.04 W, 37 %, 41
2026/10/10 00:56:56.043, 24043 MiB, 48.87 W, 5 %, 41
2026/10/10 00:56:57.055, 24043 MiB, 48.54 W, 34 %, 42
2026/10/10 00:56:58.064, 24043 MiB, 51.34 W, 65 %, 41
2026/10/10 00:56:59.071, 24043 MiB, 51.00 W, 5 %, 41
2026/10/10 00:57:00.084, 24043 MiB, 49.20 W, 40 %, 41
2026/10/10 00:57:01.091, 24043 MiB, 51.14 W, 53 %, 40
2026/10/10 00:57:02.099, 24043 MiB, 50.38 W, 5 %, 40
2026/10/10 00:57:03.102, 24043 MiB, 48.18 W, 28 %, 42
2026/10/10 00:57:04.114, 24043 MiB, 50.75 W, 58 %, 40
2026/10/10 00:57:05.121, 24043 MiB, 50.52 W, 12 %, 40
2026/10/10 00:57:06.132, 24043 MiB, 47.17 W, 10 %, 41
2026/10/10 00:57:07.139, 24043 MiB, 50.28 W, 69 %, 40
2026/10/10 00:57:08.148, 24043 MiB, 51.12 W, 48 %, 40
2026/10/10 00:57:09.157, 24043 MiB, 49.19 W, 6 %, 40
2026/10/10 00:57:10.162, 24043 MiB, 45.99 W, 18 %, 41
2026/10/10 00:57:11.177, 24043 MiB, 49.47 W, 68 %, 40
2026/10/10 00:57:12.192, 24043 MiB, 50.18 W, 41 %, 40
2026/10/10 00:57:13.199, 24043 MiB, 47.69 W, 7 %, 40
2026/10/10 00:57:14.209, 24043 MiB, 47.56 W, 44 %, 41
2026/10/10 00:57:15.213, 24043 MiB, 49.82 W, 62 %, 40
2026/10/10 00:57:16.214, 24043 MiB, 50.09 W, 6 %, 40
2026/10/10 00:57:17.224, 24043 MiB, 46.29 W, 5 %, 41
2026/10/10 00:57:18.239, 24043 MiB, 49.02 W, 57 %, 40
2026/10/10 00:57:19.247, 24043 MiB, 50.42 W, 41 %, 40
2026/10/10 00:57:20.259, 24043 MiB, 48.91 W, 6 %, 40
2026/10/10 00:57:21.273, 24043 MiB, 47.92 W, 33 %, 41
2026/10/10 00:57:22.277, 24043 MiB, 50.52 W, 72 %, 40
2026/10/10 00:57:23.280, 24043 MiB, 50.01 W, 36 %, 40
2026/10/10 00:57:24.283, 24043 MiB, 48.02 W, 5 %, 40
2026/10/10 00:57:25.289, 24043 MiB, 46.23 W, 13 %, 41
2026/10/10 00:57:26.293, 24043 MiB, 49.02 W, 53 %, 41
2026/10/10 00:57:27.295, 24043 MiB, 50.03 W, 60 %, 40
2026/10/10 00:57:28.306, 24043 MiB, 50.01 W, 5 %, 40
2026/10/10 00:57:29.310, 24043 MiB, 47.13 W, 31 %, 42
2026/10/10 00:57:30.315, 24043 MiB, 50.30 W, 70 %, 41
2026/10/10 00:57:31.330, 24043 MiB, 50.44 W, 38 %, 41
2026/10/10 00:57:32.333, 24043 MiB, 48.49 W, 5 %, 41
2026/10/10 00:57:33.338, 24043 MiB, 46.44 W, 18 %, 42
2026/10/10 00:57:34.345, 24043 MiB, 50.23 W, 69 %, 41
2026/10/10 00:57:35.348, 24043 MiB, 50.32 W, 23 %, 41
2026/10/10 00:57:36.353, 24043 MiB, 47.53 W, 4 %, 41
2026/10/10 00:57:37.356, 24043 MiB, 48.31 W, 27 %, 42
2026/10/10 00:57:38.358, 24043 MiB, 49.99 W, 65 %, 41
2026/10/10 00:57:39.367, 24043 MiB, 50.30 W, 5 %, 41
2026/10/10 00:57:40.373, 24043 MiB, 46.68 W, 17 %, 42
2026/10/10 00:57:41.382, 24043 MiB, 50.38 W, 75 %, 41
2026/10/10 00:57:42.395, 24043 MiB, 50.88 W, 42 %, 41
2026/10/10 00:57:43.403, 24043 MiB, 48.39 W, 8 %, 41
2026/10/10 00:57:44.410, 24043 MiB, 47.35 W, 20 %, 42
2026/10/10 00:57:45.416, 24043 MiB, 50.74 W, 77 %, 41
2026/10/10 00:57:46.422, 24043 MiB, 50.15 W, 22 %, 41
2026/10/10 00:57:47.425, 24043 MiB, 47.70 W, 7 %, 42
2026/10/10 00:57:48.441, 24043 MiB, 49.30 W, 56 %, 42
2026/10/10 00:57:49.452, 24043 MiB, 50.17 W, 53 %, 41
2026/10/10 00:57:50.455, 24043 MiB, 49.35 W, 5 %, 41
2026/10/10 00:57:51.462, 24043 MiB, 46.01 W, 6 %, 42
2026/10/10 00:57:52.471, 24043 MiB, 49.82 W, 69 %, 42
2026/10/10 00:57:53.472, 24043 MiB, 45.60 W, 39 %, 41
2026/10/10 00:57:54.476, 24043 MiB, 48.26 W, 5 %, 41
2026/10/10 00:57:55.482, 24043 MiB, 49.83 W, 29 %, 43
2026/10/10 00:57:56.496, 24043 MiB, 48.91 W, 75 %, 42
2026/10/10 00:57:57.510, 24043 MiB, 47.28 W, 17 %, 42
2026/10/10 00:57:58.515, 24043 MiB, 50.30 W, 5 %, 43
2026/10/10 00:57:59.523, 24043 MiB, 50.35 W, 58 %, 42
2026/10/10 00:58:00.530, 24043 MiB, 46.71 W, 58 %, 42
2026/10/10 00:58:01.534, 24043 MiB, 47.69 W, 5 %, 42
2026/10/10 00:58:02.542, 24043 MiB, 50.18 W, 71 %, 43
2026/10/10 00:58:03.544, 24043 MiB, 49.88 W, 26 %, 42
2026/10/10 00:58:04.558, 24043 MiB, 47.30 W, 5 %, 42
2026/10/10 00:58:05.574, 24043 MiB, 47.54 W, 30 %, 42
2026/10/10 00:58:06.588, 24043 MiB, 50.77 W, 69 %, 43
2026/10/10 00:58:07.603, 24043 MiB, 50.47 W, 11 %, 42
2026/10/10 00:58:08.618, 24043 MiB, 46.40 W, 5 %, 42
2026/10/10 00:58:09.621, 24043 MiB, 47.61 W, 40 %, 42
2026/10/10 00:58:10.635, 24043 MiB, 50.12 W, 59 %, 43
2026/10/10 00:58:11.649, 24043 MiB, 50.20 W, 14 %, 42
2026/10/10 00:58:12.653, 24043 MiB, 46.79 W, 7 %, 42
2026/10/10 00:58:13.656, 24043 MiB, 50.03 W, 64 %, 42
2026/10/10 00:58:14.657, 24043 MiB, 51.88 W, 63 %, 43
2026/10/10 00:58:15.672, 24043 MiB, 50.81 W, 6 %, 42
2026/10/10 00:58:16.675, 24043 MiB, 47.55 W, 25 %, 42
2026/10/10 00:58:17.679, 24043 MiB, 50.79 W, 70 %, 43
2026/10/10 00:58:18.683, 24043 MiB, 51.10 W, 25 %, 43
2026/10/10 00:58:19.699, 24043 MiB, 48.92 W, 5 %, 42
2026/10/10 00:58:20.706, 24043 MiB, 47.81 W, 18 %, 42
2026/10/10 00:58:21.721, 24043 MiB, 51.10 W, 68 %, 43
2026/10/10 00:58:22.726, 24043 MiB, 51.28 W, 46 %, 44
2026/10/10 00:58:23.741, 24043 MiB, 49.06 W, 10 %, 43
2026/10/10 00:58:24.745, 24043 MiB, 47.31 W, 5 %, 43
2026/10/10 00:58:25.759, 24043 MiB, 46.62 W, 5 %, 43
2026/10/10 00:58:26.761, 24043 MiB, 48.19 W, 37 %, 42
2026/10/10 00:58:27.771, 24043 MiB, 50.83 W, 72 %, 44
2026/10/10 00:58:28.773, 24043 MiB, 51.51 W, 29 %, 43
2026/10/10 00:58:29.789, 24043 MiB, 48.77 W, 5 %, 43
2026/10/10 00:58:30.790, 24043 MiB, 50.33 W, 54 %, 43
2026/10/10 00:58:31.791, 24043 MiB, 51.45 W, 61 %, 44
2026/10/10 00:58:32.803, 24043 MiB, 50.70 W, 16 %, 43
2026/10/10 00:58:33.817, 24043 MiB, 47.59 W, 6 %, 43
2026/10/10 00:58:34.820, 24043 MiB, 48.32 W, 32 %, 43
2026/10/10 00:58:35.823, 24043 MiB, 51.10 W, 68 %, 44
2026/10/10 00:58:36.834, 24043 MiB, 51.53 W, 23 %, 43
2026/10/10 00:58:37.841, 24043 MiB, 48.59 W, 5 %, 43
2026/10/10 00:58:38.844, 24043 MiB, 48.69 W, 41 %, 43
2026/10/10 00:58:39.849, 24043 MiB, 51.10 W, 67 %, 44
2026/10/10 00:58:40.860, 24043 MiB, 51.03 W, 16 %, 43
2026/10/10 00:58:41.874, 24043 MiB, 48.05 W, 21 %, 43
2026/10/10 00:58:42.883, 24043 MiB, 50.72 W, 70 %, 43
2026/10/10 00:58:43.886, 24043 MiB, 51.58 W, 52 %, 44
2026/10/10 00:58:44.892, 24043 MiB, 50.20 W, 8 %, 43
2026/10/10 00:58:45.897, 24043 MiB, 48.07 W, 21 %, 43
2026/10/10 00:58:46.907, 24043 MiB, 51.09 W, 65 %, 43
2026/10/10 00:58:47.922, 24043 MiB, 51.76 W, 45 %, 45
2026/10/10 00:58:48.927, 24043 MiB, 49.96 W, 5 %, 43
2026/10/10 00:58:49.937, 24043 MiB, 47.21 W, 9 %, 43
2026/10/10 00:58:50.942, 24043 MiB, 50.05 W, 50 %, 43
2026/10/10 00:58:51.953, 24043 MiB, 51.72 W, 73 %, 44
2026/10/10 00:58:52.960, 24043 MiB, 51.88 W, 32 %, 44
2026/10/10 00:58:53.971, 24043 MiB, 49.12 W, 9 %, 44
2026/10/10 00:58:54.972, 24043 MiB, 47.51 W, 5 %, 43
2026/10/10 00:58:55.976, 24043 MiB, 49.92 W, 49 %, 43
2026/10/10 00:58:56.979, 24043 MiB, 51.39 W, 64 %, 45
2026/10/10 00:58:57.993, 24043 MiB, 51.41 W, 20 %, 44
2026/10/10 00:58:59.000, 24043 MiB, 48.72 W, 5 %, 44
2026/10/10 00:59:00.003, 24043 MiB, 50.49 W, 59 %, 43
2026/10/10 00:59:01.009, 24043 MiB, 51.53 W, 57 %, 45
2026/10/10 00:59:02.013, 24043 MiB, 51.58 W, 5 %, 44
2026/10/10 00:59:03.023, 24043 MiB, 48.00 W, 7 %, 44
2026/10/10 00:59:04.026, 24043 MiB, 51.31 W, 57 %, 44
2026/10/10 00:59:05.031, 24043 MiB, 52.26 W, 43 %, 45
2026/10/10 00:59:06.041, 24043 MiB, 50.54 W, 5 %, 44
2026/10/10 00:59:07.047, 24043 MiB, 48.40 W, 19 %, 44
2026/10/10 00:59:08.058, 24043 MiB, 51.56 W, 69 %, 45
2026/10/10 00:59:09.073, 24043 MiB, 52.20 W, 28 %, 44
2026/10/10 00:59:10.081, 24043 MiB, 49.12 W, 5 %, 44
2026/10/10 00:59:11.093, 24043 MiB, 47.57 W, 5 %, 44
2026/10/10 00:59:12.103, 24043 MiB, 50.90 W, 65 %, 44
2026/10/10 00:59:13.110, 24043 MiB, 51.50 W, 46 %, 45
2026/10/10 00:59:14.119, 24043 MiB, 50.40 W, 5 %, 44
2026/10/10 00:59:15.123, 24043 MiB, 46.94 W, 5 %, 44
2026/10/10 00:59:16.130, 24043 MiB, 49.79 W, 55 %, 44
2026/10/10 00:59:17.132, 24043 MiB, 52.19 W, 65 %, 44
2026/10/10 00:59:18.140, 24043 MiB, 51.61 W, 14 %, 44
2026/10/10 00:59:19.153, 24043 MiB, 48.26 W, 7 %, 45
2026/10/10 00:59:20.162, 24043 MiB, 50.47 W, 55 %, 45
2026/10/10 00:59:21.170, 24043 MiB, 51.73 W, 75 %, 44
2026/10/10 00:59:22.181, 24043 MiB, 51.73 W, 25 %, 44
2026/10/10 00:59:23.195, 24043 MiB, 48.87 W, 7 %, 45
2026/10/10 00:59:24.204, 24043 MiB, 47.69 W, 8 %, 45
2026/10/10 00:59:25.217, 24043 MiB, 50.72 W, 58 %, 45
2026/10/10 00:59:26.228, 24043 MiB, 51.58 W, 59 %, 44
2026/10/10 00:59:27.237, 24043 MiB, 50.73 W, 7 %, 44
2026/10/10 00:59:28.238, 24043 MiB, 46.72 W, 5 %, 45
2026/10/10 00:59:29.250, 24043 MiB, 48.83 W, 36 %, 46
2026/10/10 00:59:30.254, 24043 MiB, 51.68 W, 70 %, 45
2026/10/10 00:59:31.263, 24043 MiB, 51.71 W, 16 %, 44
2026/10/10 00:59:32.267, 24043 MiB, 48.47 W, 5 %, 45
2026/10/10 00:59:33.279, 24043 MiB, 47.82 W, 18 %, 46
2026/10/10 00:59:34.289, 24043 MiB, 51.18 W, 68 %, 45
2026/10/10 00:59:35.294, 24043 MiB, 51.24 W, 38 %, 45
2026/10/10 00:59:36.301, 24043 MiB, 49.67 W, 6 %, 44
2026/10/10 00:59:37.310, 24043 MiB, 47.12 W, 6 %, 46
2026/10/10 00:59:38.319, 24043 MiB, 50.32 W, 58 %, 45
2026/10/10 00:59:39.329, 24043 MiB, 50.80 W, 69 %, 45
2026/10/10 00:59:40.338, 24043 MiB, 51.59 W, 19 %, 45
2026/10/10 00:59:41.341, 24043 MiB, 48.74 W, 6 %, 46
2026/10/10 00:59:42.344, 24043 MiB, 49.58 W, 36 %, 46
2026/10/10 00:59:43.348, 24043 MiB, 52.37 W, 72 %, 45
2026/10/10 00:59:44.350, 24043 MiB, 52.30 W, 42 %, 45
2026/10/10 00:59:45.358, 24043 MiB, 50.50 W, 6 %, 45
2026/10/10 00:59:46.372, 24043 MiB, 48.38 W, 22 %, 46
2026/10/10 00:59:47.377, 24043 MiB, 51.37 W, 67 %, 45
2026/10/10 00:59:48.394, 24043 MiB, 52.17 W, 40 %, 45
2026/10/10 00:59:49.402, 24043 MiB, 50.32 W, 5 %, 45
2026/10/10 00:59:50.408, 24043 MiB, 48.49 W, 24 %, 46
2026/10/10 00:59:51.410, 24043 MiB, 51.40 W, 72 %, 45
2026/10/10 00:59:52.418, 24043 MiB, 51.78 W, 58 %, 45
2026/10/10 00:59:53.422, 24043 MiB, 51.35 W, 27 %, 45
2026/10/10 00:59:54.434, 24043 MiB, 49.64 W, 5 %, 45
2026/10/10 00:59:55.438, 24043 MiB, 47.97 W, 9 %, 46
2026/10/10 00:59:56.442, 24043 MiB, 52.10 W, 75 %, 45
2026/10/10 00:59:57.447, 24043 MiB, 52.46 W, 62 %, 45
2026/10/10 00:59:58.451, 24043 MiB, 51.23 W, 6 %, 45
2026/10/10 00:59:59.466, 24043 MiB, 47.71 W, 10 %, 46
2026/10/10 01:00:00.481, 24043 MiB, 50.13 W, 47 %, 46
2026/10/10 01:00:01.483, 24043 MiB, 52.34 W, 72 %, 45
2026/10/10 01:00:02.493, 24043 MiB, 52.38 W, 24 %, 45
2026/10/10 01:00:03.507, 24043 MiB, 49.06 W, 7 %, 46
2026/10/10 01:00:04.519, 24043 MiB, 48.20 W, 16 %, 46
2026/10/10 01:00:05.527, 24043 MiB, 51.03 W, 52 %, 46
2026/10/10 01:00:06.533, 24043 MiB, 52.42 W, 53 %, 45
2026/10/10 01:00:07.549, 24043 MiB, 52.05 W, 5 %, 45
2026/10/10 01:00:08.561, 24043 MiB, 48.29 W, 5 %, 46
2026/10/10 01:00:09.567, 24043 MiB, 49.46 W, 29 %, 47
2026/10/10 01:00:10.570, 24043 MiB, 52.26 W, 70 %, 45
2026/10/10 01:00:11.571, 24043 MiB, 52.64 W, 39 %, 45
2026/10/10 01:00:12.586, 24043 MiB, 50.80 W, 5 %, 45
2026/10/10 01:00:13.590, 24043 MiB, 48.59 W, 17 %, 47
2026/10/10 01:00:14.596, 24043 MiB, 50.74 W, 51 %, 46
2026/10/10 01:00:15.610, 24043 MiB, 52.26 W, 66 %, 46
2026/10/10 01:00:16.625, 24043 MiB, 52.53 W, 21 %, 45
2026/10/10 01:00:17.641, 24043 MiB, 49.37 W, 5 %, 45
2026/10/10 01:00:18.656, 24043 MiB, 48.10 W, 6 %, 46
2026/10/10 01:00:19.668, 24043 MiB, 49.70 W, 37 %, 47
2026/10/10 01:00:20.683, 24043 MiB, 52.12 W, 68 %, 46
2026/10/10 01:00:21.684, 24043 MiB, 52.55 W, 30 %, 45
2026/10/10 01:00:22.687, 24043 MiB, 50.26 W, 5 %, 45
2026/10/10 01:00:23.696, 24043 MiB, 48.13 W, 5 %, 46
2026/10/10 01:00:24.700, 24043 MiB, 48.96 W, 25 %, 47
2026/10/10 01:00:25.712, 24043 MiB, 51.44 W, 64 %, 46
2026/10/10 01:00:26.726, 24043 MiB, 52.28 W, 58 %, 46
2026/10/10 01:00:27.727, 24043 MiB, 51.74 W, 26 %, 46
2026/10/10 01:00:28.728, 24043 MiB, 48.91 W, 7 %, 46
2026/10/10 01:00:29.732, 24043 MiB, 49.56 W, 35 %, 47
2026/10/10 01:00:30.735, 24043 MiB, 51.82 W, 76 %, 46
2026/10/10 01:00:31.750, 24043 MiB, 51.89 W, 44 %, 46
2026/10/10 01:00:32.754, 24043 MiB, 50.50 W, 8 %, 46
2026/10/10 01:00:33.760, 24043 MiB, 47.53 W, 5 %, 47
2026/10/10 01:00:34.766, 24043 MiB, 50.33 W, 44 %, 47
2026/10/10 01:00:35.779, 24043 MiB, 52.46 W, 68 %, 46
2026/10/10 01:00:36.794, 24043 MiB, 52.78 W, 65 %, 46
2026/10/10 01:00:37.796, 24043 MiB, 51.94 W, 59 %, 46
2026/10/10 01:00:38.802, 24043 MiB, 51.93 W, 37 %, 46
2026/10/10 01:00:39.810, 24043 MiB, 50.55 W, 5 %, 46
2026/10/10 01:00:40.824, 24043 MiB, 48.10 W, 9 %, 47
2026/10/10 01:00:41.838, 24043 MiB, 49.93 W, 41 %, 47
2026/10/10 01:00:42.843, 24043 MiB, 52.06 W, 72 %, 46
2026/10/10 01:00:43.846, 24043 MiB, 52.32 W, 66 %, 46
2026/10/10 01:00:44.852, 24043 MiB, 52.21 W, 27 %, 46
2026/10/10 01:00:45.853, 24043 MiB, 49.29 W, 5 %, 46
2026/10/10 01:00:46.858, 24043 MiB, 48.43 W, 16 %, 47
2026/10/10 01:00:47.871, 24043 MiB, 51.01 W, 55 %, 47
2026/10/10 01:00:48.875, 24043 MiB, 51.33 W, 60 %, 46
2026/10/10 01:00:49.877, 24043 MiB, 51.17 W, 20 %, 46
2026/10/10 01:00:50.877, 24043 MiB, 48.52 W, 5 %, 46
2026/10/10 01:00:51.888, 24043 MiB, 47.27 W, 6 %, 47
2026/10/10 01:00:52.899, 24043 MiB, 52.24 W, 76 %, 46
2026/10/10 01:00:53.905, 24043 MiB, 52.24 W, 73 %, 46
2026/10/10 01:00:54.907, 24043 MiB, 52.41 W, 32 %, 46
2026/10/10 01:00:55.917, 24043 MiB, 49.70 W, 8 %, 46
2026/10/10 01:00:56.929, 24043 MiB, 48.19 W, 7 %, 47
2026/10/10 01:00:57.937, 24043 MiB, 49.10 W, 37 %, 48
2026/10/10 01:00:58.939, 24043 MiB, 51.96 W, 73 %, 47
2026/10/10 01:00:59.942, 24043 MiB, 52.28 W, 37 %, 46
2026/10/10 01:01:00.944, 24043 MiB, 49.35 W, 8 %, 46
2026/10/10 01:01:01.945, 24043 MiB, 48.11 W, 5 %, 47
2026/10/10 01:01:02.958, 24043 MiB, 51.95 W, 23 %, 48
2026/10/10 01:01:03.963, 24043 MiB, 51.54 W, 75 %, 47
2026/10/10 01:01:04.973, 24043 MiB, 48.63 W, 62 %, 46
2026/10/10 01:01:05.979, 24043 MiB, 49.01 W, 14 %, 46
2026/10/10 01:01:06.981, 24043 MiB, 52.26 W, 5 %, 47
2026/10/10 01:01:07.989, 24043 MiB, 52.62 W, 15 %, 48
2026/10/10 01:01:08.994, 24043 MiB, 51.72 W, 53 %, 47
2026/10/10 01:01:10.000, 24043 MiB, 49.29 W, 5 %, 47
2026/10/10 01:01:11.008, 24043 MiB, 48.20 W, 6 %, 46
2026/10/10 01:01:12.012, 24043 MiB, 50.28 W, 40 %, 46
2026/10/10 01:01:13.015, 24043 MiB, 52.42 W, 68 %, 47
2026/10/10 01:01:14.019, 24043 MiB, 52.92 W, 40 %, 48
2026/10/10 01:01:15.031, 24043 MiB, 51.05 W, 5 %, 47
2026/10/10 01:01:16.046, 24043 MiB, 48.31 W, 5 %, 47
2026/10/10 01:01:17.049, 24043 MiB, 49.72 W, 26 %, 47
2026/10/10 01:01:18.052, 24043 MiB, 51.88 W, 61 %, 47
2026/10/10 01:01:19.054, 24043 MiB, 52.51 W, 63 %, 48
2026/10/10 01:01:20.060, 24043 MiB, 51.92 W, 25 %, 47
2026/10/10 01:01:21.076, 24043 MiB, 49.26 W, 5 %, 47
2026/10/10 01:01:22.085, 24043 MiB, 49.02 W, 5 %, 47
2026/10/10 01:01:23.088, 24043 MiB, 49.53 W, 23 %, 47
2026/10/10 01:01:24.094, 24043 MiB, 49.94 W, 34 %, 47
2026/10/10 01:01:25.099, 24043 MiB, 52.00 W, 68 %, 47
2026/10/10 01:01:26.103, 24043 MiB, 52.57 W, 71 %, 48
2026/10/10 01:01:27.110, 24043 MiB, 52.80 W, 43 %, 48
2026/10/10 01:01:28.114, 24043 MiB, 51.50 W, 25 %, 47
2026/10/10 01:01:29.125, 24043 MiB, 50.57 W, 6 %, 47
2026/10/10 01:01:30.141, 24043 MiB, 49.18 W, 8 %, 47
2026/10/10 01:01:31.152, 24043 MiB, 52.59 W, 60 %, 47
2026/10/10 01:01:32.156, 24043 MiB, 53.78 W, 73 %, 47
2026/10/10 01:01:33.157, 24043 MiB, 53.19 W, 56 %, 48
2026/10/10 01:01:34.166, 24043 MiB, 52.31 W, 7 %, 47
2026/10/10 01:01:35.171, 24043 MiB, 49.33 W, 7 %, 47
2026/10/10 01:01:36.182, 24043 MiB, 49.63 W, 14 %, 47
2026/10/10 01:01:37.185, 24043 MiB, 52.30 W, 64 %, 47
2026/10/10 01:01:38.193, 24043 MiB, 53.36 W, 65 %, 48
2026/10/10 01:01:39.203, 24043 MiB, 52.80 W, 11 %, 47
2026/10/10 01:01:40.206, 24043 MiB, 49.46 W, 4 %, 47
2026/10/10 01:01:41.217, 24043 MiB, 49.05 W, 13 %, 47
2026/10/10 01:01:42.220, 24043 MiB, 52.55 W, 60 %, 47
2026/10/10 01:01:43.226, 24043 MiB, 53.43 W, 71 %, 48
2026/10/10 01:01:44.227, 24043 MiB, 53.09 W, 53 %, 48
2026/10/10 01:01:45.238, 24043 MiB, 52.11 W, 20 %, 48
2026/10/10 01:01:46.245, 24043 MiB, 50.22 W, 4 %, 47
2026/10/10 01:01:47.251, 24043 MiB, 49.39 W, 5 %, 47
2026/10/10 01:01:48.260, 24043 MiB, 50.62 W, 35 %, 47
2026/10/10 01:01:49.269, 24043 MiB, 53.50 W, 72 %, 48
2026/10/10 01:01:50.276, 24043 MiB, 52.74 W, 66 %, 48
2026/10/10 01:01:51.283, 24043 MiB, 53.21 W, 38 %, 48
2026/10/10 01:01:52.293, 24043 MiB, 51.51 W, 5 %, 47
2026/10/10 01:01:53.296, 24043 MiB, 49.38 W, 5 %, 47
2026/10/10 01:01:54.302, 24043 MiB, 49.48 W, 6 %, 47
2026/10/10 01:01:55.307, 24043 MiB, 51.68 W, 41 %, 47
2026/10/10 01:01:56.312, 24043 MiB, 53.01 W, 61 %, 47
2026/10/10 01:01:57.317, 24043 MiB, 53.65 W, 61 %, 48
2026/10/10 01:01:58.327, 24043 MiB, 53.12 W, 16 %, 48
2026/10/10 01:01:59.332, 24043 MiB, 49.71 W, 5 %, 47
2026/10/10 01:02:00.344, 24043 MiB, 48.86 W, 5 %, 47
2026/10/10 01:02:01.356, 24043 MiB, 50.54 W, 37 %, 47
2026/10/10 01:02:02.365, 24043 MiB, 53.32 W, 71 %, 48
2026/10/10 01:02:03.375, 24043 MiB, 53.10 W, 59 %, 48
2026/10/10 01:02:04.383, 24043 MiB, 52.66 W, 31 %, 48
2026/10/10 01:02:05.390, 24043 MiB, 50.87 W, 5 %, 48
2026/10/10 01:02:06.396, 24043 MiB, 48.93 W, 6 %, 47
2026/10/10 01:02:07.403, 24043 MiB, 49.84 W, 25 %, 47
2026/10/10 01:02:08.415, 24043 MiB, 53.19 W, 74 %, 48
2026/10/10 01:02:09.419, 24043 MiB, 53.63 W, 53 %, 49
2026/10/10 01:02:10.422, 24043 MiB, 52.62 W, 10 %, 48
2026/10/10 01:02:11.432, 24043 MiB, 49.88 W, 7 %, 48
2026/10/10 01:02:12.444, 24043 MiB, 49.31 W, 7 %, 47
2026/10/10 01:02:13.455, 24043 MiB, 49.55 W, 18 %, 47
2026/10/10 01:02:14.466, 24043 MiB, 51.04 W, 42 %, 47
2026/10/10 01:02:15.484, 24043 MiB, 53.42 W, 72 %, 48
2026/10/10 01:02:16.493, 24043 MiB, 53.36 W, 59 %, 49
2026/10/10 01:02:17.502, 24043 MiB, 52.75 W, 28 %, 48
2026/10/10 01:02:18.510, 24043 MiB, 50.73 W, 5 %, 48
2026/10/10 01:02:19.513, 24043 MiB, 48.86 W, 5 %, 48
2026/10/10 01:02:20.524, 24043 MiB, 50.35 W, 31 %, 47
2026/10/10 01:02:21.530, 24043 MiB, 52.63 W, 63 %, 48
2026/10/10 01:02:22.538, 24043 MiB, 53.70 W, 67 %, 49
2026/10/10 01:02:23.547, 24043 MiB, 53.50 W, 63 %, 48
2026/10/10 01:02:24.553, 24043 MiB, 53.59 W, 43 %, 48
2026/10/10 01:02:25.557, 24043 MiB, 51.71 W, 18 %, 48
2026/10/10 01:02:26.568, 24043 MiB, 50.29 W, 5 %, 48
2026/10/10 01:02:27.583, 24043 MiB, 48.20 W, 5 %, 49
2026/10/10 01:02:28.588, 24043 MiB, 50.10 W, 32 %, 49
2026/10/10 01:02:29.593, 24043 MiB, 51.70 W, 59 %, 48
2026/10/10 01:02:30.595, 24043 MiB, 53.12 W, 72 %, 48
2026/10/10 01:02:31.607, 24043 MiB, 53.19 W, 47 %, 48
2026/10/10 01:02:32.607, 24043 MiB, 51.67 W, 5 %, 48
2026/10/10 01:02:33.613, 24043 MiB, 48.47 W, 5 %, 48
2026/10/10 01:02:34.618, 24043 MiB, 48.33 W, 5 %, 49
2026/10/10 01:02:35.623, 24043 MiB, 49.01 W, 23 %, 49
2026/10/10 01:02:36.630, 24043 MiB, 51.63 W, 59 %, 48
2026/10/10 01:02:37.631, 24043 MiB, 52.98 W, 70 %, 48
2026/10/10 01:02:38.656, 24043 MiB, 52.79 W, 48 %, 48
2026/10/10 01:02:39.667, 24043 MiB, 51.64 W, 17 %, 48
2026/10/10 01:02:40.668, 24043 MiB, 49.85 W, 6 %, 48
2026/10/10 01:02:41.668, 24043 MiB, 48.73 W, 5 %, 49
2026/10/10 01:02:42.682, 24043 MiB, 49.59 W, 18 %, 49
2026/10/10 01:02:43.696, 24043 MiB, 52.14 W, 55 %, 48
2026/10/10 01:02:44.699, 24043 MiB, 53.41 W, 74 %, 48
2026/10/10 01:02:45.704, 24043 MiB, 53.09 W, 55 %, 48
2026/10/10 01:02:46.711, 24043 MiB, 51.95 W, 18 %, 48
2026/10/10 01:02:47.726, 24043 MiB, 50.39 W, 7 %, 48
2026/10/10 01:02:48.741, 24043 MiB, 48.96 W, 7 %, 49
2026/10/10 01:02:49.743, 24043 MiB, 49.37 W, 6 %, 49
2026/10/10 01:02:50.758, 24043 MiB, 51.06 W, 39 %, 49
2026/10/10 01:02:51.769, 24043 MiB, 53.56 W, 76 %, 48
2026/10/10 01:02:52.771, 24043 MiB, 53.52 W, 61 %, 48
2026/10/10 01:02:53.773, 24043 MiB, 52.72 W, 47 %, 48
2026/10/10 01:02:54.778, 24043 MiB, 52.16 W, 26 %, 48
2026/10/10 01:02:55.792, 24043 MiB, 50.64 W, 5 %, 48
2026/10/10 01:02:56.794, 24043 MiB, 49.65 W, 6 %, 49
2026/10/10 01:02:57.807, 24043 MiB, 49.34 W, 14 %, 49
2026/10/10 01:02:58.822, 24043 MiB, 50.70 W, 36 %, 49
2026/10/10 01:02:59.823, 24043 MiB, 53.65 W, 68 %, 48
2026/10/10 01:03:00.826, 24043 MiB, 53.84 W, 51 %, 48
2026/10/10 01:03:01.839, 24043 MiB, 53.19 W, 31 %, 48
2026/10/10 01:03:02.855, 24043 MiB, 51.97 W, 5 %, 48
2026/10/10 01:03:03.870, 24043 MiB, 49.54 W, 5 %, 48
2026/10/10 01:03:04.884, 24043 MiB, 49.72 W, 10 %, 49
2026/10/10 01:03:05.897, 24043 MiB, 52.03 W, 49 %, 49
2026/10/10 01:03:06.910, 24043 MiB, 53.69 W, 69 %, 48
2026/10/10 01:03:07.924, 24043 MiB, 53.38 W, 37 %, 48
2026/10/10 01:03:08.938, 24043 MiB, 51.09 W, 7 %, 48
2026/10/10 01:03:09.953, 24043 MiB, 49.01 W, 7 %, 49
2026/10/10 01:03:10.967, 24043 MiB, 48.97 W, 5 %, 49
2026/10/10 01:03:11.980, 24043 MiB, 50.34 W, 21 %, 49
2026/10/10 01:03:12.995, 24043 MiB, 52.63 W, 59 %, 49
2026/10/10 01:03:14.010, 24043 MiB, 53.75 W, 71 %, 48
2026/10/10 01:03:15.013, 24043 MiB, 53.11 W, 58 %, 48
2026/10/10 01:03:16.026, 24043 MiB, 52.95 W, 30 %, 48
2026/10/10 01:03:17.041, 24043 MiB, 51.27 W, 5 %, 48
2026/10/10 01:03:18.056, 24043 MiB, 49.48 W, 6 %, 49
2026/10/10 01:03:19.057, 24043 MiB, 48.99 W, 5 %, 49
2026/10/10 01:03:20.073, 24043 MiB, 50.32 W, 25 %, 50
2026/10/10 01:03:21.078, 24043 MiB, 51.71 W, 43 %, 49
2026/10/10 01:03:22.078, 24043 MiB, 53.30 W, 68 %, 49
2026/10/10 01:03:23.092, 24043 MiB, 53.88 W, 64 %, 49
2026/10/10 01:03:24.096, 24043 MiB, 53.38 W, 70 %, 49
2026/10/10 01:03:25.100, 24043 MiB, 54.06 W, 52 %, 49
2026/10/10 01:03:26.103, 24043 MiB, 53.10 W, 35 %, 48
2026/10/10 01:03:27.106, 24043 MiB, 52.18 W, 13 %, 48
2026/10/10 01:03:28.114, 24043 MiB, 50.56 W, 6 %, 48
2026/10/10 01:03:29.117, 24043 MiB, 49.36 W, 5 %, 50
2026/10/10 01:03:30.120, 24043 MiB, 50.87 W, 23 %, 50
2026/10/10 01:03:31.128, 24043 MiB, 52.34 W, 44 %, 49
2026/10/10 01:03:32.136, 24043 MiB, 53.22 W, 64 %, 49
2026/10/10 01:03:33.137, 24043 MiB, 54.13 W, 73 %, 49
2026/10/10 01:03:34.154, 24043 MiB, 53.93 W, 56 %, 49
2026/10/10 01:03:35.159, 24043 MiB, 52.51 W, 28 %, 49
2026/10/10 01:03:36.159, 24043 MiB, 50.40 W, 7 %, 49
2026/10/10 01:03:37.163, 24043 MiB, 49.48 W, 6 %, 48
2026/10/10 01:03:38.171, 24043 MiB, 50.03 W, 5 %, 49
2026/10/10 01:03:39.180, 24043 MiB, 49.66 W, 5 %, 50
2026/10/10 01:03:40.195, 24043 MiB, 52.01 W, 41 %, 49
2026/10/10 01:03:41.197, 24043 MiB, 52.79 W, 66 %, 49
2026/10/10 01:03:42.201, 24043 MiB, 53.02 W, 72 %, 49
2026/10/10 01:03:43.202, 24043 MiB, 53.11 W, 67 %, 49
2026/10/10 01:03:44.206, 24043 MiB, 53.20 W, 49 %, 49
2026/10/10 01:03:45.212, 24043 MiB, 53.12 W, 10 %, 49
2026/10/10 01:03:46.216, 24043 MiB, 50.14 W, 5 %, 49
2026/10/10 01:03:47.219, 24043 MiB, 49.14 W, 5 %, 50
2026/10/10 01:03:48.230, 24043 MiB, 51.04 W, 32 %, 50
2026/10/10 01:03:49.232, 24043 MiB, 53.55 W, 60 %, 49
2026/10/10 01:03:50.241, 24043 MiB, 54.04 W, 68 %, 49
2026/10/10 01:03:51.245, 24043 MiB, 53.91 W, 55 %, 49
2026/10/10 01:03:52.264, 24043 MiB, 53.01 W, 29 %, 49
2026/10/10 01:03:53.270, 24043 MiB, 51.98 W, 14 %, 49
2026/10/10 01:03:54.284, 24043 MiB, 50.93 W, 13 %, 49
2026/10/10 01:03:55.290, 24043 MiB, 50.55 W, 5 %, 49
2026/10/10 01:03:56.298, 24043 MiB, 49.99 W, 5 %, 49
2026/10/10 01:03:57.304, 24043 MiB, 49.52 W, 6 %, 49
2026/10/10 01:03:58.317, 24043 MiB, 49.83 W, 12 %, 49
2026/10/10 01:03:59.320, 24043 MiB, 49.73 W, 5 %, 49
2026/10/10 01:04:00.321, 24043 MiB, 50.08 W, 5 %, 50
2026/10/10 01:04:01.330, 24043 MiB, 50.25 W, 8 %, 50
2026/10/10 01:04:02.334, 24043 MiB, 51.37 W, 29 %, 50
2026/10/10 01:04:03.345, 24043 MiB, 52.28 W, 47 %, 50
2026/10/10 01:04:04.348, 24043 MiB, 52.41 W, 69 %, 49
2026/10/10 01:04:05.354, 24043 MiB, 51.60 W, 76 %, 49
2026/10/10 01:04:06.359, 24043 MiB, 50.24 W, 63 %, 49
2026/10/10 01:04:07.370, 24043 MiB, 49.72 W, 45 %, 49
2026/10/10 01:04:08.380, 24043 MiB, 50.24 W, 5 %, 49
2026/10/10 01:04:09.389, 24043 MiB, 51.38 W, 13 %, 49
2026/10/10 01:04:10.396, 24043 MiB, 52.21 W, 6 %, 49
2026/10/10 01:04:11.402, 24043 MiB, 54.49 W, 74 %, 50
2026/10/10 01:04:12.412, 24043 MiB, 54.52 W, 73 %, 50
2026/10/10 01:04:13.417, 24043 MiB, 54.58 W, 42 %, 50
2026/10/10 01:04:14.420, 24043 MiB, 53.05 W, 11 %, 49
2026/10/10 01:04:15.437, 24043 MiB, 51.35 W, 7 %, 49
2026/10/10 01:04:16.443, 24043 MiB, 50.81 W, 7 %, 49
2026/10/10 01:04:17.445, 24043 MiB, 50.71 W, 5 %, 49
2026/10/10 01:04:18.451, 24043 MiB, 50.20 W, 6 %, 49
2026/10/10 01:04:19.458, 24043 MiB, 52.00 W, 28 %, 49
2026/10/10 01:04:20.465, 24043 MiB, 53.37 W, 48 %, 49
2026/10/10 01:04:21.480, 24043 MiB, 54.85 W, 68 %, 50
2026/10/10 01:04:22.486, 24043 MiB, 55.26 W, 69 %, 50
2026/10/10 01:04:23.497, 24043 MiB, 55.39 W, 72 %, 50
2026/10/10 01:04:24.509, 24043 MiB, 55.28 W, 75 %, 50
2026/10/10 01:04:25.519, 24043 MiB, 54.96 W, 61 %, 50
2026/10/10 01:04:26.521, 24043 MiB, 54.42 W, 34 %, 50
2026/10/10 01:04:27.527, 24043 MiB, 52.58 W, 14 %, 50
2026/10/10 01:04:28.540, 24043 MiB, 51.15 W, 5 %, 49
2026/10/10 01:04:29.542, 24043 MiB, 50.79 W, 6 %, 49
2026/10/10 01:04:30.547, 24043 MiB, 50.28 W, 5 %, 49
2026/10/10 01:04:31.554, 24043 MiB, 50.89 W, 8 %, 49
2026/10/10 01:04:32.560, 24043 MiB, 51.70 W, 29 %, 49
2026/10/10 01:04:33.564, 24043 MiB, 52.53 W, 40 %, 49
2026/10/10 01:04:34.567, 24043 MiB, 54.29 W, 69 %, 50
2026/10/10 01:04:35.572, 24043 MiB, 54.38 W, 69 %, 50
2026/10/10 01:04:36.574, 24043 MiB, 54.70 W, 42 %, 51
2026/10/10 01:04:37.581, 24043 MiB, 53.54 W, 18 %, 50
2026/10/10 01:04:38.589, 24043 MiB, 51.64 W, 19 %, 50
2026/10/10 01:04:39.595, 24043 MiB, 51.13 W, 5 %, 50
2026/10/10 01:04:40.602, 24043 MiB, 49.97 W, 6 %, 49
2026/10/10 01:04:41.612, 24043 MiB, 50.01 W, 5 %, 49
2026/10/10 01:04:42.614, 24043 MiB, 49.65 W, 5 %, 49
2026/10/10 01:04:43.616, 24043 MiB, 50.12 W, 14 %, 49
2026/10/10 01:04:44.625, 24043 MiB, 52.31 W, 41 %, 49
2026/10/10 01:04:45.628, 24043 MiB, 53.33 W, 57 %, 49
2026/10/10 01:04:46.637, 24043 MiB, 54.62 W, 72 %, 50
2026/10/10 01:04:47.649, 24043 MiB, 54.52 W, 72 %, 50
2026/10/10 01:04:48.655, 24043 MiB, 54.36 W, 71 %, 50
2026/10/10 01:04:49.664, 24043 MiB, 54.19 W, 52 %, 51
2026/10/10 01:04:50.671, 24043 MiB, 52.99 W, 35 %, 50
2026/10/10 01:04:51.676, 24043 MiB, 52.10 W, 33 %, 50
2026/10/10 01:04:52.683, 24043 MiB, 52.14 W, 12 %, 50
2026/10/10 01:04:53.692, 24043 MiB, 50.65 W, 20 %, 50
2026/10/10 01:04:54.705, 24043 MiB, 51.46 W, 13 %, 50
2026/10/10 01:04:55.707, 24043 MiB, 50.63 W, 5 %, 50
2026/10/10 01:04:56.720, 24043 MiB, 49.48 W, 6 %, 50
2026/10/10 01:04:57.723, 24043 MiB, 49.88 W, 5 %, 50
2026/10/10 01:04:58.728, 24043 MiB, 50.23 W, 6 %, 50
2026/10/10 01:04:59.732, 24043 MiB, 49.89 W, 5 %, 49
2026/10/10 01:05:00.736, 24043 MiB, 50.34 W, 10 %, 49
2026/10/10 01:05:01.740, 24043 MiB, 51.77 W, 27 %, 49
2026/10/10 01:05:02.756, 24043 MiB, 54.09 W, 60 %, 49
2026/10/10 01:05:03.763, 24043 MiB, 54.62 W, 68 %, 50
2026/10/10 01:05:04.772, 24043 MiB, 54.12 W, 67 %, 51
2026/10/10 01:05:05.778, 24043 MiB, 54.30 W, 52 %, 51
2026/10/10 01:05:06.793, 24043 MiB, 53.37 W, 33 %, 50
2026/10/10 01:05:07.796, 24043 MiB, 52.59 W, 5 %, 50
2026/10/10 01:05:08.798, 24043 MiB, 50.54 W, 5 %, 50
2026/10/10 01:05:09.812, 24043 MiB, 50.41 W, 5 %, 50
2026/10/10 01:05:10.816, 24043 MiB, 50.97 W, 4 %, 50
2026/10/10 01:05:11.828, 24043 MiB, 50.72 W, 6 %, 50
2026/10/10 01:05:12.833, 24043 MiB, 50.95 W, 13 %, 50
2026/10/10 01:05:13.840, 24043 MiB, 52.54 W, 33 %, 50
2026/10/10 01:05:14.845, 24043 MiB, 54.13 W, 65 %, 50
2026/10/10 01:05:15.848, 24043 MiB, 54.15 W, 74 %, 51
2026/10/10 01:05:16.849, 24043 MiB, 54.29 W, 69 %, 51
2026/10/10 01:05:17.864, 24043 MiB, 54.58 W, 52 %, 51
2026/10/10 01:05:18.867, 24043 MiB, 53.96 W, 36 %, 51
2026/10/10 01:05:19.871, 24043 MiB, 53.21 W, 35 %, 51
2026/10/10 01:05:20.886, 24043 MiB, 53.15 W, 27 %, 50
2026/10/10 01:05:21.899, 24043 MiB, 52.36 W, 6 %, 50
2026/10/10 01:05:22.902, 24043 MiB, 51.25 W, 8 %, 50
2026/10/10 01:05:23.916, 24043 MiB, 51.72 W, 7 %, 50
2026/10/10 01:05:24.923, 24043 MiB, 51.99 W, 7 %, 50
2026/10/10 01:05:25.934, 24043 MiB, 51.62 W, 8 %, 50
2026/10/10 01:05:26.936, 24043 MiB, 51.70 W, 6 %, 50
2026/10/10 01:05:27.947, 24043 MiB, 47.51 W, 2 %, 49
2026/10/10 01:05:28.959, 24043 MiB, 143.38 W, 100 %, 52
2026/10/10 01:05:29.961, 24043 MiB, 265.61 W, 100 %, 59
2026/10/10 01:05:30.964, 24043 MiB, 266.03 W, 100 %, 60
2026/10/10 01:05:31.973, 24043 MiB, 183.71 W, 70 %, 57
2026/10/10 01:05:32.976, 24043 MiB, 247.07 W, 93 %, 70
2026/10/10 01:05:33.989, 24043 MiB, 284.71 W, 90 %, 60
2026/10/10 01:05:34.999, 24043 MiB, 253.29 W, 92 %, 64
2026/10/10 01:05:36.011, 24043 MiB, 238.99 W, 100 %, 60
2026/10/10 01:05:37.016, 24043 MiB, 265.05 W, 100 %, 60
2026/10/10 01:05:38.018, 24043 MiB, 266.80 W, 100 %, 61
2026/10/10 01:05:39.024, 24043 MiB, 166.67 W, 93 %, 69
2026/10/10 01:05:40.026, 24043 MiB, 297.80 W, 94 %, 63
2026/10/10 01:05:41.030, 24043 MiB, 283.12 W, 94 %, 60
2026/10/10 01:05:42.044, 24043 MiB, 263.25 W, 94 %, 70
2026/10/10 01:05:43.050, 24043 MiB, 183.66 W, 8 %, 54
2026/10/10 01:05:44.052, 24043 MiB, 110.03 W, 1 %, 55
2026/10/10 01:05:45.053, 24043 MiB, 79.94 W, 6 %, 51
2026/10/10 01:05:46.060, 24043 MiB, 62.46 W, 41 %, 50
2026/10/10 01:05:47.066, 24043 MiB, 59.37 W, 2 %, 50
2026/10/10 01:05:48.068, 24043 MiB, 58.23 W, 43 %, 49
2026/10/10 01:05:49.083, 24043 MiB, 57.00 W, 3 %, 49
2026/10/10 01:05:50.088, 24043 MiB, 55.83 W, 39 %, 49
2026/10/10 01:05:51.096, 24043 MiB, 55.35 W, 33 %, 48
2026/10/10 01:05:52.098, 24043 MiB, 54.60 W, 3 %, 49
2026/10/10 01:05:53.107, 24043 MiB, 55.17 W, 46 %, 48
2026/10/10 01:05:54.112, 24043 MiB, 56.44 W, 56 %, 47
2026/10/10 01:05:55.124, 24043 MiB, 56.53 W, 63 %, 47
2026/10/10 01:05:56.139, 24043 MiB, 55.44 W, 47 %, 47
2026/10/10 01:05:57.151, 24043 MiB, 53.48 W, 21 %, 48
2026/10/10 01:05:58.165, 24043 MiB, 52.33 W, 5 %, 47
2026/10/10 01:05:59.170, 24043 MiB, 52.30 W, 26 %, 46
2026/10/10 01:06:00.175, 24043 MiB, 54.19 W, 70 %, 46
2026/10/10 01:06:01.181, 24043 MiB, 53.75 W, 28 %, 47
2026/10/10 01:06:02.190, 24043 MiB, 51.90 W, 5 %, 45
2026/10/10 01:06:03.192, 24043 MiB, 52.10 W, 64 %, 45
2026/10/10 01:06:04.195, 24043 MiB, 53.79 W, 37 %, 46
2026/10/10 01:06:05.195, 24043 MiB, 51.78 W, 6 %, 46
2026/10/10 01:06:06.199, 24043 MiB, 51.46 W, 35 %, 45
2026/10/10 01:06:07.207, 24043 MiB, 52.87 W, 70 %, 45
2026/10/10 01:06:08.219, 24043 MiB, 50.67 W, 11 %, 46
2026/10/10 01:06:09.223, 24043 MiB, 50.45 W, 11 %, 44
2026/10/10 01:06:10.229, 24043 MiB, 51.18 W, 71 %, 44
2026/10/10 01:06:11.232, 24043 MiB, 52.88 W, 40 %, 45
2026/10/10 01:06:12.243, 24043 MiB, 50.21 W, 5 %, 45
2026/10/10 01:06:13.258, 24043 MiB, 50.41 W, 48 %, 44
2026/10/10 01:06:14.271, 24043 MiB, 52.17 W, 50 %, 44
2026/10/10 01:06:15.279, 24043 MiB, 50.25 W, 6 %, 45
2026/10/10 01:06:16.291, 24043 MiB, 50.11 W, 16 %, 43
2026/10/10 01:06:17.299, 24043 MiB, 51.67 W, 69 %, 44
2026/10/10 01:06:18.302, 24043 MiB, 51.44 W, 27 %, 45
2026/10/10 01:06:19.310, 24043 MiB, 49.74 W, 5 %, 44
2026/10/10 01:06:20.323, 24043 MiB, 49.52 W, 59 %, 43
2026/10/10 01:06:21.329, 24043 MiB, 51.49 W, 47 %, 44
2026/10/10 01:06:22.332, 24043 MiB, 49.88 W, 5 %, 44
2026/10/10 01:06:23.335, 24043 MiB, 50.01 W, 40 %, 43
2026/10/10 01:06:24.344, 24043 MiB, 51.65 W, 54 %, 43
2026/10/10 01:06:25.349, 24043 MiB, 50.76 W, 7 %, 44
2026/10/10 01:06:26.359, 24043 MiB, 50.53 W, 21 %, 42
2026/10/10 01:06:27.363, 24043 MiB, 51.67 W, 78 %, 43
2026/10/10 01:06:28.372, 24043 MiB, 50.68 W, 23 %, 44
2026/10/10 01:06:29.380, 24043 MiB, 49.97 W, 7 %, 42
2026/10/10 01:06:30.387, 24043 MiB, 50.77 W, 64 %, 42
2026/10/10 01:06:31.398, 24043 MiB, 52.35 W, 49 %, 43
2026/10/10 01:06:32.408, 24043 MiB, 50.16 W, 7 %, 43
2026/10/10 01:06:33.417, 24043 MiB, 50.21 W, 34 %, 42
2026/10/10 01:06:34.422, 24043 MiB, 51.58 W, 67 %, 42
2026/10/10 01:06:35.428, 24043 MiB, 50.81 W, 14 %, 43
2026/10/10 01:06:36.434, 24043 MiB, 50.25 W, 10 %, 41
2026/10/10 01:06:37.438, 24043 MiB, 50.69 W, 74 %, 42
2026/10/10 01:06:38.446, 24043 MiB, 51.91 W, 41 %, 42
2026/10/10 01:06:39.452, 24043 MiB, 49.80 W, 5 %, 42
2026/10/10 01:06:40.456, 24043 MiB, 49.59 W, 69 %, 41
2026/10/10 01:06:41.468, 24043 MiB, 50.58 W, 24 %, 42
2026/10/10 01:06:42.473, 24043 MiB, 51.36 W, 37 %, 42
2026/10/10 01:06:43.479, 24043 MiB, 49.66 W, 6 %, 41
2026/10/10 01:06:44.483, 24043 MiB, 49.87 W, 66 %, 41
2026/10/10 01:06:45.494, 24043 MiB, 51.42 W, 40 %, 42
2026/10/10 01:06:46.502, 24043 MiB, 49.45 W, 6 %, 41
2026/10/10 01:06:47.514, 24043 MiB, 49.72 W, 51 %, 41
2026/10/10 01:06:48.522, 24043 MiB, 52.13 W, 64 %, 41
2026/10/10 01:06:49.532, 24043 MiB, 49.39 W, 5 %, 41
2026/10/10 01:06:50.545, 24043 MiB, 49.35 W, 48 %, 40
2026/10/10 01:06:51.550, 24043 MiB, 52.23 W, 68 %, 41
2026/10/10 01:06:52.559, 24043 MiB, 49.54 W, 5 %, 41
2026/10/10 01:06:53.573, 24043 MiB, 49.40 W, 61 %, 40
2026/10/10 01:06:54.583, 24043 MiB, 50.59 W, 34 %, 41
2026/10/10 01:06:55.596, 24043 MiB, 49.60 W, 9 %, 40
2026/10/10 01:06:56.607, 24043 MiB, 49.76 W, 67 %, 40
2026/10/10 01:06:57.613, 24043 MiB, 51.09 W, 37 %, 41
2026/10/10 01:06:58.624, 24043 MiB, 49.31 W, 5 %, 40
2026/10/10 01:06:59.636, 24043 MiB, 49.02 W, 68 %, 40
2026/10/10 01:07:00.645, 24043 MiB, 51.39 W, 43 %, 41
2026/10/10 01:07:01.660, 24043 MiB, 48.68 W, 8 %, 41
2026/10/10 01:07:02.669, 24043 MiB, 48.69 W, 22 %, 40
2026/10/10 01:07:03.672, 24043 MiB, 49.89 W, 69 %, 40
2026/10/10 01:07:04.675, 24043 MiB, 50.18 W, 35 %, 41
2026/10/10 01:07:05.684, 24043 MiB, 48.81 W, 5 %, 40
2026/10/10 01:07:06.691, 24043 MiB, 48.95 W, 63 %, 40
2026/10/10 01:07:07.703, 24043 MiB, 50.89 W, 49 %, 41
2026/10/10 01:07:08.715, 24043 MiB, 49.31 W, 8 %, 40
2026/10/10 01:07:09.728, 24043 MiB, 48.92 W, 73 %, 40
2026/10/10 01:07:10.734, 24043 MiB, 50.76 W, 36 %, 41
2026/10/10 01:07:11.739, 24043 MiB, 49.26 W, 11 %, 40
2026/10/10 01:07:12.742, 24043 MiB, 48.79 W, 69 %, 41
2026/10/10 01:07:13.747, 24043 MiB, 48.44 W, 42 %, 41
2026/10/10 01:07:14.751, 24043 MiB, 50.57 W, 5 %, 41
2026/10/10 01:07:15.756, 24043 MiB, 48.91 W, 56 %, 41
2026/10/10 01:07:16.760, 24043 MiB, 48.74 W, 50 %, 41
2026/10/10 01:07:17.764, 24043 MiB, 50.11 W, 6 %, 42
2026/10/10 01:07:18.772, 24043 MiB, 51.08 W, 15 %, 41
2026/10/10 01:07:19.783, 24043 MiB, 48.87 W, 70 %, 41
2026/10/10 01:07:20.791, 24043 MiB, 49.01 W, 62 %, 42
2026/10/10 01:07:21.807, 24043 MiB, 51.06 W, 42 %, 41
2026/10/10 01:07:22.817, 24043 MiB, 49.55 W, 6 %, 41
2026/10/10 01:07:23.832, 24043 MiB, 49.45 W, 71 %, 42
2026/10/10 01:07:24.838, 24043 MiB, 49.68 W, 18 %, 41
2026/10/10 01:07:25.841, 24043 MiB, 48.44 W, 5 %, 41
2026/10/10 01:07:26.842, 24043 MiB, 48.93 W, 44 %, 42
2026/10/10 01:07:27.845, 24043 MiB, 50.49 W, 55 %, 41
2026/10/10 01:07:28.861, 24043 MiB, 49.09 W, 7 %, 41
2026/10/10 01:07:29.869, 24043 MiB, 49.26 W, 47 %, 42
2026/10/10 01:07:30.875, 24043 MiB, 50.11 W, 40 %, 41
2026/10/10 01:07:31.879, 24043 MiB, 48.94 W, 5 %, 42
2026/10/10 01:07:32.885, 24043 MiB, 49.44 W, 74 %, 42
2026/10/10 01:07:33.887, 24043 MiB, 50.39 W, 24 %, 41
2026/10/10 01:07:34.888, 24043 MiB, 49.39 W, 10 %, 42
2026/10/10 01:07:35.898, 24043 MiB, 49.98 W, 70 %, 42
2026/10/10 01:07:36.900, 24043 MiB, 49.74 W, 5 %, 42
2026/10/10 01:07:37.904, 24043 MiB, 49.19 W, 31 %, 42
2026/10/10 01:07:38.904, 24043 MiB, 51.35 W, 67 %, 42
2026/10/10 01:07:39.912, 24043 MiB, 50.58 W, 32 %, 42
2026/10/10 01:07:40.927, 24043 MiB, 48.92 W, 5 %, 42
2026/10/10 01:07:41.936, 24043 MiB, 49.42 W, 41 %, 43
2026/10/10 01:07:42.945, 24043 MiB, 50.93 W, 51 %, 42
2026/10/10 01:07:43.959, 24043 MiB, 49.57 W, 6 %, 42
2026/10/10 01:07:44.962, 24043 MiB, 49.63 W, 53 %, 43
2026/10/10 01:07:45.969, 24043 MiB, 50.86 W, 45 %, 42
2026/10/10 01:07:46.980, 24043 MiB, 50.03 W, 7 %, 42
2026/10/10 01:07:47.988, 24043 MiB, 50.32 W, 10 %, 42
2026/10/10 01:07:48.994, 24043 MiB, 50.48 W, 75 %, 43
2026/10/10 01:07:50.000, 24043 MiB, 52.01 W, 41 %, 42
2026/10/10 01:07:51.003, 24043 MiB, 50.21 W, 7 %, 42
2026/10/10 01:07:52.005, 24043 MiB, 50.47 W, 58 %, 43
2026/10/10 01:07:53.012, 24043 MiB, 51.63 W, 35 %, 42
2026/10/10 01:07:54.021, 24043 MiB, 50.42 W, 24 %, 43
2026/10/10 01:07:55.026, 24043 MiB, 49.85 W, 53 %, 42
2026/10/10 01:07:56.028, 24043 MiB, 50.52 W, 5 %, 42
2026/10/10 01:07:57.034, 24043 MiB, 50.26 W, 64 %, 43
2026/10/10 01:07:58.040, 24043 MiB, 51.73 W, 36 %, 42
2026/10/10 01:07:59.042, 24043 MiB, 50.16 W, 13 %, 43
2026/10/10 01:08:00.053, 24043 MiB, 50.76 W, 71 %, 43
2026/10/10 01:08:01.055, 24043 MiB, 50.15 W, 20 %, 42
2026/10/10 01:08:02.060, 24043 MiB, 50.17 W, 38 %, 43
2026/10/10 01:08:03.076, 24043 MiB, 52.01 W, 64 %, 42
2026/10/10 01:08:04.078, 24043 MiB, 50.62 W, 5 %, 43
2026/10/10 01:08:05.092, 24043 MiB, 50.08 W, 54 %, 44
2026/10/10 01:08:06.106, 24043 MiB, 51.14 W, 45 %, 42
2026/10/10 01:08:07.122, 24043 MiB, 50.10 W, 5 %, 43
2026/10/10 01:08:08.137, 24043 MiB, 49.69 W, 66 %, 44
2026/10/10 01:08:09.140, 24043 MiB, 51.21 W, 32 %, 43
2026/10/10 01:08:10.152, 24043 MiB, 50.00 W, 14 %, 43
2026/10/10 01:08:11.153, 24043 MiB, 51.09 W, 70 %, 44
2026/10/10 01:08:12.167, 24043 MiB, 50.70 W, 24 %, 43
2026/10/10 01:08:13.167, 24043 MiB, 49.98 W, 22 %, 43
2026/10/10 01:08:14.171, 24043 MiB, 50.96 W, 74 %, 44
2026/10/10 01:08:15.179, 24043 MiB, 50.47 W, 17 %, 43
2026/10/10 01:08:16.181, 24043 MiB, 50.01 W, 42 %, 44
2026/10/10 01:08:17.185, 24043 MiB, 51.17 W, 61 %, 43
2026/10/10 01:08:18.199, 24043 MiB, 50.45 W, 5 %, 43
2026/10/10 01:08:19.201, 24043 MiB, 50.49 W, 55 %, 44
2026/10/10 01:08:20.207, 24043 MiB, 50.20 W, 17 %, 43
2026/10/10 01:08:21.211, 24043 MiB, 49.91 W, 39 %, 44
2026/10/10 01:08:22.225, 24043 MiB, 51.05 W, 56 %, 43
2026/10/10 01:08:23.230, 24043 MiB, 50.38 W, 6 %, 43
2026/10/10 01:08:24.240, 24043 MiB, 49.65 W, 70 %, 44
2026/10/10 01:08:25.244, 24043 MiB, 51.00 W, 25 %, 43
2026/10/10 01:08:26.259, 24043 MiB, 50.47 W, 12 %, 44
2026/10/10 01:08:27.271, 24043 MiB, 50.84 W, 66 %, 44
2026/10/10 01:08:28.272, 24043 MiB, 53.16 W, 46 %, 43
2026/10/10 01:08:29.275, 24043 MiB, 50.75 W, 14 %, 44
2026/10/10 01:08:30.281, 24043 MiB, 51.38 W, 70 %, 44
2026/10/10 01:08:31.290, 24043 MiB, 50.72 W, 16 %, 43
2026/10/10 01:08:32.301, 24043 MiB, 50.37 W, 32 %, 44
2026/10/10 01:08:33.308, 24043 MiB, 52.45 W, 68 %, 44
2026/10/10 01:08:34.322, 24043 MiB, 50.16 W, 8 %, 43
2026/10/10 01:08:35.331, 24043 MiB, 49.98 W, 38 %, 44
2026/10/10 01:08:36.340, 24043 MiB, 49.94 W, 39 %, 43
2026/10/10 01:08:37.347, 24043 MiB, 50.08 W, 15 %, 43
2026/10/10 01:08:38.355, 24043 MiB, 50.97 W, 67 %, 44
2026/10/10 01:08:39.366, 24043 MiB, 51.55 W, 38 %, 44
2026/10/10 01:08:40.375, 24043 MiB, 50.33 W, 23 %, 44
2026/10/10 01:08:41.379, 24043 MiB, 51.05 W, 66 %, 44
2026/10/10 01:08:42.393, 24043 MiB, 49.48 W, 7 %, 45
2026/10/10 01:08:43.405, 24043 MiB, 50.09 W, 77 %, 44
2026/10/10 01:08:44.411, 24043 MiB, 51.60 W, 32 %, 45
2026/10/10 01:08:45.415, 24043 MiB, 50.29 W, 7 %, 44
2026/10/10 01:08:46.422, 24043 MiB, 50.42 W, 73 %, 44
2026/10/10 01:08:47.430, 24043 MiB, 51.09 W, 24 %, 45
2026/10/10 01:08:48.437, 24043 MiB, 50.12 W, 30 %, 44
2026/10/10 01:08:49.442, 24043 MiB, 50.97 W, 64 %, 44
2026/10/10 01:08:50.449, 24043 MiB, 50.87 W, 5 %, 44
2026/10/10 01:08:51.450, 24043 MiB, 50.37 W, 70 %, 44
2026/10/10 01:08:52.458, 24043 MiB, 50.77 W, 23 %, 45
2026/10/10 01:08:53.465, 24043 MiB, 50.54 W, 30 %, 44
2026/10/10 01:08:54.470, 24043 MiB, 50.35 W, 49 %, 45
2026/10/10 01:08:55.476, 24043 MiB, 50.66 W, 5 %, 44
2026/10/10 01:08:56.480, 24043 MiB, 50.28 W, 70 %, 44
2026/10/10 01:08:57.486, 24043 MiB, 50.16 W, 12 %, 45
2026/10/10 01:08:58.500, 24043 MiB, 50.00 W, 40 %, 44
2026/10/10 01:08:59.514, 24043 MiB, 50.07 W, 54 %, 44
2026/10/10 01:09:00.522, 24043 MiB, 50.54 W, 27 %, 45
2026/10/10 01:09:01.526, 24043 MiB, 50.52 W, 17 %, 44
2026/10/10 01:09:02.536, 24043 MiB, 51.55 W, 67 %, 44
2026/10/10 01:09:03.540, 24043 MiB, 52.24 W, 40 %, 45
2026/10/10 01:09:04.549, 24043 MiB, 50.75 W, 5 %, 45
2026/10/10 01:09:05.557, 24043 MiB, 50.61 W, 73 %, 44
2026/10/10 01:09:06.569, 24043 MiB, 50.80 W, 19 %, 46
2026/10/10 01:09:07.576, 24043 MiB, 50.05 W, 7 %, 44
2026/10/10 01:09:08.584, 24043 MiB, 50.69 W, 76 %, 45
2026/10/10 01:09:09.594, 24043 MiB, 50.51 W, 5 %, 45
2026/10/10 01:09:10.603, 24043 MiB, 50.14 W, 50 %, 44
2026/10/10 01:09:11.607, 24043 MiB, 50.96 W, 35 %, 46
2026/10/10 01:09:12.617, 24043 MiB, 50.25 W, 13 %, 44
2026/10/10 01:09:13.626, 24043 MiB, 51.12 W, 72 %, 45
2026/10/10 01:09:14.637, 24043 MiB, 50.36 W, 5 %, 46
2026/10/10 01:09:15.645, 24043 MiB, 49.99 W, 54 %, 45
2026/10/10 01:09:16.658, 24043 MiB, 50.55 W, 29 %, 46
2026/10/10 01:09:17.669, 24043 MiB, 50.07 W, 5 %, 45
2026/10/10 01:09:18.676, 24043 MiB, 50.81 W, 75 %, 45
2026/10/10 01:09:19.688, 24043 MiB, 50.87 W, 6 %, 45
2026/10/10 01:09:20.700, 24043 MiB, 50.30 W, 50 %, 45
2026/10/10 01:09:21.710, 24043 MiB, 51.65 W, 41 %, 46
2026/10/10 01:09:22.721, 24043 MiB, 49.87 W, 6 %, 45
2026/10/10 01:09:23.734, 24043 MiB, 50.53 W, 70 %, 45
2026/10/10 01:09:24.748, 24043 MiB, 50.49 W, 6 %, 46
2026/10/10 01:09:25.761, 24043 MiB, 50.30 W, 40 %, 45
2026/10/10 01:09:26.764, 24043 MiB, 50.92 W, 50 %, 46
2026/10/10 01:09:27.772, 24043 MiB, 50.82 W, 7 %, 45
2026/10/10 01:09:28.781, 24043 MiB, 50.90 W, 79 %, 45
2026/10/10 01:09:29.789, 24043 MiB, 50.91 W, 8 %, 46
2026/10/10 01:09:30.797, 24043 MiB, 50.62 W, 47 %, 45
2026/10/10 01:09:31.808, 24043 MiB, 51.50 W, 36 %, 46
2026/10/10 01:09:32.817, 24043 MiB, 51.29 W, 11 %, 45
2026/10/10 01:09:33.822, 24043 MiB, 51.70 W, 67 %, 45
2026/10/10 01:09:34.837, 24043 MiB, 51.61 W, 6 %, 46
2026/10/10 01:09:35.847, 24043 MiB, 51.86 W, 69 %, 45
2026/10/10 01:09:36.857, 24043 MiB, 51.39 W, 10 %, 46
2026/10/10 01:09:37.868, 24043 MiB, 51.40 W, 34 %, 45
2026/10/10 01:09:38.881, 24043 MiB, 52.95 W, 56 %, 46
2026/10/10 01:09:39.892, 24043 MiB, 51.26 W, 6 %, 46
2026/10/10 01:09:40.906, 24043 MiB, 51.05 W, 39 %, 45
2026/10/10 01:09:41.911, 24043 MiB, 51.09 W, 34 %, 47
2026/10/10 01:09:42.916, 24043 MiB, 51.78 W, 17 %, 45
2026/10/10 01:09:43.921, 24043 MiB, 52.78 W, 67 %, 45
2026/10/10 01:09:44.925, 24043 MiB, 52.18 W, 25 %, 47
2026/10/10 01:09:45.927, 24043 MiB, 51.08 W, 20 %, 45
2026/10/10 01:09:46.938, 24043 MiB, 51.97 W, 63 %, 46
2026/10/10 01:09:47.943, 24043 MiB, 51.08 W, 5 %, 46
2026/10/10 01:09:48.952, 24043 MiB, 51.68 W, 72 %, 46
2026/10/10 01:09:49.965, 24043 MiB, 52.02 W, 19 %, 47
2026/10/10 01:09:50.977, 24043 MiB, 51.84 W, 19 %, 45
2026/10/10 01:09:51.979, 24043 MiB, 51.87 W, 56 %, 46
2026/10/10 01:09:52.983, 24043 MiB, 52.24 W, 5 %, 46
2026/10/10 01:09:53.985, 24043 MiB, 51.65 W, 70 %, 46
2026/10/10 01:09:54.990, 24043 MiB, 51.48 W, 6 %, 46
2026/10/10 01:09:55.997, 24043 MiB, 51.18 W, 56 %, 46
2026/10/10 01:09:57.008, 24043 MiB, 50.90 W, 18 %, 47
2026/10/10 01:09:58.019, 24043 MiB, 51.42 W, 8 %, 46
2026/10/10 01:09:59.029, 24043 MiB, 51.93 W, 61 %, 46
2026/10/10 01:10:00.037, 24043 MiB, 53.29 W, 46 %, 46
2026/10/10 01:10:01.041, 24043 MiB, 51.42 W, 8 %, 46
2026/10/10 01:10:02.052, 24043 MiB, 51.58 W, 71 %, 46
2026/10/10 01:10:03.063, 24043 MiB, 52.06 W, 18 %, 47
2026/10/10 01:10:04.064, 24043 MiB, 51.51 W, 43 %, 46
2026/10/10 01:10:05.068, 24043 MiB, 52.58 W, 51 %, 46
2026/10/10 01:10:06.075, 24043 MiB, 51.81 W, 12 %, 46
2026/10/10 01:10:07.083, 24043 MiB, 52.47 W, 70 %, 46
2026/10/10 01:10:08.096, 24043 MiB, 51.99 W, 5 %, 47
2026/10/10 01:10:09.105, 24043 MiB, 51.13 W, 61 %, 46
2026/10/10 01:10:10.112, 24043 MiB, 51.69 W, 23 %, 47
2026/10/10 01:10:11.126, 24043 MiB, 51.42 W, 31 %, 46
2026/10/10 01:10:12.134, 24043 MiB, 52.86 W, 64 %, 46
2026/10/10 01:10:13.139, 24043 MiB, 51.58 W, 5 %, 47
2026/10/10 01:10:14.146, 24043 MiB, 51.80 W, 53 %, 46
2026/10/10 01:10:15.152, 24043 MiB, 52.11 W, 35 %, 47
2026/10/10 01:10:16.157, 24043 MiB, 51.71 W, 29 %, 46
2026/10/10 01:10:17.162, 24043 MiB, 53.31 W, 67 %, 46
2026/10/10 01:10:18.163, 24043 MiB, 52.50 W, 5 %, 47
2026/10/10 01:10:19.169, 24043 MiB, 51.95 W, 71 %, 46
2026/10/10 01:10:20.185, 24043 MiB, 52.16 W, 6 %, 47
2026/10/10 01:10:21.197, 24043 MiB, 52.03 W, 54 %, 46
2026/10/10 01:10:22.210, 24043 MiB, 51.96 W, 28 %, 47
2026/10/10 01:10:23.212, 24043 MiB, 51.46 W, 36 %, 46
2026/10/10 01:10:24.215, 24043 MiB, 51.81 W, 52 %, 47
2026/10/10 01:10:25.224, 24043 MiB, 52.10 W, 28 %, 46
2026/10/10 01:10:26.228, 24043 MiB, 51.88 W, 22 %, 47
2026/10/10 01:10:27.230, 24043 MiB, 51.48 W, 47 %, 46
2026/10/10 01:10:28.243, 24043 MiB, 51.83 W, 5 %, 47
2026/10/10 01:10:29.251, 24043 MiB, 51.83 W, 71 %, 47
2026/10/10 01:10:30.259, 24043 MiB, 51.72 W, 5 %, 46
2026/10/10 01:10:31.264, 24043 MiB, 51.85 W, 38 %, 47
2026/10/10 01:10:32.267, 24043 MiB, 53.19 W, 54 %, 46
2026/10/10 01:10:33.271, 24043 MiB, 52.00 W, 5 %, 47
2026/10/10 01:10:34.274, 24043 MiB, 51.74 W, 67 %, 48
2026/10/10 01:10:35.281, 24043 MiB, 53.36 W, 33 %, 46
2026/10/10 01:10:36.294, 24043 MiB, 51.62 W, 19 %, 47
2026/10/10 01:10:37.296, 24043 MiB, 51.69 W, 61 %, 46
2026/10/10 01:10:38.298, 24043 MiB, 51.57 W, 7 %, 47
2026/10/10 01:10:39.301, 24043 MiB, 51.18 W, 81 %, 47
2026/10/10 01:10:40.317, 24043 MiB, 51.45 W, 16 %, 46
2026/10/10 01:10:41.321, 24043 MiB, 50.54 W, 24 %, 47
2026/10/10 01:10:42.330, 24043 MiB, 51.11 W, 47 %, 46
2026/10/10 01:10:43.346, 24043 MiB, 51.16 W, 5 %, 47
2026/10/10 01:10:44.349, 24043 MiB, 51.97 W, 70 %, 47
2026/10/10 01:10:45.352, 24043 MiB, 51.76 W, 6 %, 47
2026/10/10 01:10:46.359, 24043 MiB, 51.99 W, 58 %, 48
2026/10/10 01:10:47.361, 24043 MiB, 51.01 W, 11 %, 47
2026/10/10 01:10:48.365, 24043 MiB, 51.70 W, 39 %, 48
2026/10/10 01:10:49.368, 24043 MiB, 52.24 W, 44 %, 47
2026/10/10 01:10:50.373, 24043 MiB, 51.97 W, 14 %, 47
2026/10/10 01:10:51.388, 24043 MiB, 51.67 W, 60 %, 47
2026/10/10 01:10:52.390, 24043 MiB, 52.41 W, 5 %, 47
2026/10/10 01:10:53.403, 24043 MiB, 52.41 W, 57 %, 48
2026/10/10 01:10:54.410, 24043 MiB, 51.97 W, 8 %, 47
2026/10/10 01:10:55.423, 24043 MiB, 51.94 W, 42 %, 48
2026/10/10 01:10:56.439, 24043 MiB, 52.10 W, 33 %, 47
2026/10/10 01:10:57.447, 24043 MiB, 52.20 W, 43 %, 48
2026/10/10 01:10:58.449, 24043 MiB, 51.04 W, 5 %, 47
2026/10/10 01:10:59.452, 24043 MiB, 52.25 W, 40 %, 48
2026/10/10 01:11:00.457, 24043 MiB, 54.27 W, 63 %, 47
2026/10/10 01:11:01.463, 24043 MiB, 52.59 W, 5 %, 47
2026/10/10 01:11:02.473, 24043 MiB, 52.25 W, 79 %, 48
2026/10/10 01:11:03.489, 24043 MiB, 51.82 W, 7 %, 47
2026/10/10 01:11:04.497, 24043 MiB, 51.79 W, 59 %, 48
2026/10/10 01:11:05.505, 24043 MiB, 51.21 W, 18 %, 47
2026/10/10 01:11:06.515, 24043 MiB, 51.62 W, 26 %, 48
2026/10/10 01:11:07.522, 24043 MiB, 53.28 W, 71 %, 48
2026/10/10 01:11:08.527, 24043 MiB, 52.35 W, 6 %, 47
2026/10/10 01:11:09.535, 24043 MiB, 51.88 W, 5 %, 47
2026/10/10 01:11:10.538, 24043 MiB, 51.76 W, 70 %, 48
2026/10/10 01:11:11.547, 24043 MiB, 51.93 W, 5 %, 47
2026/10/10 01:11:12.561, 24043 MiB, 52.38 W, 60 %, 48
2026/10/10 01:11:13.571, 24043 MiB, 52.26 W, 14 %, 47
2026/10/10 01:11:14.584, 24043 MiB, 51.99 W, 41 %, 48
2026/10/10 01:11:15.596, 24043 MiB, 51.64 W, 37 %, 47
2026/10/10 01:11:16.603, 24043 MiB, 51.58 W, 30 %, 48
2026/10/10 01:11:17.617, 24043 MiB, 52.22 W, 55 %, 47
2026/10/10 01:11:18.626, 24043 MiB, 51.87 W, 12 %, 48
2026/10/10 01:11:19.626, 24043 MiB, 51.96 W, 68 %, 47
2026/10/10 01:11:20.629, 24043 MiB, 51.44 W, 5 %, 47
2026/10/10 01:11:21.637, 24043 MiB, 51.76 W, 70 %, 48
2026/10/10 01:11:22.643, 24043 MiB, 51.73 W, 5 %, 47
2026/10/10 01:11:23.646, 24043 MiB, 51.84 W, 66 %, 48
2026/10/10 01:11:24.654, 24043 MiB, 51.78 W, 5 %, 47
2026/10/10 01:11:25.667, 24043 MiB, 51.75 W, 52 %, 48
2026/10/10 01:11:26.678, 24043 MiB, 51.74 W, 25 %, 47
2026/10/10 01:11:27.692, 24043 MiB, 51.87 W, 39 %, 48
2026/10/10 01:11:28.694, 24043 MiB, 50.83 W, 26 %, 47
2026/10/10 01:11:29.700, 24043 MiB, 51.55 W, 40 %, 49
2026/10/10 01:11:30.707, 24043 MiB, 51.72 W, 35 %, 47
2026/10/10 01:11:31.711, 24043 MiB, 52.01 W, 32 %, 48
2026/10/10 01:11:32.716, 24043 MiB, 52.00 W, 46 %, 47
2026/10/10 01:11:33.719, 24043 MiB, 52.13 W, 25 %, 48
2026/10/10 01:11:34.725, 24043 MiB, 52.05 W, 58 %, 47
2026/10/10 01:11:35.730, 24043 MiB, 52.22 W, 9 %, 48
2026/10/10 01:11:36.740, 24043 MiB, 51.55 W, 69 %, 48
2026/10/10 01:11:37.753, 24043 MiB, 52.21 W, 8 %, 48
2026/10/10 01:11:38.758, 24043 MiB, 52.51 W, 74 %, 48
2026/10/10 01:11:39.772, 24043 MiB, 52.50 W, 7 %, 48
2026/10/10 01:11:40.785, 24043 MiB, 52.44 W, 71 %, 48
2026/10/10 01:11:41.800, 24043 MiB, 52.34 W, 5 %, 48
2026/10/10 01:11:42.809, 24043 MiB, 52.45 W, 61 %, 48
2026/10/10 01:11:43.818, 24043 MiB, 51.86 W, 5 %, 49
2026/10/10 01:11:44.827, 24043 MiB, 52.38 W, 51 %, 48
2026/10/10 01:11:45.836, 24043 MiB, 53.72 W, 36 %, 49
2026/10/10 01:11:46.850, 24043 MiB, 52.62 W, 22 %, 48
2026/10/10 01:11:47.860, 24043 MiB, 52.90 W, 60 %, 48
2026/10/10 01:11:48.874, 24043 MiB, 52.08 W, 5 %, 48
2026/10/10 01:11:49.883, 24043 MiB, 52.48 W, 70 %, 48
2026/10/10 01:11:50.885, 24043 MiB, 52.44 W, 5 %, 49
2026/10/10 01:11:51.893, 24043 MiB, 52.66 W, 57 %, 48
2026/10/10 01:11:52.896, 24043 MiB, 52.49 W, 19 %, 49
2026/10/10 01:11:53.898, 24043 MiB, 52.34 W, 60 %, 48
2026/10/10 01:11:54.900, 24043 MiB, 51.97 W, 11 %, 49
2026/10/10 01:11:55.904, 24043 MiB, 52.62 W, 53 %, 48
2026/10/10 01:11:56.920, 24043 MiB, 52.73 W, 20 %, 49
2026/10/10 01:11:57.924, 24043 MiB, 52.76 W, 47 %, 48
2026/10/10 01:11:58.931, 24043 MiB, 52.38 W, 19 %, 49
2026/10/10 01:11:59.940, 24043 MiB, 52.67 W, 39 %, 48
2026/10/10 01:12:00.955, 24043 MiB, 51.84 W, 26 %, 49
2026/10/10 01:12:01.963, 24043 MiB, 52.37 W, 33 %, 48
2026/10/10 01:12:02.988, 24043 MiB, 53.29 W, 48 %, 48
2026/10/10 01:12:03.993, 24043 MiB, 52.63 W, 24 %, 48
2026/10/10 01:12:05.004, 24043 MiB, 53.08 W, 55 %, 48
2026/10/10 01:12:06.015, 24043 MiB, 52.51 W, 9 %, 48
2026/10/10 01:12:07.025, 24043 MiB, 51.89 W, 69 %, 48
2026/10/10 01:12:08.035, 24043 MiB, 52.32 W, 7 %, 48
2026/10/10 01:12:09.044, 24043 MiB, 53.28 W, 35 %, 48
2026/10/10 01:12:10.057, 24043 MiB, 52.84 W, 40 %, 49
2026/10/10 01:12:11.065, 24043 MiB, 53.19 W, 16 %, 48
2026/10/10 01:12:12.077, 24043 MiB, 53.01 W, 66 %, 48
2026/10/10 01:12:13.081, 24043 MiB, 52.93 W, 7 %, 48
2026/10/10 01:12:14.084, 24043 MiB, 52.06 W, 69 %, 48
2026/10/10 01:12:15.086, 24043 MiB, 52.89 W, 5 %, 48
2026/10/10 01:12:16.092, 24043 MiB, 52.52 W, 74 %, 48
2026/10/10 01:12:17.108, 24043 MiB, 53.33 W, 5 %, 48
2026/10/10 01:12:18.115, 24043 MiB, 53.35 W, 70 %, 48
2026/10/10 01:12:19.123, 24043 MiB, 52.83 W, 5 %, 49
2026/10/10 01:12:20.129, 24043 MiB, 53.22 W, 75 %, 48
2026/10/10 01:12:21.135, 24043 MiB, 53.28 W, 5 %, 49
2026/10/10 01:12:22.140, 24043 MiB, 52.84 W, 52 %, 48
2026/10/10 01:12:23.147, 24043 MiB, 52.96 W, 15 %, 49
2026/10/10 01:12:24.159, 24043 MiB, 53.41 W, 66 %, 48
2026/10/10 01:12:25.161, 24043 MiB, 53.48 W, 15 %, 49
2026/10/10 01:12:26.164, 24043 MiB, 52.78 W, 32 %, 48
2026/10/10 01:12:27.170, 24043 MiB, 52.43 W, 36 %, 49
2026/10/10 01:12:28.174, 24043 MiB, 52.78 W, 48 %, 48
2026/10/10 01:12:29.177, 24043 MiB, 51.91 W, 17 %, 49
2026/10/10 01:12:30.178, 24043 MiB, 52.79 W, 49 %, 48
2026/10/10 01:12:31.179, 24043 MiB, 52.26 W, 17 %, 50
2026/10/10 01:12:32.192, 24043 MiB, 52.99 W, 42 %, 48
2026/10/10 01:12:33.206, 24043 MiB, 52.20 W, 26 %, 50
2026/10/10 01:12:34.210, 24043 MiB, 52.73 W, 30 %, 48
2026/10/10 01:12:35.213, 24043 MiB, 52.39 W, 39 %, 49
2026/10/10 01:12:36.224, 24043 MiB, 53.00 W, 23 %, 48
2026/10/10 01:12:37.225, 24043 MiB, 51.48 W, 27 %, 50
2026/10/10 01:12:38.239, 24043 MiB, 53.24 W, 38 %, 48
2026/10/10 01:12:39.242, 24043 MiB, 52.82 W, 29 %, 50
2026/10/10 01:12:40.247, 24043 MiB, 52.87 W, 43 %, 48
2026/10/10 01:12:41.249, 24043 MiB, 51.47 W, 14 %, 50
2026/10/10 01:12:42.257, 24043 MiB, 52.74 W, 43 %, 48
2026/10/10 01:12:43.267, 24043 MiB, 52.39 W, 26 %, 50
2026/10/10 01:12:44.269, 24043 MiB, 53.19 W, 40 %, 48
2026/10/10 01:12:45.274, 24043 MiB, 51.43 W, 16 %, 50
2026/10/10 01:12:46.279, 24043 MiB, 53.61 W, 56 %, 49
2026/10/10 01:12:47.285, 24043 MiB, 53.04 W, 19 %, 50
2026/10/10 01:12:48.286, 24043 MiB, 53.69 W, 43 %, 48
2026/10/10 01:12:49.302, 24043 MiB, 53.10 W, 23 %, 50
2026/10/10 01:12:50.305, 24043 MiB, 53.44 W, 40 %, 49
2026/10/10 01:12:51.315, 24043 MiB, 52.44 W, 20 %, 50
2026/10/10 01:12:52.318, 24043 MiB, 53.63 W, 43 %, 49
2026/10/10 01:12:53.322, 24043 MiB, 52.34 W, 19 %, 50
2026/10/10 01:12:54.338, 24043 MiB, 53.15 W, 60 %, 49
2026/10/10 01:12:55.343, 24043 MiB, 52.76 W, 5 %, 49
2026/10/10 01:12:56.350, 24043 MiB, 53.20 W, 70 %, 49
2026/10/10 01:12:57.355, 24043 MiB, 53.35 W, 5 %, 49
2026/10/10 01:12:58.360, 24043 MiB, 53.49 W, 77 %, 49
2026/10/10 01:12:59.364, 24043 MiB, 53.27 W, 5 %, 49
2026/10/10 01:13:00.377, 24043 MiB, 53.76 W, 72 %, 49
2026/10/10 01:13:01.392, 24043 MiB, 53.76 W, 5 %, 49
2026/10/10 01:13:02.396, 24043 MiB, 50.00 W, 2 %, 48
2026/10/10 01:13:03.404, 24043 MiB, 49.26 W, 100 %, 63
2026/10/10 01:13:04.419, 24043 MiB, 251.20 W, 100 %, 67
2026/10/10 01:13:05.431, 24043 MiB, 264.19 W, 100 %, 65
2026/10/10 01:13:06.444, 24043 MiB, 239.74 W, 100 %, 57
2026/10/10 01:13:07.453, 24043 MiB, 184.43 W, 92 %, 67
2026/10/10 01:13:08.461, 24043 MiB, 295.98 W, 91 %, 59
2026/10/10 01:13:09.475, 24043 MiB, 258.69 W, 93 %, 70
2026/10/10 01:13:10.477, 24043 MiB, 237.91 W, 99 %, 60
2026/10/10 01:13:11.481, 24043 MiB, 267.74 W, 100 %, 59
2026/10/10 01:13:12.493, 24043 MiB, 266.13 W, 99 %, 60
2026/10/10 01:13:13.506, 24043 MiB, 211.85 W, 99 %, 57
2026/10/10 01:13:14.520, 24043 MiB, 236.47 W, 99 %, 64
2026/10/10 01:13:15.534, 24043 MiB, 267.26 W, 89 %, 59
2026/10/10 01:13:16.547, 24043 MiB, 256.21 W, 88 %, 58
2026/10/10 01:13:17.557, 24043 MiB, 233.40 W, 100 %, 59
2026/10/10 01:13:18.569, 24043 MiB, 261.70 W, 100 %, 68
2026/10/10 01:13:19.582, 24043 MiB, 267.53 W, 100 %, 64
2026/10/10 01:13:20.597, 24043 MiB, 177.40 W, 93 %, 56
2026/10/10 01:13:21.609, 24043 MiB, 266.98 W, 93 %, 68
2026/10/10 01:13:22.612, 24043 MiB, 302.97 W, 97 %, 71
2026/10/10 01:13:23.612, 24043 MiB, 297.73 W, 99 %, 70
2026/10/10 01:13:24.616, 24043 MiB, 250.65 W, 6 %, 55
2026/10/10 01:13:25.619, 24043 MiB, 103.24 W, 20 %, 52
2026/10/10 01:13:26.635, 24043 MiB, 88.35 W, 1 %, 51
2026/10/10 01:13:27.637, 24043 MiB, 57.05 W, 2 %, 50
2026/10/10 01:13:28.651, 24043 MiB, 55.89 W, 2 %, 50
2026/10/10 01:13:29.666, 24043 MiB, 54.31 W, 2 %, 49
2026/10/10 01:13:30.680, 24043 MiB, 57.33 W, 3 %, 48
2026/10/10 01:13:31.690, 24043 MiB, 56.55 W, 3 %, 47
2026/10/10 01:13:32.700, 24043 MiB, 53.62 W, 33 %, 47
2026/10/10 01:13:33.707, 24043 MiB, 52.26 W, 53 %, 47
2026/10/10 01:13:34.715, 24043 MiB, 52.58 W, 4 %, 47
2026/10/10 01:13:35.716, 24043 MiB, 53.02 W, 4 %, 46
2026/10/10 01:13:36.719, 24043 MiB, 53.30 W, 74 %, 47
2026/10/10 01:13:37.728, 24043 MiB, 53.02 W, 27 %, 46
2026/10/10 01:13:38.733, 24043 MiB, 50.48 W, 5 %, 45
2026/10/10 01:13:39.745, 24043 MiB, 51.87 W, 52 %, 45
2026/10/10 01:13:40.755, 24043 MiB, 53.47 W, 39 %, 46
2026/10/10 01:13:41.763, 24043 MiB, 50.90 W, 6 %, 45
2026/10/10 01:13:42.768, 24043 MiB, 52.72 W, 63 %, 45
2026/10/10 01:13:43.772, 24043 MiB, 53.01 W, 37 %, 46
2026/10/10 01:13:44.785, 24043 MiB, 50.59 W, 5 %, 45
2026/10/10 01:13:45.791, 24043 MiB, 50.85 W, 52 %, 44
2026/10/10 01:13:46.800, 24043 MiB, 52.34 W, 36 %, 45
2026/10/10 01:13:47.804, 24043 MiB, 50.25 W, 5 %, 44
2026/10/10 01:13:48.812, 24043 MiB, 52.46 W, 68 %, 44
2026/10/10 01:13:49.827, 24043 MiB, 52.40 W, 19 %, 44
2026/10/10 01:13:50.839, 24043 MiB, 49.15 W, 6 %, 44
2026/10/10 01:13:51.845, 24043 MiB, 51.27 W, 62 %, 43
2026/10/10 01:13:52.852, 24043 MiB, 52.35 W, 41 %, 45
2026/10/10 01:13:53.856, 24043 MiB, 50.40 W, 6 %, 43
2026/10/10 01:13:54.867, 24043 MiB, 49.76 W, 40 %, 43
2026/10/10 01:13:55.875, 24043 MiB, 51.63 W, 69 %, 44
2026/10/10 01:13:56.878, 24043 MiB, 51.47 W, 7 %, 43
2026/10/10 01:13:57.880, 24043 MiB, 47.87 W, 7 %, 43
2026/10/10 01:13:58.889, 24043 MiB, 50.53 W, 58 %, 43
2026/10/10 01:13:59.899, 24043 MiB, 51.69 W, 27 %, 43
2026/10/10 01:14:00.911, 24043 MiB, 49.57 W, 15 %, 43
2026/10/10 01:14:01.920, 24043 MiB, 51.34 W, 75 %, 43
2026/10/10 01:14:02.942, 24043 MiB, 51.35 W, 28 %, 43
2026/10/10 01:14:03.945, 24043 MiB, 48.97 W, 5 %, 42
2026/10/10 01:14:04.954, 24043 MiB, 51.54 W, 64 %, 42
2026/10/10 01:14:05.956, 24043 MiB, 51.78 W, 22 %, 43
2026/10/10 01:14:06.967, 24043 MiB, 48.89 W, 5 %, 42
2026/10/10 01:14:07.974, 24043 MiB, 48.24 W, 26 %, 42
2026/10/10 01:14:08.989, 24043 MiB, 51.52 W, 77 %, 43
2026/10/10 01:14:10.003, 24043 MiB, 50.90 W, 5 %, 42
2026/10/10 01:14:11.013, 24043 MiB, 48.31 W, 33 %, 42
2026/10/10 01:14:12.024, 24043 MiB, 50.76 W, 52 %, 43
2026/10/10 01:14:13.034, 24043 MiB, 49.62 W, 5 %, 42
2026/10/10 01:14:14.046, 24043 MiB, 49.42 W, 55 %, 41
2026/10/10 01:14:15.061, 24043 MiB, 50.83 W, 45 %, 43
2026/10/10 01:14:16.074, 24043 MiB, 48.09 W, 35 %, 41
2026/10/10 01:14:17.087, 24043 MiB, 50.57 W, 67 %, 42
2026/10/10 01:14:18.098, 24043 MiB, 50.61 W, 5 %, 41
2026/10/10 01:14:19.111, 24043 MiB, 48.55 W, 41 %, 41
2026/10/10 01:14:20.122, 24043 MiB, 51.10 W, 73 %, 42
2026/10/10 01:14:21.134, 24043 MiB, 51.03 W, 5 %, 41
2026/10/10 01:14:22.140, 24043 MiB, 47.08 W, 12 %, 41
2026/10/10 01:14:23.148, 24043 MiB, 51.30 W, 68 %, 41
2026/10/10 01:14:24.158, 24043 MiB, 50.65 W, 25 %, 41
2026/10/10 01:14:25.168, 24043 MiB, 47.84 W, 6 %, 41
2026/10/10 01:14:26.176, 24043 MiB, 48.68 W, 44 %, 40
2026/10/10 01:14:27.189, 24043 MiB, 50.45 W, 61 %, 42
2026/10/10 01:14:28.200, 24043 MiB, 49.96 W, 5 %, 41
2026/10/10 01:14:29.213, 24043 MiB, 46.77 W, 23 %, 40
2026/10/10 01:14:30.228, 24043 MiB, 50.13 W, 57 %, 41
2026/10/10 01:14:31.242, 24043 MiB, 49.90 W, 5 %, 40
2026/10/10 01:14:32.251, 24043 MiB, 47.56 W, 38 %, 40
2026/10/10 01:14:33.260, 24043 MiB, 50.45 W, 71 %, 41
2026/10/10 01:14:34.270, 24043 MiB, 50.56 W, 10 %, 40
2026/10/10 01:14:35.280, 24043 MiB, 46.71 W, 20 %, 40
2026/10/10 01:14:36.282, 24043 MiB, 50.07 W, 73 %, 40
2026/10/10 01:14:37.287, 24043 MiB, 50.21 W, 62 %, 41
2026/10/10 01:14:38.297, 24043 MiB, 49.45 W, 20 %, 40
2026/10/10 01:14:39.313, 24043 MiB, 46.90 W, 7 %, 40
2026/10/10 01:14:40.321, 24043 MiB, 49.01 W, 48 %, 40
2026/10/10 01:14:41.332, 24043 MiB, 50.57 W, 49 %, 41
2026/10/10 01:14:42.342, 24043 MiB, 49.55 W, 5 %, 40
2026/10/10 01:14:43.346, 24043 MiB, 48.03 W, 35 %, 40
2026/10/10 01:14:44.360, 24043 MiB, 50.11 W, 58 %, 41
2026/10/10 01:14:45.365, 24043 MiB, 49.60 W, 6 %, 40
2026/10/10 01:14:46.375, 24043 MiB, 46.46 W, 19 %, 40
2026/10/10 01:14:47.385, 24043 MiB, 49.98 W, 67 %, 41
2026/10/10 01:14:48.388, 24043 MiB, 50.56 W, 13 %, 41
2026/10/10 01:14:49.393, 24043 MiB, 47.03 W, 5 %, 40
2026/10/10 01:14:50.397, 24043 MiB, 49.45 W, 65 %, 40
2026/10/10 01:14:51.401, 24043 MiB, 50.20 W, 46 %, 42
2026/10/10 01:14:52.401, 24043 MiB, 48.73 W, 5 %, 41
2026/10/10 01:14:53.403, 24043 MiB, 48.37 W, 52 %, 40
2026/10/10 01:14:54.406, 24043 MiB, 50.08 W, 70 %, 41
2026/10/10 01:14:55.411, 24043 MiB, 50.43 W, 18 %, 41
2026/10/10 01:14:56.415, 24043 MiB, 46.72 W, 5 %, 42
2026/10/10 01:14:57.423, 24043 MiB, 49.13 W, 60 %, 41
2026/10/10 01:14:58.426, 24043 MiB, 50.40 W, 54 %, 41
2026/10/10 01:14:59.434, 24043 MiB, 49.50 W, 5 %, 41
2026/10/10 01:15:00.439, 24043 MiB, 47.55 W, 29 %, 42
2026/10/10 01:15:01.452, 24043 MiB, 50.69 W, 66 %, 41
2026/10/10 01:15:02.465, 24043 MiB, 50.66 W, 14 %, 41
2026/10/10 01:15:03.468, 24043 MiB, 47.38 W, 5 %, 42
2026/10/10 01:15:04.473, 24043 MiB, 50.20 W, 63 %, 41
2026/10/10 01:15:05.477, 24043 MiB, 50.98 W, 59 %, 41
2026/10/10 01:15:06.485, 24043 MiB, 50.18 W, 8 %, 41
2026/10/10 01:15:07.489, 24043 MiB, 46.71 W, 11 %, 42
2026/10/10 01:15:08.491, 24043 MiB, 50.44 W, 65 %, 42
2026/10/10 01:15:09.502, 24043 MiB, 51.51 W, 51 %, 41
2026/10/10 01:15:10.511, 24043 MiB, 50.02 W, 7 %, 41
2026/10/10 01:15:11.520, 24043 MiB, 48.08 W, 33 %, 42
2026/10/10 01:15:12.522, 24043 MiB, 50.53 W, 68 %, 41
2026/10/10 01:15:13.527, 24043 MiB, 50.64 W, 3 %, 41
2026/10/10 01:15:14.534, 24043 MiB, 48.95 W, 40 %, 42
2026/10/10 01:15:15.546, 24043 MiB, 50.92 W, 72 %, 42
2026/10/10 01:15:16.554, 24043 MiB, 50.87 W, 10 %, 41
2026/10/10 01:15:17.566, 24043 MiB, 47.24 W, 5 %, 42
2026/10/10 01:15:18.571, 24043 MiB, 50.58 W, 68 %, 42
2026/10/10 01:15:19.579, 24043 MiB, 50.61 W, 23 %, 42
2026/10/10 01:15:20.593, 24043 MiB, 47.67 W, 25 %, 43
2026/10/10 01:15:21.608, 24043 MiB, 50.79 W, 77 %, 42
2026/10/10 01:15:22.612, 24043 MiB, 51.06 W, 33 %, 42
2026/10/10 01:15:23.618, 24043 MiB, 48.58 W, 5 %, 42
2026/10/10 01:15:24.621, 24043 MiB, 47.96 W, 35 %, 43
2026/10/10 01:15:25.622, 24043 MiB, 50.43 W, 71 %, 42
2026/10/10 01:15:26.638, 24043 MiB, 50.78 W, 19 %, 42
2026/10/10 01:15:27.640, 24043 MiB, 48.19 W, 5 %, 42
2026/10/10 01:15:28.654, 24043 MiB, 48.90 W, 40 %, 43
2026/10/10 01:15:29.664, 24043 MiB, 50.70 W, 46 %, 42
2026/10/10 01:15:30.671, 24043 MiB, 50.09 W, 5 %, 42
2026/10/10 01:15:31.673, 24043 MiB, 49.45 W, 55 %, 43
2026/10/10 01:15:32.682, 24043 MiB, 50.57 W, 41 %, 42
2026/10/10 01:15:33.685, 24043 MiB, 49.08 W, 5 %, 42
2026/10/10 01:15:34.690, 24043 MiB, 48.50 W, 43 %, 43
2026/10/10 01:15:35.694, 24043 MiB, 50.54 W, 49 %, 42
2026/10/10 01:15:36.702, 24043 MiB, 48.97 W, 6 %, 42
2026/10/10 01:15:37.704, 24043 MiB, 46.20 W, 6 %, 43
2026/10/10 01:15:38.709, 24043 MiB, 47.87 W, 32 %, 43
2026/10/10 01:15:39.712, 24043 MiB, 50.72 W, 76 %, 42
2026/10/10 01:15:40.720, 24043 MiB, 50.86 W, 30 %, 42
2026/10/10 01:15:41.725, 24043 MiB, 48.19 W, 7 %, 43
2026/10/10 01:15:42.728, 24043 MiB, 48.84 W, 56 %, 43
2026/10/10 01:15:43.732, 24043 MiB, 51.11 W, 56 %, 42
2026/10/10 01:15:44.738, 24043 MiB, 50.66 W, 7 %, 43
2026/10/10 01:15:45.742, 24043 MiB, 48.06 W, 28 %, 44
2026/10/10 01:15:46.745, 24043 MiB, 51.10 W, 68 %, 43
2026/10/10 01:15:47.751, 24043 MiB, 51.22 W, 6 %, 42
2026/10/10 01:15:48.752, 24043 MiB, 47.57 W, 5 %, 44
2026/10/10 01:15:49.755, 24043 MiB, 50.53 W, 63 %, 43
2026/10/10 01:15:50.764, 24043 MiB, 51.51 W, 39 %, 43
2026/10/10 01:15:51.768, 24043 MiB, 49.63 W, 6 %, 43
2026/10/10 01:15:52.769, 24043 MiB, 47.88 W, 27 %, 44
2026/10/10 01:15:53.781, 24043 MiB, 51.24 W, 76 %, 43
2026/10/10 01:15:54.783, 24043 MiB, 51.81 W, 46 %, 43
2026/10/10 01:15:55.791, 24043 MiB, 50.24 W, 5 %, 43
2026/10/10 01:15:56.797, 24043 MiB, 47.90 W, 26 %, 44
2026/10/10 01:15:57.809, 24043 MiB, 51.07 W, 77 %, 43
2026/10/10 01:15:58.813, 24043 MiB, 51.27 W, 29 %, 43
2026/10/10 01:15:59.814, 24043 MiB, 48.43 W, 5 %, 44
2026/10/10 01:16:00.822, 24043 MiB, 49.57 W, 50 %, 44
2026/10/10 01:16:01.828, 24043 MiB, 51.00 W, 68 %, 43
2026/10/10 01:16:02.841, 24043 MiB, 51.12 W, 22 %, 43
2026/10/10 01:16:03.843, 24043 MiB, 48.69 W, 5 %, 44
2026/10/10 01:16:04.858, 24043 MiB, 50.04 W, 44 %, 44
2026/10/10 01:16:05.868, 24043 MiB, 51.97 W, 74 %, 43
2026/10/10 01:16:06.873, 24043 MiB, 52.23 W, 23 %, 43
2026/10/10 01:16:07.879, 24043 MiB, 49.40 W, 5 %, 44
2026/10/10 01:16:08.883, 24043 MiB, 51.27 W, 62 %, 44
2026/10/10 01:16:09.899, 24043 MiB, 52.24 W, 50 %, 43
2026/10/10 01:16:10.903, 24043 MiB, 50.79 W, 7 %, 43
2026/10/10 01:16:11.906, 24043 MiB, 47.97 W, 27 %, 45
2026/10/10 01:16:12.909, 24043 MiB, 51.56 W, 80 %, 44
2026/10/10 01:16:13.916, 24043 MiB, 51.30 W, 34 %, 43
2026/10/10 01:16:14.927, 24043 MiB, 49.49 W, 7 %, 44
2026/10/10 01:16:15.929, 24043 MiB, 49.84 W, 51 %, 44
2026/10/10 01:16:16.937, 24043 MiB, 50.91 W, 53 %, 43
2026/10/10 01:16:17.947, 24043 MiB, 49.84 W, 5 %, 43
2026/10/10 01:16:18.950, 24043 MiB, 46.55 W, 5 %, 45
2026/10/10 01:16:19.959, 24043 MiB, 50.64 W, 69 %, 44
2026/10/10 01:16:20.967, 24043 MiB, 50.86 W, 14 %, 43
2026/10/10 01:16:21.969, 24043 MiB, 47.84 W, 5 %, 44
2026/10/10 01:16:22.976, 24043 MiB, 50.12 W, 55 %, 44
2026/10/10 01:16:23.977, 24043 MiB, 51.08 W, 63 %, 44
2026/10/10 01:16:24.986, 24043 MiB, 50.75 W, 25 %, 44
2026/10/10 01:16:25.987, 24043 MiB, 48.85 W, 5 %, 44
2026/10/10 01:16:26.994, 24043 MiB, 49.08 W, 41 %, 45
2026/10/10 01:16:27.998, 24043 MiB, 51.28 W, 72 %, 44
2026/10/10 01:16:29.006, 24043 MiB, 51.36 W, 7 %, 44
2026/10/10 01:16:30.016, 24043 MiB, 47.46 W, 10 %, 45
2026/10/10 01:16:31.027, 24043 MiB, 51.12 W, 69 %, 44
2026/10/10 01:16:32.038, 24043 MiB, 52.01 W, 47 %, 44
2026/10/10 01:16:33.052, 24043 MiB, 50.57 W, 5 %, 44
2026/10/10 01:16:34.057, 24043 MiB, 52.00 W, 27 %, 45
2026/10/10 01:16:35.064, 24043 MiB, 50.66 W, 68 %, 44
2026/10/10 01:16:36.078, 24043 MiB, 47.79 W, 18 %, 44
2026/10/10 01:16:37.088, 24043 MiB, 51.20 W, 5 %, 45
2026/10/10 01:16:38.100, 24043 MiB, 51.90 W, 25 %, 45
2026/10/10 01:16:39.105, 24043 MiB, 48.55 W, 5 %, 44
2026/10/10 01:16:40.120, 24043 MiB, 50.36 W, 51 %, 44
2026/10/10 01:16:41.130, 24043 MiB, 52.43 W, 55 %, 45
2026/10/10 01:16:42.136, 24043 MiB, 51.38 W, 5 %, 44
2026/10/10 01:16:43.139, 24043 MiB, 47.62 W, 5 %, 44
2026/10/10 01:16:44.150, 24043 MiB, 49.75 W, 47 %, 44
2026/10/10 01:16:45.164, 24043 MiB, 51.46 W, 50 %, 45
2026/10/10 01:16:46.173, 24043 MiB, 50.70 W, 6 %, 44
2026/10/10 01:16:47.177, 24043 MiB, 47.59 W, 5 %, 44
2026/10/10 01:16:48.184, 24043 MiB, 50.14 W, 51 %, 44
2026/10/10 01:16:49.194, 24043 MiB, 51.42 W, 68 %, 45
2026/10/10 01:16:50.202, 24043 MiB, 51.65 W, 19 %, 45
2026/10/10 01:16:51.216, 24043 MiB, 48.40 W, 6 %, 44
2026/10/10 01:16:52.227, 24043 MiB, 48.75 W, 31 %, 44
2026/10/10 01:16:53.237, 24043 MiB, 51.72 W, 72 %, 45
2026/10/10 01:16:54.247, 24043 MiB, 51.99 W, 58 %, 46
2026/10/10 01:16:55.256, 24043 MiB, 51.06 W, 9 %, 45
2026/10/10 01:16:56.261, 24043 MiB, 47.62 W, 8 %, 44
2026/10/10 01:16:57.266, 24043 MiB, 50.62 W, 63 %, 44
2026/10/10 01:16:58.273, 24043 MiB, 51.77 W, 59 %, 46
2026/10/10 01:16:59.280, 24043 MiB, 51.10 W, 4 %, 45
2026/10/10 01:17:00.294, 24043 MiB, 47.51 W, 6 %, 45
2026/10/10 01:17:01.304, 24043 MiB, 49.55 W, 44 %, 44
2026/10/10 01:17:02.308, 24043 MiB, 51.74 W, 68 %, 46
2026/10/10 01:17:03.320, 24043 MiB, 52.28 W, 7 %, 45
2026/10/10 01:17:04.324, 24043 MiB, 47.81 W, 5 %, 45
2026/10/10 01:17:05.332, 24043 MiB, 50.59 W, 48 %, 45
2026/10/10 01:17:06.343, 24043 MiB, 52.14 W, 58 %, 46
2026/10/10 01:17:07.358, 24043 MiB, 51.65 W, 11 %, 45
2026/10/10 01:17:08.369, 24043 MiB, 48.71 W, 5 %, 45
2026/10/10 01:17:09.374, 24043 MiB, 50.37 W, 50 %, 45
2026/10/10 01:17:10.381, 24043 MiB, 52.10 W, 52 %, 46
2026/10/10 01:17:11.392, 24043 MiB, 50.73 W, 4 %, 45
2026/10/10 01:17:12.417, 24043 MiB, 48.04 W, 21 %, 45
2026/10/10 01:17:13.422, 24043 MiB, 51.56 W, 73 %, 45
2026/10/10 01:17:14.432, 24043 MiB, 51.56 W, 51 %, 46
2026/10/10 01:17:15.439, 24043 MiB, 50.52 W, 5 %, 45
2026/10/10 01:17:16.440, 24043 MiB, 48.11 W, 26 %, 45
2026/10/10 01:17:17.453, 24043 MiB, 51.94 W, 79 %, 46
2026/10/10 01:17:18.458, 24043 MiB, 52.06 W, 24 %, 46
2026/10/10 01:17:19.463, 24043 MiB, 49.03 W, 5 %, 45
2026/10/10 01:17:20.467, 24043 MiB, 49.90 W, 45 %, 45
2026/10/10 01:17:21.482, 24043 MiB, 51.50 W, 60 %, 46
2026/10/10 01:17:22.487, 24043 MiB, 51.07 W, 6 %, 45
2026/10/10 01:17:23.488, 24043 MiB, 47.86 W, 6 %, 45
2026/10/10 01:17:24.499, 24043 MiB, 48.78 W, 35 %, 45
2026/10/10 01:17:25.502, 24043 MiB, 51.64 W, 67 %, 46
2026/10/10 01:17:26.509, 24043 MiB, 51.69 W, 19 %, 46
2026/10/10 01:17:27.513, 24043 MiB, 48.49 W, 5 %, 45
2026/10/10 01:17:28.527, 24043 MiB, 50.01 W, 53 %, 45
2026/10/10 01:17:29.540, 24043 MiB, 51.81 W, 62 %, 46
2026/10/10 01:17:30.543, 24043 MiB, 51.06 W, 15 %, 46
2026/10/10 01:17:31.546, 24043 MiB, 47.19 W, 7 %, 45
2026/10/10 01:17:32.549, 24043 MiB, 49.75 W, 65 %, 45
2026/10/10 01:17:33.563, 24043 MiB, 50.66 W, 56 %, 47
2026/10/10 01:17:34.575, 24043 MiB, 50.02 W, 7 %, 46
2026/10/10 01:17:35.576, 24043 MiB, 46.53 W, 8 %, 45
2026/10/10 01:17:36.577, 24043 MiB, 49.49 W, 49 %, 45
2026/10/10 01:17:37.587, 24043 MiB, 50.76 W, 66 %, 47
2026/10/10 01:17:38.592, 24043 MiB, 50.59 W, 6 %, 46
2026/10/10 01:17:39.595, 24043 MiB, 46.79 W, 5 %, 45
2026/10/10 01:17:40.599, 24043 MiB, 49.69 W, 50 %, 45
2026/10/10 01:17:41.604, 24043 MiB, 51.07 W, 61 %, 47
2026/10/10 01:17:42.620, 24043 MiB, 50.51 W, 27 %, 46
2026/10/10 01:17:43.634, 24043 MiB, 47.11 W, 5 %, 46
2026/10/10 01:17:44.640, 24043 MiB, 50.09 W, 60 %, 45
2026/10/10 01:17:45.648, 24043 MiB, 51.41 W, 61 %, 47
2026/10/10 01:17:46.655, 24043 MiB, 50.95 W, 25 %, 46
2026/10/10 01:17:47.661, 24043 MiB, 48.57 W, 5 %, 46
2026/10/10 01:17:48.675, 24043 MiB, 50.17 W, 55 %, 46
2026/10/10 01:17:49.689, 24043 MiB, 51.07 W, 68 %, 47
2026/10/10 01:17:50.695, 24043 MiB, 51.37 W, 16 %, 46
2026/10/10 01:17:51.698, 24043 MiB, 48.08 W, 5 %, 46
2026/10/10 01:17:52.711, 24043 MiB, 48.32 W, 30 %, 47
2026/10/10 01:17:53.712, 24043 MiB, 50.24 W, 64 %, 46
2026/10/10 01:17:54.718, 24043 MiB, 50.25 W, 49 %, 47
2026/10/10 01:17:55.721, 24043 MiB, 49.84 W, 5 %, 46
2026/10/10 01:17:56.733, 24043 MiB, 46.81 W, 5 %, 47
2026/10/10 01:17:57.734, 24043 MiB, 49.65 W, 53 %, 46
2026/10/10 01:17:58.750, 24043 MiB, 51.31 W, 72 %, 46
2026/10/10 01:17:59.757, 24043 MiB, 50.55 W, 8 %, 46
2026/10/10 01:18:00.763, 24043 MiB, 47.37 W, 7 %, 47
2026/10/10 01:18:01.764, 24043 MiB, 49.62 W, 47 %, 47
2026/10/10 01:18:02.766, 24043 MiB, 51.99 W, 72 %, 46
2026/10/10 01:18:03.776, 24043 MiB, 52.13 W, 18 %, 46
2026/10/10 01:18:04.791, 24043 MiB, 48.90 W, 5 %, 47
2026/10/10 01:18:05.808, 24043 MiB, 49.82 W, 42 %, 47
2026/10/10 01:18:06.820, 24043 MiB, 51.59 W, 71 %, 46
2026/10/10 01:18:07.822, 24043 MiB, 51.07 W, 37 %, 46
2026/10/10 01:18:08.834, 24043 MiB, 49.46 W, 6 %, 46
2026/10/10 01:18:09.840, 24043 MiB, 47.38 W, 9 %, 47
2026/10/10 01:18:10.856, 24043 MiB, 51.72 W, 68 %, 46
2026/10/10 01:18:11.858, 24043 MiB, 51.79 W, 54 %, 46
2026/10/10 01:18:12.870, 24043 MiB, 50.80 W, 5 %, 46
2026/10/10 01:18:13.870, 24043 MiB, 47.61 W, 9 %, 47
2026/10/10 01:18:14.874, 24043 MiB, 50.62 W, 51 %, 47
2026/10/10 01:18:15.879, 24043 MiB, 51.84 W, 54 %, 46
2026/10/10 01:18:16.882, 24043 MiB, 51.67 W, 10 %, 46
2026/10/10 01:18:17.882, 24043 MiB, 48.54 W, 5 %, 47
2026/10/10 01:18:18.895, 24043 MiB, 49.18 W, 34 %, 47
2026/10/10 01:18:19.898, 24043 MiB, 51.82 W, 68 %, 46
2026/10/10 01:18:20.902, 24043 MiB, 51.85 W, 22 %, 46
2026/10/10 01:18:21.924, 24043 MiB, 48.94 W, 5 %, 47
2026/10/10 01:18:22.926, 24043 MiB, 50.34 W, 48 %, 47
2026/10/10 01:18:23.936, 24043 MiB, 52.14 W, 74 %, 47
2026/10/10 01:18:24.947, 24043 MiB, 52.28 W, 62 %, 46
2026/10/10 01:18:25.953, 24043 MiB, 51.57 W, 7 %, 46
2026/10/10 01:18:26.967, 24043 MiB, 47.01 W, 7 %, 47
2026/10/10 01:18:27.974, 24043 MiB, 48.63 W, 37 %, 48
2026/10/10 01:18:28.978, 24043 MiB, 51.67 W, 71 %, 47
2026/10/10 01:18:29.982, 24043 MiB, 51.43 W, 27 %, 46
2026/10/10 01:18:30.983, 24043 MiB, 49.36 W, 6 %, 47
2026/10/10 01:18:31.998, 24043 MiB, 48.13 W, 24 %, 48
2026/10/10 01:18:33.014, 24043 MiB, 51.50 W, 68 %, 47
2026/10/10 01:18:34.020, 24043 MiB, 50.56 W, 62 %, 47
2026/10/10 01:18:35.035, 24043 MiB, 51.66 W, 71 %, 47
2026/10/10 01:18:36.038, 24043 MiB, 52.34 W, 73 %, 47
2026/10/10 01:18:37.053, 24043 MiB, 52.53 W, 44 %, 47
2026/10/10 01:18:38.060, 24043 MiB, 51.28 W, 5 %, 46
2026/10/10 01:18:39.063, 24043 MiB, 49.47 W, 27 %, 48
2026/10/10 01:18:40.065, 24043 MiB, 52.37 W, 61 %, 47
2026/10/10 01:18:41.066, 24043 MiB, 52.96 W, 44 %, 47
2026/10/10 01:18:42.076, 24043 MiB, 51.67 W, 5 %, 47
2026/10/10 01:18:43.084, 24043 MiB, 48.38 W, 5 %, 48
2026/10/10 01:18:44.088, 24043 MiB, 51.18 W, 48 %, 47
2026/10/10 01:18:45.109, 24043 MiB, 52.81 W, 59 %, 47
2026/10/10 01:18:46.118, 24043 MiB, 52.60 W, 21 %, 47
2026/10/10 01:18:47.131, 24043 MiB, 50.03 W, 6 %, 47
2026/10/10 01:18:48.140, 24043 MiB, 50.65 W, 37 %, 48
2026/10/10 01:18:49.143, 24043 MiB, 52.99 W, 72 %, 47
2026/10/10 01:18:50.146, 24043 MiB, 52.70 W, 57 %, 47
2026/10/10 01:18:51.152, 24043 MiB, 52.26 W, 21 %, 47
2026/10/10 01:18:52.167, 24043 MiB, 49.60 W, 6 %, 47
2026/10/10 01:18:53.180, 24043 MiB, 49.36 W, 25 %, 48
2026/10/10 01:18:54.187, 24043 MiB, 51.22 W, 54 %, 47
2026/10/10 01:18:55.193, 24043 MiB, 52.86 W, 73 %, 47
2026/10/10 01:18:56.204, 24043 MiB, 52.54 W, 27 %, 47
2026/10/10 01:18:57.209, 24043 MiB, 50.19 W, 7 %, 47
2026/10/10 01:18:58.219, 24043 MiB, 48.36 W, 7 %, 48
2026/10/10 01:18:59.228, 24043 MiB, 50.03 W, 36 %, 48
2026/10/10 01:19:00.234, 24043 MiB, 52.64 W, 70 %, 47
2026/10/10 01:19:01.248, 24043 MiB, 52.57 W, 25 %, 47
2026/10/10 01:19:02.256, 24043 MiB, 50.00 W, 5 %, 47
2026/10/10 01:19:03.268, 24043 MiB, 48.70 W, 11 %, 48
2026/10/10 01:19:04.281, 24043 MiB, 52.35 W, 62 %, 48
2026/10/10 01:19:05.291, 24043 MiB, 53.19 W, 64 %, 47
2026/10/10 01:19:06.297, 24043 MiB, 52.44 W, 31 %, 47
2026/10/10 01:19:07.300, 24043 MiB, 50.05 W, 4 %, 47
2026/10/10 01:19:08.311, 24043 MiB, 47.95 W, 5 %, 48
2026/10/10 01:19:09.325, 24043 MiB, 49.63 W, 36 %, 48
2026/10/10 01:19:10.336, 24043 MiB, 52.16 W, 75 %, 47
2026/10/10 01:19:11.343, 24043 MiB, 52.99 W, 35 %, 47
2026/10/10 01:19:12.362, 24043 MiB, 50.78 W, 5 %, 47
2026/10/10 01:19:13.372, 24043 MiB, 48.50 W, 7 %, 48
2026/10/10 01:19:14.379, 24043 MiB, 51.88 W, 52 %, 48
2026/10/10 01:19:15.385, 24043 MiB, 53.28 W, 76 %, 47
2026/10/10 01:19:16.387, 24043 MiB, 52.94 W, 30 %, 47
2026/10/10 01:19:17.388, 24043 MiB, 50.38 W, 5 %, 48
2026/10/10 01:19:18.389, 24043 MiB, 49.12 W, 20 %, 48
2026/10/10 01:19:19.393, 24043 MiB, 52.70 W, 66 %, 48
2026/10/10 01:19:20.404, 24043 MiB, 53.52 W, 41 %, 47
2026/10/10 01:19:21.420, 24043 MiB, 51.83 W, 5 %, 47
2026/10/10 01:19:22.426, 24043 MiB, 48.94 W, 5 %, 48
2026/10/10 01:19:23.439, 24043 MiB, 50.91 W, 39 %, 48
2026/10/10 01:19:24.452, 24043 MiB, 52.82 W, 70 %, 48
2026/10/10 01:19:25.462, 24043 MiB, 53.06 W, 35 %, 47
2026/10/10 01:19:26.473, 24043 MiB, 51.87 W, 5 %, 47
2026/10/10 01:19:27.484, 24043 MiB, 49.72 W, 5 %, 48
2026/10/10 01:19:28.493, 24043 MiB, 52.19 W, 47 %, 48
2026/10/10 01:19:29.506, 24043 MiB, 53.77 W, 73 %, 48
2026/10/10 01:19:30.511, 24043 MiB, 49.31 W, 41 %, 47
2026/10/10 01:19:31.516, 24043 MiB, 51.43 W, 5 %, 47
2026/10/10 01:19:32.522, 24043 MiB, 53.24 W, 71 %, 48
2026/10/10 01:19:33.532, 24043 MiB, 53.48 W, 31 %, 49
2026/10/10 01:19:34.536, 24043 MiB, 52.40 W, 73 %, 48
2026/10/10 01:19:35.542, 24043 MiB, 49.80 W, 57 %, 48
2026/10/10 01:19:36.552, 24043 MiB, 51.19 W, 7 %, 47
2026/10/10 01:19:37.558, 24043 MiB, 53.56 W, 74 %, 48
2026/10/10 01:19:38.571, 24043 MiB, 53.36 W, 38 %, 49
2026/10/10 01:19:39.581, 24043 MiB, 51.93 W, 5 %, 48
2026/10/10 01:19:40.588, 24043 MiB, 49.19 W, 5 %, 48
2026/10/10 01:19:41.596, 24043 MiB, 52.62 W, 58 %, 47
2026/10/10 01:19:42.609, 24043 MiB, 53.90 W, 73 %, 48
2026/10/10 01:19:43.613, 24043 MiB, 54.29 W, 54 %, 49
2026/10/10 01:19:44.622, 24043 MiB, 52.26 W, 7 %, 48
2026/10/10 01:19:45.623, 24043 MiB, 48.97 W, 8 %, 48
2026/10/10 01:19:46.630, 24043 MiB, 50.14 W, 29 %, 48
2026/10/10 01:19:47.634, 24043 MiB, 52.61 W, 61 %, 48
2026/10/10 01:19:48.637, 24043 MiB, 53.44 W, 52 %, 49
2026/10/10 01:19:49.644, 24043 MiB, 52.82 W, 16 %, 48
2026/10/10 01:19:50.654, 24043 MiB, 48.79 W, 5 %, 48
2026/10/10 01:19:51.664, 24043 MiB, 51.22 W, 37 %, 48
2026/10/10 01:19:52.674, 24043 MiB, 53.77 W, 76 %, 48
2026/10/10 01:19:53.683, 24043 MiB, 53.72 W, 72 %, 49
2026/10/10 01:19:54.692, 24043 MiB, 53.86 W, 52 %, 49
2026/10/10 01:19:55.695, 24043 MiB, 51.75 W, 19 %, 48
2026/10/10 01:19:56.698, 24043 MiB, 50.51 W, 5 %, 48
2026/10/10 01:19:57.702, 24043 MiB, 50.30 W, 20 %, 48
2026/10/10 01:19:58.705, 24043 MiB, 53.57 W, 75 %, 48
2026/10/10 01:19:59.711, 24043 MiB, 54.23 W, 65 %, 49
2026/10/10 01:20:00.725, 24043 MiB, 53.94 W, 19 %, 48
2026/10/10 01:20:01.733, 24043 MiB, 51.01 W, 5 %, 48
2026/10/10 01:20:02.737, 24043 MiB, 50.42 W, 16 %, 48
2026/10/10 01:20:03.737, 24043 MiB, 52.88 W, 51 %, 48
2026/10/10 01:20:04.741, 24043 MiB, 54.51 W, 63 %, 49
2026/10/10 01:20:05.755, 24043 MiB, 54.08 W, 8 %, 48
2026/10/10 01:20:06.770, 24043 MiB, 50.75 W, 5 %, 48
2026/10/10 01:20:07.786, 24043 MiB, 50.37 W, 16 %, 48
2026/10/10 01:20:08.802, 24043 MiB, 53.25 W, 66 %, 48
2026/10/10 01:20:09.804, 24043 MiB, 54.56 W, 70 %, 49
2026/10/10 01:20:10.812, 24043 MiB, 53.87 W, 38 %, 49
2026/10/10 01:20:11.819, 24043 MiB, 51.47 W, 8 %, 48
2026/10/10 01:20:12.831, 24043 MiB, 49.70 W, 7 %, 48
2026/10/10 01:20:13.833, 24043 MiB, 51.73 W, 45 %, 48
2026/10/10 01:20:14.836, 24043 MiB, 54.14 W, 70 %, 49
2026/10/10 01:20:15.838, 24043 MiB, 54.17 W, 21 %, 49
2026/10/10 01:20:16.844, 24043 MiB, 50.64 W, 5 %, 48
2026/10/10 01:20:17.848, 24043 MiB, 49.24 W, 5 %, 48
2026/10/10 01:20:18.857, 24043 MiB, 50.97 W, 34 %, 48
2026/10/10 01:20:19.861, 24043 MiB, 53.60 W, 75 %, 49
2026/10/10 01:20:20.870, 24043 MiB, 53.99 W, 39 %, 49
2026/10/10 01:20:21.887, 24043 MiB, 52.43 W, 6 %, 49
2026/10/10 01:20:22.901, 24043 MiB, 50.13 W, 5 %, 48
2026/10/10 01:20:23.909, 24043 MiB, 49.56 W, 12 %, 48
2026/10/10 01:20:24.923, 24043 MiB, 51.13 W, 34 %, 48
2026/10/10 01:20:25.924, 24043 MiB, 54.13 W, 72 %, 49
2026/10/10 01:20:26.929, 24043 MiB, 54.23 W, 48 %, 50
2026/10/10 01:20:27.933, 24043 MiB, 52.94 W, 5 %, 49
2026/10/10 01:20:28.941, 24043 MiB, 49.70 W, 5 %, 48
2026/10/10 01:20:29.951, 24043 MiB, 50.94 W, 23 %, 48
2026/10/10 01:20:30.954, 24043 MiB, 53.56 W, 59 %, 48
2026/10/10 01:20:31.959, 24043 MiB, 54.52 W, 65 %, 50
2026/10/10 01:20:32.964, 24043 MiB, 54.43 W, 33 %, 49
2026/10/10 01:20:33.967, 24043 MiB, 52.48 W, 5 %, 49
2026/10/10 01:20:34.970, 24043 MiB, 50.92 W, 5 %, 48
2026/10/10 01:20:35.976, 24043 MiB, 50.54 W, 11 %, 48
2026/10/10 01:20:36.983, 24043 MiB, 53.64 W, 60 %, 48
2026/10/10 01:20:37.987, 24043 MiB, 54.34 W, 67 %, 50
2026/10/10 01:20:38.994, 24043 MiB, 54.56 W, 63 %, 50
2026/10/10 01:20:39.996, 24043 MiB, 53.82 W, 41 %, 50
2026/10/10 01:20:41.011, 24043 MiB, 52.36 W, 5 %, 49
2026/10/10 01:20:42.026, 24043 MiB, 49.57 W, 7 %, 48
2026/10/10 01:20:43.036, 24043 MiB, 51.08 W, 28 %, 48
2026/10/10 01:20:44.040, 24043 MiB, 53.70 W, 70 %, 49
2026/10/10 01:20:45.063, 24043 MiB, 54.49 W, 65 %, 50
2026/10/10 01:20:46.078, 24043 MiB, 53.94 W, 34 %, 49
2026/10/10 01:20:47.092, 24043 MiB, 52.27 W, 5 %, 49
2026/10/10 01:20:48.107, 24043 MiB, 50.87 W, 6 %, 49
2026/10/10 01:20:49.110, 24043 MiB, 50.76 W, 5 %, 49
2026/10/10 01:20:50.112, 24043 MiB, 52.08 W, 35 %, 50
2026/10/10 01:20:51.118, 24043 MiB, 53.91 W, 76 %, 49
2026/10/10 01:20:52.120, 24043 MiB, 54.99 W, 55 %, 49
2026/10/10 01:20:53.124, 24043 MiB, 54.09 W, 27 %, 49
2026/10/10 01:20:54.130, 24043 MiB, 52.28 W, 5 %, 48
2026/10/10 01:20:55.137, 24043 MiB, 49.99 W, 5 %, 49
2026/10/10 01:20:56.140, 24043 MiB, 50.03 W, 5 %, 50
2026/10/10 01:20:57.142, 24043 MiB, 52.04 W, 38 %, 50
2026/10/10 01:20:58.146, 24043 MiB, 53.80 W, 71 %, 49
2026/10/10 01:20:59.152, 24043 MiB, 54.16 W, 73 %, 49
2026/10/10 01:21:00.153, 24043 MiB, 54.28 W, 36 %, 49
2026/10/10 01:21:01.156, 24043 MiB, 52.68 W, 5 %, 49
2026/10/10 01:21:02.160, 24043 MiB, 50.29 W, 5 %, 49
2026/10/10 01:21:03.174, 24043 MiB, 50.85 W, 18 %, 50
2026/10/10 01:21:04.178, 24043 MiB, 52.56 W, 52 %, 49
2026/10/10 01:21:05.187, 24043 MiB, 54.06 W, 65 %, 49
2026/10/10 01:21:06.203, 24043 MiB, 53.79 W, 35 %, 49
2026/10/10 01:21:07.209, 24043 MiB, 51.98 W, 13 %, 49
2026/10/10 01:21:08.230, 24043 MiB, 50.45 W, 5 %, 49
2026/10/10 01:21:09.233, 24043 MiB, 49.94 W, 16 %, 50
2026/10/10 01:21:10.241, 24043 MiB, 52.29 W, 44 %, 50
2026/10/10 01:21:11.244, 24043 MiB, 54.41 W, 76 %, 49
2026/10/10 01:21:12.253, 24043 MiB, 54.90 W, 55 %, 49
2026/10/10 01:21:13.255, 24043 MiB, 53.89 W, 15 %, 49
2026/10/10 01:21:14.258, 24043 MiB, 51.29 W, 7 %, 49
2026/10/10 01:21:15.261, 24043 MiB, 50.44 W, 8 %, 49
2026/10/10 01:21:16.262, 24043 MiB, 40.71 W, 3 %, 48
2026/10/10 01:21:17.262, 24043 MiB, 44.10 W, 99 %, 52
2026/10/10 01:21:18.272, 24043 MiB, 224.33 W, 100 %, 65
2026/10/10 01:21:19.274, 24043 MiB, 258.73 W, 100 %, 68
2026/10/10 01:21:20.286, 24043 MiB, 245.84 W, 100 %, 57
2026/10/10 01:21:21.299, 24043 MiB, 184.33 W, 94 %, 58
2026/10/10 01:21:22.310, 24043 MiB, 286.75 W, 94 %, 61
2026/10/10 01:21:23.321, 24043 MiB, 269.19 W, 92 %, 61
2026/10/10 01:21:24.333, 24043 MiB, 247.09 W, 100 %, 59
2026/10/10 01:21:25.347, 24043 MiB, 267.17 W, 100 %, 60
2026/10/10 01:21:26.358, 24043 MiB, 267.55 W, 100 %, 62
2026/10/10 01:21:27.371, 24043 MiB, 213.64 W, 100 %, 57
2026/10/10 01:21:28.384, 24043 MiB, 242.57 W, 99 %, 69
2026/10/10 01:21:29.394, 24043 MiB, 299.08 W, 92 %, 60
2026/10/10 01:21:30.404, 24043 MiB, 258.81 W, 91 %, 66
2026/10/10 01:21:31.411, 24043 MiB, 242.88 W, 100 %, 66
2026/10/10 01:21:32.426, 24043 MiB, 259.95 W, 100 %, 69
2026/10/10 01:21:33.441, 24043 MiB, 263.68 W, 100 %, 71
2026/10/10 01:21:34.456, 24043 MiB, 226.18 W, 99 %, 57
2026/10/10 01:21:35.471, 24043 MiB, 216.77 W, 95 %, 69
2026/10/10 01:21:36.482, 24043 MiB, 299.10 W, 99 %, 71
2026/10/10 01:21:37.495, 24043 MiB, 307.83 W, 100 %, 64
2026/10/10 01:21:38.506, 24043 MiB, 258.79 W, 1 %, 54
2026/10/10 01:21:39.520, 24043 MiB, 229.21 W, 100 %, 60
2026/10/10 01:21:40.532, 24043 MiB, 262.53 W, 100 %, 61
2026/10/10 01:21:41.542, 24043 MiB, 258.00 W, 99 %, 63
2026/10/10 01:21:42.555, 24049 MiB, 165.96 W, 93 %, 69
2026/10/10 01:21:43.568, 24069 MiB, 284.25 W, 93 %, 69
2026/10/10 01:21:44.574, 24073 MiB, 273.52 W, 97 %, 67
2026/10/10 01:21:45.582, 24077 MiB, 278.23 W, 80 %, 58
2026/10/10 01:21:46.593, 24077 MiB, 245.01 W, 94 %, 69
2026/10/10 01:21:47.598, 24077 MiB, 149.58 W, 11 %, 51
2026/10/10 01:21:48.604, 24077 MiB, 100.94 W, 3 %, 50
2026/10/10 01:21:49.607, 24077 MiB, 59.47 W, 24 %, 49
2026/10/10 01:21:50.612, 24077 MiB, 54.95 W, 46 %, 48
2026/10/10 01:21:51.616, 24077 MiB, 54.00 W, 48 %, 48
2026/10/10 01:21:52.622, 24077 MiB, 52.72 W, 49 %, 47
2026/10/10 01:21:53.628, 24077 MiB, 52.37 W, 5 %, 47
2026/10/10 01:21:54.629, 24077 MiB, 48.45 W, 4 %, 46
2026/10/10 01:21:55.633, 24077 MiB, 49.64 W, 10 %, 47
2026/10/10 01:21:56.646, 24077 MiB, 52.37 W, 47 %, 47
2026/10/10 01:21:57.651, 24077 MiB, 51.27 W, 36 %, 47
2026/10/10 01:21:58.661, 24077 MiB, 49.03 W, 10 %, 46
2026/10/10 01:21:59.665, 24077 MiB, 49.26 W, 5 %, 46
2026/10/10 01:22:00.670, 24077 MiB, 49.37 W, 5 %, 46
2026/10/10 01:22:01.679, 24077 MiB, 49.26 W, 5 %, 45
2026/10/10 01:22:02.684, 24077 MiB, 49.46 W, 8 %, 45
2026/10/10 01:22:03.695, 24077 MiB, 49.68 W, 27 %, 45
2026/10/10 01:22:04.709, 24077 MiB, 51.34 W, 58 %, 44
2026/10/10 01:22:05.724, 24077 MiB, 52.63 W, 73 %, 45
2026/10/10 01:22:06.731, 24077 MiB, 51.22 W, 44 %, 45
2026/10/10 01:22:07.740, 24077 MiB, 48.80 W, 5 %, 45
2026/10/10 01:22:08.755, 24077 MiB, 48.71 W, 5 %, 44
2026/10/10 01:22:09.761, 24077 MiB, 48.57 W, 16 %, 44
2026/10/10 01:22:10.764, 24077 MiB, 49.81 W, 47 %, 44
2026/10/10 01:22:11.769, 24077 MiB, 52.00 W, 74 %, 44
2026/10/10 01:22:12.772, 24077 MiB, 52.49 W, 71 %, 44
2026/10/10 01:22:13.777, 24077 MiB, 50.92 W, 42 %, 44
2026/10/10 01:22:14.784, 24077 MiB, 48.98 W, 10 %, 44
2026/10/10 01:22:15.788, 24077 MiB, 49.01 W, 5 %, 43
2026/10/10 01:22:16.791, 24077 MiB, 48.19 W, 6 %, 43
2026/10/10 01:22:17.805, 24077 MiB, 48.35 W, 5 %, 43
2026/10/10 01:22:18.812, 24077 MiB, 48.66 W, 15 %, 43
2026/10/10 01:22:19.828, 24077 MiB, 49.54 W, 29 %, 43
2026/10/10 01:22:20.843, 24077 MiB, 50.25 W, 52 %, 43
2026/10/10 01:22:21.845, 24077 MiB, 51.43 W, 73 %, 43
2026/10/10 01:22:22.848, 24077 MiB, 52.52 W, 73 %, 43
2026/10/10 01:22:23.852, 24077 MiB, 49.49 W, 31 %, 43
2026/10/10 01:22:24.857, 24077 MiB, 47.71 W, 7 %, 43
2026/10/10 01:22:25.866, 24077 MiB, 47.35 W, 7 %, 42
2026/10/10 01:22:26.869, 24077 MiB, 47.96 W, 6 %, 42
2026/10/10 01:22:27.871, 24077 MiB, 48.19 W, 11 %, 42
2026/10/10 01:22:28.873, 24077 MiB, 48.68 W, 40 %, 42
2026/10/10 01:22:29.878, 24077 MiB, 50.03 W, 57 %, 42
2026/10/10 01:22:30.883, 24077 MiB, 51.12 W, 77 %, 42
2026/10/10 01:22:31.886, 24077 MiB, 51.56 W, 68 %, 42
2026/10/10 01:22:32.902, 24077 MiB, 51.12 W, 61 %, 42
2026/10/10 01:22:33.905, 24077 MiB, 51.08 W, 60 %, 42
2026/10/10 01:22:34.915, 24077 MiB, 51.39 W, 52 %, 42
2026/10/10 01:22:35.931, 24077 MiB, 50.91 W, 43 %, 42
2026/10/10 01:22:36.943, 24077 MiB, 50.77 W, 43 %, 42
2026/10/10 01:22:37.955, 24077 MiB, 50.57 W, 36 %, 42
2026/10/10 01:22:38.958, 24077 MiB, 50.85 W, 46 %, 42
2026/10/10 01:22:39.973, 24077 MiB, 50.36 W, 46 %, 42
2026/10/10 01:22:40.988, 24077 MiB, 50.49 W, 34 %, 42
2026/10/10 01:22:42.003, 24077 MiB, 51.33 W, 18 %, 42
2026/10/10 01:22:43.007, 24077 MiB, 51.97 W, 23 %, 42
2026/10/10 01:22:44.023, 24077 MiB, 51.87 W, 14 %, 42
2026/10/10 01:22:45.025, 24077 MiB, 52.31 W, 14 %, 42
2026/10/10 01:22:46.038, 24077 MiB, 52.37 W, 66 %, 42
2026/10/10 01:22:47.049, 24077 MiB, 52.64 W, 74 %, 41
2026/10/10 01:22:48.053, 24077 MiB, 52.99 W, 76 %, 41
2026/10/10 01:22:49.054, 24077 MiB, 52.90 W, 75 %, 41
2026/10/10 01:22:50.061, 24077 MiB, 52.51 W, 73 %, 41
2026/10/10 01:22:51.063, 24077 MiB, 52.08 W, 69 %, 41
2026/10/10 01:22:52.065, 24077 MiB, 52.32 W, 73 %, 41
2026/10/10 01:22:53.081, 24077 MiB, 52.47 W, 70 %, 41
2026/10/10 01:22:54.095, 24077 MiB, 50.12 W, 41 %, 40
2026/10/10 01:22:55.109, 24077 MiB, 49.37 W, 26 %, 40
2026/10/10 01:22:56.109, 24077 MiB, 49.57 W, 33 %, 40
2026/10/10 01:22:57.113, 24077 MiB, 49.12 W, 26 %, 40
2026/10/10 01:22:58.125, 24077 MiB, 47.84 W, 9 %, 40
2026/10/10 01:22:59.132, 24077 MiB, 47.92 W, 6 %, 40
2026/10/10 01:23:00.144, 24077 MiB, 47.94 W, 5 %, 40
2026/10/10 01:23:01.146, 24077 MiB, 47.45 W, 4 %, 40
2026/10/10 01:23:02.152, 24077 MiB, 47.58 W, 4 %, 40
2026/10/10 01:23:03.165, 24077 MiB, 47.77 W, 5 %, 40
2026/10/10 01:23:04.167, 24077 MiB, 47.38 W, 6 %, 40
2026/10/10 01:23:05.174, 24077 MiB, 47.30 W, 5 %, 40
2026/10/10 01:23:06.176, 24077 MiB, 47.61 W, 4 %, 40
2026/10/10 01:23:07.190, 24077 MiB, 47.35 W, 4 %, 40
2026/10/10 01:23:08.204, 24077 MiB, 47.07 W, 6 %, 39
2026/10/10 01:23:09.216, 24077 MiB, 46.92 W, 4 %, 39
2026/10/10 01:23:10.227, 24077 MiB, 46.59 W, 4 %, 39
2026/10/10 01:23:11.243, 24077 MiB, 46.05 W, 7 %, 39
2026/10/10 01:23:12.257, 24077 MiB, 46.32 W, 7 %, 39
2026/10/10 01:23:13.268, 24077 MiB, 46.53 W, 6 %, 39
2026/10/10 01:23:14.268, 24077 MiB, 46.22 W, 7 %, 39
2026/10/10 01:23:15.282, 24077 MiB, 46.19 W, 5 %, 39
2026/10/10 01:23:16.294, 24077 MiB, 46.04 W, 5 %, 39
2026/10/10 01:23:17.309, 24077 MiB, 45.89 W, 5 %, 40
2026/10/10 01:23:18.324, 24077 MiB, 46.22 W, 10 %, 40
2026/10/10 01:23:19.339, 24077 MiB, 47.29 W, 21 %, 40
2026/10/10 01:23:20.351, 24077 MiB, 47.50 W, 37 %, 40
2026/10/10 01:23:21.362, 24077 MiB, 48.08 W, 49 %, 41
2026/10/10 01:23:22.373, 24077 MiB, 49.09 W, 60 %, 41
2026/10/10 01:23:23.374, 24077 MiB, 50.00 W, 73 %, 40
2026/10/10 01:23:24.386, 24077 MiB, 48.60 W, 57 %, 39
2026/10/10 01:23:25.386, 24077 MiB, 47.42 W, 37 %, 39
2026/10/10 01:23:26.388, 24077 MiB, 47.04 W, 28 %, 40
2026/10/10 01:23:27.403, 24077 MiB, 45.98 W, 15 %, 40
2026/10/10 01:23:28.416, 24077 MiB, 46.34 W, 17 %, 40
2026/10/10 01:23:29.431, 24077 MiB, 46.14 W, 14 %, 40
2026/10/10 01:23:30.433, 24077 MiB, 46.03 W, 11 %, 40
2026/10/10 01:23:31.448, 24077 MiB, 45.75 W, 5 %, 40
2026/10/10 01:23:32.449, 24077 MiB, 45.65 W, 5 %, 40
2026/10/10 01:23:33.450, 24077 MiB, 46.07 W, 5 %, 40
2026/10/10 01:23:34.463, 24077 MiB, 46.21 W, 7 %, 40
2026/10/10 01:23:35.469, 24077 MiB, 46.12 W, 8 %, 40
2026/10/10 01:23:36.481, 24077 MiB, 46.41 W, 5 %, 40
2026/10/10 01:23:37.484, 24077 MiB, 46.39 W, 9 %, 40
2026/10/10 01:23:38.487, 24077 MiB, 46.72 W, 21 %, 41
2026/10/10 01:23:39.492, 24077 MiB, 48.27 W, 31 %, 41
2026/10/10 01:23:40.505, 24077 MiB, 48.96 W, 28 %, 41
2026/10/10 01:23:41.509, 24077 MiB, 48.90 W, 32 %, 41
2026/10/10 01:23:42.518, 24077 MiB, 49.18 W, 25 %, 41
2026/10/10 01:23:43.522, 24077 MiB, 48.62 W, 31 %, 41
2026/10/10 01:23:44.534, 24077 MiB, 48.71 W, 51 %, 42
2026/10/10 01:23:45.540, 24077 MiB, 50.07 W, 62 %, 42
2026/10/10 01:23:46.545, 24077 MiB, 50.73 W, 66 %, 42
2026/10/10 01:23:47.550, 24077 MiB, 50.86 W, 69 %, 42
2026/10/10 01:23:48.552, 24077 MiB, 50.88 W, 70 %, 42
2026/10/10 01:23:49.553, 24077 MiB, 51.43 W, 71 %, 41
2026/10/10 01:23:50.560, 24077 MiB, 51.38 W, 69 %, 42
2026/10/10 01:23:51.570, 24077 MiB, 51.39 W, 73 %, 41
2026/10/10 01:23:52.574, 24077 MiB, 50.45 W, 64 %, 41
2026/10/10 01:23:53.588, 24077 MiB, 50.43 W, 60 %, 41
2026/10/10 01:23:54.592, 24077 MiB, 47.83 W, 23 %, 41
2026/10/10 01:23:55.594, 24077 MiB, 47.39 W, 11 %, 42
2026/10/10 01:23:56.602, 24077 MiB, 47.17 W, 5 %, 42
2026/10/10 01:23:57.606, 24077 MiB, 46.67 W, 5 %, 42
2026/10/10 01:23:58.611, 24077 MiB, 47.06 W, 5 %, 41
2026/10/10 01:23:59.615, 24077 MiB, 46.84 W, 5 %, 41
2026/10/10 01:24:00.626, 24077 MiB, 47.21 W, 6 %, 41
2026/10/10 01:24:01.630, 24077 MiB, 47.11 W, 5 %, 41
2026/10/10 01:24:02.633, 24077 MiB, 46.97 W, 10 %, 41
2026/10/10 01:24:03.647, 24077 MiB, 47.17 W, 12 %, 41
2026/10/10 01:24:04.650, 24077 MiB, 48.05 W, 21 %, 41
2026/10/10 01:24:05.658, 24077 MiB, 48.53 W, 25 %, 41
2026/10/10 01:24:06.662, 24077 MiB, 48.49 W, 34 %, 41
2026/10/10 01:24:07.671, 24077 MiB, 48.63 W, 49 %, 41
2026/10/10 01:24:08.679, 24077 MiB, 49.85 W, 70 %, 41
2026/10/10 01:24:09.685, 24077 MiB, 50.09 W, 65 %, 42
2026/10/10 01:24:10.693, 24077 MiB, 49.00 W, 51 %, 42
2026/10/10 01:24:11.701, 24077 MiB, 48.13 W, 35 %, 43
2026/10/10 01:24:12.714, 24077 MiB, 47.85 W, 27 %, 43
2026/10/10 01:24:13.718, 24077 MiB, 47.30 W, 19 %, 43
2026/10/10 01:24:14.723, 24077 MiB, 47.05 W, 7 %, 42
2026/10/10 01:24:15.727, 24077 MiB, 47.46 W, 7 %, 42
2026/10/10 01:24:16.730, 24077 MiB, 47.12 W, 5 %, 41
2026/10/10 01:24:17.735, 24077 MiB, 47.16 W, 5 %, 42
2026/10/10 01:24:18.740, 24077 MiB, 47.20 W, 5 %, 42
2026/10/10 01:24:19.750, 24077 MiB, 47.40 W, 5 %, 42
2026/10/10 01:24:20.758, 24077 MiB, 47.02 W, 5 %, 42
2026/10/10 01:24:21.768, 24077 MiB, 47.03 W, 6 %, 42
2026/10/10 01:24:22.771, 24077 MiB, 47.10 W, 17 %, 42
2026/10/10 01:24:23.778, 24077 MiB, 47.66 W, 44 %, 42
2026/10/10 01:24:24.786, 24077 MiB, 49.52 W, 69 %, 42
2026/10/10 01:24:25.790, 24077 MiB, 51.13 W, 69 %, 42
2026/10/10 01:24:26.795, 24077 MiB, 51.42 W, 70 %, 42
2026/10/10 01:24:27.798, 24077 MiB, 48.76 W, 40 %, 43
2026/10/10 01:24:28.809, 24077 MiB, 46.80 W, 5 %, 43
2026/10/10 01:24:29.823, 24077 MiB, 46.80 W, 5 %, 43
2026/10/10 01:24:30.829, 24077 MiB, 47.09 W, 5 %, 42
2026/10/10 01:24:31.837, 24077 MiB, 46.93 W, 6 %, 42
2026/10/10 01:24:32.842, 24077 MiB, 46.63 W, 7 %, 42
2026/10/10 01:24:33.845, 24077 MiB, 47.12 W, 28 %, 42
2026/10/10 01:24:34.847, 24077 MiB, 48.93 W, 50 %, 42
2026/10/10 01:24:35.857, 24077 MiB, 50.06 W, 69 %, 42
2026/10/10 01:24:36.865, 24077 MiB, 50.82 W, 72 %, 42
2026/10/10 01:24:37.875, 24077 MiB, 49.02 W, 50 %, 43
2026/10/10 01:24:38.888, 24077 MiB, 47.58 W, 30 %, 44
2026/10/10 01:24:39.891, 24077 MiB, 46.46 W, 11 %, 43
2026/10/10 01:24:40.891, 24077 MiB, 46.80 W, 5 %, 43
2026/10/10 01:24:41.897, 24077 MiB, 46.37 W, 5 %, 42
2026/10/10 01:24:42.911, 24077 MiB, 46.88 W, 8 %, 42
2026/10/10 01:24:43.914, 24077 MiB, 46.96 W, 7 %, 42
2026/10/10 01:24:44.916, 24077 MiB, 46.75 W, 18 %, 42
2026/10/10 01:24:45.922, 24077 MiB, 47.33 W, 53 %, 43
2026/10/10 01:24:46.937, 24077 MiB, 49.75 W, 77 %, 43
2026/10/10 01:24:47.946, 24077 MiB, 51.18 W, 69 %, 43
2026/10/10 01:24:48.946, 24077 MiB, 51.09 W, 71 %, 43
2026/10/10 01:24:49.951, 24077 MiB, 51.32 W, 70 %, 43
2026/10/10 01:24:50.966, 24077 MiB, 50.88 W, 70 %, 43
2026/10/10 01:24:51.969, 24077 MiB, 49.29 W, 45 %, 43
2026/10/10 01:24:52.985, 24077 MiB, 46.89 W, 5 %, 43
2026/10/10 01:24:53.990, 24077 MiB, 46.79 W, 8 %, 43
2026/10/10 01:24:54.994, 24077 MiB, 47.44 W, 43 %, 43
2026/10/10 01:24:55.997, 24077 MiB, 49.92 W, 68 %, 43
2026/10/10 01:24:57.002, 24077 MiB, 51.36 W, 69 %, 43
2026/10/10 01:24:58.008, 24077 MiB, 51.32 W, 72 %, 43
2026/10/10 01:24:59.009, 24077 MiB, 48.99 W, 43 %, 44
2026/10/10 01:25:00.013, 24077 MiB, 47.44 W, 19 %, 44
2026/10/10 01:25:01.020, 24077 MiB, 46.84 W, 5 %, 44
2026/10/10 01:25:02.026, 24077 MiB, 46.89 W, 6 %, 43
2026/10/10 01:25:03.034, 24077 MiB, 46.62 W, 4 %, 43
2026/10/10 01:25:04.056, 24077 MiB, 46.58 W, 6 %, 43
2026/10/10 01:25:05.071, 24077 MiB, 46.19 W, 5 %, 43
2026/10/10 01:25:06.078, 24077 MiB, 46.30 W, 27 %, 43
2026/10/10 01:25:07.087, 24077 MiB, 48.37 W, 54 %, 43
2026/10/10 01:25:08.097, 24077 MiB, 50.35 W, 72 %, 43
2026/10/10 01:25:09.102, 24077 MiB, 51.56 W, 70 %, 43
2026/10/10 01:25:10.113, 24077 MiB, 51.46 W, 73 %, 43
2026/10/10 01:25:11.116, 24077 MiB, 50.20 W, 58 %, 44
2026/10/10 01:25:12.121, 24077 MiB, 48.08 W, 35 %, 45
2026/10/10 01:25:13.122, 24077 MiB, 47.10 W, 14 %, 44
2026/10/10 01:25:14.122, 24077 MiB, 47.46 W, 7 %, 44
2026/10/10 01:25:15.125, 24077 MiB, 46.90 W, 7 %, 44
2026/10/10 01:25:16.128, 24077 MiB, 46.94 W, 7 %, 44
2026/10/10 01:25:17.138, 24077 MiB, 46.97 W, 7 %, 43
2026/10/10 01:25:18.153, 24077 MiB, 47.55 W, 7 %, 43
2026/10/10 01:25:19.167, 24077 MiB, 47.84 W, 17 %, 43
2026/10/10 01:25:20.172, 24077 MiB, 47.98 W, 16 %, 43
2026/10/10 01:25:21.182, 24077 MiB, 48.38 W, 28 %, 44
2026/10/10 01:25:22.187, 24077 MiB, 49.48 W, 36 %, 44
2026/10/10 01:25:23.191, 24077 MiB, 49.58 W, 66 %, 44
2026/10/10 01:25:24.199, 24077 MiB, 50.95 W, 70 %, 44
2026/10/10 01:25:25.211, 24077 MiB, 49.08 W, 47 %, 44
2026/10/10 01:25:26.226, 24077 MiB, 48.78 W, 37 %, 45
2026/10/10 01:25:27.229, 24077 MiB, 47.44 W, 5 %, 45
2026/10/10 01:25:28.241, 24077 MiB, 47.25 W, 5 %, 44
2026/10/10 01:25:29.249, 24077 MiB, 46.93 W, 5 %, 44
2026/10/10 01:25:30.251, 24077 MiB, 46.98 W, 5 %, 44
2026/10/10 01:25:31.255, 24077 MiB, 47.90 W, 14 %, 44
2026/10/10 01:25:32.259, 24077 MiB, 48.50 W, 33 %, 44
2026/10/10 01:25:33.261, 24077 MiB, 50.03 W, 56 %, 44
2026/10/10 01:25:34.276, 24077 MiB, 50.88 W, 71 %, 44
2026/10/10 01:25:35.280, 24077 MiB, 51.82 W, 78 %, 44
2026/10/10 01:25:36.293, 24077 MiB, 50.12 W, 38 %, 45
2026/10/10 01:25:37.301, 24077 MiB, 50.53 W, 12 %, 45
2026/10/10 01:25:38.305, 24077 MiB, 52.13 W, 5 %, 45
2026/10/10 01:25:39.319, 24077 MiB, 51.42 W, 67 %, 44
2026/10/10 01:25:40.327, 24077 MiB, 49.80 W, 7 %, 44
2026/10/10 01:25:41.334, 24077 MiB, 47.97 W, 7 %, 44
2026/10/10 01:25:42.348, 24077 MiB, 47.24 W, 21 %, 44
2026/10/10 01:25:43.351, 24077 MiB, 47.45 W, 35 %, 44
2026/10/10 01:25:44.362, 24077 MiB, 47.60 W, 5 %, 44
2026/10/10 01:25:45.367, 24077 MiB, 47.63 W, 5 %, 44
2026/10/10 01:25:46.377, 24077 MiB, 48.18 W, 8 %, 45
2026/10/10 01:25:47.382, 24077 MiB, 48.40 W, 28 %, 45
2026/10/10 01:25:48.385, 24077 MiB, 49.89 W, 43 %, 45
2026/10/10 01:25:49.388, 24077 MiB, 50.62 W, 51 %, 46
2026/10/10 01:25:50.402, 24077 MiB, 51.24 W, 74 %, 45
2026/10/10 01:25:51.408, 24077 MiB, 51.40 W, 62 %, 44
2026/10/10 01:25:52.418, 24077 MiB, 50.78 W, 46 %, 44
2026/10/10 01:25:53.434, 24077 MiB, 48.60 W, 17 %, 44
2026/10/10 01:25:54.449, 24077 MiB, 48.09 W, 5 %, 44
2026/10/10 01:25:55.464, 24077 MiB, 47.97 W, 5 %, 45
2026/10/10 01:25:56.475, 24077 MiB, 48.50 W, 6 %, 45
2026/10/10 01:25:57.477, 24077 MiB, 49.03 W, 33 %, 45
2026/10/10 01:25:58.490, 24077 MiB, 50.86 W, 60 %, 46
2026/10/10 01:25:59.493, 24077 MiB, 52.95 W, 70 %, 45
2026/10/10 01:26:00.496, 24077 MiB, 52.62 W, 57 %, 44
2026/10/10 01:26:01.500, 24077 MiB, 51.22 W, 44 %, 44
2026/10/10 01:26:02.514, 24077 MiB, 49.68 W, 31 %, 44
2026/10/10 01:26:03.517, 24077 MiB, 48.97 W, 14 %, 44
2026/10/10 01:26:04.522, 24077 MiB, 49.13 W, 5 %, 45
2026/10/10 01:26:05.523, 24077 MiB, 48.86 W, 5 %, 45
2026/10/10 01:26:06.526, 24077 MiB, 48.51 W, 5 %, 45
2026/10/10 01:26:07.528, 24077 MiB, 49.01 W, 11 %, 45
2026/10/10 01:26:08.538, 24077 MiB, 49.58 W, 35 %, 46
2026/10/10 01:26:09.553, 24077 MiB, 50.98 W, 46 %, 46
2026/10/10 01:26:10.557, 24077 MiB, 52.14 W, 61 %, 46
2026/10/10 01:26:11.562, 24077 MiB, 53.09 W, 73 %, 45
2026/10/10 01:26:12.566, 24077 MiB, 51.18 W, 48 %, 45
2026/10/10 01:26:13.569, 24077 MiB, 49.65 W, 26 %, 45
2026/10/10 01:26:14.573, 24077 MiB, 48.47 W, 11 %, 45
2026/10/10 01:26:15.575, 24077 MiB, 48.52 W, 7 %, 45
2026/10/10 01:26:16.588, 24077 MiB, 48.31 W, 7 %, 45
2026/10/10 01:26:17.597, 24077 MiB, 48.46 W, 11 %, 45
2026/10/10 01:26:18.605, 24077 MiB, 49.12 W, 42 %, 46
2026/10/10 01:26:19.614, 24077 MiB, 51.15 W, 58 %, 46
2026/10/10 01:26:20.627, 24077 MiB, 52.28 W, 70 %, 46
2026/10/10 01:26:21.633, 24077 MiB, 51.59 W, 57 %, 45
2026/10/10 01:26:22.638, 24077 MiB, 49.80 W, 31 %, 45
2026/10/10 01:26:23.645, 24077 MiB, 48.74 W, 12 %, 45
2026/10/10 01:26:24.654, 24077 MiB, 48.35 W, 5 %, 45
2026/10/10 01:26:25.669, 24077 MiB, 48.60 W, 5 %, 45
2026/10/10 01:26:26.679, 24077 MiB, 48.10 W, 8 %, 45
2026/10/10 01:26:27.685, 24077 MiB, 48.13 W, 38 %, 46
2026/10/10 01:26:28.692, 24077 MiB, 50.13 W, 54 %, 46
2026/10/10 01:26:29.697, 24077 MiB, 51.22 W, 70 %, 46
2026/10/10 01:26:30.701, 24077 MiB, 51.81 W, 68 %, 46
2026/10/10 01:26:31.706, 24077 MiB, 50.42 W, 44 %, 45
2026/10/10 01:26:32.713, 24077 MiB, 48.04 W, 18 %, 45
2026/10/10 01:26:33.714, 24077 MiB, 47.51 W, 5 %, 45
2026/10/10 01:26:34.721, 24077 MiB, 47.67 W, 6 %, 45
2026/10/10 01:26:35.729, 24077 MiB, 47.40 W, 5 %, 45
2026/10/10 01:26:36.742, 24077 MiB, 47.54 W, 27 %, 46
2026/10/10 01:26:37.751, 24077 MiB, 50.44 W, 70 %, 46
2026/10/10 01:26:38.758, 24077 MiB, 52.04 W, 71 %, 46
2026/10/10 01:26:39.767, 24077 MiB, 50.28 W, 50 %, 45
2026/10/10 01:26:40.772, 24077 MiB, 48.37 W, 15 %, 45
2026/10/10 01:26:41.774, 24077 MiB, 47.47 W, 5 %, 45
2026/10/10 01:26:42.780, 24077 MiB, 47.65 W, 4 %, 45
2026/10/10 01:26:43.787, 24077 MiB, 47.89 W, 5 %, 46
2026/10/10 01:26:44.791, 24077 MiB, 47.72 W, 6 %, 46
2026/10/10 01:26:45.797, 24077 MiB, 47.85 W, 40 %, 47
2026/10/10 01:26:46.812, 24077 MiB, 50.07 W, 74 %, 46
2026/10/10 01:26:47.821, 24077 MiB, 50.40 W, 47 %, 45
2026/10/10 01:26:48.822, 24077 MiB, 48.21 W, 7 %, 45
2026/10/10 01:26:49.831, 24077 MiB, 48.03 W, 7 %, 46
2026/10/10 01:26:50.833, 24077 MiB, 47.98 W, 6 %, 46
2026/10/10 01:26:51.834, 24077 MiB, 47.78 W, 6 %, 46
2026/10/10 01:26:52.838, 24077 MiB, 47.70 W, 20 %, 46
2026/10/10 01:26:53.843, 24077 MiB, 49.24 W, 53 %, 47
2026/10/10 01:26:54.852, 24077 MiB, 50.96 W, 75 %, 46
2026/10/10 01:26:55.861, 24077 MiB, 51.08 W, 54 %, 46
2026/10/10 01:26:56.865, 24077 MiB, 50.39 W, 40 %, 46
2026/10/10 01:26:57.869, 24077 MiB, 50.48 W, 32 %, 46
2026/10/10 01:26:58.874, 24077 MiB, 48.82 W, 4 %, 46
2026/10/10 01:26:59.879, 24077 MiB, 48.95 W, 6 %, 46
2026/10/10 01:27:00.891, 24077 MiB, 47.89 W, 5 %, 46
2026/10/10 01:27:01.895, 24077 MiB, 47.67 W, 8 %, 46
2026/10/10 01:27:02.905, 24077 MiB, 48.35 W, 21 %, 46
2026/10/10 01:27:03.918, 24077 MiB, 49.08 W, 44 %, 46
2026/10/10 01:27:04.924, 24077 MiB, 50.48 W, 78 %, 46
2026/10/10 01:27:05.927, 24077 MiB, 50.27 W, 46 %, 47
2026/10/10 01:27:06.930, 24077 MiB, 48.65 W, 18 %, 47
2026/10/10 01:27:07.940, 24077 MiB, 48.07 W, 5 %, 46
2026/10/10 01:27:08.948, 24077 MiB, 47.93 W, 5 %, 46
2026/10/10 01:27:09.950, 24077 MiB, 47.85 W, 20 %, 46
2026/10/10 01:27:10.955, 24077 MiB, 49.08 W, 46 %, 46
2026/10/10 01:27:11.959, 24077 MiB, 51.21 W, 73 %, 46
2026/10/10 01:27:12.962, 24077 MiB, 51.97 W, 64 %, 46
2026/10/10 01:27:13.977, 24077 MiB, 50.40 W, 45 %, 47
2026/10/10 01:27:14.983, 24077 MiB, 47.85 W, 12 %, 47
2026/10/10 01:27:15.998, 24077 MiB, 47.46 W, 5 %, 47
2026/10/10 01:27:17.013, 24077 MiB, 47.65 W, 5 %, 46
2026/10/10 01:27:18.017, 24077 MiB, 47.78 W, 5 %, 46
2026/10/10 01:27:19.020, 24077 MiB, 48.02 W, 8 %, 46
2026/10/10 01:27:20.025, 24077 MiB, 48.40 W, 42 %, 46
2026/10/10 01:27:21.034, 24077 MiB, 50.54 W, 71 %, 46
2026/10/10 01:27:22.036, 24077 MiB, 52.31 W, 70 %, 46
2026/10/10 01:27:23.041, 24077 MiB, 50.73 W, 59 %, 47
2026/10/10 01:27:24.048, 24077 MiB, 47.36 W, 5 %, 47
2026/10/10 01:27:25.060, 24077 MiB, 47.50 W, 5 %, 46
2026/10/10 01:27:26.069, 24077 MiB, 47.82 W, 5 %, 46
2026/10/10 01:27:27.076, 24077 MiB, 47.66 W, 19 %, 46
2026/10/10 01:27:28.092, 24077 MiB, 48.61 W, 30 %, 46
2026/10/10 01:27:29.106, 24077 MiB, 49.49 W, 52 %, 46
2026/10/10 01:27:30.111, 24077 MiB, 51.15 W, 75 %, 46
2026/10/10 01:27:31.123, 24077 MiB, 50.85 W, 58 %, 47
2026/10/10 01:27:32.132, 24077 MiB, 48.82 W, 26 %, 48
2026/10/10 01:27:33.137, 24077 MiB, 48.24 W, 7 %, 47
2026/10/10 01:27:34.151, 24077 MiB, 48.43 W, 5 %, 47
2026/10/10 01:27:35.156, 24077 MiB, 48.58 W, 5 %, 46
2026/10/10 01:27:36.170, 24077 MiB, 48.15 W, 5 %, 46
2026/10/10 01:27:37.185, 24077 MiB, 48.47 W, 17 %, 46
2026/10/10 01:27:38.188, 24077 MiB, 49.86 W, 43 %, 46
2026/10/10 01:27:39.189, 24077 MiB, 50.87 W, 78 %, 47
2026/10/10 01:27:40.203, 24077 MiB, 49.58 W, 28 %, 48
2026/10/10 01:27:41.218, 24077 MiB, 48.04 W, 6 %, 48
2026/10/10 01:27:42.223, 24077 MiB, 48.54 W, 5 %, 46
2026/10/10 01:27:43.224, 24077 MiB, 48.89 W, 5 %, 46
2026/10/10 01:27:44.227, 24077 MiB, 48.88 W, 18 %, 46
2026/10/10 01:27:45.233, 24077 MiB, 50.43 W, 53 %, 47
2026/10/10 01:27:46.244, 24077 MiB, 52.41 W, 70 %, 47
2026/10/10 01:27:47.246, 24077 MiB, 53.00 W, 68 %, 47
2026/10/10 01:27:48.249, 24077 MiB, 51.54 W, 39 %, 48
2026/10/10 01:27:49.251, 24077 MiB, 49.41 W, 14 %, 48
2026/10/10 01:27:50.253, 24077 MiB, 49.61 W, 5 %, 46
2026/10/10 01:27:51.268, 24077 MiB, 49.57 W, 21 %, 47
2026/10/10 01:27:52.282, 24077 MiB, 50.84 W, 59 %, 47
2026/10/10 01:27:53.284, 24077 MiB, 53.01 W, 70 %, 47
2026/10/10 01:27:54.299, 24077 MiB, 51.10 W, 35 %, 48
2026/10/10 01:27:55.312, 24077 MiB, 49.68 W, 7 %, 48
2026/10/10 01:27:56.323, 24077 MiB, 49.19 W, 7 %, 47
2026/10/10 01:27:57.337, 24077 MiB, 49.37 W, 18 %, 47
2026/10/10 01:27:58.339, 24077 MiB, 49.97 W, 70 %, 47
2026/10/10 01:27:59.349, 24077 MiB, 49.46 W, 16 %, 48
2026/10/10 01:28:00.350, 24077 MiB, 49.63 W, 5 %, 47
2026/10/10 01:28:01.351, 24077 MiB, 49.41 W, 5 %, 47
2026/10/10 01:28:02.363, 24077 MiB, 49.36 W, 18 %, 47
2026/10/10 01:28:03.364, 24077 MiB, 50.58 W, 51 %, 47
2026/10/10 01:28:04.368, 24077 MiB, 52.56 W, 70 %, 47
2026/10/10 01:28:05.384, 24077 MiB, 51.96 W, 47 %, 48
2026/10/10 01:28:06.386, 24077 MiB, 50.08 W, 23 %, 48
2026/10/10 01:28:07.391, 24077 MiB, 48.95 W, 5 %, 48
2026/10/10 01:28:08.406, 24077 MiB, 48.94 W, 5 %, 47
2026/10/10 01:28:09.424, 24077 MiB, 49.01 W, 32 %, 47
2026/10/10 01:28:10.437, 24077 MiB, 50.65 W, 69 %, 47
2026/10/10 01:28:11.440, 24077 MiB, 50.81 W, 37 %, 48
2026/10/10 01:28:12.447, 24077 MiB, 49.65 W, 5 %, 48
2026/10/10 01:28:13.452, 24077 MiB, 49.41 W, 5 %, 47
2026/10/10 01:28:14.459, 24077 MiB, 49.27 W, 6 %, 47
2026/10/10 01:28:15.459, 24077 MiB, 49.55 W, 23 %, 47
2026/10/10 01:28:16.460, 24077 MiB, 51.19 W, 59 %, 47
2026/10/10 01:28:17.473, 24077 MiB, 52.92 W, 70 %, 47
2026/10/10 01:28:18.486, 24077 MiB, 52.08 W, 51 %, 48
2026/10/10 01:28:19.498, 24077 MiB, 50.05 W, 12 %, 48
2026/10/10 01:28:20.502, 24077 MiB, 50.46 W, 7 %, 47
2026/10/10 01:28:21.518, 24077 MiB, 49.99 W, 7 %, 47
2026/10/10 01:28:22.518, 24077 MiB, 49.59 W, 34 %, 47
2026/10/10 01:28:23.533, 24077 MiB, 51.73 W, 65 %, 47
2026/10/10 01:28:24.547, 24077 MiB, 52.24 W, 50 %, 48
2026/10/10 01:28:25.549, 24077 MiB, 50.42 W, 20 %, 48
2026/10/10 01:28:26.554, 24077 MiB, 49.77 W, 5 %, 48
2026/10/10 01:28:27.555, 24077 MiB, 49.28 W, 5 %, 47
2026/10/10 01:28:28.557, 24077 MiB, 48.96 W, 5 %, 47
2026/10/10 01:28:29.565, 24077 MiB, 49.39 W, 39 %, 47
2026/10/10 01:28:30.567, 24077 MiB, 52.32 W, 69 %, 47
2026/10/10 01:28:31.581, 24077 MiB, 53.82 W, 70 %, 47
2026/10/10 01:28:32.607, 24077 MiB, 52.63 W, 56 %, 48
2026/10/10 01:28:33.613, 24077 MiB, 51.13 W, 31 %, 49
2026/10/10 01:28:34.621, 24077 MiB, 49.92 W, 5 %, 48
2026/10/10 01:28:35.623, 24077 MiB, 49.78 W, 5 %, 47
2026/10/10 01:28:36.638, 24077 MiB, 49.77 W, 5 %, 47
2026/10/10 01:28:37.646, 24077 MiB, 50.08 W, 28 %, 47
2026/10/10 01:28:38.652, 24077 MiB, 49.78 W, 73 %, 47
2026/10/10 01:28:39.657, 24077 MiB, 49.63 W, 54 %, 48
2026/10/10 01:28:40.672, 24077 MiB, 50.73 W, 36 %, 48
2026/10/10 01:28:41.684, 24077 MiB, 52.40 W, 11 %, 48
2026/10/10 01:28:42.698, 24077 MiB, 53.40 W, 5 %, 48
2026/10/10 01:28:43.700, 24077 MiB, 51.77 W, 38 %, 47
2026/10/10 01:28:44.702, 24077 MiB, 50.14 W, 4 %, 47
2026/10/10 01:28:45.705, 24077 MiB, 49.56 W, 4 %, 48
2026/10/10 01:28:46.720, 24077 MiB, 49.30 W, 4 %, 48
2026/10/10 01:28:47.731, 24077 MiB, 49.58 W, 28 %, 48
2026/10/10 01:28:48.734, 24077 MiB, 51.29 W, 60 %, 49
2026/10/10 01:28:49.735, 24077 MiB, 52.95 W, 69 %, 48
2026/10/10 01:28:50.749, 24077 MiB, 50.83 W, 29 %, 47
2026/10/10 01:28:51.751, 24077 MiB, 48.88 W, 5 %, 47
2026/10/10 01:28:52.760, 24077 MiB, 31.14 W, 29 %, 47
2026/10/10 01:28:53.766, 24077 MiB, 134.60 W, 99 %, 56
2026/10/10 01:28:54.779, 24077 MiB, 261.38 W, 100 %, 58
2026/10/10 01:28:55.791, 24077 MiB, 251.28 W, 100 %, 57
2026/10/10 01:28:56.803, 24077 MiB, 179.49 W, 92 %, 59
2026/10/10 01:28:57.815, 24077 MiB, 267.97 W, 99 %, 67
2026/10/10 01:28:58.830, 24077 MiB, 270.27 W, 89 %, 60
2026/10/10 01:28:59.840, 24077 MiB, 227.16 W, 99 %, 68
2026/10/10 01:29:00.855, 24077 MiB, 262.72 W, 99 %, 67
2026/10/10 01:29:01.870, 24077 MiB, 266.50 W, 99 %, 65
2026/10/10 01:29:02.885, 24077 MiB, 225.36 W, 100 %, 57
2026/10/10 01:29:03.897, 24077 MiB, 209.17 W, 96 %, 57
2026/10/10 01:29:04.907, 24077 MiB, 298.61 W, 91 %, 71
2026/10/10 01:29:05.920, 24077 MiB, 271.31 W, 92 %, 59
2026/10/10 01:29:06.934, 24077 MiB, 226.62 W, 100 %, 59
2026/10/10 01:29:07.948, 24077 MiB, 253.89 W, 99 %, 61
2026/10/10 01:29:08.963, 24077 MiB, 259.57 W, 100 %, 63
2026/10/10 01:29:09.975, 24077 MiB, 234.70 W, 100 %, 56
2026/10/10 01:29:10.990, 24077 MiB, 198.59 W, 90 %, 58
2026/10/10 01:29:12.003, 24077 MiB, 269.93 W, 92 %, 58
2026/10/10 01:29:13.018, 24077 MiB, 302.18 W, 97 %, 64
2026/10/10 01:29:14.031, 24077 MiB, 286.63 W, 91 %, 64
2026/10/10 01:29:15.036, 24077 MiB, 162.42 W, 1 %, 52
2026/10/10 01:29:16.043, 24077 MiB, 101.96 W, 21 %, 53
2026/10/10 01:29:17.045, 24077 MiB, 72.22 W, 1 %, 49
2026/10/10 01:29:18.052, 24077 MiB, 55.38 W, 2 %, 48
2026/10/10 01:29:19.056, 24077 MiB, 54.74 W, 2 %, 48
2026/10/10 01:29:20.065, 24077 MiB, 53.93 W, 2 %, 48
2026/10/10 01:29:21.070, 24077 MiB, 52.85 W, 7 %, 47
2026/10/10 01:29:22.085, 24077 MiB, 53.01 W, 24 %, 47
2026/10/10 01:29:23.089, 24077 MiB, 54.11 W, 48 %, 48
2026/10/10 01:29:24.101, 24077 MiB, 54.76 W, 42 %, 46
2026/10/10 01:29:25.114, 24077 MiB, 52.21 W, 6 %, 46
2026/10/10 01:29:26.124, 24077 MiB, 51.87 W, 64 %, 46
2026/10/10 01:29:27.129, 24077 MiB, 52.45 W, 15 %, 46
2026/10/10 01:29:28.135, 24077 MiB, 50.10 W, 19 %, 45
2026/10/10 01:29:29.142, 24077 MiB, 52.56 W, 69 %, 45
2026/10/10 01:29:30.147, 24077 MiB, 52.90 W, 33 %, 46
2026/10/10 01:29:31.149, 24077 MiB, 50.90 W, 5 %, 45
2026/10/10 01:29:32.163, 24077 MiB, 51.67 W, 59 %, 44
2026/10/10 01:29:33.174, 24077 MiB, 52.17 W, 24 %, 45
2026/10/10 01:29:34.183, 24077 MiB, 49.23 W, 6 %, 44
2026/10/10 01:29:35.198, 24077 MiB, 50.78 W, 52 %, 44
2026/10/10 01:29:36.207, 24077 MiB, 52.48 W, 50 %, 45
2026/10/10 01:29:37.222, 24077 MiB, 50.83 W, 5 %, 44
2026/10/10 01:29:38.230, 24077 MiB, 48.74 W, 23 %, 44
2026/10/10 01:29:39.243, 24077 MiB, 51.84 W, 72 %, 45
2026/10/10 01:29:40.254, 24077 MiB, 51.81 W, 20 %, 44
2026/10/10 01:29:41.258, 24077 MiB, 48.99 W, 13 %, 43
2026/10/10 01:29:42.264, 24077 MiB, 51.44 W, 67 %, 44
2026/10/10 01:29:43.273, 24077 MiB, 51.96 W, 6 %, 43
2026/10/10 01:29:44.288, 24077 MiB, 49.32 W, 24 %, 43
2026/10/10 01:29:45.302, 24077 MiB, 52.73 W, 51 %, 44
2026/10/10 01:29:46.306, 24077 MiB, 51.38 W, 5 %, 43
2026/10/10 01:29:47.320, 24077 MiB, 50.46 W, 45 %, 43
2026/10/10 01:29:48.329, 24077 MiB, 52.25 W, 48 %, 44
2026/10/10 01:29:49.340, 24077 MiB, 51.00 W, 5 %, 43
2026/10/10 01:29:50.352, 24077 MiB, 50.56 W, 44 %, 42
2026/10/10 01:29:51.363, 24077 MiB, 52.42 W, 56 %, 43
2026/10/10 01:29:52.370, 24077 MiB, 51.48 W, 5 %, 42
2026/10/10 01:29:53.379, 24077 MiB, 48.14 W, 7 %, 42
2026/10/10 01:29:54.394, 24077 MiB, 51.36 W, 59 %, 42
2026/10/10 01:29:55.409, 24077 MiB, 52.20 W, 48 %, 43
2026/10/10 01:29:56.424, 24077 MiB, 50.66 W, 5 %, 42
2026/10/10 01:29:57.433, 24077 MiB, 49.20 W, 42 %, 42
2026/10/10 01:29:58.436, 24077 MiB, 52.24 W, 68 %, 43
2026/10/10 01:29:59.437, 24077 MiB, 51.60 W, 7 %, 42
2026/10/10 01:30:00.444, 24077 MiB, 47.93 W, 19 %, 41
2026/10/10 01:30:01.451, 24077 MiB, 51.75 W, 80 %, 42
2026/10/10 01:30:02.464, 24077 MiB, 51.74 W, 37 %, 42
2026/10/10 01:30:03.470, 24077 MiB, 49.28 W, 9 %, 41
2026/10/10 01:30:04.477, 24077 MiB, 49.31 W, 47 %, 41
2026/10/10 01:30:05.480, 24077 MiB, 51.55 W, 69 %, 42
2026/10/10 01:30:06.482, 24077 MiB, 51.44 W, 5 %, 41
2026/10/10 01:30:07.492, 24077 MiB, 47.91 W, 12 %, 41
2026/10/10 01:30:08.505, 24077 MiB, 51.60 W, 71 %, 41
2026/10/10 01:30:09.511, 24077 MiB, 51.45 W, 29 %, 41
2026/10/10 01:30:10.526, 24077 MiB, 48.52 W, 5 %, 41
2026/10/10 01:30:11.533, 24077 MiB, 48.97 W, 41 %, 41
2026/10/10 01:30:12.547, 24077 MiB, 51.49 W, 65 %, 41
2026/10/10 01:30:13.552, 24077 MiB, 51.24 W, 5 %, 40
2026/10/10 01:30:14.561, 24077 MiB, 47.77 W, 14 %, 42
2026/10/10 01:30:15.566, 24077 MiB, 51.56 W, 76 %, 41
2026/10/10 01:30:16.569, 24077 MiB, 51.85 W, 44 %, 40
2026/10/10 01:30:17.580, 24077 MiB, 50.22 W, 5 %, 40
2026/10/10 01:30:18.595, 24077 MiB, 48.99 W, 33 %, 42
2026/10/10 01:30:19.603, 24077 MiB, 51.35 W, 70 %, 40
2026/10/10 01:30:20.607, 24077 MiB, 51.35 W, 6 %, 40
2026/10/10 01:30:21.616, 24077 MiB, 47.02 W, 13 %, 41
2026/10/10 01:30:22.619, 24077 MiB, 51.13 W, 68 %, 40
2026/10/10 01:30:23.627, 24077 MiB, 50.69 W, 5 %, 40
2026/10/10 01:30:24.627, 24077 MiB, 46.57 W, 5 %, 41
2026/10/10 01:30:25.643, 24077 MiB, 50.18 W, 61 %, 40
2026/10/10 01:30:26.647, 24077 MiB, 50.91 W, 43 %, 40
2026/10/10 01:30:27.649, 24077 MiB, 49.38 W, 5 %, 40
2026/10/10 01:30:28.651, 24077 MiB, 48.48 W, 50 %, 40
2026/10/10 01:30:29.656, 24077 MiB, 49.36 W, 58 %, 40
2026/10/10 01:30:30.670, 24077 MiB, 48.67 W, 7 %, 39
2026/10/10 01:30:31.678, 24077 MiB, 45.74 W, 10 %, 41
2026/10/10 01:30:32.689, 24077 MiB, 49.04 W, 70 %, 40
2026/10/10 01:30:33.703, 24077 MiB, 49.59 W, 29 %, 40
2026/10/10 01:30:34.717, 24077 MiB, 47.22 W, 11 %, 41
2026/10/10 01:30:35.722, 24077 MiB, 49.15 W, 67 %, 40
2026/10/10 01:30:36.737, 24077 MiB, 49.66 W, 49 %, 40
2026/10/10 01:30:37.752, 24077 MiB, 48.46 W, 6 %, 40
2026/10/10 01:30:38.761, 24077 MiB, 47.44 W, 31 %, 41
2026/10/10 01:30:39.776, 24077 MiB, 49.95 W, 60 %, 40
2026/10/10 01:30:40.779, 24077 MiB, 49.31 W, 4 %, 40
2026/10/10 01:30:41.787, 24077 MiB, 46.40 W, 16 %, 41
2026/10/10 01:30:42.790, 24077 MiB, 49.98 W, 75 %, 40
2026/10/10 01:30:43.796, 24077 MiB, 49.88 W, 14 %, 40
2026/10/10 01:30:44.801, 24077 MiB, 47.33 W, 21 %, 41
2026/10/10 01:30:45.809, 24077 MiB, 49.69 W, 72 %, 40
2026/10/10 01:30:46.817, 24077 MiB, 49.35 W, 10 %, 40
2026/10/10 01:30:47.831, 24077 MiB, 45.86 W, 7 %, 41
2026/10/10 01:30:48.841, 24077 MiB, 49.63 W, 67 %, 41
2026/10/10 01:30:49.852, 24077 MiB, 49.87 W, 39 %, 40
2026/10/10 01:30:50.865, 24077 MiB, 47.96 W, 5 %, 41
2026/10/10 01:30:51.867, 24077 MiB, 48.92 W, 58 %, 41
2026/10/10 01:30:52.878, 24077 MiB, 49.72 W, 35 %, 40
2026/10/10 01:30:53.882, 24077 MiB, 48.15 W, 5 %, 40
2026/10/10 01:30:54.899, 24077 MiB, 46.31 W, 18 %, 42
2026/10/10 01:30:55.904, 24077 MiB, 49.92 W, 67 %, 41
2026/10/10 01:30:56.908, 24077 MiB, 49.86 W, 9 %, 41
2026/10/10 01:30:57.912, 24077 MiB, 46.04 W, 10 %, 42
2026/10/10 01:30:58.920, 24077 MiB, 49.60 W, 64 %, 41
2026/10/10 01:30:59.929, 24077 MiB, 50.05 W, 40 %, 41
2026/10/10 01:31:00.933, 24077 MiB, 48.33 W, 5 %, 41
2026/10/10 01:31:01.947, 24077 MiB, 47.31 W, 40 %, 42
2026/10/10 01:31:02.951, 24077 MiB, 49.71 W, 64 %, 41
2026/10/10 01:31:03.964, 24077 MiB, 49.87 W, 18 %, 41
2026/10/10 01:31:04.969, 24077 MiB, 45.99 W, 5 %, 42
2026/10/10 01:31:05.972, 24077 MiB, 48.90 W, 66 %, 41
2026/10/10 01:31:06.986, 24077 MiB, 50.42 W, 57 %, 41
2026/10/10 01:31:08.008, 24077 MiB, 49.48 W, 7 %, 41
2026/10/10 01:31:09.022, 24077 MiB, 48.34 W, 51 %, 42
2026/10/10 01:31:10.024, 24077 MiB, 50.02 W, 65 %, 41
2026/10/10 01:31:11.026, 24077 MiB, 49.48 W, 7 %, 41
2026/10/10 01:31:12.035, 24077 MiB, 46.30 W, 18 %, 42
2026/10/10 01:31:13.041, 24077 MiB, 49.95 W, 67 %, 42
2026/10/10 01:31:14.044, 24077 MiB, 50.00 W, 28 %, 41
2026/10/10 01:31:15.048, 24077 MiB, 47.90 W, 5 %, 42
2026/10/10 01:31:16.058, 24077 MiB, 48.45 W, 44 %, 42
2026/10/10 01:31:17.062, 24077 MiB, 50.04 W, 49 %, 41
2026/10/10 01:31:18.066, 24077 MiB, 49.09 W, 5 %, 41
2026/10/10 01:31:19.072, 24077 MiB, 46.38 W, 17 %, 43
2026/10/10 01:31:20.078, 24077 MiB, 50.06 W, 67 %, 42
2026/10/10 01:31:21.078, 24077 MiB, 50.40 W, 5 %, 41
2026/10/10 01:31:22.079, 24077 MiB, 46.14 W, 5 %, 42
2026/10/10 01:31:23.084, 24077 MiB, 47.43 W, 30 %, 43
2026/10/10 01:31:24.092, 24077 MiB, 50.27 W, 67 %, 42
2026/10/10 01:31:25.100, 24077 MiB, 50.76 W, 50 %, 42
2026/10/10 01:31:26.110, 24077 MiB, 49.25 W, 5 %, 42
2026/10/10 01:31:27.118, 24077 MiB, 46.75 W, 23 %, 43
2026/10/10 01:31:28.129, 24077 MiB, 50.90 W, 68 %, 42
2026/10/10 01:31:29.136, 24077 MiB, 50.72 W, 19 %, 42
2026/10/10 01:31:30.141, 24077 MiB, 47.79 W, 5 %, 43
2026/10/10 01:31:31.146, 24077 MiB, 50.07 W, 53 %, 42
2026/10/10 01:31:32.150, 24077 MiB, 51.44 W, 49 %, 42
2026/10/10 01:31:33.159, 24077 MiB, 50.60 W, 6 %, 42
2026/10/10 01:31:34.169, 24077 MiB, 47.54 W, 14 %, 43
2026/10/10 01:31:35.179, 24077 MiB, 50.86 W, 68 %, 42
2026/10/10 01:31:36.194, 24077 MiB, 51.67 W, 32 %, 42
2026/10/10 01:31:37.204, 24077 MiB, 49.24 W, 5 %, 43
2026/10/10 01:31:38.212, 24077 MiB, 50.46 W, 54 %, 43
2026/10/10 01:31:39.225, 24077 MiB, 51.44 W, 73 %, 42
2026/10/10 01:31:40.233, 24077 MiB, 51.64 W, 63 %, 42
2026/10/10 01:31:41.245, 24077 MiB, 51.35 W, 15 %, 42
2026/10/10 01:31:42.255, 24077 MiB, 48.35 W, 15 %, 43
2026/10/10 01:31:43.264, 24077 MiB, 51.55 W, 74 %, 43
2026/10/10 01:31:44.275, 24077 MiB, 51.42 W, 51 %, 42
2026/10/10 01:31:45.279, 24077 MiB, 49.81 W, 7 %, 42
2026/10/10 01:31:46.284, 24077 MiB, 48.71 W, 39 %, 43
2026/10/10 01:31:47.297, 24077 MiB, 50.85 W, 72 %, 43
2026/10/10 01:31:48.306, 24077 MiB, 51.06 W, 11 %, 42
2026/10/10 01:31:49.320, 24077 MiB, 48.39 W, 30 %, 44
2026/10/10 01:31:50.329, 24077 MiB, 49.51 W, 61 %, 43
2026/10/10 01:31:51.332, 24077 MiB, 49.40 W, 5 %, 42
2026/10/10 01:31:52.341, 24077 MiB, 50.55 W, 16 %, 44
2026/10/10 01:31:53.352, 24077 MiB, 50.05 W, 68 %, 43
2026/10/10 01:31:54.360, 24077 MiB, 45.87 W, 7 %, 43
2026/10/10 01:31:55.365, 24077 MiB, 49.46 W, 6 %, 43
2026/10/10 01:31:56.378, 24077 MiB, 50.55 W, 6 %, 44
2026/10/10 01:31:57.383, 24077 MiB, 50.17 W, 6 %, 43
2026/10/10 01:31:58.385, 24077 MiB, 46.54 W, 5 %, 43
2026/10/10 01:31:59.389, 24077 MiB, 46.34 W, 5 %, 43
2026/10/10 01:32:00.403, 24077 MiB, 48.85 W, 47 %, 43
2026/10/10 01:32:01.414, 24077 MiB, 51.00 W, 69 %, 44
2026/10/10 01:32:02.420, 24077 MiB, 50.78 W, 15 %, 43
2026/10/10 01:32:03.427, 24077 MiB, 47.31 W, 5 %, 43
2026/10/10 01:32:04.432, 24077 MiB, 49.37 W, 47 %, 43
2026/10/10 01:32:05.439, 24077 MiB, 50.95 W, 57 %, 44
2026/10/10 01:32:06.446, 24077 MiB, 50.51 W, 15 %, 43
2026/10/10 01:32:07.458, 24077 MiB, 47.31 W, 5 %, 43
2026/10/10 01:32:08.465, 24077 MiB, 50.09 W, 63 %, 43
2026/10/10 01:32:09.475, 24077 MiB, 50.94 W, 52 %, 44
2026/10/10 01:32:10.476, 24077 MiB, 49.84 W, 5 %, 43
2026/10/10 01:32:11.479, 24077 MiB, 46.84 W, 6 %, 43
2026/10/10 01:32:12.485, 24077 MiB, 49.75 W, 53 %, 43
2026/10/10 01:32:13.493, 24077 MiB, 51.41 W, 55 %, 45
2026/10/10 01:32:14.500, 24077 MiB, 50.69 W, 5 %, 43
2026/10/10 01:32:15.516, 24077 MiB, 48.78 W, 33 %, 43
2026/10/10 01:32:16.520, 24077 MiB, 51.33 W, 68 %, 44
2026/10/10 01:32:17.535, 24077 MiB, 51.00 W, 12 %, 44
2026/10/10 01:32:18.537, 24077 MiB, 47.32 W, 10 %, 43
2026/10/10 01:32:19.544, 24077 MiB, 50.03 W, 56 %, 43
2026/10/10 01:32:20.555, 24077 MiB, 51.31 W, 40 %, 45
2026/10/10 01:32:21.569, 24077 MiB, 49.75 W, 6 %, 44
2026/10/10 01:32:22.574, 24077 MiB, 47.48 W, 19 %, 43
2026/10/10 01:32:23.580, 24077 MiB, 50.63 W, 68 %, 44
2026/10/10 01:32:24.583, 24077 MiB, 51.22 W, 49 %, 45
2026/10/10 01:32:25.597, 24077 MiB, 50.89 W, 5 %, 44
2026/10/10 01:32:26.611, 24077 MiB, 47.68 W, 9 %, 44
2026/10/10 01:32:27.624, 24077 MiB, 51.21 W, 68 %, 44
2026/10/10 01:32:28.638, 24077 MiB, 51.60 W, 51 %, 45
2026/10/10 01:32:29.640, 24077 MiB, 50.05 W, 7 %, 44
2026/10/10 01:32:30.650, 24077 MiB, 47.20 W, 8 %, 44
2026/10/10 01:32:31.653, 24077 MiB, 48.92 W, 38 %, 44
2026/10/10 01:32:32.661, 24077 MiB, 51.50 W, 70 %, 45
2026/10/10 01:32:33.675, 24077 MiB, 51.55 W, 7 %, 44
2026/10/10 01:32:34.676, 24077 MiB, 47.50 W, 9 %, 44
2026/10/10 01:32:35.678, 24077 MiB, 51.14 W, 68 %, 44
2026/10/10 01:32:36.680, 24077 MiB, 51.23 W, 36 %, 45
2026/10/10 01:32:37.686, 24077 MiB, 48.99 W, 6 %, 44
2026/10/10 01:32:38.700, 24077 MiB, 47.46 W, 17 %, 44
2026/10/10 01:32:39.716, 24077 MiB, 50.78 W, 69 %, 45
2026/10/10 01:32:40.722, 24077 MiB, 51.16 W, 41 %, 45
2026/10/10 01:32:41.728, 24077 MiB, 49.46 W, 6 %, 44
2026/10/10 01:32:42.742, 24077 MiB, 48.31 W, 25 %, 44
2026/10/10 01:32:43.750, 24077 MiB, 51.57 W, 72 %, 45
2026/10/10 01:32:44.757, 24077 MiB, 50.92 W, 52 %, 45
2026/10/10 01:32:45.772, 24077 MiB, 49.58 W, 6 %, 44
2026/10/10 01:32:46.780, 24077 MiB, 48.65 W, 35 %, 44
2026/10/10 01:32:47.784, 24077 MiB, 51.72 W, 70 %, 45
2026/10/10 01:32:48.791, 24077 MiB, 51.24 W, 12 %, 45
2026/10/10 01:32:49.794, 24077 MiB, 47.94 W, 6 %, 44
2026/10/10 01:32:50.799, 24077 MiB, 50.35 W, 57 %, 44
2026/10/10 01:32:51.814, 24077 MiB, 51.87 W, 54 %, 45
2026/10/10 01:32:52.827, 24077 MiB, 50.93 W, 5 %, 45
2026/10/10 01:32:53.831, 24077 MiB, 47.52 W, 5 %, 44
2026/10/10 01:32:54.835, 24077 MiB, 51.47 W, 77 %, 45
2026/10/10 01:32:55.837, 24077 MiB, 51.60 W, 47 %, 46
2026/10/10 01:32:56.841, 24077 MiB, 49.90 W, 7 %, 45
2026/10/10 01:32:57.847, 24077 MiB, 47.25 W, 7 %, 44
2026/10/10 01:32:58.855, 24077 MiB, 50.49 W, 62 %, 44
2026/10/10 01:32:59.869, 24077 MiB, 51.64 W, 65 %, 46
2026/10/10 01:33:00.885, 24077 MiB, 51.40 W, 6 %, 45
2026/10/10 01:33:01.890, 24077 MiB, 47.07 W, 7 %, 45
2026/10/10 01:33:02.904, 24077 MiB, 49.44 W, 41 %, 44
2026/10/10 01:33:03.906, 24077 MiB, 51.22 W, 72 %, 46
2026/10/10 01:33:04.920, 24077 MiB, 51.50 W, 27 %, 45
2026/10/10 01:33:05.923, 24077 MiB, 48.88 W, 6 %, 45
2026/10/10 01:33:06.932, 24077 MiB, 47.96 W, 14 %, 45
2026/10/10 01:33:07.949, 24077 MiB, 51.80 W, 68 %, 45
2026/10/10 01:33:08.959, 24077 MiB, 51.75 W, 31 %, 45
2026/10/10 01:33:09.972, 24077 MiB, 49.56 W, 5 %, 45
2026/10/10 01:33:10.975, 24077 MiB, 48.23 W, 19 %, 46
2026/10/10 01:33:11.990, 24077 MiB, 51.32 W, 70 %, 45
2026/10/10 01:33:12.997, 24077 MiB, 52.54 W, 61 %, 45
2026/10/10 01:33:14.011, 24077 MiB, 52.00 W, 5 %, 45
2026/10/10 01:33:15.017, 24077 MiB, 48.46 W, 13 %, 46
2026/10/10 01:33:16.030, 24077 MiB, 52.03 W, 76 %, 45
2026/10/10 01:33:17.037, 24077 MiB, 52.38 W, 44 %, 45
2026/10/10 01:33:18.051, 24077 MiB, 50.58 W, 5 %, 45
2026/10/10 01:33:19.052, 24077 MiB, 48.11 W, 5 %, 46
2026/10/10 01:33:20.059, 24077 MiB, 51.01 W, 56 %, 45
2026/10/10 01:33:21.074, 24077 MiB, 52.15 W, 70 %, 45
2026/10/10 01:33:22.078, 24077 MiB, 52.12 W, 52 %, 45
2026/10/10 01:33:23.091, 24077 MiB, 51.73 W, 38 %, 45
2026/10/10 01:33:24.092, 24077 MiB, 51.10 W, 62 %, 45
2026/10/10 01:33:25.098, 24077 MiB, 52.74 W, 42 %, 45
2026/10/10 01:33:26.103, 24077 MiB, 51.52 W, 8 %, 45
2026/10/10 01:33:27.105, 24077 MiB, 49.15 W, 15 %, 46
2026/10/10 01:33:28.113, 24077 MiB, 52.55 W, 75 %, 45
2026/10/10 01:33:29.121, 24077 MiB, 53.00 W, 55 %, 45
2026/10/10 01:33:30.135, 24077 MiB, 51.62 W, 7 %, 45
2026/10/10 01:33:31.140, 24077 MiB, 48.58 W, 8 %, 46
2026/10/10 01:33:32.147, 24077 MiB, 50.55 W, 43 %, 46
2026/10/10 01:33:33.149, 24077 MiB, 53.03 W, 69 %, 45
2026/10/10 01:33:34.162, 24077 MiB, 52.79 W, 17 %, 45
2026/10/10 01:33:35.169, 24077 MiB, 49.29 W, 5 %, 46
2026/10/10 01:33:36.176, 24077 MiB, 50.36 W, 37 %, 46
2026/10/10 01:33:37.191, 24077 MiB, 53.33 W, 75 %, 45
2026/10/10 01:33:38.205, 24077 MiB, 53.24 W, 33 %, 45
2026/10/10 01:33:39.209, 24077 MiB, 51.00 W, 5 %, 45
2026/10/10 01:33:40.210, 24077 MiB, 49.43 W, 20 %, 47
2026/10/10 01:33:41.216, 24077 MiB, 52.53 W, 72 %, 46
2026/10/10 01:33:42.219, 24077 MiB, 52.93 W, 57 %, 45
2026/10/10 01:33:43.227, 24077 MiB, 52.09 W, 8 %, 45
2026/10/10 01:33:44.238, 24077 MiB, 48.68 W, 5 %, 46
2026/10/10 01:33:45.243, 24077 MiB, 51.02 W, 47 %, 46
2026/10/10 01:33:46.244, 24077 MiB, 53.26 W, 70 %, 46
2026/10/10 01:33:47.246, 24077 MiB, 53.03 W, 23 %, 45
2026/10/10 01:33:48.251, 24077 MiB, 50.33 W, 5 %, 46
2026/10/10 01:33:49.260, 24077 MiB, 49.29 W, 17 %, 47
2026/10/10 01:33:50.272, 24077 MiB, 52.56 W, 68 %, 46
2026/10/10 01:33:51.277, 24077 MiB, 52.66 W, 29 %, 46
2026/10/10 01:33:52.283, 24077 MiB, 50.53 W, 6 %, 46
2026/10/10 01:33:53.291, 24077 MiB, 49.46 W, 15 %, 47
2026/10/10 01:33:54.299, 24077 MiB, 50.51 W, 26 %, 47
2026/10/10 01:33:55.304, 24077 MiB, 52.54 W, 62 %, 46
2026/10/10 01:33:56.310, 24077 MiB, 53.37 W, 76 %, 46
2026/10/10 01:33:57.315, 24077 MiB, 53.60 W, 66 %, 46
2026/10/10 01:33:58.320, 24077 MiB, 53.42 W, 40 %, 46
2026/10/10 01:33:59.326, 24077 MiB, 51.32 W, 11 %, 46
2026/10/10 01:34:00.340, 24077 MiB, 49.29 W, 7 %, 46
2026/10/10 01:34:01.355, 24077 MiB, 48.92 W, 8 %, 46
2026/10/10 01:34:02.365, 24077 MiB, 49.48 W, 8 %, 47
2026/10/10 01:34:03.370, 24077 MiB, 51.51 W, 45 %, 47
2026/10/10 01:34:04.376, 24077 MiB, 53.87 W, 75 %, 46
2026/10/10 01:34:05.379, 24077 MiB, 53.54 W, 69 %, 46
2026/10/10 01:34:06.386, 24077 MiB, 53.10 W, 10 %, 46
2026/10/10 01:34:07.396, 24077 MiB, 49.92 W, 6 %, 46
2026/10/10 01:34:08.402, 24077 MiB, 49.74 W, 23 %, 47
2026/10/10 01:34:09.410, 24077 MiB, 52.73 W, 68 %, 46
2026/10/10 01:34:10.413, 24077 MiB, 53.00 W, 35 %, 46
2026/10/10 01:34:11.419, 24077 MiB, 51.21 W, 5 %, 46
2026/10/10 01:34:12.429, 24077 MiB, 48.84 W, 11 %, 47
2026/10/10 01:34:13.434, 24077 MiB, 53.08 W, 68 %, 46
2026/10/10 01:34:14.436, 24077 MiB, 52.98 W, 45 %, 46
2026/10/10 01:34:15.451, 24077 MiB, 51.57 W, 5 %, 46
2026/10/10 01:34:16.462, 24077 MiB, 49.70 W, 21 %, 47
2026/10/10 01:34:17.465, 24077 MiB, 53.51 W, 73 %, 46
2026/10/10 01:34:18.469, 24077 MiB, 52.98 W, 45 %, 46
2026/10/10 01:34:19.478, 24077 MiB, 51.53 W, 11 %, 46
2026/10/10 01:34:20.489, 24077 MiB, 49.51 W, 6 %, 46
2026/10/10 01:34:21.499, 24077 MiB, 49.11 W, 5 %, 47
2026/10/10 01:34:22.507, 24077 MiB, 50.08 W, 27 %, 47
2026/10/10 01:34:23.513, 24077 MiB, 52.64 W, 68 %, 47
2026/10/10 01:34:24.516, 24077 MiB, 52.98 W, 60 %, 46
2026/10/10 01:34:25.522, 24077 MiB, 52.72 W, 17 %, 46
2026/10/10 01:34:26.526, 24077 MiB, 49.80 W, 5 %, 47
2026/10/10 01:34:27.539, 24077 MiB, 49.13 W, 18 %, 48
2026/10/10 01:34:28.550, 24077 MiB, 52.90 W, 68 %, 47
2026/10/10 01:34:29.557, 24077 MiB, 53.23 W, 51 %, 46
2026/10/10 01:34:30.562, 24077 MiB, 52.73 W, 7 %, 46
2026/10/10 01:34:31.577, 24077 MiB, 37.03 W, 40 %, 46
2026/10/10 01:34:32.581, 24077 MiB, 154.48 W, 100 %, 57
2026/10/10 01:34:33.589, 24077 MiB, 258.72 W, 100 %, 59
2026/10/10 01:34:34.597, 24077 MiB, 255.20 W, 99 %, 61
2026/10/10 01:34:35.601, 24077 MiB, 172.57 W, 93 %, 55
2026/10/10 01:34:36.603, 24077 MiB, 285.98 W, 99 %, 63
2026/10/10 01:34:37.611, 24077 MiB, 282.75 W, 93 %, 56
2026/10/10 01:34:38.615, 24077 MiB, 257.49 W, 47 %, 54
2026/10/10 01:34:39.619, 24077 MiB, 242.92 W, 100 %, 58
2026/10/10 01:34:40.624, 24077 MiB, 259.71 W, 99 %, 59
2026/10/10 01:34:41.631, 24077 MiB, 258.10 W, 100 %, 61
2026/10/10 01:34:42.644, 24077 MiB, 177.12 W, 98 %, 69
2026/10/10 01:34:43.655, 24077 MiB, 281.40 W, 91 %, 58
2026/10/10 01:34:44.665, 24077 MiB, 262.79 W, 92 %, 57
2026/10/10 01:34:45.673, 24077 MiB, 274.33 W, 95 %, 57
2026/10/10 01:34:46.675, 24077 MiB, 178.77 W, 21 %, 52
2026/10/10 01:34:47.685, 24077 MiB, 110.17 W, 21 %, 51
2026/10/10 01:34:48.693, 24077 MiB, 78.55 W, 36 %, 49
2026/10/10 01:34:49.706, 24077 MiB, 60.72 W, 11 %, 48
2026/10/10 01:34:50.718, 24077 MiB, 57.89 W, 41 %, 48
2026/10/10 01:34:51.725, 24077 MiB, 57.10 W, 2 %, 47
2026/10/10 01:34:52.727, 24077 MiB, 56.11 W, 43 %, 47
2026/10/10 01:34:53.728, 24077 MiB, 54.69 W, 13 %, 46
2026/10/10 01:34:54.739, 24077 MiB, 54.57 W, 3 %, 47
2026/10/10 01:34:55.744, 24077 MiB, 54.33 W, 47 %, 46
2026/10/10 01:34:56.748, 24077 MiB, 51.58 W, 21 %, 45
2026/10/10 01:34:57.751, 24077 MiB, 54.29 W, 51 %, 45
2026/10/10 01:34:58.765, 24077 MiB, 54.85 W, 60 %, 45
2026/10/10 01:34:59.774, 24077 MiB, 54.51 W, 59 %, 45
2026/10/10 01:35:00.781, 24077 MiB, 52.17 W, 28 %, 45
2026/10/10 01:35:01.792, 24077 MiB, 50.73 W, 5 %, 45
2026/10/10 01:35:02.801, 24077 MiB, 50.78 W, 12 %, 45
2026/10/10 01:35:03.815, 24077 MiB, 51.80 W, 73 %, 45
2026/10/10 01:35:04.822, 24077 MiB, 53.12 W, 43 %, 44
2026/10/10 01:35:05.827, 24077 MiB, 50.42 W, 6 %, 44
2026/10/10 01:35:06.830, 24077 MiB, 50.66 W, 36 %, 45
2026/10/10 01:35:07.839, 24077 MiB, 51.91 W, 58 %, 44
2026/10/10 01:35:08.844, 24077 MiB, 50.30 W, 7 %, 44
2026/10/10 01:35:09.848, 24077 MiB, 50.31 W, 16 %, 44
2026/10/10 01:35:10.856, 24077 MiB, 51.50 W, 75 %, 44
2026/10/10 01:35:11.870, 24077 MiB, 51.43 W, 63 %, 44
2026/10/10 01:35:12.879, 24077 MiB, 53.31 W, 57 %, 43
2026/10/10 01:35:13.884, 24077 MiB, 50.69 W, 6 %, 43
2026/10/10 01:35:14.886, 24077 MiB, 50.33 W, 35 %, 44
2026/10/10 01:35:15.892, 24077 MiB, 52.56 W, 75 %, 43
2026/10/10 01:35:16.900, 24077 MiB, 51.45 W, 26 %, 43
2026/10/10 01:35:17.904, 24077 MiB, 50.78 W, 17 %, 43
2026/10/10 01:35:18.908, 24077 MiB, 50.66 W, 73 %, 43
2026/10/10 01:35:19.911, 24077 MiB, 52.05 W, 36 %, 42
2026/10/10 01:35:20.917, 24077 MiB, 50.57 W, 10 %, 42
2026/10/10 01:35:21.920, 24077 MiB, 50.61 W, 65 %, 43
2026/10/10 01:35:22.928, 24077 MiB, 53.03 W, 58 %, 42
2026/10/10 01:35:23.943, 24077 MiB, 50.30 W, 5 %, 42
2026/10/10 01:35:24.943, 24077 MiB, 50.04 W, 59 %, 43
2026/10/10 01:35:25.947, 24077 MiB, 52.51 W, 57 %, 42
2026/10/10 01:35:26.951, 24077 MiB, 50.04 W, 5 %, 42
2026/10/10 01:35:27.957, 24077 MiB, 50.02 W, 42 %, 43
2026/10/10 01:35:28.962, 24077 MiB, 50.82 W, 54 %, 41
2026/10/10 01:35:29.974, 24077 MiB, 49.92 W, 5 %, 42
2026/10/10 01:35:30.986, 24087 MiB, 49.66 W, 67 %, 42
2026/10/10 01:35:32.001, 24087 MiB, 77.65 W, 9 %, 43
2026/10/10 01:35:33.007, 24087 MiB, 87.30 W, 20 %, 43
2026/10/10 01:35:34.019, 24087 MiB, 70.12 W, 27 %, 42
2026/10/10 01:35:35.023, 24087 MiB, 56.20 W, 24 %, 42
2026/10/10 01:35:36.035, 24087 MiB, 55.36 W, 30 %, 41
2026/10/10 01:35:37.037, 24087 MiB, 53.47 W, 21 %, 42
2026/10/10 01:35:38.051, 24087 MiB, 52.55 W, 28 %, 41
2026/10/10 01:35:39.065, 24087 MiB, 51.94 W, 37 %, 42
2026/10/10 01:35:40.069, 24087 MiB, 51.15 W, 4 %, 41
2026/10/10 01:35:41.074, 24087 MiB, 49.90 W, 33 %, 41
2026/10/10 01:35:42.076, 24087 MiB, 51.54 W, 57 %, 41
2026/10/10 01:35:43.079, 24087 MiB, 51.85 W, 59 %, 41
2026/10/10 01:35:44.090, 24087 MiB, 52.45 W, 62 %, 41
2026/10/10 01:35:45.091, 24087 MiB, 52.30 W, 60 %, 40
2026/10/10 01:35:46.104, 24087 MiB, 50.00 W, 28 %, 40
2026/10/10 01:35:47.110, 24087 MiB, 49.03 W, 5 %, 40
2026/10/10 01:35:48.119, 24087 MiB, 48.71 W, 41 %, 41
2026/10/10 01:35:49.133, 24087 MiB, 51.25 W, 66 %, 41
2026/10/10 01:35:50.148, 24087 MiB, 50.19 W, 31 %, 40
2026/10/10 01:35:51.163, 24087 MiB, 49.44 W, 16 %, 40
2026/10/10 01:35:52.176, 24087 MiB, 49.57 W, 71 %, 41
2026/10/10 01:35:53.181, 24087 MiB, 49.79 W, 24 %, 40
2026/10/10 01:35:54.183, 24087 MiB, 49.13 W, 47 %, 41
2026/10/10 01:35:55.198, 24087 MiB, 50.25 W, 47 %, 40
2026/10/10 01:35:56.206, 24087 MiB, 49.34 W, 5 %, 40
2026/10/10 01:35:57.221, 24087 MiB, 49.75 W, 62 %, 41
2026/10/10 01:35:58.223, 24087 MiB, 51.90 W, 47 %, 39
2026/10/10 01:35:59.231, 24087 MiB, 49.27 W, 5 %, 40
2026/10/10 01:36:00.232, 24087 MiB, 49.10 W, 57 %, 41
2026/10/10 01:36:01.235, 24087 MiB, 52.43 W, 64 %, 40
2026/10/10 01:36:02.249, 24087 MiB, 49.03 W, 7 %, 40
2026/10/10 01:36:03.251, 24087 MiB, 49.17 W, 48 %, 41
2026/10/10 01:36:04.263, 24087 MiB, 51.25 W, 67 %, 40
2026/10/10 01:36:05.267, 24087 MiB, 49.10 W, 8 %, 40
2026/10/10 01:36:06.270, 24087 MiB, 49.27 W, 55 %, 41
2026/10/10 01:36:07.285, 24087 MiB, 51.07 W, 56 %, 40
2026/10/10 01:36:08.291, 24087 MiB, 49.51 W, 5 %, 40
2026/10/10 01:36:09.298, 24087 MiB, 49.11 W, 54 %, 41
2026/10/10 01:36:10.306, 24087 MiB, 51.43 W, 55 %, 40
2026/10/10 01:36:11.316, 24087 MiB, 48.85 W, 5 %, 40
2026/10/10 01:36:12.325, 24087 MiB, 49.11 W, 45 %, 40
2026/10/10 01:36:13.339, 24087 MiB, 50.14 W, 48 %, 41
2026/10/10 01:36:14.344, 24087 MiB, 49.26 W, 5 %, 41
2026/10/10 01:36:15.352, 24087 MiB, 48.97 W, 45 %, 40
2026/10/10 01:36:16.364, 24087 MiB, 51.03 W, 59 %, 40
2026/10/10 01:36:17.374, 24087 MiB, 49.06 W, 5 %, 41
2026/10/10 01:36:18.390, 24087 MiB, 49.06 W, 5 %, 41
2026/10/10 01:36:19.399, 24087 MiB, 49.60 W, 36 %, 40
2026/10/10 01:36:20.409, 24087 MiB, 50.14 W, 53 %, 41
2026/10/10 01:36:21.410, 24087 MiB, 49.10 W, 5 %, 41
2026/10/10 01:36:22.418, 24087 MiB, 49.08 W, 55 %, 40
2026/10/10 01:36:23.426, 24087 MiB, 50.17 W, 35 %, 41
2026/10/10 01:36:24.430, 24087 MiB, 49.48 W, 13 %, 40
2026/10/10 01:36:25.445, 24087 MiB, 50.19 W, 68 %, 41
2026/10/10 01:36:26.452, 24087 MiB, 50.97 W, 35 %, 41
2026/10/10 01:36:27.459, 24087 MiB, 48.65 W, 6 %, 41
2026/10/10 01:36:28.473, 24087 MiB, 48.66 W, 44 %, 41
2026/10/10 01:36:29.486, 24087 MiB, 50.46 W, 55 %, 41
2026/10/10 01:36:30.500, 24087 MiB, 49.19 W, 2 %, 42
2026/10/10 01:36:31.509, 24087 MiB, 48.94 W, 29 %, 41
2026/10/10 01:36:32.520, 24087 MiB, 50.96 W, 76 %, 41
2026/10/10 01:36:33.534, 24087 MiB, 50.79 W, 32 %, 42
2026/10/10 01:36:34.539, 24087 MiB, 49.25 W, 12 %, 41
2026/10/10 01:36:35.541, 24087 MiB, 50.22 W, 79 %, 41
2026/10/10 01:36:36.550, 24087 MiB, 49.64 W, 7 %, 42
2026/10/10 01:36:37.561, 24087 MiB, 49.69 W, 37 %, 41
2026/10/10 01:36:38.571, 24087 MiB, 51.00 W, 59 %, 42
2026/10/10 01:36:39.581, 24087 MiB, 49.74 W, 8 %, 42
2026/10/10 01:36:40.591, 24087 MiB, 50.13 W, 52 %, 41
2026/10/10 01:36:41.602, 24087 MiB, 50.53 W, 43 %, 42
2026/10/10 01:36:42.611, 24087 MiB, 49.87 W, 8 %, 41
2026/10/10 01:36:43.621, 24087 MiB, 50.00 W, 75 %, 41
2026/10/10 01:36:44.628, 24087 MiB, 50.22 W, 15 %, 42
2026/10/10 01:36:45.639, 24087 MiB, 49.21 W, 22 %, 41
2026/10/10 01:36:46.645, 24087 MiB, 50.56 W, 61 %, 42
2026/10/10 01:36:47.653, 24087 MiB, 49.51 W, 5 %, 42
2026/10/10 01:36:48.656, 24087 MiB, 49.45 W, 44 %, 41
2026/10/10 01:36:49.664, 24087 MiB, 50.84 W, 50 %, 42
2026/10/10 01:36:50.676, 24087 MiB, 49.71 W, 5 %, 42
2026/10/10 01:36:51.682, 24087 MiB, 49.45 W, 36 %, 42
2026/10/10 01:36:52.689, 24087 MiB, 51.19 W, 63 %, 42
2026/10/10 01:36:53.692, 24087 MiB, 50.01 W, 6 %, 42
2026/10/10 01:36:54.699, 24087 MiB, 50.31 W, 74 %, 42
2026/10/10 01:36:55.711, 24087 MiB, 50.12 W, 7 %, 43
2026/10/10 01:36:56.722, 24087 MiB, 50.03 W, 36 %, 42
2026/10/10 01:36:57.734, 24087 MiB, 51.78 W, 63 %, 42
2026/10/10 01:36:58.744, 24087 MiB, 50.77 W, 6 %, 43
2026/10/10 01:36:59.750, 24087 MiB, 50.56 W, 36 %, 42
2026/10/10 01:37:00.763, 24087 MiB, 51.76 W, 53 %, 42
2026/10/10 01:37:01.771, 24087 MiB, 50.70 W, 5 %, 43
2026/10/10 01:37:02.781, 24087 MiB, 50.53 W, 53 %, 42
2026/10/10 01:37:03.787, 24087 MiB, 49.86 W, 9 %, 43
2026/10/10 01:37:04.793, 24087 MiB, 50.37 W, 24 %, 42
2026/10/10 01:37:05.802, 24087 MiB, 51.92 W, 70 %, 42
2026/10/10 01:37:06.812, 24087 MiB, 50.17 W, 5 %, 43
2026/10/10 01:37:07.821, 24087 MiB, 49.75 W, 29 %, 42
2026/10/10 01:37:08.835, 24087 MiB, 50.53 W, 58 %, 43
2026/10/10 01:37:09.842, 24087 MiB, 49.89 W, 6 %, 43
2026/10/10 01:37:10.846, 24087 MiB, 49.88 W, 49 %, 42
2026/10/10 01:37:11.859, 24087 MiB, 51.38 W, 44 %, 43
2026/10/10 01:37:12.861, 24087 MiB, 49.60 W, 5 %, 42
2026/10/10 01:37:13.868, 24087 MiB, 50.10 W, 75 %, 42
2026/10/10 01:37:14.884, 24087 MiB, 50.47 W, 18 %, 43
2026/10/10 01:37:15.889, 24087 MiB, 50.01 W, 11 %, 42
2026/10/10 01:37:16.896, 24087 MiB, 50.58 W, 56 %, 42
2026/10/10 01:37:17.903, 24087 MiB, 50.19 W, 57 %, 42
2026/10/10 01:37:18.904, 24087 MiB, 50.81 W, 32 %, 44
2026/10/10 01:37:19.912, 24087 MiB, 50.34 W, 24 %, 42
2026/10/10 01:37:20.921, 24087 MiB, 51.53 W, 67 %, 43
2026/10/10 01:37:21.927, 24087 MiB, 51.05 W, 31 %, 44
2026/10/10 01:37:22.929, 24087 MiB, 49.86 W, 5 %, 42
2026/10/10 01:37:23.936, 24087 MiB, 49.92 W, 70 %, 43
2026/10/10 01:37:24.939, 24087 MiB, 49.95 W, 6 %, 43
2026/10/10 01:37:25.940, 24087 MiB, 50.32 W, 70 %, 43
2026/10/10 01:37:26.944, 24087 MiB, 50.26 W, 12 %, 44
2026/10/10 01:37:27.950, 24087 MiB, 50.36 W, 34 %, 43
2026/10/10 01:37:28.956, 24087 MiB, 51.24 W, 58 %, 43
2026/10/10 01:37:29.970, 24087 MiB, 50.56 W, 6 %, 43
2026/10/10 01:37:30.973, 24087 MiB, 50.19 W, 68 %, 43
2026/10/10 01:37:31.976, 24087 MiB, 81.88 W, 20 %, 45
2026/10/10 01:37:32.982, 24087 MiB, 86.41 W, 21 %, 45
2026/10/10 01:37:33.987, 24087 MiB, 70.88 W, 20 %, 44
2026/10/10 01:37:35.000, 24087 MiB, 56.77 W, 42 %, 43
2026/10/10 01:37:36.001, 24087 MiB, 55.58 W, 2 %, 45
2026/10/10 01:37:37.004, 24087 MiB, 54.21 W, 42 %, 44
2026/10/10 01:37:38.007, 24087 MiB, 53.60 W, 31 %, 43
2026/10/10 01:37:39.018, 24087 MiB, 51.71 W, 2 %, 45
2026/10/10 01:37:40.019, 24087 MiB, 52.06 W, 46 %, 44
2026/10/10 01:37:41.021, 24087 MiB, 52.65 W, 49 %, 43
2026/10/10 01:37:42.037, 24087 MiB, 53.15 W, 42 %, 43
2026/10/10 01:37:43.043, 24087 MiB, 53.03 W, 44 %, 43
2026/10/10 01:37:44.045, 24087 MiB, 52.81 W, 56 %, 43
2026/10/10 01:37:45.048, 24087 MiB, 53.60 W, 65 %, 44
2026/10/10 01:37:46.061, 24087 MiB, 51.59 W, 37 %, 44
2026/10/10 01:37:47.076, 24087 MiB, 50.26 W, 11 %, 43
2026/10/10 01:37:48.088, 24087 MiB, 50.72 W, 72 %, 44
2026/10/10 01:37:49.104, 24087 MiB, 50.83 W, 16 %, 44
2026/10/10 01:37:50.117, 24087 MiB, 50.80 W, 46 %, 43
2026/10/10 01:37:51.123, 24087 MiB, 51.76 W, 50 %, 44
2026/10/10 01:37:52.137, 24087 MiB, 50.41 W, 5 %, 44
2026/10/10 01:37:53.141, 24087 MiB, 50.45 W, 59 %, 44
2026/10/10 01:37:54.148, 24087 MiB, 50.17 W, 31 %, 45
2026/10/10 01:37:55.162, 24087 MiB, 50.80 W, 26 %, 44
2026/10/10 01:37:56.166, 24087 MiB, 50.37 W, 69 %, 44
2026/10/10 01:37:57.172, 24087 MiB, 50.81 W, 74 %, 44
2026/10/10 01:37:58.188, 24087 MiB, 50.44 W, 6 %, 44
2026/10/10 01:37:59.199, 24087 MiB, 50.33 W, 45 %, 45
2026/10/10 01:38:00.200, 24087 MiB, 50.66 W, 33 %, 44
2026/10/10 01:38:01.208, 24087 MiB, 50.62 W, 9 %, 44
2026/10/10 01:38:02.217, 24087 MiB, 51.34 W, 74 %, 45
2026/10/10 01:38:03.218, 24087 MiB, 50.36 W, 6 %, 44
2026/10/10 01:38:04.219, 24087 MiB, 50.09 W, 40 %, 45
2026/10/10 01:38:05.232, 24087 MiB, 51.42 W, 44 %, 44
2026/10/10 01:38:06.244, 24087 MiB, 50.36 W, 5 %, 44
2026/10/10 01:38:07.259, 24087 MiB, 50.56 W, 74 %, 45
2026/10/10 01:38:08.275, 24087 MiB, 50.28 W, 6 %, 44
2026/10/10 01:38:09.277, 24087 MiB, 49.80 W, 70 %, 45
2026/10/10 01:38:10.289, 24087 MiB, 49.95 W, 5 %, 44
2026/10/10 01:38:11.291, 24087 MiB, 50.07 W, 70 %, 45
2026/10/10 01:38:12.305, 24087 MiB, 50.32 W, 8 %, 44
2026/10/10 01:38:13.319, 24087 MiB, 50.64 W, 60 %, 45
2026/10/10 01:38:14.323, 24087 MiB, 50.85 W, 33 %, 44
2026/10/10 01:38:15.330, 24087 MiB, 50.62 W, 7 %, 44
2026/10/10 01:38:16.333, 24087 MiB, 50.16 W, 73 %, 45
2026/10/10 01:38:17.342, 24087 MiB, 51.07 W, 14 %, 44
2026/10/10 01:38:18.354, 24087 MiB, 50.36 W, 32 %, 45
2026/10/10 01:38:19.356, 24087 MiB, 50.78 W, 50 %, 44
2026/10/10 01:38:20.368, 24087 MiB, 50.22 W, 5 %, 44
2026/10/10 01:38:21.383, 24087 MiB, 50.70 W, 74 %, 45
2026/10/10 01:38:22.397, 24087 MiB, 50.63 W, 4 %, 44
2026/10/10 01:38:23.401, 24087 MiB, 50.51 W, 48 %, 46
2026/10/10 01:38:24.405, 24087 MiB, 49.92 W, 17 %, 44
2026/10/10 01:38:25.415, 24087 MiB, 50.16 W, 5 %, 45
2026/10/10 01:38:26.424, 24087 MiB, 50.42 W, 57 %, 46
2026/10/10 01:38:27.433, 24087 MiB, 51.52 W, 33 %, 44
2026/10/10 01:38:28.436, 24087 MiB, 50.64 W, 36 %, 45
2026/10/10 01:38:29.441, 24087 MiB, 51.75 W, 54 %, 44
2026/10/10 01:38:30.451, 24087 MiB, 50.46 W, 5 %, 45
2026/10/10 01:38:31.463, 24087 MiB, 50.16 W, 70 %, 45
2026/10/10 01:38:32.467, 24087 MiB, 50.47 W, 15 %, 45
2026/10/10 01:38:33.482, 24087 MiB, 50.54 W, 41 %, 46
2026/10/10 01:38:34.496, 24087 MiB, 52.11 W, 56 %, 45
2026/10/10 01:38:35.504, 24087 MiB, 50.26 W, 6 %, 45
2026/10/10 01:38:36.510, 24087 MiB, 50.51 W, 44 %, 46
2026/10/10 01:38:37.517, 24087 MiB, 51.77 W, 47 %, 45
2026/10/10 01:38:38.533, 24087 MiB, 50.71 W, 17 %, 45
2026/10/10 01:38:39.541, 24087 MiB, 51.62 W, 74 %, 45
2026/10/10 01:38:40.550, 24087 MiB, 51.05 W, 8 %, 45
2026/10/10 01:38:41.565, 24087 MiB, 50.94 W, 59 %, 46
2026/10/10 01:38:42.578, 24087 MiB, 52.44 W, 40 %, 45
2026/10/10 01:38:43.585, 24087 MiB, 50.30 W, 13 %, 45
2026/10/10 01:38:44.591, 24087 MiB, 51.22 W, 70 %, 45
2026/10/10 01:38:45.597, 24087 MiB, 50.41 W, 6 %, 45
2026/10/10 01:38:46.604, 24087 MiB, 50.46 W, 61 %, 46
2026/10/10 01:38:47.612, 24087 MiB, 51.31 W, 24 %, 45
2026/10/10 01:38:48.620, 24087 MiB, 50.47 W, 31 %, 46
2026/10/10 01:38:49.625, 24087 MiB, 50.78 W, 54 %, 45
2026/10/10 01:38:50.632, 24087 MiB, 50.55 W, 8 %, 45
2026/10/10 01:38:51.636, 24087 MiB, 51.07 W, 71 %, 46
2026/10/10 01:38:52.641, 24087 MiB, 50.45 W, 5 %, 45
2026/10/10 01:38:53.649, 24087 MiB, 50.92 W, 50 %, 46
2026/10/10 01:38:54.650, 24087 MiB, 51.00 W, 25 %, 45
2026/10/10 01:38:55.661, 24087 MiB, 51.07 W, 28 %, 46
2026/10/10 01:38:56.670, 24087 MiB, 51.06 W, 46 %, 45
2026/10/10 01:38:57.680, 24087 MiB, 51.04 W, 10 %, 45
2026/10/10 01:38:58.694, 24087 MiB, 51.50 W, 70 %, 46
2026/10/10 01:38:59.702, 24087 MiB, 50.92 W, 5 %, 45
2026/10/10 01:39:00.710, 24087 MiB, 48.76 W, 41 %, 45
2026/10/10 01:39:01.722, 24087 MiB, 51.04 W, 24 %, 46
2026/10/10 01:39:02.733, 24087 MiB, 51.83 W, 69 %, 46
2026/10/10 01:39:03.746, 24087 MiB, 50.83 W, 5 %, 45
2026/10/10 01:39:04.756, 24087 MiB, 50.72 W, 66 %, 46
2026/10/10 01:39:05.768, 24087 MiB, 50.71 W, 10 %, 45
2026/10/10 01:39:06.775, 24087 MiB, 50.50 W, 48 %, 47
2026/10/10 01:39:07.780, 24087 MiB, 52.73 W, 57 %, 45
2026/10/10 01:39:08.785, 24087 MiB, 51.20 W, 7 %, 46
2026/10/10 01:39:09.795, 24087 MiB, 50.84 W, 73 %, 46
2026/10/10 01:39:10.801, 24087 MiB, 51.26 W, 22 %, 45
2026/10/10 01:39:11.807, 24087 MiB, 50.96 W, 37 %, 45
2026/10/10 01:39:12.818, 24087 MiB, 51.98 W, 59 %, 46
2026/10/10 01:39:13.830, 24087 MiB, 51.47 W, 6 %, 45
2026/10/10 01:39:14.836, 24087 MiB, 50.74 W, 70 %, 46
2026/10/10 01:39:15.847, 24087 MiB, 50.85 W, 5 %, 46
2026/10/10 01:39:16.858, 24087 MiB, 50.87 W, 56 %, 46
2026/10/10 01:39:17.866, 24087 MiB, 51.94 W, 34 %, 47
2026/10/10 01:39:18.873, 24087 MiB, 51.54 W, 32 %, 46
2026/10/10 01:39:19.884, 24087 MiB, 50.50 W, 35 %, 47
2026/10/10 01:39:20.893, 24087 MiB, 51.17 W, 15 %, 46
2026/10/10 01:39:21.908, 24087 MiB, 52.36 W, 66 %, 46
2026/10/10 01:39:22.920, 24087 MiB, 51.88 W, 18 %, 47
2026/10/10 01:39:23.930, 24087 MiB, 51.22 W, 5 %, 46
2026/10/10 01:39:24.936, 24087 MiB, 51.15 W, 66 %, 46
2026/10/10 01:39:25.947, 24087 MiB, 52.54 W, 27 %, 47
2026/10/10 01:39:26.959, 24087 MiB, 51.49 W, 23 %, 46
2026/10/10 01:39:27.964, 24087 MiB, 51.56 W, 56 %, 46
2026/10/10 01:39:28.971, 24087 MiB, 51.45 W, 5 %, 46
2026/10/10 01:39:29.977, 24087 MiB, 51.01 W, 61 %, 46
2026/10/10 01:39:30.987, 24087 MiB, 51.74 W, 5 %, 46
2026/10/10 01:39:31.995, 24087 MiB, 51.63 W, 74 %, 46
2026/10/10 01:39:33.007, 24087 MiB, 51.64 W, 5 %, 47
2026/10/10 01:39:34.014, 24087 MiB, 51.46 W, 57 %, 46
2026/10/10 01:39:35.023, 24087 MiB, 51.09 W, 21 %, 47
2026/10/10 01:39:36.027, 24087 MiB, 51.10 W, 35 %, 46
2026/10/10 01:39:37.035, 24087 MiB, 51.15 W, 34 %, 47
2026/10/10 01:39:38.045, 24087 MiB, 51.01 W, 6 %, 46
2026/10/10 01:39:39.049, 24087 MiB, 51.07 W, 76 %, 46
2026/10/10 01:39:40.055, 24087 MiB, 51.88 W, 5 %, 47
2026/10/10 01:39:41.063, 24087 MiB, 51.45 W, 56 %, 46
2026/10/10 01:39:42.072, 24087 MiB, 51.72 W, 17 %, 47
2026/10/10 01:39:43.081, 24087 MiB, 51.74 W, 16 %, 46
2026/10/10 01:39:44.093, 24087 MiB, 52.15 W, 70 %, 46
2026/10/10 01:39:45.105, 24087 MiB, 51.36 W, 5 %, 47
2026/10/10 01:39:46.110, 24087 MiB, 51.18 W, 75 %, 46
2026/10/10 01:39:47.123, 24087 MiB, 51.21 W, 5 %, 47
2026/10/10 01:39:48.130, 24087 MiB, 51.51 W, 55 %, 46
2026/10/10 01:39:49.138, 24087 MiB, 51.80 W, 32 %, 48
2026/10/10 01:39:50.150, 24087 MiB, 50.91 W, 21 %, 46
2026/10/10 01:39:51.155, 24087 MiB, 51.00 W, 55 %, 47
2026/10/10 01:39:52.169, 24087 MiB, 51.38 W, 7 %, 46
2026/10/10 01:39:53.177, 24087 MiB, 51.20 W, 76 %, 47
2026/10/10 01:39:54.183, 24087 MiB, 50.76 W, 4 %, 47
2026/10/10 01:39:55.184, 24087 MiB, 51.08 W, 48 %, 46
2026/10/10 01:39:56.198, 24087 MiB, 51.50 W, 23 %, 48
2026/10/10 01:39:57.213, 24087 MiB, 51.74 W, 29 %, 46
2026/10/10 01:39:58.222, 24087 MiB, 51.06 W, 47 %, 47
2026/10/10 01:39:59.224, 24087 MiB, 51.29 W, 8 %, 46
2026/10/10 01:40:00.239, 24087 MiB, 51.06 W, 64 %, 47
2026/10/10 01:40:01.248, 24087 MiB, 51.38 W, 5 %, 46
2026/10/10 01:40:02.255, 24087 MiB, 51.04 W, 63 %, 47
2026/10/10 01:40:03.262, 24087 MiB, 52.74 W, 35 %, 48
2026/10/10 01:40:04.278, 24087 MiB, 51.35 W, 26 %, 46
2026/10/10 01:40:05.285, 24087 MiB, 50.96 W, 44 %, 47
2026/10/10 01:40:06.291, 24087 MiB, 51.23 W, 5 %, 46
2026/10/10 01:40:07.292, 24087 MiB, 51.92 W, 67 %, 47
2026/10/10 01:40:08.295, 24087 MiB, 52.50 W, 16 %, 48
2026/10/10 01:40:09.303, 24087 MiB, 52.29 W, 48 %, 47
2026/10/10 01:40:10.319, 24087 MiB, 51.49 W, 17 %, 48
2026/10/10 01:40:11.322, 24087 MiB, 52.25 W, 25 %, 47
2026/10/10 01:40:12.326, 24087 MiB, 51.86 W, 44 %, 47
2026/10/10 01:40:13.330, 24087 MiB, 52.04 W, 5 %, 47
2026/10/10 01:40:14.333, 24087 MiB, 51.96 W, 70 %, 47
2026/10/10 01:40:15.341, 24087 MiB, 51.92 W, 6 %, 47
2026/10/10 01:40:16.342, 24087 MiB, 51.72 W, 66 %, 47
2026/10/10 01:40:17.348, 24087 MiB, 52.83 W, 27 %, 48
2026/10/10 01:40:18.360, 24087 MiB, 52.51 W, 29 %, 47
2026/10/10 01:40:19.366, 24087 MiB, 51.11 W, 25 %, 48
2026/10/10 01:40:20.381, 24087 MiB, 52.87 W, 29 %, 47
2026/10/10 01:40:21.396, 24087 MiB, 54.11 W, 65 %, 47
2026/10/10 01:40:22.400, 24087 MiB, 52.20 W, 7 %, 48
2026/10/10 01:40:23.408, 24087 MiB, 51.83 W, 72 %, 47
2026/10/10 01:40:24.418, 24087 MiB, 52.03 W, 6 %, 47
2026/10/10 01:40:25.420, 24087 MiB, 52.29 W, 71 %, 47
2026/10/10 01:40:26.426, 24087 MiB, 52.87 W, 4 %, 47
2026/10/10 01:40:27.429, 24087 MiB, 52.90 W, 73 %, 47
2026/10/10 01:40:28.441, 24087 MiB, 52.56 W, 45 %, 48
2026/10/10 01:40:29.444, 24087 MiB, 52.72 W, 6 %, 47
2026/10/10 01:40:30.452, 24087 MiB, 52.67 W, 70 %, 47
2026/10/10 01:40:31.454, 24087 MiB, 52.82 W, 6 %, 47
2026/10/10 01:40:32.457, 24087 MiB, 52.66 W, 70 %, 47
2026/10/10 01:40:33.458, 24087 MiB, 52.95 W, 5 %, 48
2026/10/10 01:40:34.467, 24087 MiB, 52.35 W, 71 %, 47
2026/10/10 01:40:35.472, 24087 MiB, 52.29 W, 5 %, 48
2026/10/10 01:40:36.478, 24087 MiB, 52.49 W, 68 %, 47
2026/10/10 01:40:37.478, 24087 MiB, 52.51 W, 10 %, 48
2026/10/10 01:40:38.487, 24087 MiB, 52.48 W, 58 %, 47
2026/10/10 01:40:39.493, 24087 MiB, 52.24 W, 14 %, 48
2026/10/10 01:40:40.509, 24087 MiB, 52.84 W, 52 %, 47
2026/10/10 01:40:41.518, 24087 MiB, 52.68 W, 26 %, 48
2026/10/10 01:40:42.518, 24087 MiB, 52.33 W, 38 %, 47
2026/10/10 01:40:43.523, 24087 MiB, 51.88 W, 34 %, 48
2026/10/10 01:40:44.534, 24087 MiB, 52.52 W, 38 %, 47
2026/10/10 01:40:45.545, 24087 MiB, 52.56 W, 42 %, 48
2026/10/10 01:40:46.553, 24087 MiB, 52.08 W, 5 %, 47
2026/10/10 01:40:47.558, 24087 MiB, 53.09 W, 70 %, 47
2026/10/10 01:40:48.559, 24087 MiB, 53.48 W, 6 %, 48
2026/10/10 01:40:49.563, 24087 MiB, 53.08 W, 67 %, 47
2026/10/10 01:40:50.567, 24087 MiB, 52.72 W, 17 %, 48
2026/10/10 01:40:51.573, 24087 MiB, 53.05 W, 55 %, 47
2026/10/10 01:40:52.577, 24087 MiB, 53.66 W, 39 %, 48
2026/10/10 01:40:53.585, 24087 MiB, 52.69 W, 5 %, 47
2026/10/10 01:40:54.590, 24087 MiB, 52.47 W, 50 %, 48
2026/10/10 01:40:55.600, 24087 MiB, 51.60 W, 20 %, 47
2026/10/10 01:40:56.613, 24087 MiB, 52.55 W, 57 %, 48
2026/10/10 01:40:57.619, 24087 MiB, 52.50 W, 5 %, 47
2026/10/10 01:40:58.621, 24087 MiB, 52.78 W, 70 %, 48
2026/10/10 01:40:59.636, 24087 MiB, 52.81 W, 5 %, 48
2026/10/10 01:41:00.651, 24087 MiB, 39.53 W, 42 %, 48
2026/10/10 01:41:01.661, 24087 MiB, 220.20 W, 100 %, 62
2026/10/10 01:41:02.675, 24087 MiB, 258.88 W, 100 %, 67
2026/10/10 01:41:03.686, 24087 MiB, 261.53 W, 100 %, 71
2026/10/10 01:41:04.697, 24087 MiB, 193.11 W, 91 %, 70
2026/10/10 01:41:05.711, 24087 MiB, 267.42 W, 95 %, 57
2026/10/10 01:41:06.721, 24087 MiB, 291.51 W, 90 %, 64
2026/10/10 01:41:07.733, 24087 MiB, 235.09 W, 100 %, 57
2026/10/10 01:41:08.735, 24087 MiB, 256.46 W, 100 %, 60
2026/10/10 01:41:09.749, 24087 MiB, 259.15 W, 99 %, 61
2026/10/10 01:41:10.763, 24087 MiB, 229.47 W, 100 %, 57
2026/10/10 01:41:11.777, 24087 MiB, 197.72 W, 87 %, 58
2026/10/10 01:41:12.791, 24087 MiB, 279.82 W, 99 %, 67
2026/10/10 01:41:13.804, 24087 MiB, 304.18 W, 91 %, 69
2026/10/10 01:41:14.818, 24087 MiB, 242.90 W, 93 %, 56
2026/10/10 01:41:15.819, 24087 MiB, 148.03 W, 1 %, 53
2026/10/10 01:41:16.824, 24087 MiB, 104.01 W, 11 %, 51
2026/10/10 01:41:17.831, 24087 MiB, 63.93 W, 24 %, 50
2026/10/10 01:41:18.838, 24087 MiB, 61.26 W, 26 %, 48
2026/10/10 01:41:19.844, 24087 MiB, 59.66 W, 17 %, 49
2026/10/10 01:41:20.856, 24087 MiB, 59.52 W, 39 %, 47
2026/10/10 01:41:21.862, 24087 MiB, 57.40 W, 12 %, 48
2026/10/10 01:41:22.864, 24087 MiB, 56.75 W, 36 %, 47
2026/10/10 01:41:23.868, 24087 MiB, 55.69 W, 34 %, 48
2026/10/10 01:41:24.877, 24087 MiB, 54.47 W, 3 %, 46
2026/10/10 01:41:25.884, 24087 MiB, 52.31 W, 18 %, 46
2026/10/10 01:41:26.894, 24087 MiB, 55.43 W, 53 %, 46
2026/10/10 01:41:27.898, 24087 MiB, 55.65 W, 60 %, 46
2026/10/10 01:41:28.906, 24087 MiB, 55.22 W, 53 %, 45
2026/10/10 01:41:29.914, 24087 MiB, 53.08 W, 22 %, 45
2026/10/10 01:41:30.924, 24087 MiB, 52.01 W, 7 %, 45
2026/10/10 01:41:31.934, 24087 MiB, 51.76 W, 27 %, 45
2026/10/10 01:41:32.939, 24087 MiB, 53.74 W, 78 %, 46
2026/10/10 01:41:33.945, 24087 MiB, 52.99 W, 30 %, 45
2026/10/10 01:41:34.955, 24087 MiB, 51.47 W, 7 %, 45
2026/10/10 01:41:35.965, 24087 MiB, 52.50 W, 5 %, 44
2026/10/10 01:41:36.976, 24087 MiB, 52.25 W, 33 %, 45
2026/10/10 01:41:37.979, 24087 MiB, 54.24 W, 70 %, 45
2026/10/10 01:41:38.985, 24087 MiB, 52.07 W, 14 %, 44
2026/10/10 01:41:39.996, 24087 MiB, 51.85 W, 27 %, 44
2026/10/10 01:41:41.006, 24087 MiB, 52.90 W, 69 %, 45
2026/10/10 01:41:42.019, 24087 MiB, 53.99 W, 45 %, 43
2026/10/10 01:41:43.030, 24087 MiB, 52.05 W, 6 %, 43
2026/10/10 01:41:44.042, 24087 MiB, 52.33 W, 54 %, 44
2026/10/10 01:41:45.049, 24087 MiB, 55.03 W, 56 %, 43
2026/10/10 01:41:46.061, 24087 MiB, 53.34 W, 5 %, 43
2026/10/10 01:41:47.063, 24087 MiB, 52.38 W, 42 %, 44
2026/10/10 01:41:48.070, 24087 MiB, 54.15 W, 63 %, 43
2026/10/10 01:41:49.076, 24087 MiB, 52.50 W, 5 %, 43
2026/10/10 01:41:50.084, 24087 MiB, 52.30 W, 48 %, 44
2026/10/10 01:41:51.087, 24087 MiB, 54.72 W, 64 %, 43
2026/10/10 01:41:52.102, 24087 MiB, 51.78 W, 5 %, 42
2026/10/10 01:41:53.114, 24087 MiB, 51.28 W, 32 %, 43
2026/10/10 01:41:54.127, 24087 MiB, 53.27 W, 70 %, 43
2026/10/10 01:41:55.135, 24087 MiB, 51.88 W, 5 %, 42
2026/10/10 01:41:56.143, 24087 MiB, 51.96 W, 34 %, 43
2026/10/10 01:41:57.148, 24087 MiB, 53.93 W, 69 %, 43
2026/10/10 01:41:58.159, 24087 MiB, 52.31 W, 21 %, 42
2026/10/10 01:41:59.173, 24087 MiB, 51.62 W, 13 %, 42
2026/10/10 01:42:00.179, 24087 MiB, 51.78 W, 64 %, 43
2026/10/10 01:42:01.183, 24087 MiB, 54.02 W, 51 %, 41
2026/10/10 01:42:02.188, 24087 MiB, 51.40 W, 5 %, 42
2026/10/10 01:42:03.200, 24087 MiB, 50.96 W, 36 %, 42
2026/10/10 01:42:04.206, 24087 MiB, 53.80 W, 66 %, 42
2026/10/10 01:42:05.217, 24087 MiB, 52.71 W, 32 %, 41
2026/10/10 01:42:06.225, 24087 MiB, 51.15 W, 8 %, 41
2026/10/10 01:42:07.238, 24087 MiB, 51.54 W, 65 %, 42
2026/10/10 01:42:08.245, 24087 MiB, 53.49 W, 49 %, 41
2026/10/10 01:42:09.249, 24087 MiB, 51.42 W, 8 %, 41
2026/10/10 01:42:10.258, 24087 MiB, 50.57 W, 45 %, 42
2026/10/10 01:42:11.271, 24087 MiB, 53.07 W, 71 %, 41
2026/10/10 01:42:12.279, 24087 MiB, 51.42 W, 28 %, 41
2026/10/10 01:42:13.286, 24087 MiB, 50.28 W, 7 %, 41
2026/10/10 01:42:14.292, 24087 MiB, 50.79 W, 55 %, 42
2026/10/10 01:42:15.297, 24087 MiB, 53.24 W, 58 %, 40
2026/10/10 01:42:16.301, 24087 MiB, 50.88 W, 5 %, 41
2026/10/10 01:42:17.307, 24087 MiB, 50.62 W, 54 %, 42
2026/10/10 01:42:18.322, 24087 MiB, 53.04 W, 55 %, 40
2026/10/10 01:42:19.329, 24087 MiB, 50.93 W, 5 %, 40
2026/10/10 01:42:20.337, 24087 MiB, 50.92 W, 43 %, 41
2026/10/10 01:42:21.342, 24087 MiB, 52.38 W, 60 %, 40
2026/10/10 01:42:22.350, 24087 MiB, 50.93 W, 6 %, 40
2026/10/10 01:42:23.362, 24087 MiB, 50.56 W, 36 %, 41
2026/10/10 01:42:24.367, 24087 MiB, 51.02 W, 48 %, 41
2026/10/10 01:42:25.380, 24087 MiB, 50.40 W, 5 %, 40
2026/10/10 01:42:26.385, 24087 MiB, 50.47 W, 49 %, 40
2026/10/10 01:42:27.402, 24087 MiB, 52.38 W, 54 %, 40
2026/10/10 01:42:28.408, 24087 MiB, 50.42 W, 6 %, 40
2026/10/10 01:42:29.411, 24087 MiB, 49.95 W, 54 %, 40
2026/10/10 01:42:30.415, 24087 MiB, 50.96 W, 49 %, 40
2026/10/10 01:42:31.429, 24087 MiB, 49.49 W, 5 %, 40
2026/10/10 01:42:32.441, 24087 MiB, 50.18 W, 54 %, 40
2026/10/10 01:42:33.447, 24087 MiB, 52.13 W, 58 %, 40
2026/10/10 01:42:34.450, 24087 MiB, 50.02 W, 5 %, 40
2026/10/10 01:42:35.459, 24087 MiB, 50.06 W, 45 %, 40
2026/10/10 01:42:36.465, 24087 MiB, 51.33 W, 52 %, 40
2026/10/10 01:42:37.467, 24087 MiB, 51.42 W, 51 %, 40
2026/10/10 01:42:38.469, 24087 MiB, 49.52 W, 5 %, 41
2026/10/10 01:42:39.472, 24087 MiB, 50.14 W, 46 %, 40
2026/10/10 01:42:40.480, 24087 MiB, 52.02 W, 53 %, 40
2026/10/10 01:42:41.485, 24087 MiB, 50.22 W, 5 %, 41
2026/10/10 01:42:42.486, 24087 MiB, 50.24 W, 50 %, 40
2026/10/10 01:42:43.494, 24087 MiB, 51.89 W, 61 %, 41
2026/10/10 01:42:44.501, 24087 MiB, 50.13 W, 7 %, 41
2026/10/10 01:42:45.510, 24087 MiB, 49.99 W, 46 %, 40
2026/10/10 01:42:46.525, 24087 MiB, 51.17 W, 54 %, 41
2026/10/10 01:42:47.530, 24087 MiB, 50.38 W, 6 %, 41
2026/10/10 01:42:48.545, 24087 MiB, 50.44 W, 44 %, 40
2026/10/10 01:42:49.556, 24087 MiB, 52.18 W, 55 %, 41
2026/10/10 01:42:50.558, 24087 MiB, 50.23 W, 11 %, 41
2026/10/10 01:42:51.560, 24087 MiB, 49.86 W, 13 %, 40
2026/10/10 01:42:52.567, 24087 MiB, 50.76 W, 74 %, 41
2026/10/10 01:42:53.570, 24087 MiB, 49.90 W, 6 %, 41
2026/10/10 01:42:54.575, 24087 MiB, 49.85 W, 68 %, 41
2026/10/10 01:42:55.590, 24087 MiB, 51.47 W, 33 %, 42
2026/10/10 01:42:56.591, 24087 MiB, 49.92 W, 5 %, 41
2026/10/10 01:42:57.596, 24087 MiB, 50.32 W, 60 %, 41
2026/10/10 01:42:58.611, 24087 MiB, 50.93 W, 28 %, 42
2026/10/10 01:42:59.618, 24087 MiB, 49.98 W, 6 %, 41
2026/10/10 01:43:00.621, 24087 MiB, 50.53 W, 75 %, 41
2026/10/10 01:43:01.636, 24087 MiB, 50.53 W, 13 %, 42
2026/10/10 01:43:02.649, 24087 MiB, 50.01 W, 15 %, 41
2026/10/10 01:43:03.662, 24087 MiB, 50.82 W, 74 %, 41
2026/10/10 01:43:04.665, 24087 MiB, 50.18 W, 6 %, 42
2026/10/10 01:43:05.671, 24087 MiB, 49.79 W, 38 %, 41
2026/10/10 01:43:06.671, 24087 MiB, 50.73 W, 56 %, 42
2026/10/10 01:43:07.672, 24087 MiB, 49.75 W, 6 %, 42
2026/10/10 01:43:08.676, 24087 MiB, 49.85 W, 46 %, 41
2026/10/10 01:43:09.676, 24087 MiB, 50.56 W, 48 %, 42
2026/10/10 01:43:10.684, 24087 MiB, 50.07 W, 8 %, 42
2026/10/10 01:43:11.695, 24087 MiB, 49.89 W, 62 %, 41
2026/10/10 01:43:12.708, 24087 MiB, 50.44 W, 32 %, 43
2026/10/10 01:43:13.712, 24087 MiB, 49.91 W, 5 %, 41
2026/10/10 01:43:14.719, 24087 MiB, 48.39 W, 45 %, 42
2026/10/10 01:43:15.726, 24087 MiB, 50.21 W, 6 %, 42
2026/10/10 01:43:16.735, 24087 MiB, 50.61 W, 70 %, 42
2026/10/10 01:43:17.750, 24087 MiB, 51.78 W, 25 %, 43
2026/10/10 01:43:18.750, 24087 MiB, 50.22 W, 5 %, 42
2026/10/10 01:43:19.763, 24087 MiB, 49.85 W, 51 %, 42
2026/10/10 01:43:20.768, 24087 MiB, 50.97 W, 46 %, 42
2026/10/10 01:43:21.774, 24087 MiB, 49.45 W, 5 %, 42
2026/10/10 01:43:22.780, 24087 MiB, 49.90 W, 66 %, 42
2026/10/10 01:43:23.795, 24087 MiB, 51.67 W, 34 %, 43
2026/10/10 01:43:24.810, 24087 MiB, 49.85 W, 5 %, 42
2026/10/10 01:43:25.825, 24087 MiB, 50.22 W, 68 %, 42
2026/10/10 01:43:26.831, 24087 MiB, 51.04 W, 30 %, 43
2026/10/10 01:43:27.836, 24087 MiB, 50.08 W, 12 %, 42
2026/10/10 01:43:28.837, 24087 MiB, 50.83 W, 70 %, 42
2026/10/10 01:43:29.852, 24087 MiB, 50.61 W, 17 %, 43
2026/10/10 01:43:30.852, 24087 MiB, 50.45 W, 19 %, 42
2026/10/10 01:43:31.856, 24087 MiB, 51.62 W, 71 %, 42
2026/10/10 01:43:32.862, 24087 MiB, 49.88 W, 5 %, 43
2026/10/10 01:43:33.868, 24087 MiB, 50.61 W, 28 %, 42
2026/10/10 01:43:34.878, 24087 MiB, 51.34 W, 56 %, 43
2026/10/10 01:43:35.889, 24087 MiB, 50.39 W, 5 %, 43
2026/10/10 01:43:36.899, 24087 MiB, 50.27 W, 47 %, 42
2026/10/10 01:43:37.906, 24087 MiB, 52.81 W, 63 %, 43
2026/10/10 01:43:38.915, 24087 MiB, 50.53 W, 5 %, 43
2026/10/10 01:43:39.916, 24087 MiB, 50.66 W, 64 %, 42
2026/10/10 01:43:40.919, 24087 MiB, 51.47 W, 36 %, 44
2026/10/10 01:43:41.936, 24087 MiB, 50.53 W, 13 %, 42
2026/10/10 01:43:42.945, 24087 MiB, 51.25 W, 75 %, 43
2026/10/10 01:43:43.950, 24087 MiB, 51.65 W, 28 %, 44
2026/10/10 01:43:44.955, 24087 MiB, 50.42 W, 18 %, 42
2026/10/10 01:43:45.962, 24087 MiB, 51.40 W, 72 %, 43
2026/10/10 01:43:46.965, 24087 MiB, 50.87 W, 8 %, 44
2026/10/10 01:43:47.970, 24087 MiB, 50.95 W, 38 %, 43
2026/10/10 01:43:48.975, 24087 MiB, 51.18 W, 43 %, 43
2026/10/10 01:43:49.991, 24087 MiB, 52.80 W, 36 %, 44
2026/10/10 01:43:51.001, 24087 MiB, 51.21 W, 14 %, 43
2026/10/10 01:43:52.005, 24087 MiB, 52.57 W, 71 %, 43
2026/10/10 01:43:53.017, 24087 MiB, 51.57 W, 5 %, 44
2026/10/10 01:43:54.030, 24087 MiB, 51.49 W, 47 %, 43
2026/10/10 01:43:55.035, 24087 MiB, 50.19 W, 9 %, 44
2026/10/10 01:43:56.036, 24087 MiB, 51.15 W, 65 %, 43
2026/10/10 01:43:57.041, 24087 MiB, 52.65 W, 39 %, 44
2026/10/10 01:43:58.049, 24087 MiB, 51.05 W, 10 %, 43
2026/10/10 01:43:59.054, 24087 MiB, 51.48 W, 70 %, 43
2026/10/10 01:44:00.058, 24087 MiB, 51.67 W, 12 %, 44
2026/10/10 01:44:01.071, 24087 MiB, 51.54 W, 29 %, 43
2026/10/10 01:44:02.084, 24087 MiB, 53.71 W, 68 %, 43
2026/10/10 01:44:03.096, 24087 MiB, 51.87 W, 16 %, 44
2026/10/10 01:44:04.110, 24087 MiB, 51.41 W, 38 %, 43
2026/10/10 01:44:05.124, 24087 MiB, 51.81 W, 47 %, 44
2026/10/10 01:44:06.134, 24087 MiB, 50.92 W, 5 %, 43
2026/10/10 01:44:07.149, 24087 MiB, 50.81 W, 70 %, 43
2026/10/10 01:44:08.160, 24087 MiB, 50.96 W, 16 %, 44
2026/10/10 01:44:09.166, 24087 MiB, 51.93 W, 34 %, 43
2026/10/10 01:44:10.169, 24087 MiB, 50.93 W, 65 %, 44
2026/10/10 01:44:11.178, 24087 MiB, 51.76 W, 56 %, 45
2026/10/10 01:44:12.190, 24087 MiB, 53.25 W, 15 %, 43
2026/10/10 01:44:13.199, 24087 MiB, 51.30 W, 70 %, 44
2026/10/10 01:44:14.211, 24087 MiB, 50.99 W, 72 %, 44
2026/10/10 01:44:15.215, 24087 MiB, 52.20 W, 17 %, 43
2026/10/10 01:44:16.230, 24087 MiB, 51.43 W, 10 %, 44
2026/10/10 01:44:17.240, 24087 MiB, 52.40 W, 67 %, 45
2026/10/10 01:44:18.248, 24087 MiB, 53.56 W, 27 %, 43
2026/10/10 01:44:19.261, 24087 MiB, 52.03 W, 4 %, 44
2026/10/10 01:44:20.272, 24087 MiB, 51.65 W, 56 %, 45
2026/10/10 01:44:21.286, 24087 MiB, 52.43 W, 36 %, 44
2026/10/10 01:44:22.290, 24087 MiB, 51.07 W, 5 %, 44
2026/10/10 01:44:23.297, 24087 MiB, 51.97 W, 75 %, 44
2026/10/10 01:44:24.301, 24087 MiB, 51.99 W, 4 %, 44
2026/10/10 01:44:25.312, 24087 MiB, 51.61 W, 50 %, 45
2026/10/10 01:44:26.322, 24087 MiB, 51.22 W, 24 %, 44
2026/10/10 01:44:27.334, 24087 MiB, 51.57 W, 18 %, 44
2026/10/10 01:44:28.340, 24087 MiB, 53.34 W, 79 %, 44
2026/10/10 01:44:29.345, 24087 MiB, 52.08 W, 7 %, 44
2026/10/10 01:44:30.357, 24087 MiB, 51.58 W, 48 %, 45
2026/10/10 01:44:31.364, 24087 MiB, 51.92 W, 39 %, 44
2026/10/10 01:44:32.372, 24087 MiB, 51.18 W, 8 %, 44
2026/10/10 01:44:33.380, 24087 MiB, 52.27 W, 74 %, 44
2026/10/10 01:44:34.393, 24087 MiB, 51.78 W, 8 %, 44
2026/10/10 01:44:35.396, 24087 MiB, 51.21 W, 49 %, 45
2026/10/10 01:44:36.404, 24087 MiB, 52.42 W, 41 %, 44
2026/10/10 01:44:37.414, 24087 MiB, 51.81 W, 5 %, 44
2026/10/10 01:44:38.423, 24087 MiB, 51.97 W, 74 %, 45
2026/10/10 01:44:39.426, 24087 MiB, 52.04 W, 13 %, 44
2026/10/10 01:44:40.439, 24087 MiB, 51.71 W, 30 %, 45
2026/10/10 01:44:41.450, 24087 MiB, 53.76 W, 70 %, 45
2026/10/10 01:44:42.460, 24087 MiB, 51.87 W, 5 %, 44
2026/10/10 01:44:43.469, 24087 MiB, 52.43 W, 46 %, 45
2026/10/10 01:44:44.479, 24087 MiB, 52.08 W, 29 %, 44
2026/10/10 01:44:45.488, 24087 MiB, 52.00 W, 18 %, 45
2026/10/10 01:44:46.489, 24087 MiB, 52.40 W, 70 %, 45
2026/10/10 01:44:47.499, 24087 MiB, 53.69 W, 60 %, 44
2026/10/10 01:44:48.504, 24087 MiB, 52.47 W, 6 %, 44
2026/10/10 01:44:49.511, 24087 MiB, 52.47 W, 65 %, 45
2026/10/10 01:44:50.519, 24087 MiB, 53.53 W, 30 %, 44
2026/10/10 01:44:51.524, 24087 MiB, 52.80 W, 32 %, 45
2026/10/10 01:44:52.530, 24087 MiB, 54.57 W, 66 %, 45
2026/10/10 01:44:53.537, 24087 MiB, 52.30 W, 12 %, 44
2026/10/10 01:44:54.551, 24087 MiB, 52.71 W, 55 %, 46
2026/10/10 01:44:55.556, 24087 MiB, 53.72 W, 40 %, 44
2026/10/10 01:44:56.570, 24087 MiB, 52.38 W, 15 %, 45
2026/10/10 01:44:57.573, 24087 MiB, 53.05 W, 67 %, 45
2026/10/10 01:44:58.581, 24087 MiB, 53.24 W, 22 %, 45
2026/10/10 01:44:59.590, 24087 MiB, 52.09 W, 11 %, 45
2026/10/10 01:45:00.595, 24087 MiB, 52.82 W, 71 %, 45
2026/10/10 01:45:01.610, 24087 MiB, 52.36 W, 5 %, 45
2026/10/10 01:45:02.610, 24087 MiB, 52.33 W, 62 %, 46
2026/10/10 01:45:03.611, 24087 MiB, 52.96 W, 25 %, 45
2026/10/10 01:45:04.618, 24087 MiB, 52.42 W, 37 %, 46
2026/10/10 01:45:05.622, 24087 MiB, 54.02 W, 71 %, 45
2026/10/10 01:45:06.628, 24087 MiB, 52.94 W, 17 %, 45
2026/10/10 01:45:07.631, 24087 MiB, 52.46 W, 46 %, 46
2026/10/10 01:45:08.637, 24087 MiB, 53.92 W, 54 %, 45
2026/10/10 01:45:09.643, 24087 MiB, 52.45 W, 7 %, 45
2026/10/10 01:45:10.652, 24087 MiB, 52.24 W, 73 %, 46
2026/10/10 01:45:11.662, 24087 MiB, 52.20 W, 5 %, 45
2026/10/10 01:45:12.675, 24087 MiB, 52.23 W, 38 %, 46
2026/10/10 01:45:13.680, 24087 MiB, 54.25 W, 66 %, 45
2026/10/10 01:45:14.694, 24087 MiB, 52.49 W, 5 %, 45
2026/10/10 01:45:15.706, 24087 MiB, 52.22 W, 60 %, 46
2026/10/10 01:45:16.719, 24087 MiB, 53.27 W, 32 %, 45
2026/10/10 01:45:17.730, 24087 MiB, 52.39 W, 19 %, 46
2026/10/10 01:45:18.731, 24087 MiB, 52.97 W, 70 %, 46
2026/10/10 01:45:19.744, 24087 MiB, 52.25 W, 5 %, 45
2026/10/10 01:45:20.748, 24087 MiB, 52.17 W, 60 %, 46
2026/10/10 01:45:21.755, 24087 MiB, 53.83 W, 36 %, 45
2026/10/10 01:45:22.760, 24087 MiB, 52.44 W, 23 %, 46
2026/10/10 01:45:23.774, 24087 MiB, 53.24 W, 65 %, 45
2026/10/10 01:45:24.787, 24087 MiB, 52.70 W, 5 %, 46
2026/10/10 01:45:25.798, 24087 MiB, 52.81 W, 66 %, 46
2026/10/10 01:45:26.800, 24087 MiB, 53.28 W, 25 %, 45
2026/10/10 01:45:27.812, 24087 MiB, 52.36 W, 25 %, 46
2026/10/10 01:45:28.826, 24087 MiB, 53.30 W, 66 %, 46
2026/10/10 01:45:29.831, 24087 MiB, 51.95 W, 5 %, 45
2026/10/10 01:45:30.854, 24087 MiB, 53.00 W, 36 %, 46
2026/10/10 01:45:31.867, 24087 MiB, 55.13 W, 66 %, 46
2026/10/10 01:45:32.870, 24087 MiB, 52.45 W, 5 %, 45
2026/10/10 01:45:33.884, 24087 MiB, 52.37 W, 63 %, 46
2026/10/10 01:45:34.886, 24087 MiB, 53.82 W, 32 %, 47
2026/10/10 01:45:35.895, 24087 MiB, 52.89 W, 31 %, 45
2026/10/10 01:45:36.901, 24087 MiB, 53.99 W, 69 %, 46
2026/10/10 01:45:37.907, 24087 MiB, 52.82 W, 7 %, 46
2026/10/10 01:45:38.913, 24087 MiB, 53.26 W, 67 %, 46
2026/10/10 01:45:39.915, 24087 MiB, 53.85 W, 22 %, 47
2026/10/10 01:45:40.929, 24087 MiB, 53.22 W, 32 %, 46
2026/10/10 01:45:41.944, 24087 MiB, 53.97 W, 59 %, 46
2026/10/10 01:45:42.959, 24087 MiB, 53.03 W, 5 %, 47
2026/10/10 01:45:43.969, 24087 MiB, 53.33 W, 35 %, 46
2026/10/10 01:45:44.983, 24087 MiB, 54.23 W, 56 %, 46
2026/10/10 01:45:45.992, 24087 MiB, 52.90 W, 5 %, 46
2026/10/10 01:45:46.999, 24087 MiB, 53.18 W, 71 %, 46
2026/10/10 01:45:48.005, 24087 MiB, 52.92 W, 5 %, 47
2026/10/10 01:45:49.020, 24087 MiB, 52.82 W, 5 %, 46
2026/10/10 01:45:50.021, 24087 MiB, 52.51 W, 74 %, 46
2026/10/10 01:45:51.025, 24087 MiB, 53.14 W, 14 %, 47
2026/10/10 01:45:52.036, 24087 MiB, 53.09 W, 38 %, 46
2026/10/10 01:45:53.040, 24087 MiB, 53.53 W, 37 %, 47
2026/10/10 01:45:54.052, 24087 MiB, 53.32 W, 30 %, 46
2026/10/10 01:45:55.061, 24087 MiB, 52.67 W, 33 %, 47
2026/10/10 01:45:56.074, 24087 MiB, 53.29 W, 23 %, 46
2026/10/10 01:45:57.077, 24087 MiB, 53.32 W, 50 %, 47
2026/10/10 01:45:58.089, 24087 MiB, 53.78 W, 6 %, 46
2026/10/10 01:45:59.091, 24087 MiB, 53.33 W, 64 %, 46
2026/10/10 01:46:00.101, 24087 MiB, 54.47 W, 28 %, 47
2026/10/10 01:46:01.109, 24087 MiB, 53.44 W, 27 %, 46
2026/10/10 01:46:02.117, 24087 MiB, 53.44 W, 54 %, 47
2026/10/10 01:46:03.121, 24087 MiB, 53.08 W, 8 %, 46
2026/10/10 01:46:04.125, 24087 MiB, 52.92 W, 65 %, 46
2026/10/10 01:46:05.131, 24087 MiB, 53.86 W, 27 %, 47
2026/10/10 01:46:06.133, 24087 MiB, 53.03 W, 29 %, 46
2026/10/10 01:46:07.143, 24087 MiB, 53.03 W, 51 %, 47
2026/10/10 01:46:08.155, 24087 MiB, 53.07 W, 8 %, 46
2026/10/10 01:46:09.159, 24087 MiB, 53.16 W, 79 %, 46
2026/10/10 01:46:10.161, 24087 MiB, 52.66 W, 6 %, 47
2026/10/10 01:46:11.172, 24087 MiB, 52.38 W, 67 %, 46
2026/10/10 01:46:12.177, 24087 MiB, 52.54 W, 8 %, 47
2026/10/10 01:46:13.183, 24087 MiB, 53.25 W, 44 %, 46
2026/10/10 01:46:14.198, 24087 MiB, 53.62 W, 41 %, 47
2026/10/10 01:46:15.208, 24087 MiB, 52.60 W, 5 %, 46
2026/10/10 01:46:16.211, 24087 MiB, 52.35 W, 70 %, 47
2026/10/10 01:46:17.216, 24087 MiB, 52.96 W, 4 %, 47
2026/10/10 01:46:18.219, 24087 MiB, 53.67 W, 77 %, 47
2026/10/10 01:46:19.234, 24087 MiB, 53.50 W, 8 %, 48
2026/10/10 01:46:20.239, 24087 MiB, 53.14 W, 28 %, 46
2026/10/10 01:46:21.248, 24087 MiB, 53.43 W, 62 %, 47
2026/10/10 01:46:22.260, 24087 MiB, 53.23 W, 4 %, 46
2026/10/10 01:46:23.272, 24087 MiB, 53.13 W, 72 %, 47
2026/10/10 01:46:24.288, 24087 MiB, 53.47 W, 5 %, 47
2026/10/10 01:46:25.294, 24087 MiB, 53.43 W, 74 %, 47
2026/10/10 01:46:26.297, 24087 MiB, 53.21 W, 5 %, 47
2026/10/10 01:46:27.305, 24087 MiB, 53.27 W, 59 %, 47
2026/10/10 01:46:28.315, 24087 MiB, 53.52 W, 26 %, 48
2026/10/10 01:46:29.316, 24087 MiB, 52.84 W, 26 %, 47
2026/10/10 01:46:30.320, 24087 MiB, 52.49 W, 38 %, 48
2026/10/10 01:46:31.324, 24087 MiB, 52.86 W, 12 %, 47
2026/10/10 01:46:32.338, 24087 MiB, 53.00 W, 63 %, 47
2026/10/10 01:46:33.343, 24087 MiB, 52.85 W, 6 %, 47
2026/10/10 01:46:34.353, 24087 MiB, 52.97 W, 74 %, 47
2026/10/10 01:46:35.366, 24087 MiB, 52.98 W, 5 %, 47
2026/10/10 01:46:36.373, 24087 MiB, 52.81 W, 59 %, 47
2026/10/10 01:46:37.383, 24087 MiB, 53.53 W, 25 %, 48
2026/10/10 01:46:38.388, 24087 MiB, 53.32 W, 35 %, 47
2026/10/10 01:46:39.393, 24087 MiB, 53.01 W, 43 %, 48
2026/10/10 01:46:40.395, 24087 MiB, 53.25 W, 14 %, 47
2026/10/10 01:46:41.398, 24087 MiB, 52.40 W, 54 %, 47
2026/10/10 01:46:42.407, 24087 MiB, 52.71 W, 7 %, 47
2026/10/10 01:46:43.412, 24087 MiB, 52.75 W, 62 %, 47
2026/10/10 01:46:44.427, 24087 MiB, 52.81 W, 24 %, 48
2026/10/10 01:46:45.436, 24087 MiB, 52.81 W, 26 %, 47
2026/10/10 01:46:46.440, 24087 MiB, 53.73 W, 66 %, 47
2026/10/10 01:46:47.442, 24087 MiB, 52.88 W, 7 %, 48
2026/10/10 01:46:48.449, 24087 MiB, 52.96 W, 80 %, 47
2026/10/10 01:46:49.456, 24087 MiB, 53.09 W, 18 %, 48
2026/10/10 01:46:50.464, 24087 MiB, 52.93 W, 25 %, 47
2026/10/10 01:46:51.472, 24087 MiB, 53.20 W, 53 %, 47
2026/10/10 01:46:52.478, 24087 MiB, 52.49 W, 5 %, 47
2026/10/10 01:46:53.494, 24087 MiB, 52.72 W, 75 %, 47
2026/10/10 01:46:54.501, 24087 MiB, 52.77 W, 6 %, 48
2026/10/10 01:46:55.510, 24087 MiB, 52.49 W, 67 %, 47
2026/10/10 01:46:56.511, 24087 MiB, 53.42 W, 22 %, 48
2026/10/10 01:46:57.513, 24087 MiB, 52.44 W, 37 %, 47
2026/10/10 01:46:58.518, 24087 MiB, 52.56 W, 34 %, 48
2026/10/10 01:46:59.526, 24087 MiB, 53.50 W, 28 %, 47
2026/10/10 01:47:00.528, 24087 MiB, 52.44 W, 38 %, 48
2026/10/10 01:47:01.533, 24087 MiB, 52.84 W, 5 %, 48
2026/10/10 01:47:02.545, 24087 MiB, 53.24 W, 56 %, 47
2026/10/10 01:47:03.555, 24087 MiB, 53.41 W, 28 %, 48
2026/10/10 01:47:04.556, 24087 MiB, 53.05 W, 47 %, 47
2026/10/10 01:47:05.557, 24087 MiB, 53.60 W, 41 %, 48
2026/10/10 01:47:06.564, 24087 MiB, 53.32 W, 25 %, 47
2026/10/10 01:47:07.566, 24087 MiB, 53.55 W, 48 %, 48
2026/10/10 01:47:08.569, 24087 MiB, 53.11 W, 11 %, 47
2026/10/10 01:47:09.575, 24087 MiB, 52.85 W, 68 %, 48
2026/10/10 01:47:10.579, 24087 MiB, 52.93 W, 5 %, 47
2026/10/10 01:47:11.593, 24087 MiB, 53.55 W, 70 %, 48
2026/10/10 01:47:12.601, 24087 MiB, 52.61 W, 5 %, 48
2026/10/10 01:47:13.606, 24087 MiB, 52.38 W, 70 %, 48
2026/10/10 01:47:14.609, 24087 MiB, 52.60 W, 6 %, 48
2026/10/10 01:47:15.610, 24087 MiB, 52.72 W, 70 %, 48
2026/10/10 01:47:16.614, 24087 MiB, 53.13 W, 75 %, 48
2026/10/10 01:47:17.622, 24087 MiB, 52.95 W, 5 %, 47
2026/10/10 01:47:18.630, 24087 MiB, 52.58 W, 53 %, 49
2026/10/10 01:47:19.646, 24087 MiB, 52.51 W, 14 %, 47
2026/10/10 01:47:20.655, 24087 MiB, 53.05 W, 42 %, 49
2026/10/10 01:47:21.658, 24087 MiB, 52.52 W, 33 %, 47
2026/10/10 01:47:22.661, 24087 MiB, 53.14 W, 28 %, 48
2026/10/10 01:47:23.673, 24087 MiB, 52.48 W, 39 %, 47
2026/10/10 01:47:24.678, 24087 MiB, 52.96 W, 36 %, 48
2026/10/10 01:47:25.684, 24087 MiB, 52.34 W, 37 %, 47
2026/10/10 01:47:26.690, 24087 MiB, 53.15 W, 20 %, 48
2026/10/10 01:47:27.695, 24087 MiB, 53.62 W, 64 %, 48
2026/10/10 01:47:28.700, 24087 MiB, 53.03 W, 5 %, 48
2026/10/10 01:47:29.704, 24087 MiB, 53.11 W, 74 %, 48
2026/10/10 01:47:30.715, 24087 MiB, 53.44 W, 6 %, 48
2026/10/10 01:47:31.731, 24087 MiB, 53.49 W, 56 %, 49
2026/10/10 01:47:32.733, 24087 MiB, 54.56 W, 29 %, 48
2026/10/10 01:47:33.739, 24087 MiB, 52.81 W, 5 %, 48
2026/10/10 01:47:34.751, 24087 MiB, 52.28 W, 60 %, 48
2026/10/10 01:47:35.764, 24087 MiB, 53.07 W, 5 %, 48
2026/10/10 01:47:36.774, 24087 MiB, 52.49 W, 74 %, 48
2026/10/10 01:47:37.778, 24087 MiB, 52.73 W, 5 %, 48
2026/10/10 01:47:38.785, 24087 MiB, 53.04 W, 52 %, 49
2026/10/10 01:47:39.793, 24087 MiB, 52.52 W, 13 %, 48
2026/10/10 01:47:40.807, 24087 MiB, 52.83 W, 54 %, 49
2026/10/10 01:47:41.810, 24087 MiB, 54.06 W, 29 %, 48
2026/10/10 01:47:42.813, 24087 MiB, 53.49 W, 30 %, 49
2026/10/10 01:47:43.819, 24087 MiB, 53.00 W, 34 %, 48
2026/10/10 01:47:44.833, 24087 MiB, 53.77 W, 21 %, 48
2026/10/10 01:47:45.835, 24087 MiB, 54.58 W, 64 %, 48
2026/10/10 01:47:46.844, 24087 MiB, 52.79 W, 4 %, 48
2026/10/10 01:47:47.857, 24087 MiB, 53.05 W, 68 %, 49
2026/10/10 01:47:48.871, 24087 MiB, 53.97 W, 16 %, 48
2026/10/10 01:47:49.889, 24087 MiB, 53.75 W, 44 %, 49
2026/10/10 01:47:50.903, 24087 MiB, 52.22 W, 27 %, 48
2026/10/10 01:47:51.918, 24087 MiB, 52.80 W, 34 %, 49
2026/10/10 01:47:52.931, 24087 MiB, 53.37 W, 61 %, 48
2026/10/10 01:47:53.931, 24087 MiB, 53.15 W, 7 %, 48
2026/10/10 01:47:54.934, 24087 MiB, 53.50 W, 77 %, 49
2026/10/10 01:47:55.936, 24087 MiB, 53.07 W, 5 %, 48
2026/10/10 01:47:56.951, 24087 MiB, 53.34 W, 74 %, 49
2026/10/10 01:47:57.953, 24087 MiB, 53.67 W, 6 %, 48
2026/10/10 01:47:58.965, 24087 MiB, 53.46 W, 63 %, 49
2026/10/10 01:47:59.977, 24087 MiB, 54.49 W, 27 %, 48
2026/10/10 01:48:00.992, 24087 MiB, 53.40 W, 17 %, 49
2026/10/10 01:48:02.004, 24087 MiB, 52.50 W, 41 %, 48
2026/10/10 01:48:03.008, 24087 MiB, 53.08 W, 28 %, 49
2026/10/10 01:48:04.013, 24087 MiB, 52.50 W, 44 %, 48
2026/10/10 01:48:05.017, 24087 MiB, 53.24 W, 15 %, 49
2026/10/10 01:48:06.024, 24087 MiB, 53.70 W, 66 %, 49
2026/10/10 01:48:07.038, 24087 MiB, 53.47 W, 5 %, 48
2026/10/10 01:48:08.041, 24087 MiB, 53.55 W, 75 %, 49
2026/10/10 01:48:09.045, 24087 MiB, 53.11 W, 53 %, 48
2026/10/10 01:48:10.053, 24087 MiB, 52.83 W, 5 %, 48
2026/10/10 01:48:11.064, 24087 MiB, 53.02 W, 67 %, 49
2026/10/10 01:48:12.079, 24087 MiB, 53.51 W, 9 %, 48
2026/10/10 01:48:13.093, 24087 MiB, 53.77 W, 56 %, 49
2026/10/10 01:48:14.095, 24087 MiB, 52.31 W, 6 %, 48
2026/10/10 01:48:15.097, 24087 MiB, 52.54 W, 66 %, 49
2026/10/10 01:48:16.107, 24087 MiB, 53.01 W, 6 %, 48
2026/10/10 01:48:17.117, 24087 MiB, 53.26 W, 75 %, 49
2026/10/10 01:48:18.125, 24087 MiB, 53.94 W, 15 %, 48
2026/10/10 01:48:19.126, 24087 MiB, 53.72 W, 33 %, 49
2026/10/10 01:48:20.140, 24087 MiB, 53.07 W, 38 %, 48
2026/10/10 01:48:21.147, 24087 MiB, 53.32 W, 21 %, 49
2026/10/10 01:48:22.153, 24087 MiB, 53.37 W, 55 %, 48
2026/10/10 01:48:23.153, 24087 MiB, 53.62 W, 22 %, 49
2026/10/10 01:48:24.160, 24087 MiB, 52.60 W, 38 %, 48
2026/10/10 01:48:25.168, 24087 MiB, 53.72 W, 36 %, 49
2026/10/10 01:48:26.169, 24087 MiB, 53.09 W, 33 %, 48
2026/10/10 01:48:27.180, 24087 MiB, 53.27 W, 35 %, 49
2026/10/10 01:48:28.189, 24087 MiB, 53.01 W, 33 %, 48
2026/10/10 01:48:29.196, 24087 MiB, 53.01 W, 31 %, 49
2026/10/10 01:48:30.203, 24087 MiB, 53.49 W, 48 %, 48
2026/10/10 01:48:31.210, 24087 MiB, 53.38 W, 5 %, 49
2026/10/10 01:48:32.216, 24087 MiB, 53.28 W, 70 %, 49
2026/10/10 01:48:33.221, 24087 MiB, 53.84 W, 5 %, 49
2026/10/10 01:48:34.234, 24087 MiB, 53.53 W, 71 %, 49
2026/10/10 01:48:35.246, 24087 MiB, 53.95 W, 5 %, 49
2026/10/10 01:48:36.254, 24087 MiB, 53.73 W, 70 %, 49
2026/10/10 01:48:37.264, 24087 MiB, 53.70 W, 5 %, 49
2026/10/10 01:48:38.266, 24087 MiB, 54.01 W, 70 %, 49
2026/10/10 01:48:39.267, 24087 MiB, 53.76 W, 6 %, 49
2026/10/10 01:48:40.270, 24087 MiB, 53.78 W, 71 %, 49
2026/10/10 01:48:41.281, 24087 MiB, 53.89 W, 5 %, 49
2026/10/10 01:48:42.282, 24087 MiB, 53.65 W, 66 %, 49
2026/10/10 01:48:43.287, 24087 MiB, 53.90 W, 5 %, 49
2026/10/10 01:48:44.302, 24087 MiB, 54.34 W, 67 %, 49
2026/10/10 01:48:45.309, 24087 MiB, 54.38 W, 6 %, 49
2026/10/10 01:48:46.323, 24087 MiB, 54.22 W, 70 %, 49
2026/10/10 01:48:47.331, 24087 MiB, 54.19 W, 5 %, 49
2026/10/10 01:48:48.345, 24087 MiB, 54.66 W, 70 %, 49
2026/10/10 01:48:49.360, 24087 MiB, 54.01 W, 7 %, 49
2026/10/10 01:48:50.363, 24087 MiB, 53.75 W, 76 %, 49
2026/10/10 01:48:51.371, 24087 MiB, 53.66 W, 7 %, 50
2026/10/10 01:48:52.383, 24087 MiB, 53.65 W, 55 %, 49
2026/10/10 01:48:53.391, 24087 MiB, 53.73 W, 25 %, 50
2026/10/10 01:48:54.392, 24087 MiB, 53.85 W, 71 %, 49
2026/10/10 01:48:55.399, 24087 MiB, 53.71 W, 5 %, 49
2026/10/10 01:48:56.400, 24087 MiB, 53.61 W, 67 %, 49
2026/10/10 01:48:57.413, 24087 MiB, 53.44 W, 5 %, 50
2026/10/10 01:48:58.424, 24087 MiB, 53.78 W, 69 %, 49
2026/10/10 01:48:59.429, 24087 MiB, 53.83 W, 5 %, 50
2026/10/10 01:49:00.434, 24087 MiB, 53.90 W, 72 %, 49
2026/10/10 01:49:01.446, 24087 MiB, 54.14 W, 5 %, 50
2026/10/10 01:49:02.456, 24087 MiB, 53.96 W, 71 %, 49
2026/10/10 01:49:03.467, 24087 MiB, 54.29 W, 5 %, 50
2026/10/10 01:49:04.469, 24087 MiB, 53.71 W, 70 %, 49
2026/10/10 01:49:05.480, 24087 MiB, 54.10 W, 6 %, 50
2026/10/10 01:49:06.492, 24087 MiB, 54.33 W, 70 %, 49
2026/10/10 01:49:07.497, 24087 MiB, 54.33 W, 5 %, 49
2026/10/10 01:49:08.508, 24087 MiB, 53.86 W, 63 %, 49
2026/10/10 01:49:09.513, 24087 MiB, 54.37 W, 5 %, 50
2026/10/10 01:49:10.524, 24087 MiB, 54.25 W, 71 %, 49
2026/10/10 01:49:11.533, 24087 MiB, 54.21 W, 5 %, 50
2026/10/10 01:49:12.539, 24087 MiB, 54.08 W, 68 %, 49
2026/10/10 01:49:13.541, 24087 MiB, 54.64 W, 5 %, 49
2026/10/10 01:49:14.546, 24087 MiB, 53.88 W, 70 %, 49
2026/10/10 01:49:15.559, 24087 MiB, 53.35 W, 15 %, 50
2026/10/10 01:49:16.564, 24087 MiB, 54.18 W, 54 %, 49
2026/10/10 01:49:17.575, 24087 MiB, 52.99 W, 5 %, 50
2026/10/10 01:49:18.582, 24087 MiB, 53.91 W, 67 %, 49
2026/10/10 01:49:19.591, 24087 MiB, 54.35 W, 11 %, 50
2026/10/10 01:49:20.602, 24087 MiB, 54.33 W, 35 %, 49
2026/10/10 01:49:21.608, 24087 MiB, 53.41 W, 26 %, 51
2026/10/10 01:49:22.615, 24087 MiB, 54.52 W, 27 %, 49
2026/10/10 01:49:23.618, 24087 MiB, 53.25 W, 32 %, 50
2026/10/10 01:49:24.628, 24087 MiB, 54.50 W, 51 %, 49
2026/10/10 01:49:25.630, 24087 MiB, 53.48 W, 18 %, 50
2026/10/10 01:49:26.635, 24087 MiB, 53.75 W, 61 %, 49
2026/10/10 01:49:27.642, 24087 MiB, 53.65 W, 8 %, 50
2026/10/10 01:49:28.650, 24087 MiB, 54.25 W, 66 %, 49
2026/10/10 01:49:29.655, 24087 MiB, 54.14 W, 7 %, 50
2026/10/10 01:49:30.661, 24087 MiB, 53.98 W, 68 %, 49
2026/10/10 01:49:31.669, 24087 MiB, 53.30 W, 6 %, 50
2026/10/10 01:49:32.676, 24087 MiB, 53.50 W, 70 %, 49
2026/10/10 01:49:33.678, 24087 MiB, 53.92 W, 5 %, 50
2026/10/10 01:49:34.690, 24087 MiB, 54.57 W, 68 %, 49
2026/10/10 01:49:35.698, 24087 MiB, 54.30 W, 5 %, 50
2026/10/10 01:49:36.699, 24087 MiB, 53.95 W, 70 %, 49
2026/10/10 01:49:37.707, 24087 MiB, 54.38 W, 5 %, 50
2026/10/10 01:49:38.717, 24087 MiB, 52.62 W, 56 %, 50
2026/10/10 01:49:39.723, 24087 MiB, 53.65 W, 26 %, 49
2026/10/10 01:49:40.723, 24087 MiB, 52.56 W, 30 %, 51
2026/10/10 01:49:41.733, 24087 MiB, 54.16 W, 54 %, 49
2026/10/10 01:49:42.744, 24087 MiB, 53.30 W, 5 %, 50
2026/10/10 01:49:43.751, 24087 MiB, 54.58 W, 70 %, 49
2026/10/10 01:49:44.767, 24087 MiB, 55.17 W, 5 %, 50
2026/10/10 01:49:45.771, 24087 MiB, 54.80 W, 58 %, 49
2026/10/10 01:49:46.783, 24087 MiB, 54.31 W, 6 %, 50
2026/10/10 01:49:47.791, 24087 MiB, 54.53 W, 71 %, 50
2026/10/10 01:49:48.792, 24087 MiB, 54.66 W, 5 %, 50
2026/10/10 01:49:49.805, 24087 MiB, 54.56 W, 71 %, 50
2026/10/10 01:49:50.807, 24087 MiB, 54.77 W, 5 %, 49
2026/10/10 01:49:51.821, 24087 MiB, 53.93 W, 58 %, 50
2026/10/10 01:49:52.831, 24087 MiB, 55.15 W, 13 %, 49
2026/10/10 01:49:53.842, 24087 MiB, 54.00 W, 41 %, 50
2026/10/10 01:49:54.857, 24087 MiB, 54.99 W, 48 %, 50
2026/10/10 01:49:55.870, 24087 MiB, 53.58 W, 10 %, 51
2026/10/10 01:49:56.877, 24087 MiB, 54.48 W, 43 %, 50
2026/10/10 01:49:57.888, 24087 MiB, 54.08 W, 21 %, 51
2026/10/10 01:49:58.894, 24087 MiB, 54.99 W, 60 %, 50
2026/10/10 01:49:59.895, 24087 MiB, 54.28 W, 7 %, 51
2026/10/10 01:50:00.898, 24087 MiB, 54.99 W, 76 %, 50
2026/10/10 01:50:01.898, 24087 MiB, 55.09 W, 6 %, 50
2026/10/10 01:50:02.905, 24087 MiB, 54.88 W, 67 %, 50
2026/10/10 01:50:03.912, 24087 MiB, 54.50 W, 5 %, 50
2026/10/10 01:50:04.927, 24087 MiB, 53.44 W, 51 %, 50
2026/10/10 01:50:05.932, 24087 MiB, 54.60 W, 19 %, 50
2026/10/10 01:50:06.938, 24087 MiB, 53.24 W, 35 %, 51
2026/10/10 01:50:07.952, 24087 MiB, 54.21 W, 40 %, 50
2026/10/10 01:50:08.955, 24087 MiB, 53.17 W, 12 %, 51
2026/10/10 01:50:09.960, 24087 MiB, 54.81 W, 48 %, 50
2026/10/10 01:50:10.961, 24087 MiB, 54.41 W, 14 %, 51
2026/10/10 01:50:11.967, 24087 MiB, 54.81 W, 62 %, 50
2026/10/10 01:50:12.980, 24087 MiB, 53.97 W, 5 %, 50
2026/10/10 01:50:13.987, 24087 MiB, 54.26 W, 71 %, 50
2026/10/10 01:50:14.991, 24087 MiB, 54.49 W, 5 %, 50
2026/10/10 01:50:15.993, 24087 MiB, 54.62 W, 69 %, 50
2026/10/10 01:50:16.999, 24087 MiB, 54.24 W, 5 %, 50
2026/10/10 01:50:18.007, 24087 MiB, 54.16 W, 63 %, 50
2026/10/10 01:50:19.014, 24087 MiB, 53.12 W, 14 %, 50
2026/10/10 01:50:20.020, 24087 MiB, 54.54 W, 40 %, 51
2026/10/10 01:50:21.024, 24087 MiB, 53.96 W, 13 %, 50
2026/10/10 01:50:22.030, 24087 MiB, 54.64 W, 29 %, 50
2026/10/10 01:50:23.044, 24087 MiB, 54.15 W, 38 %, 50
2026/10/10 01:50:24.055, 24087 MiB, 54.76 W, 44 %, 51
2026/10/10 01:50:25.071, 24087 MiB, 53.03 W, 5 %, 50
2026/10/10 01:50:26.072, 24087 MiB, 54.78 W, 67 %, 51
2026/10/10 01:50:27.075, 24087 MiB, 54.50 W, 5 %, 50
2026/10/10 01:50:28.082, 24087 MiB, 53.74 W, 23 %, 50
2026/10/10 01:50:29.095, 24087 MiB, 52.06 W, 19 %, 50
2026/10/10 01:50:30.105, 24087 MiB, 54.31 W, 50 %, 51
2026/10/10 01:50:31.114, 24087 MiB, 53.32 W, 5 %, 50
2026/10/10 01:50:32.122, 24087 MiB, 54.58 W, 44 %, 51
2026/10/10 01:50:33.123, 24087 MiB, 54.49 W, 32 %, 50
2026/10/10 01:50:34.132, 24087 MiB, 54.26 W, 35 %, 51
2026/10/10 01:50:35.143, 24087 MiB, 52.56 W, 13 %, 50
2026/10/10 01:50:36.149, 24087 MiB, 54.25 W, 46 %, 51
2026/10/10 01:50:37.152, 24087 MiB, 53.44 W, 17 %, 50
2026/10/10 01:50:38.165, 24087 MiB, 54.41 W, 42 %, 51
2026/10/10 01:50:39.166, 24087 MiB, 53.02 W, 12 %, 50
2026/10/10 01:50:40.172, 24087 MiB, 54.82 W, 76 %, 51
2026/10/10 01:50:41.187, 24087 MiB, 54.91 W, 7 %, 50
2026/10/10 01:50:42.193, 24087 MiB, 54.33 W, 79 %, 51
2026/10/10 01:50:43.200, 24087 MiB, 54.35 W, 7 %, 50
2026/10/10 01:50:44.211, 24087 MiB, 53.71 W, 68 %, 51
2026/10/10 01:50:45.226, 24087 MiB, 53.59 W, 5 %, 50
2026/10/10 01:50:46.233, 24087 MiB, 52.40 W, 47 %, 50
2026/10/10 01:50:47.245, 24087 MiB, 54.60 W, 27 %, 51
2026/10/10 01:50:48.251, 24087 MiB, 52.94 W, 18 %, 50
2026/10/10 01:50:49.267, 24087 MiB, 54.96 W, 57 %, 51
2026/10/10 01:50:50.279, 24087 MiB, 54.07 W, 5 %, 50
2026/10/10 01:50:51.289, 24087 MiB, 54.29 W, 56 %, 51
2026/10/10 01:50:52.304, 24087 MiB, 54.32 W, 5 %, 50
2026/10/10 01:50:53.311, 24087 MiB, 54.41 W, 65 %, 51
2026/10/10 01:50:54.315, 24087 MiB, 54.70 W, 5 %, 50
2026/10/10 01:50:55.321, 24087 MiB, 53.71 W, 57 %, 50
2026/10/10 01:50:56.329, 24087 MiB, 54.77 W, 19 %, 51
2026/10/10 01:50:57.338, 24087 MiB, 53.83 W, 41 %, 50
2026/10/10 01:50:58.342, 24087 MiB, 54.55 W, 17 %, 51
2026/10/10 01:50:59.345, 24087 MiB, 51.95 W, 11 %, 50
2026/10/10 01:51:00.354, 24087 MiB, 54.77 W, 71 %, 51
2026/10/10 01:51:01.357, 24087 MiB, 54.80 W, 5 %, 50
2026/10/10 01:51:02.360, 24087 MiB, 53.83 W, 58 %, 50
2026/10/10 01:51:03.372, 24087 MiB, 54.71 W, 19 %, 51
2026/10/10 01:51:04.380, 24087 MiB, 52.90 W, 27 %, 50
2026/10/10 01:51:05.395, 24087 MiB, 54.71 W, 51 %, 51
2026/10/10 01:51:06.397, 24087 MiB, 54.03 W, 5 %, 50
2026/10/10 01:51:07.400, 24087 MiB, 55.17 W, 73 %, 51
2026/10/10 01:51:08.409, 24087 MiB, 55.13 W, 7 %, 50
2026/10/10 01:51:09.418, 24087 MiB, 54.99 W, 72 %, 51
2026/10/10 01:51:10.427, 24087 MiB, 54.32 W, 7 %, 50
2026/10/10 01:51:11.435, 24087 MiB, 54.62 W, 80 %, 51
2026/10/10 01:51:12.440, 24087 MiB, 54.74 W, 6 %, 51
2026/10/10 01:51:13.442, 24087 MiB, 54.26 W, 71 %, 51
2026/10/10 01:51:14.448, 24087 MiB, 54.59 W, 7 %, 50
2026/10/10 01:51:15.458, 24087 MiB, 52.71 W, 46 %, 50
2026/10/10 01:51:16.461, 24087 MiB, 54.49 W, 17 %, 51
2026/10/10 01:51:17.469, 24087 MiB, 53.75 W, 46 %, 50
2026/10/10 01:51:18.480, 24087 MiB, 54.57 W, 14 %, 51
2026/10/10 01:51:19.494, 24087 MiB, 52.06 W, 22 %, 50
2026/10/10 01:51:20.506, 24087 MiB, 54.50 W, 39 %, 51
2026/10/10 01:51:21.515, 24087 MiB, 54.30 W, 28 %, 50
2026/10/10 01:51:22.538, 24087 MiB, 54.36 W, 31 %, 51
2026/10/10 01:51:23.543, 24087 MiB, 52.61 W, 11 %, 50
2026/10/10 01:51:24.557, 24087 MiB, 54.20 W, 73 %, 51
2026/10/10 01:51:25.559, 24087 MiB, 54.15 W, 5 %, 51
2026/10/10 01:51:26.570, 24087 MiB, 54.38 W, 68 %, 51
2026/10/10 01:51:27.572, 24087 MiB, 54.81 W, 5 %, 51
2026/10/10 01:51:28.580, 24087 MiB, 54.28 W, 68 %, 51
2026/10/10 01:51:29.589, 24087 MiB, 54.99 W, 5 %, 51
2026/10/10 01:51:30.596, 24087 MiB, 54.55 W, 53 %, 52
2026/10/10 01:51:31.609, 24087 MiB, 53.15 W, 5 %, 50
2026/10/10 01:51:32.620, 24087 MiB, 53.89 W, 67 %, 51
2026/10/10 01:51:33.632, 24087 MiB, 53.98 W, 5 %, 51
2026/10/10 01:51:34.645, 24087 MiB, 52.77 W, 53 %, 50
2026/10/10 01:51:35.658, 24087 MiB, 54.00 W, 8 %, 51
2026/10/10 01:51:36.666, 24087 MiB, 53.29 W, 46 %, 50
2026/10/10 01:51:37.678, 24087 MiB, 54.48 W, 31 %, 50
2026/10/10 01:51:38.686, 24087 MiB, 52.54 W, 10 %, 50
2026/10/10 01:51:39.701, 24087 MiB, 54.82 W, 71 %, 51
2026/10/10 01:51:40.710, 24087 MiB, 54.53 W, 5 %, 50
2026/10/10 01:51:41.711, 24087 MiB, 53.71 W, 63 %, 51
2026/10/10 01:51:42.720, 24087 MiB, 53.70 W, 4 %, 50
2026/10/10 01:51:43.732, 24087 MiB, 52.47 W, 48 %, 51
2026/10/10 01:51:44.747, 24087 MiB, 54.32 W, 51 %, 51
2026/10/10 01:51:45.753, 24087 MiB, 52.62 W, 8 %, 52
2026/10/10 01:51:46.760, 24087 MiB, 54.15 W, 62 %, 51
2026/10/10 01:51:47.765, 24087 MiB, 54.03 W, 8 %, 51
2026/10/10 01:51:48.769, 24087 MiB, 52.83 W, 53 %, 51
2026/10/10 01:51:49.783, 24087 MiB, 54.68 W, 41 %, 51
2026/10/10 01:51:50.792, 24087 MiB, 53.53 W, 27 %, 52
2026/10/10 01:51:51.802, 24087 MiB, 54.25 W, 48 %, 51
2026/10/10 01:51:52.808, 24087 MiB, 53.37 W, 15 %, 52
2026/10/10 01:51:53.817, 24087 MiB, 55.04 W, 71 %, 51
2026/10/10 01:51:54.823, 24087 MiB, 55.25 W, 23 %, 51
2026/10/10 01:51:55.829, 24087 MiB, 52.51 W, 20 %, 52
2026/10/10 01:51:56.837, 24087 MiB, 54.96 W, 70 %, 51
2026/10/10 01:51:57.848, 24087 MiB, 55.07 W, 5 %, 51
2026/10/10 01:51:58.859, 24087 MiB, 54.33 W, 67 %, 51
2026/10/10 01:51:59.863, 24087 MiB, 54.60 W, 5 %, 51
2026/10/10 01:52:00.872, 24087 MiB, 54.00 W, 61 %, 51
2026/10/10 01:52:01.888, 24087 MiB, 54.95 W, 27 %, 51
2026/10/10 01:52:02.893, 24087 MiB, 53.78 W, 31 %, 52
2026/10/10 01:52:03.900, 24087 MiB, 55.07 W, 30 %, 51
2026/10/10 01:52:04.902, 24087 MiB, 54.44 W, 34 %, 52
2026/10/10 01:52:05.905, 24087 MiB, 54.95 W, 69 %, 51
2026/10/10 01:52:06.910, 24087 MiB, 55.03 W, 5 %, 51
2026/10/10 01:52:07.921, 24087 MiB, 55.29 W, 68 %, 51
2026/10/10 01:52:08.923, 24087 MiB, 54.64 W, 4 %, 51
2026/10/10 01:52:09.939, 24087 MiB, 54.88 W, 66 %, 51
2026/10/10 01:52:10.944, 24087 MiB, 55.17 W, 13 %, 51
2026/10/10 01:52:11.946, 24087 MiB, 52.81 W, 32 %, 52
2026/10/10 01:52:12.964, 24087 MiB, 54.91 W, 48 %, 51
2026/10/10 01:52:13.978, 24087 MiB, 53.90 W, 5 %, 51
2026/10/10 01:52:14.992, 24087 MiB, 54.47 W, 62 %, 51
2026/10/10 01:52:15.996, 24087 MiB, 55.00 W, 21 %, 51
2026/10/10 01:52:17.003, 24087 MiB, 54.10 W, 46 %, 52
2026/10/10 01:52:18.008, 24087 MiB, 55.04 W, 18 %, 51
2026/10/10 01:52:19.014, 24087 MiB, 53.39 W, 36 %, 52
2026/10/10 01:52:20.021, 24087 MiB, 55.04 W, 40 %, 51
2026/10/10 01:52:21.027, 24087 MiB, 54.40 W, 30 %, 52
2026/10/10 01:52:22.029, 24087 MiB, 55.44 W, 58 %, 51
2026/10/10 01:52:23.043, 24087 MiB, 54.37 W, 7 %, 52
2026/10/10 01:52:24.058, 24087 MiB, 55.01 W, 67 %, 51
2026/10/10 01:52:25.072, 24087 MiB, 54.81 W, 5 %, 51
2026/10/10 01:52:26.078, 24087 MiB, 55.15 W, 72 %, 51
2026/10/10 01:52:27.084, 24087 MiB, 54.81 W, 11 %, 51
2026/10/10 01:52:28.087, 24087 MiB, 52.84 W, 33 %, 52
2026/10/10 01:52:29.092, 24087 MiB, 54.90 W, 30 %, 51
2026/10/10 01:52:30.099, 24087 MiB, 53.32 W, 5 %, 52
2026/10/10 01:52:31.105, 24087 MiB, 54.84 W, 72 %, 51
2026/10/10 01:52:32.120, 24087 MiB, 54.03 W, 5 %, 52
2026/10/10 01:52:33.122, 24087 MiB, 54.92 W, 68 %, 51
2026/10/10 01:52:34.129, 24087 MiB, 54.86 W, 5 %, 52
2026/10/10 01:52:35.133, 24087 MiB, 54.70 W, 69 %, 51
2026/10/10 01:52:36.138, 24087 MiB, 54.52 W, 5 %, 51
2026/10/10 01:52:37.144, 24087 MiB, 52.97 W, 41 %, 52
2026/10/10 01:52:38.158, 24087 MiB, 54.25 W, 26 %, 51
2026/10/10 01:52:39.159, 24087 MiB, 52.70 W, 16 %, 52
2026/10/10 01:52:40.164, 24087 MiB, 54.85 W, 54 %, 51
2026/10/10 01:52:41.168, 24087 MiB, 54.07 W, 5 %, 52
2026/10/10 01:52:42.173, 24087 MiB, 50.72 W, 2 %, 51
2026/10/10 01:52:43.178, 24087 MiB, 52.67 W, 100 %, 65
2026/10/10 01:52:44.184, 24087 MiB, 248.66 W, 99 %, 68
2026/10/10 01:52:45.187, 24087 MiB, 258.62 W, 100 %, 63
2026/10/10 01:52:46.199, 24087 MiB, 239.65 W, 99 %, 59
2026/10/10 01:52:47.212, 24087 MiB, 184.68 W, 92 %, 60
2026/10/10 01:52:48.224, 24087 MiB, 286.16 W, 93 %, 63
2026/10/10 01:52:49.228, 24087 MiB, 270.72 W, 90 %, 60
2026/10/10 01:52:50.244, 24087 MiB, 248.54 W, 100 %, 61
2026/10/10 01:52:51.256, 24087 MiB, 269.32 W, 100 %, 62
2026/10/10 01:52:52.261, 24087 MiB, 268.67 W, 100 %, 63
2026/10/10 01:52:53.265, 24087 MiB, 216.22 W, 100 %, 59
2026/10/10 01:52:54.270, 24087 MiB, 250.87 W, 99 %, 66
2026/10/10 01:52:55.284, 24087 MiB, 296.08 W, 93 %, 60
2026/10/10 01:52:56.285, 24087 MiB, 261.46 W, 93 %, 71
2026/10/10 01:52:57.299, 24087 MiB, 246.95 W, 11 %, 58
2026/10/10 01:52:58.304, 24087 MiB, 114.17 W, 21 %, 55
2026/10/10 01:52:59.319, 24087 MiB, 101.56 W, 40 %, 52
2026/10/10 01:53:00.332, 24087 MiB, 64.24 W, 1 %, 52
2026/10/10 01:53:01.333, 24087 MiB, 61.07 W, 42 %, 51
2026/10/10 01:53:02.338, 24087 MiB, 60.27 W, 2 %, 52
2026/10/10 01:53:03.340, 24087 MiB, 58.78 W, 43 %, 50
2026/10/10 01:53:04.356, 24087 MiB, 58.37 W, 2 %, 51
2026/10/10 01:53:05.357, 24087 MiB, 57.97 W, 45 %, 49
2026/10/10 01:53:06.362, 24087 MiB, 57.07 W, 18 %, 48
2026/10/10 01:53:07.377, 24087 MiB, 54.68 W, 10 %, 50
2026/10/10 01:53:08.388, 24087 MiB, 56.80 W, 53 %, 48
2026/10/10 01:53:09.402, 24087 MiB, 57.28 W, 57 %, 48
2026/10/10 01:53:10.413, 24087 MiB, 57.64 W, 60 %, 48
2026/10/10 01:53:11.416, 24087 MiB, 57.46 W, 63 %, 47
2026/10/10 01:53:12.428, 24087 MiB, 55.36 W, 36 %, 48
2026/10/10 01:53:13.432, 24087 MiB, 53.67 W, 5 %, 48
2026/10/10 01:53:14.433, 24087 MiB, 53.46 W, 24 %, 46
2026/10/10 01:53:15.437, 24087 MiB, 54.94 W, 74 %, 46
2026/10/10 01:53:16.442, 24087 MiB, 54.07 W, 14 %, 47
2026/10/10 01:53:17.443, 24087 MiB, 53.05 W, 13 %, 46
2026/10/10 01:53:18.447, 24087 MiB, 53.76 W, 77 %, 46
2026/10/10 01:53:19.463, 24087 MiB, 54.89 W, 41 %, 46
2026/10/10 01:53:20.466, 24087 MiB, 52.88 W, 5 %, 46
2026/10/10 01:53:21.469, 24087 MiB, 52.91 W, 40 %, 45
2026/10/10 01:53:22.485, 24087 MiB, 53.34 W, 59 %, 45
2026/10/10 01:53:23.500, 24087 MiB, 53.26 W, 5 %, 46
2026/10/10 01:53:24.505, 24087 MiB, 53.58 W, 28 %, 45
2026/10/10 01:53:25.510, 24087 MiB, 51.62 W, 64 %, 45
2026/10/10 01:53:26.514, 24087 MiB, 52.10 W, 66 %, 46
2026/10/10 01:53:27.528, 24087 MiB, 54.00 W, 15 %, 44
2026/10/10 01:53:28.536, 24087 MiB, 51.45 W, 5 %, 44
2026/10/10 01:53:29.546, 24087 MiB, 51.55 W, 40 %, 45
2026/10/10 01:53:30.556, 24087 MiB, 54.12 W, 70 %, 44
2026/10/10 01:53:31.563, 24087 MiB, 51.96 W, 14 %, 44
2026/10/10 01:53:32.573, 24087 MiB, 51.98 W, 23 %, 44
2026/10/10 01:53:33.580, 24087 MiB, 53.14 W, 69 %, 44
2026/10/10 01:53:34.587, 24087 MiB, 54.43 W, 43 %, 43
2026/10/10 01:53:35.589, 24087 MiB, 52.18 W, 6 %, 44
2026/10/10 01:53:36.598, 24087 MiB, 51.43 W, 37 %, 44
2026/10/10 01:53:37.601, 24087 MiB, 53.89 W, 69 %, 44
2026/10/10 01:53:38.605, 24087 MiB, 51.75 W, 17 %, 43
2026/10/10 01:53:39.610, 24087 MiB, 51.48 W, 27 %, 43
2026/10/10 01:53:40.614, 24087 MiB, 53.13 W, 70 %, 44
2026/10/10 01:53:41.617, 24087 MiB, 52.72 W, 33 %, 43
2026/10/10 01:53:42.618, 24087 MiB, 51.27 W, 6 %, 43
2026/10/10 01:53:43.628, 24087 MiB, 51.49 W, 5 %, 43
2026/10/10 01:53:44.635, 24087 MiB, 51.62 W, 53 %, 44
2026/10/10 01:53:45.637, 24087 MiB, 53.26 W, 43 %, 42
2026/10/10 01:53:46.644, 24087 MiB, 51.82 W, 5 %, 42
2026/10/10 01:53:47.654, 24087 MiB, 51.30 W, 40 %, 43
2026/10/10 01:53:48.665, 24087 MiB, 52.73 W, 54 %, 42
2026/10/10 01:53:49.671, 24087 MiB, 51.16 W, 5 %, 42
2026/10/10 01:53:50.677, 24087 MiB, 51.17 W, 29 %, 42
2026/10/10 01:53:51.682, 24087 MiB, 52.83 W, 70 %, 43
2026/10/10 01:53:52.692, 24087 MiB, 52.08 W, 28 %, 42
2026/10/10 01:53:53.702, 24087 MiB, 50.55 W, 6 %, 42
2026/10/10 01:53:54.712, 24087 MiB, 50.75 W, 76 %, 42
2026/10/10 01:53:55.723, 24087 MiB, 51.09 W, 23 %, 41
2026/10/10 01:53:56.736, 24087 MiB, 50.34 W, 7 %, 42
2026/10/10 01:53:57.741, 24087 MiB, 50.60 W, 40 %, 42
2026/10/10 01:53:58.753, 24087 MiB, 52.38 W, 69 %, 41
2026/10/10 01:53:59.766, 24087 MiB, 50.61 W, 7 %, 41
2026/10/10 01:54:00.770, 24087 MiB, 50.36 W, 34 %, 42
2026/10/10 01:54:01.777, 24087 MiB, 51.91 W, 65 %, 41
2026/10/10 01:54:02.783, 24087 MiB, 50.70 W, 4 %, 41
2026/10/10 01:54:03.786, 24087 MiB, 50.16 W, 32 %, 42
2026/10/10 01:54:04.795, 24087 MiB, 51.41 W, 59 %, 41
2026/10/10 01:54:05.797, 24087 MiB, 49.77 W, 7 %, 41
2026/10/10 01:54:06.803, 24087 MiB, 49.71 W, 48 %, 42
2026/10/10 01:54:07.813, 24087 MiB, 52.38 W, 64 %, 41
2026/10/10 01:54:08.831, 24087 MiB, 51.38 W, 22 %, 41
2026/10/10 01:54:09.839, 24087 MiB, 50.08 W, 5 %, 41
2026/10/10 01:54:10.844, 24087 MiB, 50.33 W, 66 %, 42
2026/10/10 01:54:11.854, 24087 MiB, 51.53 W, 36 %, 41
2026/10/10 01:54:12.864, 24087 MiB, 49.80 W, 5 %, 41
2026/10/10 01:54:13.874, 24087 MiB, 49.90 W, 52 %, 42
2026/10/10 01:54:14.886, 24087 MiB, 52.19 W, 56 %, 41
2026/10/10 01:54:15.893, 24087 MiB, 50.09 W, 5 %, 41
2026/10/10 01:54:16.893, 24087 MiB, 50.37 W, 43 %, 42
2026/10/10 01:54:17.904, 24087 MiB, 51.22 W, 51 %, 41
2026/10/10 01:54:18.914, 24087 MiB, 49.87 W, 5 %, 41
2026/10/10 01:54:19.924, 24087 MiB, 49.61 W, 27 %, 42
2026/10/10 01:54:20.939, 24087 MiB, 50.93 W, 63 %, 42
2026/10/10 01:54:21.949, 24087 MiB, 50.62 W, 33 %, 41
2026/10/10 01:54:22.957, 24087 MiB, 49.58 W, 5 %, 42
2026/10/10 01:54:23.973, 24087 MiB, 49.95 W, 74 %, 42
2026/10/10 01:54:24.974, 24087 MiB, 49.71 W, 5 %, 42
2026/10/10 01:54:25.983, 24087 MiB, 49.40 W, 28 %, 42
2026/10/10 01:54:26.991, 24087 MiB, 50.89 W, 69 %, 42
2026/10/10 01:54:27.999, 24087 MiB, 50.01 W, 9 %, 42
2026/10/10 01:54:29.005, 24087 MiB, 49.42 W, 20 %, 42
2026/10/10 01:54:30.015, 24087 MiB, 50.65 W, 70 %, 42
2026/10/10 01:54:31.027, 24087 MiB, 50.12 W, 18 %, 42
2026/10/10 01:54:32.036, 24087 MiB, 49.49 W, 8 %, 42
2026/10/10 01:54:33.044, 24087 MiB, 49.75 W, 64 %, 43
2026/10/10 01:54:34.047, 24087 MiB, 50.90 W, 41 %, 42
2026/10/10 01:54:35.059, 24087 MiB, 49.68 W, 7 %, 42
2026/10/10 01:54:36.069, 24087 MiB, 49.43 W, 60 %, 43
2026/10/10 01:54:37.081, 24087 MiB, 51.44 W, 50 %, 42
2026/10/10 01:54:38.094, 24087 MiB, 49.88 W, 6 %, 42
2026/10/10 01:54:39.097, 24087 MiB, 49.88 W, 17 %, 43
2026/10/10 01:54:40.107, 24087 MiB, 50.91 W, 74 %, 43
2026/10/10 01:54:41.114, 24087 MiB, 50.49 W, 24 %, 42
2026/10/10 01:54:42.118, 24087 MiB, 49.77 W, 11 %, 43
2026/10/10 01:54:43.129, 24087 MiB, 50.27 W, 74 %, 43
2026/10/10 01:54:44.137, 24087 MiB, 50.70 W, 29 %, 44
2026/10/10 01:54:45.146, 24087 MiB, 52.64 W, 59 %, 43
2026/10/10 01:54:46.157, 24087 MiB, 49.97 W, 5 %, 43
2026/10/10 01:54:47.165, 24087 MiB, 49.52 W, 44 %, 42
2026/10/10 01:54:48.177, 24087 MiB, 51.22 W, 55 %, 43
2026/10/10 01:54:49.181, 24087 MiB, 49.78 W, 5 %, 43
2026/10/10 01:54:50.184, 24087 MiB, 50.12 W, 70 %, 43
2026/10/10 01:54:51.196, 24087 MiB, 51.05 W, 30 %, 44
2026/10/10 01:54:52.202, 24087 MiB, 49.80 W, 5 %, 43
2026/10/10 01:54:53.203, 24087 MiB, 49.56 W, 70 %, 43
2026/10/10 01:54:54.205, 24087 MiB, 50.92 W, 24 %, 44
2026/10/10 01:54:55.211, 24087 MiB, 49.77 W, 30 %, 43
2026/10/10 01:54:56.218, 24087 MiB, 51.87 W, 66 %, 43
2026/10/10 01:54:57.234, 24087 MiB, 50.64 W, 24 %, 44
2026/10/10 01:54:58.236, 24087 MiB, 50.05 W, 6 %, 43
2026/10/10 01:54:59.242, 24087 MiB, 50.33 W, 66 %, 43
2026/10/10 01:55:00.243, 24087 MiB, 51.73 W, 33 %, 44
2026/10/10 01:55:01.246, 24087 MiB, 50.09 W, 24 %, 43
2026/10/10 01:55:02.249, 24087 MiB, 50.65 W, 69 %, 43
2026/10/10 01:55:03.261, 24087 MiB, 49.50 W, 7 %, 43
2026/10/10 01:55:04.264, 24087 MiB, 49.90 W, 74 %, 43
2026/10/10 01:55:05.268, 24087 MiB, 51.21 W, 27 %, 44
2026/10/10 01:55:06.269, 24087 MiB, 50.27 W, 27 %, 43
2026/10/10 01:55:07.274, 24087 MiB, 51.35 W, 73 %, 43
2026/10/10 01:55:08.283, 24087 MiB, 49.88 W, 13 %, 44
2026/10/10 01:55:09.288, 24087 MiB, 50.20 W, 43 %, 43
2026/10/10 01:55:10.304, 24087 MiB, 52.07 W, 61 %, 44
2026/10/10 01:55:11.310, 24087 MiB, 49.98 W, 5 %, 44
2026/10/10 01:55:12.325, 24087 MiB, 49.93 W, 69 %, 43
2026/10/10 01:55:13.334, 24087 MiB, 51.68 W, 35 %, 45
2026/10/10 01:55:14.344, 24087 MiB, 49.96 W, 17 %, 43
2026/10/10 01:55:15.350, 24087 MiB, 50.98 W, 67 %, 43
2026/10/10 01:55:16.352, 24087 MiB, 52.10 W, 42 %, 44
2026/10/10 01:55:17.366, 24087 MiB, 50.41 W, 5 %, 43
2026/10/10 01:55:18.370, 24087 MiB, 49.83 W, 66 %, 44
2026/10/10 01:55:19.380, 24087 MiB, 51.74 W, 45 %, 44
2026/10/10 01:55:20.387, 24087 MiB, 49.54 W, 5 %, 44
2026/10/10 01:55:21.387, 24087 MiB, 49.62 W, 46 %, 44
2026/10/10 01:55:22.390, 24087 MiB, 51.98 W, 61 %, 44
2026/10/10 01:55:23.404, 24087 MiB, 49.37 W, 6 %, 45
2026/10/10 01:55:24.413, 24087 MiB, 49.66 W, 52 %, 44
2026/10/10 01:55:25.417, 24087 MiB, 50.34 W, 38 %, 45
2026/10/10 01:55:26.429, 24087 MiB, 49.54 W, 6 %, 44
2026/10/10 01:55:27.444, 24087 MiB, 48.58 W, 63 %, 44
2026/10/10 01:55:28.459, 24087 MiB, 49.12 W, 6 %, 44
2026/10/10 01:55:29.461, 24087 MiB, 49.67 W, 48 %, 44
2026/10/10 01:55:30.471, 24087 MiB, 50.75 W, 48 %, 45
2026/10/10 01:55:31.471, 24087 MiB, 49.88 W, 8 %, 44
2026/10/10 01:55:32.474, 24087 MiB, 49.46 W, 71 %, 44
2026/10/10 01:55:33.478, 24087 MiB, 51.35 W, 38 %, 45
2026/10/10 01:55:34.483, 24087 MiB, 50.24 W, 13 %, 44
2026/10/10 01:55:35.486, 24087 MiB, 50.26 W, 66 %, 44
2026/10/10 01:55:36.501, 24087 MiB, 52.01 W, 44 %, 45
2026/10/10 01:55:37.516, 24087 MiB, 50.03 W, 5 %, 44
2026/10/10 01:55:38.528, 24087 MiB, 50.09 W, 68 %, 44
2026/10/10 01:55:39.537, 24087 MiB, 51.79 W, 38 %, 45
2026/10/10 01:55:40.539, 24087 MiB, 50.28 W, 12 %, 44
2026/10/10 01:55:41.547, 24087 MiB, 50.54 W, 70 %, 44
2026/10/10 01:55:42.558, 24087 MiB, 50.95 W, 26 %, 46
2026/10/10 01:55:43.561, 24087 MiB, 50.11 W, 4 %, 44
2026/10/10 01:55:44.565, 24087 MiB, 49.77 W, 58 %, 44
2026/10/10 01:55:45.568, 24087 MiB, 51.70 W, 45 %, 45
2026/10/10 01:55:46.579, 24087 MiB, 50.96 W, 11 %, 44
2026/10/10 01:55:47.586, 24087 MiB, 51.08 W, 70 %, 45
2026/10/10 01:55:48.595, 24087 MiB, 51.16 W, 14 %, 46
2026/10/10 01:55:49.610, 24087 MiB, 50.36 W, 22 %, 44
2026/10/10 01:55:50.618, 24087 MiB, 52.56 W, 68 %, 45
2026/10/10 01:55:51.633, 24087 MiB, 51.58 W, 24 %, 46
2026/10/10 01:55:52.641, 24087 MiB, 51.02 W, 32 %, 44
2026/10/10 01:55:53.652, 24087 MiB, 52.50 W, 70 %, 45
2026/10/10 01:55:54.667, 24087 MiB, 50.96 W, 36 %, 46
2026/10/10 01:55:55.676, 24087 MiB, 51.07 W, 6 %, 44
2026/10/10 01:55:56.680, 24087 MiB, 50.77 W, 75 %, 45
2026/10/10 01:55:57.683, 24087 MiB, 51.21 W, 13 %, 46
2026/10/10 01:55:58.693, 24087 MiB, 50.41 W, 32 %, 45
2026/10/10 01:55:59.707, 24087 MiB, 51.80 W, 61 %, 45
2026/10/10 01:56:00.713, 24087 MiB, 51.45 W, 7 %, 45
2026/10/10 01:56:01.719, 24087 MiB, 50.87 W, 63 %, 45
2026/10/10 01:56:02.730, 24087 MiB, 51.48 W, 33 %, 46
2026/10/10 01:56:03.737, 24087 MiB, 50.81 W, 9 %, 45
2026/10/10 01:56:04.741, 24087 MiB, 51.18 W, 78 %, 45
2026/10/10 01:56:05.741, 24087 MiB, 50.91 W, 8 %, 46
2026/10/10 01:56:06.745, 24087 MiB, 51.01 W, 39 %, 45
2026/10/10 01:56:07.746, 24087 MiB, 51.34 W, 40 %, 46
2026/10/10 01:56:08.758, 24087 MiB, 51.15 W, 5 %, 45
2026/10/10 01:56:09.766, 24087 MiB, 51.34 W, 74 %, 45
2026/10/10 01:56:10.769, 24087 MiB, 51.70 W, 15 %, 46
2026/10/10 01:56:11.776, 24087 MiB, 51.22 W, 24 %, 45
2026/10/10 01:56:12.784, 24087 MiB, 51.75 W, 52 %, 46
2026/10/10 01:56:13.790, 24087 MiB, 51.11 W, 5 %, 46
2026/10/10 01:56:14.794, 24087 MiB, 51.32 W, 40 %, 45
2026/10/10 01:56:15.804, 24087 MiB, 52.79 W, 58 %, 46
2026/10/10 01:56:16.812, 24087 MiB, 50.99 W, 6 %, 46
2026/10/10 01:56:17.823, 24087 MiB, 50.99 W, 63 %, 45
2026/10/10 01:56:18.832, 24087 MiB, 52.22 W, 25 %, 46
2026/10/10 01:56:19.839, 24087 MiB, 51.79 W, 15 %, 45
2026/10/10 01:56:20.850, 24087 MiB, 52.29 W, 70 %, 45
2026/10/10 01:56:21.864, 24087 MiB, 51.31 W, 9 %, 46
2026/10/10 01:56:22.870, 24087 MiB, 51.79 W, 46 %, 45
2026/10/10 01:56:23.885, 24087 MiB, 51.76 W, 32 %, 47
2026/10/10 01:56:24.896, 24087 MiB, 52.12 W, 26 %, 45
2026/10/10 01:56:25.908, 24087 MiB, 51.85 W, 60 %, 46
2026/10/10 01:56:26.921, 24087 MiB, 52.81 W, 5 %, 46
2026/10/10 01:56:27.933, 24087 MiB, 52.11 W, 70 %, 45
2026/10/10 01:56:28.936, 24087 MiB, 52.19 W, 24 %, 47
2026/10/10 01:56:29.944, 24087 MiB, 53.38 W, 16 %, 45
2026/10/10 01:56:30.947, 24087 MiB, 52.02 W, 65 %, 46
2026/10/10 01:56:31.972, 24087 MiB, 52.28 W, 71 %, 46
2026/10/10 01:56:32.981, 24087 MiB, 51.74 W, 10 %, 46
2026/10/10 01:56:33.984, 24087 MiB, 51.63 W, 46 %, 47
2026/10/10 01:56:34.991, 24087 MiB, 52.59 W, 48 %, 45
2026/10/10 01:56:36.000, 24087 MiB, 51.91 W, 15 %, 46
2026/10/10 01:56:37.006, 24087 MiB, 52.64 W, 66 %, 46
2026/10/10 01:56:38.014, 24087 MiB, 53.81 W, 31 %, 46
2026/10/10 01:56:39.027, 24087 MiB, 52.61 W, 9 %, 46
2026/10/10 01:56:40.030, 24087 MiB, 52.53 W, 70 %, 46
2026/10/10 01:56:41.035, 24087 MiB, 52.12 W, 5 %, 46
2026/10/10 01:56:42.046, 24087 MiB, 52.39 W, 55 %, 47
2026/10/10 01:56:43.047, 24087 MiB, 52.52 W, 29 %, 46
2026/10/10 01:56:44.055, 24087 MiB, 51.89 W, 29 %, 46
2026/10/10 01:56:45.070, 24087 MiB, 52.81 W, 63 %, 46
2026/10/10 01:56:46.081, 24087 MiB, 51.87 W, 5 %, 46
2026/10/10 01:56:47.091, 24087 MiB, 52.01 W, 70 %, 47
2026/10/10 01:56:48.098, 24087 MiB, 53.02 W, 19 %, 46
2026/10/10 01:56:49.105, 24087 MiB, 52.39 W, 39 %, 47
2026/10/10 01:56:50.111, 24087 MiB, 53.34 W, 59 %, 46
2026/10/10 01:56:51.118, 24087 MiB, 52.22 W, 7 %, 46
2026/10/10 01:56:52.125, 24087 MiB, 52.04 W, 75 %, 47
2026/10/10 01:56:53.130, 24087 MiB, 52.19 W, 10 %, 46
2026/10/10 01:56:54.142, 24087 MiB, 52.31 W, 48 %, 47
2026/10/10 01:56:55.155, 24087 MiB, 52.15 W, 31 %, 46
2026/10/10 01:56:56.162, 24087 MiB, 52.39 W, 24 %, 47
2026/10/10 01:56:57.166, 24087 MiB, 52.87 W, 55 %, 46
2026/10/10 01:56:58.176, 24087 MiB, 53.07 W, 24 %, 46
2026/10/10 01:56:59.189, 24087 MiB, 51.94 W, 27 %, 47
2026/10/10 01:57:00.193, 24087 MiB, 52.58 W, 59 %, 46
2026/10/10 01:57:01.196, 24087 MiB, 52.21 W, 5 %, 46
2026/10/10 01:57:02.201, 24087 MiB, 52.29 W, 64 %, 47
2026/10/10 01:57:03.215, 24087 MiB, 52.11 W, 14 %, 46
2026/10/10 01:57:04.216, 24087 MiB, 51.81 W, 24 %, 47
2026/10/10 01:57:05.225, 24087 MiB, 51.58 W, 48 %, 46
2026/10/10 01:57:06.227, 24087 MiB, 51.64 W, 5 %, 46
2026/10/10 01:57:07.235, 24087 MiB, 51.92 W, 74 %, 47
2026/10/10 01:57:08.239, 24087 MiB, 52.81 W, 5 %, 46
2026/10/10 01:57:09.242, 24087 MiB, 52.51 W, 63 %, 47
2026/10/10 01:57:10.251, 24087 MiB, 52.91 W, 15 %, 46
2026/10/10 01:57:11.263, 24087 MiB, 52.42 W, 36 %, 47
2026/10/10 01:57:12.266, 24087 MiB, 52.84 W, 42 %, 46
2026/10/10 01:57:13.282, 24087 MiB, 52.55 W, 5 %, 47
2026/10/10 01:57:14.287, 24087 MiB, 52.92 W, 61 %, 48
2026/10/10 01:57:15.296, 24087 MiB, 53.47 W, 27 %, 46
2026/10/10 01:57:16.301, 24087 MiB, 52.53 W, 27 %, 47
2026/10/10 01:57:17.309, 24087 MiB, 52.54 W, 49 %, 46
2026/10/10 01:57:18.317, 24087 MiB, 52.71 W, 5 %, 47
2026/10/10 01:57:19.325, 24087 MiB, 52.61 W, 47 %, 48
2026/10/10 01:57:20.332, 24087 MiB, 53.05 W, 40 %, 46
2026/10/10 01:57:21.341, 24087 MiB, 52.39 W, 5 %, 47
2026/10/10 01:57:22.355, 24087 MiB, 52.32 W, 70 %, 47
2026/10/10 01:57:23.360, 24087 MiB, 52.12 W, 5 %, 47
2026/10/10 01:57:24.363, 24087 MiB, 51.90 W, 68 %, 48
2026/10/10 01:57:25.379, 24087 MiB, 52.56 W, 5 %, 47
2026/10/10 01:57:26.381, 24087 MiB, 52.51 W, 58 %, 48
2026/10/10 01:57:27.385, 24087 MiB, 53.49 W, 36 %, 47
2026/10/10 01:57:28.397, 24087 MiB, 52.69 W, 13 %, 47
2026/10/10 01:57:29.402, 24087 MiB, 52.50 W, 68 %, 47
2026/10/10 01:57:30.416, 24087 MiB, 52.90 W, 7 %, 47
2026/10/10 01:57:31.425, 24087 MiB, 53.38 W, 67 %, 48
2026/10/10 01:57:32.434, 24087 MiB, 53.37 W, 13 %, 47
2026/10/10 01:57:33.443, 24087 MiB, 53.12 W, 20 %, 47
2026/10/10 01:57:34.447, 24087 MiB, 53.88 W, 71 %, 47
2026/10/10 01:57:35.456, 24087 MiB, 52.73 W, 5 %, 47
2026/10/10 01:57:36.463, 24087 MiB, 52.80 W, 70 %, 48
2026/10/10 01:57:37.472, 24087 MiB, 52.93 W, 6 %, 47
2026/10/10 01:57:38.479, 24087 MiB, 52.96 W, 43 %, 48
2026/10/10 01:57:39.487, 24087 MiB, 52.63 W, 24 %, 47
2026/10/10 01:57:40.488, 24087 MiB, 52.99 W, 10 %, 47
2026/10/10 01:57:41.490, 24087 MiB, 53.58 W, 70 %, 48
2026/10/10 01:57:42.493, 24087 MiB, 53.19 W, 6 %, 47
2026/10/10 01:57:43.498, 24087 MiB, 53.09 W, 74 %, 48
2026/10/10 01:57:44.500, 24087 MiB, 53.18 W, 5 %, 47
2026/10/10 01:57:45.515, 24087 MiB, 53.50 W, 47 %, 48
2026/10/10 01:57:46.515, 24087 MiB, 53.54 W, 30 %, 47
2026/10/10 01:57:47.523, 24087 MiB, 52.70 W, 30 %, 48
2026/10/10 01:57:48.531, 24087 MiB, 53.93 W, 55 %, 47
2026/10/10 01:57:49.535, 24087 MiB, 53.27 W, 4 %, 47
2026/10/10 01:57:50.539, 24087 MiB, 53.31 W, 44 %, 48
2026/10/10 01:57:51.547, 24087 MiB, 53.27 W, 27 %, 47
2026/10/10 01:57:52.552, 24087 MiB, 53.09 W, 6 %, 47
2026/10/10 01:57:53.560, 24087 MiB, 53.44 W, 74 %, 47
2026/10/10 01:57:54.563, 24087 MiB, 53.38 W, 5 %, 47
2026/10/10 01:57:55.578, 24087 MiB, 52.72 W, 70 %, 48
2026/10/10 01:57:56.582, 24087 MiB, 53.92 W, 16 %, 48
2026/10/10 01:57:57.584, 24087 MiB, 52.69 W, 13 %, 47
2026/10/10 01:57:58.584, 24087 MiB, 54.04 W, 71 %, 48
2026/10/10 01:57:59.598, 24087 MiB, 53.19 W, 7 %, 48
2026/10/10 01:58:00.601, 24087 MiB, 53.19 W, 70 %, 47
2026/10/10 01:58:01.608, 24087 MiB, 52.71 W, 11 %, 48
2026/10/10 01:58:02.612, 24087 MiB, 53.43 W, 41 %, 47
2026/10/10 01:58:03.616, 24087 MiB, 52.68 W, 26 %, 48
2026/10/10 01:58:04.617, 24087 MiB, 53.17 W, 12 %, 47
2026/10/10 01:58:05.619, 24087 MiB, 53.87 W, 74 %, 48
2026/10/10 01:58:06.628, 24087 MiB, 53.65 W, 5 %, 48
2026/10/10 01:58:07.638, 24087 MiB, 53.68 W, 54 %, 47
2026/10/10 01:58:08.645, 24087 MiB, 53.93 W, 25 %, 49
2026/10/10 01:58:09.648, 24087 MiB, 53.13 W, 20 %, 47
2026/10/10 01:58:10.656, 24087 MiB, 53.09 W, 57 %, 48
2026/10/10 01:58:11.659, 24087 MiB, 52.96 W, 5 %, 48
2026/10/10 01:58:12.663, 24087 MiB, 52.39 W, 48 %, 47
2026/10/10 01:58:13.664, 24087 MiB, 53.95 W, 41 %, 48
2026/10/10 01:58:14.666, 24087 MiB, 53.03 W, 14 %, 47
2026/10/10 01:58:15.669, 24087 MiB, 52.54 W, 62 %, 48
2026/10/10 01:58:16.673, 24087 MiB, 53.61 W, 5 %, 48
2026/10/10 01:58:17.675, 24087 MiB, 53.17 W, 60 %, 48
2026/10/10 01:58:18.683, 24087 MiB, 54.43 W, 26 %, 49
2026/10/10 01:58:19.691, 24087 MiB, 53.70 W, 17 %, 49
2026/10/10 01:58:20.700, 24087 MiB, 53.01 W, 25 %, 48
2026/10/10 01:58:21.708, 24087 MiB, 54.44 W, 59 %, 48
2026/10/10 01:58:22.712, 24087 MiB, 53.56 W, 5 %, 49
2026/10/10 01:58:23.717, 24087 MiB, 52.87 W, 46 %, 48
2026/10/10 01:58:24.717, 24087 MiB, 52.12 W, 20 %, 49
2026/10/10 01:58:25.724, 24087 MiB, 53.20 W, 18 %, 48
2026/10/10 01:58:26.724, 24087 MiB, 54.16 W, 70 %, 48
2026/10/10 01:58:27.739, 24087 MiB, 53.47 W, 8 %, 48
2026/10/10 01:58:28.748, 24087 MiB, 53.46 W, 74 %, 48
2026/10/10 01:58:29.749, 24087 MiB, 53.79 W, 18 %, 49
2026/10/10 01:58:30.754, 24087 MiB, 53.21 W, 28 %, 48
2026/10/10 01:58:31.756, 24087 MiB, 53.60 W, 55 %, 48
2026/10/10 01:58:32.764, 24087 MiB, 53.67 W, 5 %, 48
2026/10/10 01:58:33.771, 24087 MiB, 53.90 W, 70 %, 48
2026/10/10 01:58:34.774, 24087 MiB, 54.41 W, 5 %, 48
2026/10/10 01:58:35.782, 24087 MiB, 54.39 W, 71 %, 48
2026/10/10 01:58:36.787, 24087 MiB, 53.53 W, 5 %, 49
2026/10/10 01:58:37.798, 24087 MiB, 53.59 W, 51 %, 48
2026/10/10 01:58:38.808, 24087 MiB, 54.90 W, 36 %, 49
2026/10/10 01:58:39.819, 24087 MiB, 53.66 W, 20 %, 48
2026/10/10 01:58:40.830, 24087 MiB, 53.22 W, 43 %, 49
2026/10/10 01:58:41.837, 24087 MiB, 54.37 W, 20 %, 48
2026/10/10 01:58:42.839, 24087 MiB, 54.72 W, 61 %, 48
2026/10/10 01:58:43.851, 24087 MiB, 54.35 W, 5 %, 48
2026/10/10 01:58:44.853, 24087 MiB, 54.31 W, 66 %, 48
2026/10/10 01:58:45.866, 24087 MiB, 54.23 W, 5 %, 48
2026/10/10 01:58:46.874, 24087 MiB, 52.50 W, 44 %, 49
2026/10/10 01:58:47.875, 24087 MiB, 54.45 W, 14 %, 48
2026/10/10 01:58:48.883, 24087 MiB, 53.92 W, 60 %, 48
2026/10/10 01:58:49.888, 24087 MiB, 53.89 W, 5 %, 48
2026/10/10 01:58:50.892, 24087 MiB, 53.42 W, 70 %, 48
2026/10/10 01:58:51.898, 24087 MiB, 53.54 W, 5 %, 49
2026/10/10 01:58:52.903, 24087 MiB, 53.82 W, 71 %, 48
2026/10/10 01:58:53.918, 24087 MiB, 53.98 W, 5 %, 49
2026/10/10 01:58:54.930, 24087 MiB, 53.83 W, 70 %, 48
2026/10/10 01:58:55.943, 24087 MiB, 53.69 W, 5 %, 49
2026/10/10 01:58:56.944, 24087 MiB, 53.78 W, 70 %, 48
2026/10/10 01:58:57.954, 24087 MiB, 54.07 W, 8 %, 49
2026/10/10 01:58:58.963, 24087 MiB, 53.85 W, 50 %, 48
2026/10/10 01:58:59.970, 24087 MiB, 53.84 W, 21 %, 49
2026/10/10 01:59:00.984, 24087 MiB, 54.16 W, 62 %, 48
2026/10/10 01:59:01.992, 24087 MiB, 54.70 W, 23 %, 50
2026/10/10 01:59:03.002, 24087 MiB, 54.51 W, 39 %, 48
2026/10/10 01:59:04.006, 24087 MiB, 54.13 W, 40 %, 49
2026/10/10 01:59:05.012, 24087 MiB, 53.86 W, 30 %, 48
2026/10/10 01:59:06.022, 24087 MiB, 53.50 W, 45 %, 49
2026/10/10 01:59:07.029, 24087 MiB, 54.20 W, 30 %, 48
2026/10/10 01:59:08.045, 24087 MiB, 54.26 W, 53 %, 49
2026/10/10 01:59:09.052, 24087 MiB, 54.44 W, 21 %, 48
2026/10/10 01:59:10.062, 24087 MiB, 54.40 W, 66 %, 49
2026/10/10 01:59:11.073, 24087 MiB, 54.15 W, 5 %, 48
2026/10/10 01:59:12.079, 24087 MiB, 54.30 W, 70 %, 49
2026/10/10 01:59:13.088, 24087 MiB, 54.07 W, 5 %, 49
2026/10/10 01:59:14.098, 24087 MiB, 54.61 W, 71 %, 49
2026/10/10 01:59:15.102, 24087 MiB, 54.36 W, 5 %, 49
2026/10/10 01:59:16.110, 24087 MiB, 54.61 W, 59 %, 48
2026/10/10 01:59:17.115, 24087 MiB, 55.59 W, 33 %, 49
2026/10/10 01:59:18.125, 24087 MiB, 54.73 W, 26 %, 48
2026/10/10 01:59:19.139, 24087 MiB, 54.66 W, 49 %, 49
2026/10/10 01:59:20.141, 24087 MiB, 54.59 W, 6 %, 48
2026/10/10 01:59:21.151, 24087 MiB, 54.07 W, 67 %, 49
2026/10/10 01:59:22.160, 24087 MiB, 54.24 W, 5 %, 48
2026/10/10 01:59:23.165, 24087 MiB, 54.78 W, 70 %, 49
2026/10/10 01:59:24.174, 24087 MiB, 54.54 W, 5 %, 49
2026/10/10 01:59:25.187, 24087 MiB, 54.44 W, 70 %, 49
2026/10/10 01:59:26.199, 24087 MiB, 55.03 W, 5 %, 49
2026/10/10 01:59:27.206, 24087 MiB, 54.73 W, 52 %, 49
2026/10/10 01:59:28.213, 24087 MiB, 54.40 W, 22 %, 50
2026/10/10 01:59:29.221, 24087 MiB, 54.63 W, 49 %, 49
2026/10/10 01:59:30.236, 24087 MiB, 54.25 W, 18 %, 50
2026/10/10 01:59:31.244, 24087 MiB, 54.26 W, 40 %, 49
2026/10/10 01:59:32.256, 24087 MiB, 53.26 W, 17 %, 50
2026/10/10 01:59:33.269, 24087 MiB, 54.47 W, 29 %, 49
2026/10/10 01:59:34.277, 24087 MiB, 54.22 W, 56 %, 49
2026/10/10 01:59:35.282, 24087 MiB, 38.45 W, 67 %, 49
2026/10/10 01:59:36.296, 24087 MiB, 248.17 W, 100 %, 71
2026/10/10 01:59:37.307, 24087 MiB, 267.68 W, 100 %, 71
2026/10/10 01:59:38.320, 24087 MiB, 252.60 W, 100 %, 58
2026/10/10 01:59:39.326, 24087 MiB, 196.16 W, 94 %, 59
2026/10/10 01:59:40.330, 24087 MiB, 282.13 W, 95 %, 69
2026/10/10 01:59:41.338, 24087 MiB, 280.52 W, 84 %, 59
2026/10/10 01:59:42.350, 24087 MiB, 227.70 W, 100 %, 61
2026/10/10 01:59:43.362, 24087 MiB, 257.49 W, 100 %, 63
2026/10/10 01:59:44.376, 24087 MiB, 263.64 W, 99 %, 65
2026/10/10 01:59:45.388, 24087 MiB, 223.15 W, 100 %, 57
2026/10/10 01:59:46.393, 24087 MiB, 193.84 W, 99 %, 67
2026/10/10 01:59:47.400, 24087 MiB, 299.90 W, 89 %, 64
2026/10/10 01:59:48.409, 24087 MiB, 263.81 W, 92 %, 59
2026/10/10 01:59:49.414, 24087 MiB, 224.53 W, 100 %, 67
2026/10/10 01:59:50.428, 24087 MiB, 265.76 W, 98 %, 66
2026/10/10 01:59:51.438, 24087 MiB, 268.49 W, 100 %, 63
2026/10/10 01:59:52.441, 24087 MiB, 228.92 W, 100 %, 57
2026/10/10 01:59:53.447, 24087 MiB, 207.83 W, 86 %, 57
2026/10/10 01:59:54.456, 24087 MiB, 286.41 W, 97 %, 63
2026/10/10 01:59:55.468, 24087 MiB, 284.85 W, 95 %, 64
2026/10/10 01:59:56.471, 24087 MiB, 259.36 W, 95 %, 67
2026/10/10 01:59:57.480, 24087 MiB, 182.15 W, 21 %, 54
2026/10/10 01:59:58.490, 24087 MiB, 107.99 W, 21 %, 51
2026/10/10 01:59:59.492, 24087 MiB, 74.11 W, 42 %, 50
2026/10/10 02:00:00.502, 24087 MiB, 60.87 W, 42 %, 50
2026/10/10 02:00:01.512, 24087 MiB, 59.95 W, 43 %, 49
2026/10/10 02:00:02.518, 24087 MiB, 58.57 W, 45 %, 49
2026/10/10 02:00:03.527, 24087 MiB, 57.63 W, 46 %, 48
2026/10/10 02:00:04.532, 24087 MiB, 57.24 W, 47 %, 47
2026/10/10 02:00:05.540, 24087 MiB, 54.84 W, 29 %, 47
2026/10/10 02:00:06.547, 24087 MiB, 52.70 W, 4 %, 47
2026/10/10 02:00:07.550, 24087 MiB, 52.20 W, 35 %, 47
2026/10/10 02:00:08.564, 24087 MiB, 53.16 W, 34 %, 46
2026/10/10 02:00:09.570, 24087 MiB, 52.87 W, 45 %, 47
2026/10/10 02:00:10.574, 24087 MiB, 52.14 W, 5 %, 46
2026/10/10 02:00:11.578, 24087 MiB, 51.83 W, 54 %, 45
2026/10/10 02:00:12.580, 24087 MiB, 52.87 W, 63 %, 46
2026/10/10 02:00:13.585, 24087 MiB, 52.28 W, 5 %, 45
2026/10/10 02:00:14.600, 24087 MiB, 48.99 W, 21 %, 45
2026/10/10 02:00:15.602, 24087 MiB, 52.42 W, 67 %, 45
2026/10/10 02:00:16.611, 24087 MiB, 52.10 W, 8 %, 45
2026/10/10 02:00:17.624, 24087 MiB, 49.38 W, 33 %, 44
2026/10/10 02:00:18.626, 24087 MiB, 52.32 W, 71 %, 45
2026/10/10 02:00:19.632, 24087 MiB, 52.58 W, 14 %, 45
2026/10/10 02:00:20.635, 24087 MiB, 48.72 W, 9 %, 44
2026/10/10 02:00:21.638, 24087 MiB, 51.91 W, 67 %, 45
2026/10/10 02:00:22.640, 24087 MiB, 51.83 W, 14 %, 44
2026/10/10 02:00:23.648, 24087 MiB, 49.12 W, 22 %, 44
2026/10/10 02:00:24.648, 24087 MiB, 51.22 W, 73 %, 44
2026/10/10 02:00:25.653, 24087 MiB, 51.62 W, 32 %, 44
2026/10/10 02:00:26.664, 24087 MiB, 49.42 W, 7 %, 43
2026/10/10 02:00:27.677, 24087 MiB, 50.53 W, 58 %, 43
2026/10/10 02:00:28.683, 24087 MiB, 51.73 W, 50 %, 44
2026/10/10 02:00:29.685, 24087 MiB, 50.15 W, 6 %, 43
2026/10/10 02:00:30.694, 24087 MiB, 51.05 W, 67 %, 43
2026/10/10 02:00:31.709, 24087 MiB, 51.48 W, 13 %, 43
2026/10/10 02:00:32.715, 24087 MiB, 48.99 W, 35 %, 43
2026/10/10 02:00:33.719, 24087 MiB, 51.06 W, 71 %, 43
2026/10/10 02:00:34.720, 24087 MiB, 50.64 W, 5 %, 43
2026/10/10 02:00:35.724, 24087 MiB, 46.62 W, 5 %, 42
2026/10/10 02:00:36.735, 24087 MiB, 50.76 W, 68 %, 43
2026/10/10 02:00:37.739, 24087 MiB, 51.23 W, 11 %, 42
2026/10/10 02:00:38.740, 24087 MiB, 47.46 W, 5 %, 42
2026/10/10 02:00:39.755, 24087 MiB, 53.06 W, 71 %, 42
2026/10/10 02:00:40.769, 24087 MiB, 50.69 W, 22 %, 42
2026/10/10 02:00:41.775, 24087 MiB, 48.37 W, 16 %, 42
2026/10/10 02:00:42.780, 24087 MiB, 50.74 W, 70 %, 43
2026/10/10 02:00:43.784, 24087 MiB, 50.31 W, 5 %, 42
2026/10/10 02:00:44.795, 24087 MiB, 48.11 W, 32 %, 41
2026/10/10 02:00:45.797, 24087 MiB, 50.84 W, 53 %, 43
2026/10/10 02:00:46.803, 24087 MiB, 49.69 W, 5 %, 41
2026/10/10 02:00:47.817, 24087 MiB, 48.71 W, 45 %, 41
2026/10/10 02:00:48.821, 24087 MiB, 50.66 W, 56 %, 42
2026/10/10 02:00:49.822, 24087 MiB, 49.97 W, 5 %, 41
2026/10/10 02:00:50.825, 24087 MiB, 47.62 W, 31 %, 41
2026/10/10 02:00:51.839, 24087 MiB, 50.76 W, 75 %, 42
2026/10/10 02:00:52.844, 24087 MiB, 50.73 W, 16 %, 41
2026/10/10 02:00:53.854, 24087 MiB, 47.08 W, 5 %, 41
2026/10/10 02:00:54.860, 24087 MiB, 49.06 W, 51 %, 41
2026/10/10 02:00:55.875, 24087 MiB, 50.58 W, 62 %, 42
2026/10/10 02:00:56.882, 24087 MiB, 49.59 W, 7 %, 41
2026/10/10 02:00:57.896, 24087 MiB, 46.63 W, 23 %, 40
2026/10/10 02:00:58.898, 24087 MiB, 50.00 W, 71 %, 41
2026/10/10 02:00:59.903, 24087 MiB, 50.29 W, 26 %, 41
2026/10/10 02:01:00.909, 24087 MiB, 47.88 W, 5 %, 41
2026/10/10 02:01:01.913, 24087 MiB, 49.65 W, 54 %, 41
2026/10/10 02:01:02.919, 24087 MiB, 50.91 W, 29 %, 40
2026/10/10 02:01:03.927, 24087 MiB, 48.54 W, 6 %, 41
2026/10/10 02:01:04.933, 24087 MiB, 50.08 W, 64 %, 40
2026/10/10 02:01:05.943, 24087 MiB, 50.15 W, 21 %, 40
2026/10/10 02:01:06.956, 24087 MiB, 47.86 W, 5 %, 41
2026/10/10 02:01:07.958, 24087 MiB, 50.39 W, 68 %, 40
2026/10/10 02:01:08.974, 24087 MiB, 50.30 W, 34 %, 40
2026/10/10 02:01:09.980, 24087 MiB, 48.45 W, 5 %, 40
2026/10/10 02:01:10.992, 24087 MiB, 48.43 W, 47 %, 40
2026/10/10 02:01:12.002, 24087 MiB, 50.22 W, 64 %, 40
2026/10/10 02:01:13.012, 24087 MiB, 49.56 W, 5 %, 40
2026/10/10 02:01:14.014, 24087 MiB, 47.33 W, 36 %, 41
2026/10/10 02:01:15.018, 24087 MiB, 49.62 W, 61 %, 40
2026/10/10 02:01:16.022, 24087 MiB, 49.36 W, 5 %, 40
2026/10/10 02:01:17.036, 24087 MiB, 47.63 W, 35 %, 41
2026/10/10 02:01:18.042, 24087 MiB, 50.02 W, 56 %, 40
2026/10/10 02:01:19.047, 24087 MiB, 49.15 W, 5 %, 40
2026/10/10 02:01:20.052, 24087 MiB, 46.40 W, 13 %, 41
2026/10/10 02:01:21.060, 24087 MiB, 50.30 W, 68 %, 40
2026/10/10 02:01:22.066, 24087 MiB, 50.45 W, 11 %, 40
2026/10/10 02:01:23.073, 24087 MiB, 47.00 W, 5 %, 41
2026/10/10 02:01:24.078, 24087 MiB, 49.84 W, 62 %, 41
2026/10/10 02:01:25.088, 24087 MiB, 50.24 W, 46 %, 40
2026/10/10 02:01:26.093, 24087 MiB, 49.20 W, 4 %, 40
2026/10/10 02:01:27.104, 24087 MiB, 47.64 W, 32 %, 41
2026/10/10 02:01:28.113, 24087 MiB, 50.36 W, 58 %, 40
2026/10/10 02:01:29.120, 24087 MiB, 49.81 W, 5 %, 40
2026/10/10 02:01:30.127, 24087 MiB, 48.09 W, 37 %, 41
2026/10/10 02:01:31.141, 24087 MiB, 50.52 W, 61 %, 41
2026/10/10 02:01:32.148, 24087 MiB, 50.13 W, 5 %, 41
2026/10/10 02:01:33.160, 24087 MiB, 47.56 W, 29 %, 42
2026/10/10 02:01:34.170, 24087 MiB, 49.98 W, 80 %, 41
2026/10/10 02:01:35.175, 24087 MiB, 49.97 W, 14 %, 41
2026/10/10 02:01:36.180, 24087 MiB, 47.27 W, 21 %, 42
2026/10/10 02:01:37.189, 24087 MiB, 50.22 W, 80 %, 41
2026/10/10 02:01:38.194, 24087 MiB, 50.29 W, 29 %, 41
2026/10/10 02:01:39.200, 24087 MiB, 47.31 W, 8 %, 42
2026/10/10 02:01:40.208, 24087 MiB, 48.91 W, 58 %, 42
2026/10/10 02:01:41.220, 24087 MiB, 50.15 W, 47 %, 41
2026/10/10 02:01:42.230, 24087 MiB, 48.60 W, 6 %, 42
2026/10/10 02:01:43.239, 24087 MiB, 49.58 W, 62 %, 42
2026/10/10 02:01:44.247, 24087 MiB, 50.56 W, 46 %, 41
2026/10/10 02:01:45.253, 24087 MiB, 48.74 W, 7 %, 41
2026/10/10 02:01:46.262, 24087 MiB, 48.47 W, 42 %, 42
2026/10/10 02:01:47.277, 24087 MiB, 50.68 W, 56 %, 41
2026/10/10 02:01:48.286, 24087 MiB, 50.17 W, 5 %, 41
2026/10/10 02:01:49.291, 24087 MiB, 47.19 W, 20 %, 42
2026/10/10 02:01:50.302, 24087 MiB, 50.54 W, 71 %, 42
2026/10/10 02:01:51.314, 24087 MiB, 50.68 W, 35 %, 41
2026/10/10 02:01:52.323, 24087 MiB, 48.53 W, 5 %, 42
2026/10/10 02:01:53.331, 24087 MiB, 48.95 W, 46 %, 42
2026/10/10 02:01:54.342, 24087 MiB, 50.90 W, 49 %, 42
2026/10/10 02:01:55.347, 24087 MiB, 50.07 W, 6 %, 41
2026/10/10 02:01:56.350, 24087 MiB, 46.67 W, 10 %, 42
2026/10/10 02:01:57.353, 24087 MiB, 50.54 W, 70 %, 42
2026/10/10 02:01:58.355, 24087 MiB, 50.31 W, 38 %, 42
2026/10/10 02:01:59.359, 24087 MiB, 48.42 W, 5 %, 42
2026/10/10 02:02:00.366, 24087 MiB, 48.86 W, 55 %, 42
2026/10/10 02:02:01.371, 24087 MiB, 50.68 W, 62 %, 42
2026/10/10 02:02:02.373, 24087 MiB, 50.60 W, 5 %, 42
2026/10/10 02:02:03.378, 24087 MiB, 49.13 W, 43 %, 43
2026/10/10 02:02:04.382, 24087 MiB, 50.83 W, 51 %, 42
2026/10/10 02:02:05.384, 24087 MiB, 49.95 W, 6 %, 42
2026/10/10 02:02:06.385, 24087 MiB, 48.29 W, 28 %, 43
2026/10/10 02:02:07.393, 24087 MiB, 51.22 W, 71 %, 42
2026/10/10 02:02:08.397, 24087 MiB, 51.31 W, 36 %, 42
2026/10/10 02:02:09.409, 24087 MiB, 49.01 W, 5 %, 42
2026/10/10 02:02:10.417, 24087 MiB, 47.76 W, 30 %, 43
2026/10/10 02:02:11.423, 24087 MiB, 50.56 W, 72 %, 42
2026/10/10 02:02:12.429, 24087 MiB, 51.28 W, 57 %, 42
2026/10/10 02:02:13.439, 24087 MiB, 50.19 W, 37 %, 42
2026/10/10 02:02:14.456, 24087 MiB, 48.65 W, 7 %, 43
2026/10/10 02:02:15.477, 24087 MiB, 49.95 W, 59 %, 43
2026/10/10 02:02:16.485, 24087 MiB, 51.53 W, 53 %, 42
2026/10/10 02:02:17.487, 24087 MiB, 50.82 W, 7 %, 42
2026/10/10 02:02:18.494, 24087 MiB, 48.85 W, 40 %, 43
2026/10/10 02:02:19.502, 24087 MiB, 51.65 W, 68 %, 43
2026/10/10 02:02:20.513, 24087 MiB, 51.31 W, 6 %, 42
2026/10/10 02:02:21.514, 24087 MiB, 48.05 W, 18 %, 43
2026/10/10 02:02:22.518, 24087 MiB, 51.27 W, 69 %, 43
2026/10/10 02:02:23.523, 24087 MiB, 52.01 W, 59 %, 43
2026/10/10 02:02:24.535, 24087 MiB, 50.78 W, 11 %, 42
2026/10/10 02:02:25.541, 24087 MiB, 47.85 W, 6 %, 44
2026/10/10 02:02:26.542, 24087 MiB, 51.40 W, 68 %, 43
2026/10/10 02:02:27.545, 24087 MiB, 51.23 W, 44 %, 43
2026/10/10 02:02:28.548, 24087 MiB, 49.75 W, 5 %, 43
2026/10/10 02:02:29.553, 24087 MiB, 49.79 W, 51 %, 43
2026/10/10 02:02:30.557, 24087 MiB, 51.21 W, 69 %, 43
2026/10/10 02:02:31.570, 24087 MiB, 51.30 W, 5 %, 43
2026/10/10 02:02:32.572, 24087 MiB, 46.72 W, 5 %, 43
2026/10/10 02:02:33.582, 24087 MiB, 48.10 W, 23 %, 44
2026/10/10 02:02:34.585, 24087 MiB, 51.47 W, 68 %, 43
2026/10/10 02:02:35.585, 24087 MiB, 50.99 W, 20 %, 43
2026/10/10 02:02:36.592, 24087 MiB, 48.32 W, 5 %, 43
2026/10/10 02:02:37.599, 24087 MiB, 49.51 W, 46 %, 44
2026/10/10 02:02:38.601, 24087 MiB, 51.34 W, 50 %, 43
2026/10/10 02:02:39.606, 24087 MiB, 51.07 W, 5 %, 43
2026/10/10 02:02:40.616, 24087 MiB, 47.37 W, 12 %, 44
2026/10/10 02:02:41.617, 24087 MiB, 51.40 W, 69 %, 43
2026/10/10 02:02:42.633, 24087 MiB, 47.53 W, 35 %, 43
2026/10/10 02:02:43.640, 24087 MiB, 51.10 W, 7 %, 44
2026/10/10 02:02:44.647, 24087 MiB, 51.21 W, 59 %, 44
2026/10/10 02:02:45.651, 24087 MiB, 48.14 W, 74 %, 43
2026/10/10 02:02:46.659, 24087 MiB, 49.47 W, 8 %, 43
2026/10/10 02:02:47.662, 24087 MiB, 51.18 W, 48 %, 45
2026/10/10 02:02:48.662, 24087 MiB, 49.95 W, 5 %, 44
2026/10/10 02:02:49.678, 24087 MiB, 47.89 W, 20 %, 43
2026/10/10 02:02:50.691, 24087 MiB, 51.10 W, 80 %, 44
2026/10/10 02:02:51.706, 24087 MiB, 51.44 W, 36 %, 44
2026/10/10 02:02:52.710, 24087 MiB, 49.40 W, 7 %, 43
2026/10/10 02:02:53.712, 24087 MiB, 50.13 W, 48 %, 43
2026/10/10 02:02:54.726, 24087 MiB, 51.41 W, 68 %, 44
2026/10/10 02:02:55.739, 24087 MiB, 51.28 W, 13 %, 44
2026/10/10 02:02:56.752, 24087 MiB, 48.74 W, 26 %, 43
2026/10/10 02:02:57.766, 24087 MiB, 51.40 W, 68 %, 45
2026/10/10 02:02:58.780, 24087 MiB, 52.06 W, 17 %, 44
2026/10/10 02:02:59.782, 24087 MiB, 48.62 W, 5 %, 44
2026/10/10 02:03:00.788, 24087 MiB, 50.13 W, 47 %, 44
2026/10/10 02:03:01.791, 24087 MiB, 51.77 W, 65 %, 45
2026/10/10 02:03:02.805, 24087 MiB, 51.67 W, 5 %, 44
2026/10/10 02:03:03.811, 24087 MiB, 48.70 W, 26 %, 44
2026/10/10 02:03:04.814, 24087 MiB, 51.80 W, 68 %, 44
2026/10/10 02:03:05.817, 24087 MiB, 51.74 W, 20 %, 44
2026/10/10 02:03:06.820, 24087 MiB, 49.35 W, 5 %, 44
2026/10/10 02:03:07.826, 24087 MiB, 50.20 W, 50 %, 44
2026/10/10 02:03:08.840, 24087 MiB, 51.45 W, 43 %, 45
2026/10/10 02:03:09.854, 24087 MiB, 50.07 W, 5 %, 44
2026/10/10 02:03:10.858, 24087 MiB, 48.01 W, 22 %, 44
2026/10/10 02:03:11.872, 24087 MiB, 51.86 W, 72 %, 45
2026/10/10 02:03:12.878, 24087 MiB, 52.21 W, 49 %, 45
2026/10/10 02:03:13.886, 24087 MiB, 50.67 W, 7 %, 44
2026/10/10 02:03:14.891, 24087 MiB, 49.63 W, 38 %, 44
2026/10/10 02:03:15.905, 24087 MiB, 52.59 W, 72 %, 45
2026/10/10 02:03:16.906, 24087 MiB, 52.47 W, 19 %, 45
2026/10/10 02:03:17.916, 24087 MiB, 48.84 W, 7 %, 44
2026/10/10 02:03:18.921, 24087 MiB, 49.33 W, 47 %, 44
2026/10/10 02:03:19.924, 24087 MiB, 51.00 W, 59 %, 45
2026/10/10 02:03:20.929, 24087 MiB, 50.65 W, 5 %, 44
2026/10/10 02:03:21.931, 24087 MiB, 47.10 W, 10 %, 44
2026/10/10 02:03:22.941, 24087 MiB, 50.53 W, 64 %, 44
2026/10/10 02:03:23.948, 24087 MiB, 50.78 W, 43 %, 45
2026/10/10 02:03:24.955, 24087 MiB, 49.54 W, 8 %, 45
2026/10/10 02:03:25.960, 24087 MiB, 47.53 W, 4 %, 44
2026/10/10 02:03:26.961, 24087 MiB, 49.47 W, 52 %, 44
2026/10/10 02:03:27.966, 24087 MiB, 50.54 W, 54 %, 46
2026/10/10 02:03:28.969, 24087 MiB, 50.08 W, 10 %, 45
2026/10/10 02:03:29.970, 24087 MiB, 47.10 W, 6 %, 44
2026/10/10 02:03:30.978, 24087 MiB, 49.68 W, 61 %, 44
2026/10/10 02:03:31.980, 24087 MiB, 50.61 W, 56 %, 46
2026/10/10 02:03:32.995, 24087 MiB, 51.01 W, 5 %, 45
2026/10/10 02:03:33.996, 24087 MiB, 47.91 W, 17 %, 44
2026/10/10 02:03:35.011, 24087 MiB, 51.24 W, 68 %, 45
2026/10/10 02:03:36.015, 24087 MiB, 51.95 W, 50 %, 46
2026/10/10 02:03:37.024, 24087 MiB, 50.54 W, 6 %, 45
2026/10/10 02:03:38.031, 24087 MiB, 47.84 W, 4 %, 45
2026/10/10 02:03:39.035, 24087 MiB, 50.46 W, 57 %, 44
2026/10/10 02:03:40.040, 24087 MiB, 51.79 W, 49 %, 46
2026/10/10 02:03:41.055, 24087 MiB, 50.17 W, 5 %, 45
2026/10/10 02:03:42.055, 24087 MiB, 47.65 W, 14 %, 45
2026/10/10 02:03:43.056, 24087 MiB, 51.31 W, 69 %, 45
2026/10/10 02:03:44.080, 24087 MiB, 51.43 W, 36 %, 46
2026/10/10 02:03:45.086, 24087 MiB, 49.40 W, 5 %, 45
2026/10/10 02:03:46.093, 24087 MiB, 48.17 W, 32 %, 45
2026/10/10 02:03:47.108, 24087 MiB, 51.36 W, 73 %, 46
2026/10/10 02:03:48.117, 24087 MiB, 51.85 W, 28 %, 45
2026/10/10 02:03:49.122, 24087 MiB, 48.76 W, 7 %, 45
2026/10/10 02:03:50.132, 24087 MiB, 49.09 W, 37 %, 45
2026/10/10 02:03:51.143, 24087 MiB, 51.64 W, 76 %, 46
2026/10/10 02:03:52.148, 24087 MiB, 51.61 W, 21 %, 45
2026/10/10 02:03:53.159, 24087 MiB, 48.40 W, 7 %, 45
2026/10/10 02:03:54.168, 24087 MiB, 48.72 W, 39 %, 45
2026/10/10 02:03:55.176, 24087 MiB, 51.36 W, 70 %, 45
2026/10/10 02:03:56.186, 24087 MiB, 51.14 W, 29 %, 46
2026/10/10 02:03:57.195, 24087 MiB, 48.94 W, 6 %, 45
2026/10/10 02:03:58.203, 24087 MiB, 48.58 W, 31 %, 45
2026/10/10 02:03:59.214, 24087 MiB, 51.23 W, 67 %, 46
2026/10/10 02:04:00.222, 24087 MiB, 51.10 W, 18 %, 46
2026/10/10 02:04:01.234, 24087 MiB, 48.19 W, 5 %, 46
2026/10/10 02:04:02.247, 24087 MiB, 49.41 W, 42 %, 46
2026/10/10 02:04:03.251, 24087 MiB, 51.17 W, 60 %, 45
2026/10/10 02:04:04.260, 24087 MiB, 50.87 W, 7 %, 45
2026/10/10 02:04:05.273, 24087 MiB, 48.56 W, 30 %, 47
2026/10/10 02:04:06.280, 24087 MiB, 51.43 W, 77 %, 45
2026/10/10 02:04:07.282, 24087 MiB, 51.42 W, 35 %, 45
2026/10/10 02:04:08.287, 24087 MiB, 48.97 W, 5 %, 45
2026/10/10 02:04:09.292, 24087 MiB, 47.47 W, 16 %, 46
2026/10/10 02:04:10.300, 24087 MiB, 50.35 W, 60 %, 46
2026/10/10 02:04:11.313, 24087 MiB, 51.76 W, 60 %, 45
2026/10/10 02:04:12.319, 24087 MiB, 51.32 W, 5 %, 45
2026/10/10 02:04:13.333, 24087 MiB, 47.37 W, 5 %, 46
2026/10/10 02:04:14.343, 24087 MiB, 49.17 W, 38 %, 46
2026/10/10 02:04:15.353, 24087 MiB, 51.14 W, 67 %, 45
2026/10/10 02:04:16.358, 24087 MiB, 51.04 W, 6 %, 45
2026/10/10 02:04:17.368, 24087 MiB, 47.35 W, 5 %, 46
2026/10/10 02:04:18.377, 24087 MiB, 50.73 W, 57 %, 46
2026/10/10 02:04:19.390, 24087 MiB, 51.63 W, 60 %, 46
2026/10/10 02:04:20.399, 24087 MiB, 50.77 W, 18 %, 45
2026/10/10 02:04:21.408, 24087 MiB, 48.28 W, 5 %, 46
2026/10/10 02:04:22.412, 24087 MiB, 50.72 W, 47 %, 46
2026/10/10 02:04:23.417, 24087 MiB, 51.86 W, 73 %, 46
2026/10/10 02:04:24.421, 24087 MiB, 52.09 W, 35 %, 46
2026/10/10 02:04:25.437, 24087 MiB, 49.36 W, 7 %, 45
2026/10/10 02:04:26.447, 24087 MiB, 47.84 W, 16 %, 47
2026/10/10 02:04:27.455, 24087 MiB, 51.66 W, 74 %, 46
2026/10/10 02:04:28.458, 24087 MiB, 51.66 W, 42 %, 46
2026/10/10 02:04:29.462, 24087 MiB, 50.73 W, 6 %, 46
2026/10/10 02:04:30.471, 24087 MiB, 48.65 W, 24 %, 47
2026/10/10 02:04:31.479, 24087 MiB, 51.88 W, 75 %, 46
2026/10/10 02:04:32.493, 24087 MiB, 52.71 W, 42 %, 46
2026/10/10 02:04:33.501, 24087 MiB, 50.36 W, 5 %, 46
2026/10/10 02:04:34.510, 24087 MiB, 48.29 W, 21 %, 47
2026/10/10 02:04:35.517, 24087 MiB, 51.57 W, 68 %, 46
2026/10/10 02:04:36.525, 24087 MiB, 51.97 W, 24 %, 46
2026/10/10 02:04:37.528, 24087 MiB, 49.39 W, 5 %, 46
2026/10/10 02:04:38.535, 24087 MiB, 48.08 W, 10 %, 47
2026/10/10 02:04:39.542, 24087 MiB, 52.05 W, 68 %, 46
2026/10/10 02:04:40.551, 24087 MiB, 52.28 W, 32 %, 46
2026/10/10 02:04:41.558, 24087 MiB, 49.93 W, 6 %, 46
2026/10/10 02:04:42.562, 24087 MiB, 48.17 W, 19 %, 47
2026/10/10 02:04:43.570, 24087 MiB, 52.08 W, 76 %, 46
2026/10/10 02:04:44.585, 24087 MiB, 52.51 W, 57 %, 46
2026/10/10 02:04:45.588, 24087 MiB, 51.81 W, 5 %, 46
2026/10/10 02:04:46.593, 24087 MiB, 48.44 W, 10 %, 47
2026/10/10 02:04:47.596, 24087 MiB, 50.78 W, 61 %, 46
2026/10/10 02:04:48.600, 24087 MiB, 52.09 W, 54 %, 46
2026/10/10 02:04:49.601, 24087 MiB, 50.77 W, 5 %, 46
2026/10/10 02:04:50.615, 24087 MiB, 47.70 W, 5 %, 47
2026/10/10 02:04:51.620, 24087 MiB, 50.64 W, 52 %, 47
2026/10/10 02:04:52.624, 24087 MiB, 52.31 W, 57 %, 46
2026/10/10 02:04:53.635, 24087 MiB, 51.53 W, 19 %, 46
2026/10/10 02:04:54.640, 24087 MiB, 48.57 W, 5 %, 46
2026/10/10 02:04:55.652, 24087 MiB, 48.94 W, 24 %, 47
2026/10/10 02:04:56.666, 24087 MiB, 52.96 W, 77 %, 46
2026/10/10 02:04:57.683, 24087 MiB, 52.34 W, 49 %, 46
2026/10/10 02:04:58.691, 24087 MiB, 51.17 W, 7 %, 46
2026/10/10 02:04:59.694, 24087 MiB, 48.24 W, 16 %, 47
2026/10/10 02:05:00.700, 24087 MiB, 51.63 W, 68 %, 47
2026/10/10 02:05:01.706, 24087 MiB, 52.18 W, 50 %, 46
2026/10/10 02:05:02.712, 24087 MiB, 50.94 W, 16 %, 46
2026/10/10 02:05:03.713, 24087 MiB, 48.66 W, 13 %, 46
2026/10/10 02:05:04.718, 24087 MiB, 48.47 W, 5 %, 46
2026/10/10 02:05:05.722, 24087 MiB, 48.38 W, 13 %, 47
2026/10/10 02:05:06.725, 24087 MiB, 52.41 W, 68 %, 47
2026/10/10 02:05:07.732, 24087 MiB, 52.39 W, 35 %, 46
2026/10/10 02:05:08.735, 24087 MiB, 50.67 W, 5 %, 46
2026/10/10 02:05:09.740, 24087 MiB, 48.12 W, 5 %, 47
2026/10/10 02:05:10.746, 24087 MiB, 51.52 W, 53 %, 47
2026/10/10 02:05:11.754, 24087 MiB, 52.51 W, 72 %, 47
2026/10/10 02:05:12.757, 24087 MiB, 52.56 W, 30 %, 46
2026/10/10 02:05:13.764, 24087 MiB, 50.28 W, 5 %, 47
2026/10/10 02:05:14.770, 24087 MiB, 49.25 W, 21 %, 48
2026/10/10 02:05:15.775, 24087 MiB, 51.65 W, 59 %, 47
2026/10/10 02:05:16.785, 24087 MiB, 52.50 W, 33 %, 46
2026/10/10 02:05:17.799, 24087 MiB, 50.61 W, 6 %, 47
2026/10/10 02:05:18.802, 24087 MiB, 47.77 W, 5 %, 47
2026/10/10 02:05:19.805, 24087 MiB, 50.06 W, 39 %, 47
2026/10/10 02:05:20.814, 24087 MiB, 52.52 W, 64 %, 47
2026/10/10 02:05:21.818, 24087 MiB, 52.83 W, 18 %, 47
2026/10/10 02:05:22.831, 24087 MiB, 48.94 W, 5 %, 47
2026/10/10 02:05:23.835, 24087 MiB, 48.69 W, 14 %, 48
2026/10/10 02:05:24.851, 24087 MiB, 51.14 W, 50 %, 47
2026/10/10 02:05:25.863, 24087 MiB, 52.42 W, 71 %, 47
2026/10/10 02:05:26.877, 24087 MiB, 52.52 W, 45 %, 47
2026/10/10 02:05:27.890, 24087 MiB, 50.81 W, 6 %, 47
2026/10/10 02:05:28.905, 24087 MiB, 48.76 W, 22 %, 48
2026/10/10 02:05:29.917, 24087 MiB, 51.60 W, 56 %, 47
2026/10/10 02:05:30.932, 24087 MiB, 52.95 W, 64 %, 47
2026/10/10 02:05:31.935, 24087 MiB, 52.75 W, 18 %, 47
2026/10/10 02:05:32.945, 24087 MiB, 49.89 W, 5 %, 47
2026/10/10 02:05:33.948, 24087 MiB, 50.31 W, 27 %, 48
2026/10/10 02:05:34.963, 24087 MiB, 52.99 W, 69 %, 47
2026/10/10 02:05:35.977, 24087 MiB, 52.91 W, 41 %, 47
2026/10/10 02:05:36.979, 24087 MiB, 51.07 W, 4 %, 47
2026/10/10 02:05:37.985, 24087 MiB, 48.70 W, 11 %, 48
2026/10/10 02:05:39.001, 24087 MiB, 51.12 W, 44 %, 48
2026/10/10 02:05:40.015, 24087 MiB, 52.05 W, 68 %, 47
2026/10/10 02:05:41.015, 24087 MiB, 52.57 W, 36 %, 47
2026/10/10 02:05:42.020, 24087 MiB, 50.51 W, 5 %, 47
2026/10/10 02:05:43.025, 24087 MiB, 48.85 W, 12 %, 48
2026/10/10 02:05:44.035, 24087 MiB, 52.21 W, 66 %, 47
2026/10/10 02:05:45.042, 24087 MiB, 49.71 W, 57 %, 47
2026/10/10 02:05:46.044, 24087 MiB, 50.53 W, 14 %, 47
2026/10/10 02:05:47.049, 24087 MiB, 53.48 W, 5 %, 47
2026/10/10 02:05:48.057, 24087 MiB, 53.20 W, 35 %, 48
2026/10/10 02:05:49.070, 24087 MiB, 51.29 W, 5 %, 47
2026/10/10 02:05:50.073, 24087 MiB, 48.66 W, 6 %, 47
2026/10/10 02:05:51.086, 24087 MiB, 51.03 W, 44 %, 47
2026/10/10 02:05:52.097, 24087 MiB, 53.23 W, 76 %, 48
2026/10/10 02:05:53.113, 24087 MiB, 53.97 W, 29 %, 48
2026/10/10 02:05:54.120, 24087 MiB, 51.26 W, 5 %, 47
2026/10/10 02:05:55.127, 24087 MiB, 49.33 W, 6 %, 47
2026/10/10 02:05:56.133, 24087 MiB, 51.45 W, 51 %, 47
2026/10/10 02:05:57.138, 24087 MiB, 53.21 W, 74 %, 48
2026/10/10 02:05:58.153, 24087 MiB, 53.70 W, 27 %, 48
2026/10/10 02:05:59.154, 24087 MiB, 50.61 W, 7 %, 47
2026/10/10 02:06:00.161, 24087 MiB, 50.16 W, 23 %, 47
2026/10/10 02:06:01.174, 24087 MiB, 52.22 W, 57 %, 47
2026/10/10 02:06:02.189, 24087 MiB, 53.35 W, 65 %, 48
2026/10/10 02:06:03.192, 24087 MiB, 52.67 W, 5 %, 48
2026/10/10 02:06:04.195, 24087 MiB, 49.69 W, 5 %, 47
2026/10/10 02:06:05.203, 24087 MiB, 49.96 W, 18 %, 47
2026/10/10 02:06:06.208, 24087 MiB, 53.15 W, 68 %, 48
2026/10/10 02:06:07.214, 24087 MiB, 53.47 W, 33 %, 48
2026/10/10 02:06:08.223, 24087 MiB, 51.56 W, 5 %, 47
2026/10/10 02:06:09.233, 24087 MiB, 49.96 W, 5 %, 47
2026/10/10 02:06:10.239, 24087 MiB, 53.37 W, 58 %, 47
2026/10/10 02:06:11.248, 24087 MiB, 54.24 W, 76 %, 48
2026/10/10 02:06:12.264, 24087 MiB, 53.85 W, 29 %, 48
2026/10/10 02:06:13.267, 24087 MiB, 51.30 W, 5 %, 48
2026/10/10 02:06:14.271, 24087 MiB, 49.41 W, 14 %, 47
2026/10/10 02:06:15.276, 24087 MiB, 53.10 W, 68 %, 48
2026/10/10 02:06:16.279, 24087 MiB, 53.56 W, 48 %, 49
2026/10/10 02:06:17.285, 24087 MiB, 52.62 W, 16 %, 48
2026/10/10 02:06:18.291, 24087 MiB, 50.31 W, 5 %, 48
2026/10/10 02:06:19.295, 24087 MiB, 49.64 W, 20 %, 47
2026/10/10 02:06:20.306, 24087 MiB, 53.26 W, 69 %, 48
2026/10/10 02:06:21.314, 24087 MiB, 52.79 W, 41 %, 49
2026/10/10 02:06:22.323, 24087 MiB, 51.15 W, 5 %, 48
2026/10/10 02:06:23.328, 24087 MiB, 49.00 W, 5 %, 48
2026/10/10 02:06:24.333, 24087 MiB, 49.11 W, 16 %, 48
2026/10/10 02:06:25.336, 24087 MiB, 51.33 W, 45 %, 47
2026/10/10 02:06:26.340, 24087 MiB, 53.14 W, 68 %, 49
2026/10/10 02:06:27.348, 24087 MiB, 53.27 W, 27 %, 48
2026/10/10 02:06:28.355, 24087 MiB, 50.66 W, 5 %, 48
2026/10/10 02:06:29.365, 24087 MiB, 48.82 W, 5 %, 48
2026/10/10 02:06:30.372, 24087 MiB, 51.57 W, 50 %, 48
2026/10/10 02:06:31.381, 24087 MiB, 53.75 W, 73 %, 49
2026/10/10 02:06:32.389, 24087 MiB, 53.32 W, 46 %, 49
2026/10/10 02:06:33.397, 24087 MiB, 51.65 W, 23 %, 48
2026/10/10 02:06:34.406, 24087 MiB, 50.41 W, 5 %, 48
2026/10/10 02:06:35.421, 24087 MiB, 49.73 W, 24 %, 48
2026/10/10 02:06:36.428, 24087 MiB, 52.61 W, 64 %, 48
2026/10/10 02:06:37.438, 24087 MiB, 53.65 W, 71 %, 49
2026/10/10 02:06:38.442, 24087 MiB, 53.01 W, 21 %, 48
2026/10/10 02:06:39.455, 24087 MiB, 49.55 W, 7 %, 48
2026/10/10 02:06:40.463, 24087 MiB, 48.88 W, 12 %, 48
2026/10/10 02:06:41.472, 24087 MiB, 51.71 W, 50 %, 48
2026/10/10 02:06:42.482, 24087 MiB, 53.30 W, 69 %, 49
2026/10/10 02:06:43.490, 24087 MiB, 53.37 W, 27 %, 48
2026/10/10 02:06:44.496, 24087 MiB, 50.79 W, 5 %, 48
2026/10/10 02:06:45.501, 24087 MiB, 49.29 W, 5 %, 48
2026/10/10 02:06:46.505, 24087 MiB, 51.44 W, 46 %, 48
2026/10/10 02:06:47.513, 24087 MiB, 52.54 W, 69 %, 49
2026/10/10 02:06:48.520, 24087 MiB, 53.40 W, 33 %, 49
2026/10/10 02:06:49.530, 24087 MiB, 51.19 W, 5 %, 48
2026/10/10 02:06:50.538, 24087 MiB, 49.06 W, 5 %, 48
2026/10/10 02:06:51.548, 24087 MiB, 51.18 W, 47 %, 48
2026/10/10 02:06:52.552, 24087 MiB, 53.58 W, 71 %, 49
2026/10/10 02:06:53.561, 24087 MiB, 53.83 W, 38 %, 49
2026/10/10 02:06:54.566, 24087 MiB, 51.31 W, 13 %, 48
2026/10/10 02:06:55.576, 24087 MiB, 49.71 W, 5 %, 48
2026/10/10 02:06:56.583, 24087 MiB, 50.47 W, 27 %, 48
2026/10/10 02:06:57.586, 24087 MiB, 52.73 W, 61 %, 48
2026/10/10 02:06:58.595, 24087 MiB, 53.79 W, 69 %, 49
2026/10/10 02:06:59.599, 24087 MiB, 53.86 W, 20 %, 49
2026/10/10 02:07:00.606, 24087 MiB, 50.42 W, 5 %, 48
2026/10/10 02:07:01.613, 24087 MiB, 48.87 W, 5 %, 48
2026/10/10 02:07:02.621, 24087 MiB, 51.65 W, 44 %, 48
2026/10/10 02:07:03.627, 24087 MiB, 53.45 W, 69 %, 49
2026/10/10 02:07:04.634, 24087 MiB, 53.87 W, 34 %, 49
2026/10/10 02:07:05.643, 24087 MiB, 51.91 W, 5 %, 48
2026/10/10 02:07:06.644, 24087 MiB, 49.89 W, 5 %, 49
2026/10/10 02:07:07.653, 24087 MiB, 49.55 W, 12 %, 49
2026/10/10 02:07:08.654, 24087 MiB, 52.50 W, 63 %, 49
2026/10/10 02:07:09.670, 24087 MiB, 52.85 W, 73 %, 48
2026/10/10 02:07:10.680, 24087 MiB, 52.98 W, 50 %, 48
2026/10/10 02:07:11.685, 24087 MiB, 51.78 W, 29 %, 48
2026/10/10 02:07:12.691, 24087 MiB, 50.15 W, 8 %, 48
2026/10/10 02:07:13.699, 24087 MiB, 49.18 W, 5 %, 49
2026/10/10 02:07:14.706, 24087 MiB, 50.49 W, 37 %, 49
2026/10/10 02:07:15.711, 24087 MiB, 52.07 W, 67 %, 49
2026/10/10 02:07:16.718, 24087 MiB, 52.92 W, 72 %, 48
2026/10/10 02:07:17.725, 24087 MiB, 53.08 W, 54 %, 48
2026/10/10 02:07:18.737, 24087 MiB, 51.92 W, 16 %, 48
2026/10/10 02:07:19.748, 24087 MiB, 49.86 W, 6 %, 48
2026/10/10 02:07:20.750, 24087 MiB, 48.79 W, 9 %, 49
2026/10/10 02:07:21.753, 24087 MiB, 51.68 W, 60 %, 49
2026/10/10 02:07:22.754, 24087 MiB, 52.95 W, 72 %, 48
2026/10/10 02:07:23.757, 24087 MiB, 52.91 W, 31 %, 48
2026/10/10 02:07:24.761, 24087 MiB, 51.11 W, 6 %, 48
2026/10/10 02:07:25.763, 24087 MiB, 49.01 W, 5 %, 49
2026/10/10 02:07:26.767, 24087 MiB, 49.52 W, 10 %, 49
2026/10/10 02:07:27.769, 24087 MiB, 52.96 W, 58 %, 49
2026/10/10 02:07:28.776, 24087 MiB, 53.86 W, 72 %, 49
2026/10/10 02:07:29.789, 24087 MiB, 53.42 W, 41 %, 48
2026/10/10 02:07:30.791, 24087 MiB, 51.92 W, 19 %, 48
2026/10/10 02:07:31.795, 24087 MiB, 50.61 W, 5 %, 48
2026/10/10 02:07:32.810, 24087 MiB, 50.01 W, 15 %, 50
2026/10/10 02:07:33.816, 24087 MiB, 51.83 W, 41 %, 49
2026/10/10 02:07:34.817, 24087 MiB, 53.71 W, 70 %, 49
2026/10/10 02:07:35.823, 24087 MiB, 52.54 W, 15 %, 48
2026/10/10 02:07:36.838, 24087 MiB, 50.51 W, 5 %, 48
2026/10/10 02:07:37.840, 24087 MiB, 49.58 W, 6 %, 49
2026/10/10 02:07:38.842, 24087 MiB, 49.85 W, 9 %, 50
2026/10/10 02:07:39.855, 24087 MiB, 53.16 W, 57 %, 49
2026/10/10 02:07:40.856, 24087 MiB, 53.69 W, 57 %, 49
2026/10/10 02:07:41.858, 24087 MiB, 52.97 W, 27 %, 49
2026/10/10 02:07:42.870, 24087 MiB, 50.79 W, 5 %, 49
2026/10/10 02:07:43.884, 24087 MiB, 49.21 W, 7 %, 50
2026/10/10 02:07:44.900, 24087 MiB, 51.05 W, 35 %, 50
2026/10/10 02:07:45.915, 24087 MiB, 52.47 W, 70 %, 49
2026/10/10 02:07:46.926, 24087 MiB, 53.49 W, 65 %, 49
2026/10/10 02:07:47.940, 24087 MiB, 53.34 W, 12 %, 49
2026/10/10 02:07:48.955, 24087 MiB, 49.68 W, 5 %, 49
2026/10/10 02:07:49.961, 24087 MiB, 49.23 W, 5 %, 49
2026/10/10 02:07:50.963, 24087 MiB, 51.70 W, 37 %, 50
2026/10/10 02:07:51.976, 24087 MiB, 54.44 W, 77 %, 49
2026/10/10 02:07:52.977, 24087 MiB, 54.54 W, 58 %, 49
2026/10/10 02:07:53.992, 24087 MiB, 53.32 W, 21 %, 49
2026/10/10 02:07:55.005, 24087 MiB, 50.99 W, 5 %, 49
2026/10/10 02:07:56.007, 24087 MiB, 49.79 W, 5 %, 49
2026/10/10 02:07:57.010, 24087 MiB, 49.89 W, 15 %, 50
2026/10/10 02:07:58.023, 24087 MiB, 52.25 W, 47 %, 49
2026/10/10 02:07:59.029, 24087 MiB, 53.77 W, 63 %, 49
2026/10/10 02:08:00.030, 24087 MiB, 53.44 W, 15 %, 49
2026/10/10 02:08:01.032, 24087 MiB, 50.60 W, 5 %, 49
2026/10/10 02:08:02.036, 24087 MiB, 48.73 W, 5 %, 50
2026/10/10 02:08:03.051, 24087 MiB, 51.23 W, 35 %, 50
2026/10/10 02:08:04.065, 24087 MiB, 53.59 W, 76 %, 49
2026/10/10 02:08:05.067, 24087 MiB, 53.17 W, 54 %, 49
2026/10/10 02:08:06.080, 24087 MiB, 52.40 W, 22 %, 49
2026/10/10 02:08:07.094, 24087 MiB, 50.79 W, 5 %, 49
2026/10/10 02:08:08.096, 24087 MiB, 49.40 W, 7 %, 50
2026/10/10 02:08:09.098, 24087 MiB, 50.92 W, 36 %, 50
2026/10/10 02:08:10.113, 24087 MiB, 52.15 W, 62 %, 49
2026/10/10 02:08:11.114, 24087 MiB, 53.35 W, 69 %, 49
2026/10/10 02:08:12.128, 24087 MiB, 53.22 W, 33 %, 49
2026/10/10 02:08:13.142, 24087 MiB, 51.31 W, 10 %, 49
2026/10/10 02:08:14.152, 24087 MiB, 49.78 W, 6 %, 49
2026/10/10 02:08:15.158, 24087 MiB, 49.32 W, 9 %, 50
2026/10/10 02:08:16.168, 24087 MiB, 52.20 W, 46 %, 50
2026/10/10 02:08:17.171, 24087 MiB, 53.60 W, 70 %, 49
2026/10/10 02:08:18.176, 24087 MiB, 53.66 W, 76 %, 49
2026/10/10 02:08:19.191, 24087 MiB, 53.35 W, 46 %, 49
2026/10/10 02:08:20.194, 24087 MiB, 52.24 W, 18 %, 49
2026/10/10 02:08:21.201, 24087 MiB, 50.76 W, 5 %, 49
2026/10/10 02:08:22.206, 24087 MiB, 49.52 W, 5 %, 49
2026/10/10 02:08:23.212, 24087 MiB, 50.19 W, 5 %, 49
2026/10/10 02:08:24.225, 24087 MiB, 49.59 W, 6 %, 50
2026/10/10 02:08:25.226, 24087 MiB, 49.73 W, 5 %, 50
2026/10/10 02:08:26.249, 24087 MiB, 50.15 W, 20 %, 50
2026/10/10 02:08:27.256, 24087 MiB, 52.57 W, 53 %, 50
2026/10/10 02:08:28.258, 24087 MiB, 53.59 W, 69 %, 49
2026/10/10 02:08:29.262, 24087 MiB, 53.47 W, 36 %, 49
2026/10/10 02:08:30.278, 24087 MiB, 51.58 W, 9 %, 49
2026/10/10 02:08:31.283, 24087 MiB, 49.97 W, 5 %, 49
2026/10/10 02:08:32.292, 24087 MiB, 49.29 W, 5 %, 50
2026/10/10 02:08:33.307, 24087 MiB, 50.49 W, 27 %, 50
2026/10/10 02:08:34.315, 24087 MiB, 52.42 W, 55 %, 50
2026/10/10 02:08:35.328, 24087 MiB, 53.83 W, 73 %, 49
2026/10/10 02:08:36.336, 24087 MiB, 54.08 W, 56 %, 49
2026/10/10 02:08:37.342, 24087 MiB, 53.20 W, 17 %, 49
2026/10/10 02:08:38.351, 24087 MiB, 50.42 W, 7 %, 49
2026/10/10 02:08:39.354, 24087 MiB, 49.28 W, 7 %, 50
2026/10/10 02:08:40.361, 24087 MiB, 49.62 W, 21 %, 50
2026/10/10 02:08:41.370, 24087 MiB, 50.54 W, 45 %, 50
2026/10/10 02:08:42.373, 24087 MiB, 52.44 W, 62 %, 50
2026/10/10 02:08:43.379, 24087 MiB, 53.15 W, 71 %, 49
2026/10/10 02:08:44.383, 24087 MiB, 53.48 W, 42 %, 49
2026/10/10 02:08:45.389, 24087 MiB, 51.63 W, 16 %, 49
2026/10/10 02:08:46.393, 24087 MiB, 52.94 W, 5 %, 49
2026/10/10 02:08:47.396, 24087 MiB, 53.66 W, 11 %, 50
2026/10/10 02:08:48.405, 24087 MiB, 52.90 W, 36 %, 50
2026/10/10 02:08:49.417, 24087 MiB, 51.39 W, 68 %, 50
2026/10/10 02:08:50.426, 24087 MiB, 49.09 W, 58 %, 49
2026/10/10 02:08:51.436, 24087 MiB, 48.90 W, 27 %, 49
2026/10/10 02:08:52.447, 24087 MiB, 49.85 W, 9 %, 49
2026/10/10 02:08:53.459, 24087 MiB, 51.93 W, 47 %, 49
2026/10/10 02:08:54.470, 24087 MiB, 52.56 W, 58 %, 49
2026/10/10 02:08:55.480, 24087 MiB, 53.48 W, 76 %, 50
2026/10/10 02:08:56.483, 24087 MiB, 53.34 W, 62 %, 51
2026/10/10 02:08:57.490, 24087 MiB, 52.68 W, 19 %, 50
2026/10/10 02:08:58.495, 24087 MiB, 50.16 W, 5 %, 50
2026/10/10 02:08:59.497, 24087 MiB, 48.86 W, 5 %, 49
2026/10/10 02:09:00.502, 24087 MiB, 49.45 W, 11 %, 49
2026/10/10 02:09:01.505, 24087 MiB, 51.82 W, 43 %, 49
2026/10/10 02:09:02.507, 24087 MiB, 53.40 W, 65 %, 49
2026/10/10 02:09:03.514, 24087 MiB, 54.17 W, 77 %, 50
2026/10/10 02:09:04.520, 24087 MiB, 54.29 W, 66 %, 51
2026/10/10 02:09:05.525, 24087 MiB, 54.20 W, 36 %, 50
2026/10/10 02:09:06.530, 24087 MiB, 52.26 W, 4 %, 50
2026/10/10 02:09:07.533, 24087 MiB, 50.29 W, 5 %, 50
2026/10/10 02:09:08.545, 24087 MiB, 49.89 W, 5 %, 49
2026/10/10 02:09:09.551, 24087 MiB, 51.33 W, 32 %, 49
2026/10/10 02:09:10.562, 24087 MiB, 52.93 W, 56 %, 49
2026/10/10 02:09:11.571, 24087 MiB, 53.92 W, 68 %, 50
2026/10/10 02:09:12.581, 24087 MiB, 53.77 W, 32 %, 50
2026/10/10 02:09:13.594, 24087 MiB, 51.77 W, 18 %, 50
2026/10/10 02:09:14.597, 24087 MiB, 51.29 W, 5 %, 50
2026/10/10 02:09:15.611, 24087 MiB, 50.41 W, 4 %, 50
2026/10/10 02:09:16.617, 24087 MiB, 50.22 W, 5 %, 50
2026/10/10 02:09:17.625, 24087 MiB, 51.51 W, 28 %, 49
2026/10/10 02:09:18.630, 24087 MiB, 53.59 W, 68 %, 50
2026/10/10 02:09:19.644, 24087 MiB, 53.88 W, 59 %, 51
2026/10/10 02:09:20.646, 24087 MiB, 53.71 W, 41 %, 51
2026/10/10 02:09:21.655, 24087 MiB, 52.65 W, 18 %, 50
2026/10/10 02:09:22.659, 24087 MiB, 50.80 W, 5 %, 50
2026/10/10 02:09:23.663, 24087 MiB, 50.40 W, 4 %, 50
2026/10/10 02:09:24.665, 24087 MiB, 50.21 W, 7 %, 50
2026/10/10 02:09:25.675, 24087 MiB, 50.15 W, 7 %, 50
2026/10/10 02:09:26.678, 24087 MiB, 50.54 W, 15 %, 50
2026/10/10 02:09:27.683, 24087 MiB, 52.06 W, 40 %, 50
2026/10/10 02:09:28.691, 24087 MiB, 54.40 W, 70 %, 50
2026/10/10 02:09:29.693, 24087 MiB, 54.42 W, 71 %, 51
2026/10/10 02:09:30.696, 24087 MiB, 54.14 W, 48 %, 51
2026/10/10 02:09:31.710, 24087 MiB, 52.56 W, 18 %, 50
2026/10/10 02:09:32.712, 24087 MiB, 50.91 W, 5 %, 50
2026/10/10 02:09:33.720, 24087 MiB, 49.89 W, 4 %, 50
2026/10/10 02:09:34.733, 24087 MiB, 49.87 W, 4 %, 50
2026/10/10 02:09:35.746, 24087 MiB, 51.53 W, 28 %, 50
2026/10/10 02:09:36.756, 24087 MiB, 53.02 W, 56 %, 50
2026/10/10 02:09:37.760, 24087 MiB, 54.59 W, 69 %, 51
2026/10/10 02:09:38.774, 24087 MiB, 54.69 W, 32 %, 51
2026/10/10 02:09:39.779, 24087 MiB, 52.12 W, 6 %, 50
2026/10/10 02:09:40.787, 24087 MiB, 50.41 W, 5 %, 50
2026/10/10 02:09:41.788, 24087 MiB, 50.14 W, 5 %, 50
2026/10/10 02:09:42.803, 24087 MiB, 49.93 W, 14 %, 50
2026/10/10 02:09:43.812, 24087 MiB, 50.83 W, 23 %, 50
2026/10/10 02:09:44.816, 24087 MiB, 51.93 W, 41 %, 50
2026/10/10 02:09:45.820, 24087 MiB, 53.64 W, 69 %, 50
2026/10/10 02:09:46.828, 24087 MiB, 54.11 W, 56 %, 51
2026/10/10 02:09:47.832, 24087 MiB, 53.71 W, 40 %, 51
2026/10/10 02:09:48.838, 24087 MiB, 52.26 W, 16 %, 50
2026/10/10 02:09:49.844, 24087 MiB, 51.10 W, 5 %, 50
2026/10/10 02:09:50.855, 24087 MiB, 49.63 W, 5 %, 50
2026/10/10 02:09:51.860, 24087 MiB, 50.37 W, 16 %, 50
2026/10/10 02:09:52.864, 24087 MiB, 51.86 W, 37 %, 50
2026/10/10 02:09:53.870, 24087 MiB, 52.26 W, 43 %, 50
2026/10/10 02:09:54.880, 24087 MiB, 52.19 W, 45 %, 50
2026/10/10 02:09:55.881, 24087 MiB, 53.61 W, 61 %, 50
2026/10/10 02:09:56.887, 24087 MiB, 54.28 W, 74 %, 51
2026/10/10 02:09:57.892, 24087 MiB, 54.33 W, 65 %, 51
2026/10/10 02:09:58.894, 24087 MiB, 53.71 W, 34 %, 51
2026/10/10 02:09:59.909, 24087 MiB, 51.91 W, 7 %, 50
2026/10/10 02:10:00.924, 24087 MiB, 50.12 W, 7 %, 50
2026/10/10 02:10:01.934, 24087 MiB, 50.03 W, 8 %, 50
2026/10/10 02:10:02.935, 24087 MiB, 50.38 W, 6 %, 50
2026/10/10 02:10:03.949, 24087 MiB, 51.04 W, 21 %, 50
2026/10/10 02:10:04.959, 24087 MiB, 53.14 W, 58 %, 50
2026/10/10 02:10:05.966, 24087 MiB, 54.20 W, 71 %, 50
2026/10/10 02:10:06.970, 24087 MiB, 54.38 W, 66 %, 50
2026/10/10 02:10:07.985, 24087 MiB, 54.81 W, 47 %, 50
2026/10/10 02:10:08.986, 24087 MiB, 53.57 W, 29 %, 50
2026/10/10 02:10:09.988, 24087 MiB, 52.63 W, 5 %, 50
2026/10/10 02:10:11.000, 24087 MiB, 50.45 W, 5 %, 51
2026/10/10 02:10:12.005, 24087 MiB, 50.51 W, 5 %, 51
2026/10/10 02:10:13.012, 24087 MiB, 51.04 W, 25 %, 51
2026/10/10 02:10:14.018, 24087 MiB, 51.92 W, 43 %, 51
2026/10/10 02:10:15.027, 24087 MiB, 53.58 W, 62 %, 50
2026/10/10 02:10:16.029, 24087 MiB, 54.72 W, 66 %, 50
2026/10/10 02:10:17.041, 24087 MiB, 54.12 W, 42 %, 50
2026/10/10 02:10:18.046, 24087 MiB, 53.20 W, 5 %, 50
2026/10/10 02:10:19.047, 24087 MiB, 50.34 W, 5 %, 50
2026/10/10 02:10:20.049, 24087 MiB, 51.09 W, 5 %, 50
2026/10/10 02:10:21.053, 24087 MiB, 50.80 W, 5 %, 51
2026/10/10 02:10:22.067, 24087 MiB, 50.65 W, 6 %, 51
2026/10/10 02:10:23.069, 24087 MiB, 52.25 W, 40 %, 51
2026/10/10 02:10:24.083, 24087 MiB, 52.69 W, 49 %, 51
2026/10/10 02:10:25.085, 24087 MiB, 52.18 W, 37 %, 51
2026/10/10 02:10:26.095, 24087 MiB, 52.64 W, 48 %, 51
2026/10/10 02:10:27.099, 24087 MiB, 53.85 W, 67 %, 51
2026/10/10 02:10:28.105, 24087 MiB, 53.89 W, 70 %, 50
2026/10/10 02:10:29.113, 24087 MiB, 54.72 W, 74 %, 50
2026/10/10 02:10:30.118, 24087 MiB, 54.92 W, 56 %, 50
2026/10/10 02:10:31.123, 24087 MiB, 53.86 W, 40 %, 50
2026/10/10 02:10:32.127, 24087 MiB, 52.35 W, 13 %, 50
2026/10/10 02:10:33.137, 24087 MiB, 50.53 W, 5 %, 50
2026/10/10 02:10:34.139, 24087 MiB, 50.18 W, 5 %, 50
2026/10/10 02:10:35.145, 24087 MiB, 50.21 W, 5 %, 51
2026/10/10 02:10:36.153, 24087 MiB, 50.86 W, 17 %, 51
2026/10/10 02:10:37.163, 24087 MiB, 51.62 W, 34 %, 52
2026/10/10 02:10:38.165, 24087 MiB, 52.25 W, 38 %, 51
2026/10/10 02:10:39.170, 24087 MiB, 54.74 W, 69 %, 51
2026/10/10 02:10:40.173, 24087 MiB, 54.74 W, 73 %, 50
2026/10/10 02:10:41.184, 24087 MiB, 54.32 W, 74 %, 50
2026/10/10 02:10:42.187, 24087 MiB, 54.49 W, 72 %, 50
2026/10/10 02:10:43.195, 24087 MiB, 54.76 W, 69 %, 50
2026/10/10 02:10:44.209, 24087 MiB, 54.48 W, 42 %, 50
2026/10/10 02:10:45.211, 24087 MiB, 53.39 W, 12 %, 50
2026/10/10 02:10:46.219, 24087 MiB, 51.59 W, 5 %, 50
2026/10/10 02:10:47.226, 24087 MiB, 50.53 W, 5 %, 51
2026/10/10 02:10:48.231, 24087 MiB, 50.47 W, 12 %, 51
2026/10/10 02:10:49.238, 24087 MiB, 51.62 W, 25 %, 52
2026/10/10 02:10:50.252, 24087 MiB, 53.27 W, 55 %, 51
2026/10/10 02:10:51.261, 24087 MiB, 54.39 W, 73 %, 51
2026/10/10 02:10:52.263, 24087 MiB, 54.30 W, 54 %, 50
2026/10/10 02:10:53.277, 24087 MiB, 53.44 W, 28 %, 50
2026/10/10 02:10:54.294, 24087 MiB, 52.08 W, 5 %, 50
2026/10/10 02:10:55.299, 24087 MiB, 50.38 W, 16 %, 50
2026/10/10 02:10:56.315, 24087 MiB, 50.30 W, 8 %, 50
2026/10/10 02:10:57.316, 24087 MiB, 50.00 W, 7 %, 51
2026/10/10 02:10:58.329, 24087 MiB, 50.86 W, 7 %, 51
2026/10/10 02:10:59.334, 24087 MiB, 50.59 W, 19 %, 51
2026/10/10 02:11:00.341, 24087 MiB, 51.12 W, 20 %, 52
2026/10/10 02:11:01.350, 24087 MiB, 52.73 W, 49 %, 51
2026/10/10 02:11:02.354, 24087 MiB, 54.05 W, 68 %, 51
2026/10/10 02:11:03.363, 24087 MiB, 54.49 W, 66 %, 51
2026/10/10 02:11:04.368, 24087 MiB, 54.17 W, 40 %, 50
2026/10/10 02:11:05.373, 24087 MiB, 52.95 W, 9 %, 50
2026/10/10 02:11:06.376, 24087 MiB, 50.66 W, 5 %, 50
2026/10/10 02:11:07.377, 24087 MiB, 50.40 W, 5 %, 51
2026/10/10 02:11:08.383, 24087 MiB, 50.40 W, 5 %, 51
2026/10/10 02:11:09.386, 24087 MiB, 51.22 W, 13 %, 52
2026/10/10 02:11:10.391, 24087 MiB, 51.10 W, 22 %, 52
2026/10/10 02:11:11.398, 24087 MiB, 51.71 W, 29 %, 52
2026/10/10 02:11:12.407, 24087 MiB, 53.22 W, 55 %, 51
2026/10/10 02:11:13.419, 24087 MiB, 54.32 W, 69 %, 51
2026/10/10 02:11:14.422, 24087 MiB, 54.45 W, 67 %, 51
2026/10/10 02:11:15.425, 24087 MiB, 54.87 W, 47 %, 50
2026/10/10 02:11:16.432, 24087 MiB, 53.79 W, 17 %, 50
2026/10/10 02:11:17.440, 24087 MiB, 51.88 W, 4 %, 50
2026/10/10 02:11:18.455, 24087 MiB, 50.91 W, 3 %, 50
2026/10/10 02:11:19.456, 24087 MiB, 34.45 W, 38 %, 50
2026/10/10 02:11:20.471, 24087 MiB, 145.16 W, 99 %, 71
2026/10/10 02:11:21.483, 24087 MiB, 262.07 W, 100 %, 69
2026/10/10 02:11:22.495, 24087 MiB, 267.30 W, 100 %, 66
2026/10/10 02:11:23.496, 24087 MiB, 185.45 W, 71 %, 58
2026/10/10 02:11:24.509, 24087 MiB, 256.51 W, 98 %, 72
2026/10/10 02:11:25.522, 24087 MiB, 279.18 W, 94 %, 60
2026/10/10 02:11:26.533, 24087 MiB, 261.52 W, 57 %, 58
2026/10/10 02:11:27.540, 24087 MiB, 252.99 W, 99 %, 62
2026/10/10 02:11:28.541, 24087 MiB, 268.30 W, 100 %, 63
2026/10/10 02:11:29.546, 24087 MiB, 260.49 W, 99 %, 65
2026/10/10 02:11:30.560, 24087 MiB, 178.84 W, 97 %, 72
2026/10/10 02:11:31.569, 24087 MiB, 298.03 W, 93 %, 62
2026/10/10 02:11:32.570, 24087 MiB, 277.86 W, 92 %, 60
2026/10/10 02:11:33.577, 24087 MiB, 272.60 W, 96 %, 61
2026/10/10 02:11:34.591, 24087 MiB, 243.77 W, 99 %, 60
2026/10/10 02:11:35.605, 24087 MiB, 264.27 W, 98 %, 62
2026/10/10 02:11:36.617, 24087 MiB, 261.70 W, 100 %, 63
2026/10/10 02:11:37.631, 24087 MiB, 167.85 W, 85 %, 62
2026/10/10 02:11:38.644, 24087 MiB, 278.31 W, 93 %, 72
2026/10/10 02:11:39.648, 24087 MiB, 292.28 W, 100 %, 72
2026/10/10 02:11:40.660, 24087 MiB, 303.01 W, 99 %, 71
2026/10/10 02:11:41.673, 24087 MiB, 243.46 W, 10 %, 56
2026/10/10 02:11:42.680, 24087 MiB, 104.51 W, 4 %, 53
2026/10/10 02:11:43.690, 24087 MiB, 92.52 W, 29 %, 51
2026/10/10 02:11:44.702, 24087 MiB, 60.67 W, 37 %, 50
2026/10/10 02:11:45.712, 24087 MiB, 58.51 W, 28 %, 50
2026/10/10 02:11:46.714, 24087 MiB, 57.76 W, 29 %, 49
2026/10/10 02:11:47.725, 24087 MiB, 56.09 W, 23 %, 49
2026/10/10 02:11:48.738, 24087 MiB, 53.90 W, 11 %, 49
2026/10/10 02:11:49.753, 24087 MiB, 52.80 W, 3 %, 49
2026/10/10 02:11:50.759, 24087 MiB, 52.48 W, 3 %, 47
2026/10/10 02:11:51.766, 24087 MiB, 52.31 W, 51 %, 47
2026/10/10 02:11:52.779, 24087 MiB, 53.81 W, 23 %, 48
2026/10/10 02:11:53.782, 24087 MiB, 52.15 W, 32 %, 47
2026/10/10 02:11:54.805, 24087 MiB, 53.13 W, 5 %, 47
2026/10/10 02:11:55.815, 24087 MiB, 52.72 W, 45 %, 47
2026/10/10 02:11:56.815, 24087 MiB, 50.13 W, 54 %, 46
2026/10/10 02:11:57.822, 24087 MiB, 51.42 W, 5 %, 46
2026/10/10 02:11:58.825, 24087 MiB, 52.32 W, 48 %, 46
2026/10/10 02:11:59.827, 24087 MiB, 50.05 W, 36 %, 45
2026/10/10 02:12:00.836, 24087 MiB, 52.47 W, 71 %, 46
2026/10/10 02:12:01.841, 24087 MiB, 52.33 W, 26 %, 46
2026/10/10 02:12:02.849, 24087 MiB, 49.29 W, 5 %, 45
2026/10/10 02:12:03.851, 24087 MiB, 51.70 W, 67 %, 45
2026/10/10 02:12:04.857, 24087 MiB, 51.89 W, 30 %, 45
2026/10/10 02:12:05.867, 24087 MiB, 49.28 W, 5 %, 45
2026/10/10 02:12:06.877, 24087 MiB, 51.84 W, 71 %, 45
2026/10/10 02:12:07.882, 24087 MiB, 51.27 W, 7 %, 44
2026/10/10 02:12:08.885, 24087 MiB, 48.40 W, 28 %, 44
2026/10/10 02:12:09.895, 24087 MiB, 51.64 W, 80 %, 45
2026/10/10 02:12:10.900, 24087 MiB, 51.62 W, 8 %, 44
2026/10/10 02:12:11.911, 24087 MiB, 48.85 W, 34 %, 44
2026/10/10 02:12:12.925, 24087 MiB, 50.95 W, 75 %, 45
2026/10/10 02:12:13.939, 24087 MiB, 50.80 W, 5 %, 44
2026/10/10 02:12:14.952, 24087 MiB, 47.47 W, 15 %, 43
2026/10/10 02:12:15.957, 24087 MiB, 51.01 W, 67 %, 44
2026/10/10 02:12:16.967, 24087 MiB, 50.90 W, 5 %, 43
2026/10/10 02:12:17.977, 24087 MiB, 47.65 W, 26 %, 43
2026/10/10 02:12:18.992, 24087 MiB, 51.04 W, 71 %, 44
2026/10/10 02:12:19.997, 24087 MiB, 50.99 W, 19 %, 43
2026/10/10 02:12:20.998, 24087 MiB, 48.03 W, 15 %, 43
2026/10/10 02:12:22.000, 24087 MiB, 50.35 W, 75 %, 44
2026/10/10 02:12:23.003, 24087 MiB, 50.63 W, 20 %, 43
2026/10/10 02:12:24.007, 24087 MiB, 48.01 W, 6 %, 42
2026/10/10 02:12:25.008, 24087 MiB, 49.98 W, 54 %, 42
2026/10/10 02:12:26.013, 24087 MiB, 51.01 W, 46 %, 44
2026/10/10 02:12:27.028, 24087 MiB, 49.49 W, 5 %, 42
2026/10/10 02:12:28.029, 24087 MiB, 50.15 W, 65 %, 42
2026/10/10 02:12:29.032, 24087 MiB, 51.06 W, 46 %, 43
2026/10/10 02:12:30.036, 24087 MiB, 49.23 W, 5 %, 42
2026/10/10 02:12:31.036, 24087 MiB, 49.20 W, 50 %, 42
2026/10/10 02:12:32.052, 24087 MiB, 51.01 W, 59 %, 43
2026/10/10 02:12:33.067, 24087 MiB, 50.87 W, 5 %, 42
2026/10/10 02:12:34.080, 24087 MiB, 48.94 W, 40 %, 41
2026/10/10 02:12:35.082, 24087 MiB, 51.17 W, 50 %, 43
2026/10/10 02:12:36.090, 24087 MiB, 49.98 W, 7 %, 41
2026/10/10 02:12:37.097, 24087 MiB, 48.01 W, 30 %, 41
2026/10/10 02:12:38.098, 24087 MiB, 50.88 W, 75 %, 42
2026/10/10 02:12:39.111, 24087 MiB, 51.07 W, 8 %, 41
2026/10/10 02:12:40.117, 24087 MiB, 47.37 W, 16 %, 41
2026/10/10 02:12:41.139, 24087 MiB, 50.87 W, 68 %, 42
2026/10/10 02:12:42.142, 24087 MiB, 51.44 W, 5 %, 41
2026/10/10 02:12:43.157, 24087 MiB, 48.67 W, 32 %, 41
2026/10/10 02:12:44.171, 24087 MiB, 51.19 W, 71 %, 42
2026/10/10 02:12:45.173, 24087 MiB, 51.18 W, 5 %, 41
2026/10/10 02:12:46.187, 24087 MiB, 46.96 W, 5 %, 41
2026/10/10 02:12:47.188, 24087 MiB, 50.99 W, 67 %, 42
2026/10/10 02:12:48.190, 24087 MiB, 51.37 W, 5 %, 41
2026/10/10 02:12:49.191, 24087 MiB, 48.38 W, 27 %, 40
2026/10/10 02:12:50.194, 24087 MiB, 51.16 W, 72 %, 41
2026/10/10 02:12:51.210, 24087 MiB, 51.50 W, 6 %, 41
2026/10/10 02:12:52.212, 24087 MiB, 47.49 W, 13 %, 40
2026/10/10 02:12:53.225, 24087 MiB, 50.99 W, 68 %, 41
2026/10/10 02:12:54.226, 24087 MiB, 51.17 W, 15 %, 41
2026/10/10 02:12:55.238, 24087 MiB, 47.78 W, 6 %, 40
2026/10/10 02:12:56.249, 24087 MiB, 48.13 W, 37 %, 40
2026/10/10 02:12:57.256, 24087 MiB, 50.81 W, 76 %, 41
2026/10/10 02:12:58.269, 24087 MiB, 51.18 W, 17 %, 40
2026/10/10 02:12:59.272, 24087 MiB, 47.38 W, 5 %, 40
2026/10/10 02:13:00.280, 24087 MiB, 48.59 W, 52 %, 40
2026/10/10 02:13:01.294, 24087 MiB, 50.28 W, 71 %, 41
2026/10/10 02:13:02.301, 24087 MiB, 49.91 W, 7 %, 40
2026/10/10 02:13:03.311, 24087 MiB, 46.05 W, 13 %, 40
2026/10/10 02:13:04.326, 24087 MiB, 49.57 W, 73 %, 40
2026/10/10 02:13:05.340, 24087 MiB, 50.00 W, 37 %, 41
2026/10/10 02:13:06.346, 24087 MiB, 47.77 W, 6 %, 40
2026/10/10 02:13:07.355, 24087 MiB, 47.28 W, 30 %, 40
2026/10/10 02:13:08.370, 24087 MiB, 49.68 W, 63 %, 41
2026/10/10 02:13:09.372, 24087 MiB, 49.72 W, 4 %, 40
2026/10/10 02:13:10.373, 24087 MiB, 46.20 W, 18 %, 40
2026/10/10 02:13:11.388, 24087 MiB, 50.15 W, 73 %, 41
2026/10/10 02:13:12.402, 24087 MiB, 48.92 W, 4 %, 40
2026/10/10 02:13:13.406, 24087 MiB, 47.81 W, 44 %, 40
2026/10/10 02:13:14.420, 24087 MiB, 50.35 W, 67 %, 41
2026/10/10 02:13:15.428, 24087 MiB, 49.76 W, 5 %, 40
2026/10/10 02:13:16.433, 24087 MiB, 46.81 W, 29 %, 40
2026/10/10 02:13:17.438, 24087 MiB, 49.61 W, 71 %, 41
2026/10/10 02:13:18.454, 24087 MiB, 49.62 W, 28 %, 40
2026/10/10 02:13:19.461, 24087 MiB, 47.35 W, 5 %, 41
2026/10/10 02:13:20.469, 24087 MiB, 47.43 W, 36 %, 42
2026/10/10 02:13:21.479, 24087 MiB, 49.60 W, 70 %, 41
2026/10/10 02:13:22.495, 24087 MiB, 49.64 W, 13 %, 41
2026/10/10 02:13:23.509, 24087 MiB, 46.51 W, 14 %, 42
2026/10/10 02:13:24.524, 24087 MiB, 49.44 W, 67 %, 41
2026/10/10 02:13:25.527, 24087 MiB, 49.93 W, 42 %, 41
2026/10/10 02:13:26.536, 24087 MiB, 47.92 W, 4 %, 41
2026/10/10 02:13:27.549, 24087 MiB, 47.08 W, 39 %, 42
2026/10/10 02:13:28.553, 24087 MiB, 49.96 W, 51 %, 41
2026/10/10 02:13:29.555, 24087 MiB, 48.69 W, 7 %, 41
2026/10/10 02:13:30.561, 24087 MiB, 47.31 W, 39 %, 42
2026/10/10 02:13:31.574, 24087 MiB, 49.91 W, 72 %, 41
2026/10/10 02:13:32.575, 24087 MiB, 49.78 W, 6 %, 41
2026/10/10 02:13:33.578, 24087 MiB, 46.26 W, 27 %, 42
2026/10/10 02:13:34.583, 24087 MiB, 50.36 W, 75 %, 41
2026/10/10 02:13:35.586, 24087 MiB, 50.18 W, 10 %, 41
2026/10/10 02:13:36.590, 24087 MiB, 47.15 W, 23 %, 42
2026/10/10 02:13:37.596, 24087 MiB, 50.16 W, 67 %, 41
2026/10/10 02:13:38.607, 24087 MiB, 49.51 W, 6 %, 41
2026/10/10 02:13:39.618, 24087 MiB, 45.92 W, 12 %, 42
2026/10/10 02:13:40.626, 24087 MiB, 48.73 W, 54 %, 42
2026/10/10 02:13:41.633, 24087 MiB, 50.04 W, 51 %, 41
2026/10/10 02:13:42.639, 24087 MiB, 48.95 W, 5 %, 41
2026/10/10 02:13:43.644, 24087 MiB, 47.07 W, 30 %, 43
2026/10/10 02:13:44.655, 24087 MiB, 49.79 W, 57 %, 42
2026/10/10 02:13:45.664, 24087 MiB, 49.75 W, 6 %, 41
2026/10/10 02:13:46.675, 24087 MiB, 46.15 W, 6 %, 43
2026/10/10 02:13:47.684, 24087 MiB, 50.16 W, 71 %, 42
2026/10/10 02:13:48.693, 24087 MiB, 50.59 W, 35 %, 42
2026/10/10 02:13:49.706, 24087 MiB, 47.99 W, 5 %, 42
2026/10/10 02:13:50.716, 24087 MiB, 49.71 W, 64 %, 42
2026/10/10 02:13:51.725, 24087 MiB, 50.20 W, 47 %, 42
2026/10/10 02:13:52.738, 24087 MiB, 49.07 W, 5 %, 42
2026/10/10 02:13:53.742, 24087 MiB, 46.58 W, 16 %, 43
2026/10/10 02:13:54.757, 24087 MiB, 49.11 W, 50 %, 42
2026/10/10 02:13:55.768, 24087 MiB, 50.47 W, 69 %, 42
2026/10/10 02:13:56.770, 24087 MiB, 50.26 W, 5 %, 42
2026/10/10 02:13:57.774, 24087 MiB, 46.10 W, 6 %, 42
2026/10/10 02:13:58.776, 24087 MiB, 47.37 W, 27 %, 43
2026/10/10 02:13:59.780, 24087 MiB, 50.41 W, 68 %, 42
2026/10/10 02:14:00.780, 24087 MiB, 50.31 W, 14 %, 42
2026/10/10 02:14:01.786, 24087 MiB, 47.25 W, 5 %, 43
2026/10/10 02:14:02.794, 24087 MiB, 50.22 W, 59 %, 43
2026/10/10 02:14:03.803, 24087 MiB, 50.62 W, 34 %, 42
2026/10/10 02:14:04.814, 24087 MiB, 48.47 W, 5 %, 43
2026/10/10 02:14:05.828, 24087 MiB, 47.97 W, 35 %, 43
2026/10/10 02:14:06.840, 24087 MiB, 50.71 W, 71 %, 42
2026/10/10 02:14:07.847, 24087 MiB, 50.59 W, 34 %, 42
2026/10/10 02:14:08.863, 24087 MiB, 48.49 W, 6 %, 43
2026/10/10 02:14:09.877, 24087 MiB, 50.07 W, 67 %, 43
2026/10/10 02:14:10.891, 24087 MiB, 51.36 W, 54 %, 42
2026/10/10 02:14:11.899, 24087 MiB, 49.55 W, 7 %, 43
2026/10/10 02:14:12.907, 24087 MiB, 48.44 W, 47 %, 43
2026/10/10 02:14:13.910, 24087 MiB, 50.82 W, 73 %, 43
2026/10/10 02:14:14.913, 24087 MiB, 49.17 W, 7 %, 42
2026/10/10 02:14:15.925, 24087 MiB, 46.72 W, 8 %, 44
2026/10/10 02:14:16.937, 24087 MiB, 49.54 W, 62 %, 43
2026/10/10 02:14:17.949, 24087 MiB, 51.05 W, 59 %, 43
2026/10/10 02:14:18.957, 24087 MiB, 50.50 W, 5 %, 43
2026/10/10 02:14:19.962, 24087 MiB, 47.01 W, 10 %, 44
2026/10/10 02:14:20.971, 24087 MiB, 50.82 W, 68 %, 43
2026/10/10 02:14:21.976, 24087 MiB, 50.76 W, 19 %, 43
2026/10/10 02:14:22.984, 24087 MiB, 47.69 W, 5 %, 44
2026/10/10 02:14:23.996, 24087 MiB, 48.33 W, 34 %, 44
2026/10/10 02:14:25.005, 24087 MiB, 50.92 W, 77 %, 43
2026/10/10 02:14:26.007, 24087 MiB, 51.04 W, 37 %, 43
2026/10/10 02:14:27.009, 24087 MiB, 48.63 W, 5 %, 43
2026/10/10 02:14:28.020, 24087 MiB, 47.52 W, 30 %, 44
2026/10/10 02:14:29.027, 24087 MiB, 50.72 W, 75 %, 43
2026/10/10 02:14:30.032, 24087 MiB, 51.26 W, 23 %, 43
2026/10/10 02:14:31.037, 24087 MiB, 47.75 W, 5 %, 44
2026/10/10 02:14:32.042, 24087 MiB, 49.83 W, 59 %, 44
2026/10/10 02:14:33.050, 24087 MiB, 51.20 W, 57 %, 43
2026/10/10 02:14:34.051, 24087 MiB, 50.46 W, 5 %, 43
2026/10/10 02:14:35.061, 24087 MiB, 47.33 W, 24 %, 45
2026/10/10 02:14:36.067, 24087 MiB, 51.10 W, 76 %, 43
2026/10/10 02:14:37.073, 24087 MiB, 50.95 W, 25 %, 43
2026/10/10 02:14:38.082, 24087 MiB, 48.12 W, 5 %, 43
2026/10/10 02:14:39.089, 24087 MiB, 46.53 W, 5 %, 44
2026/10/10 02:14:40.102, 24087 MiB, 46.72 W, 6 %, 44
2026/10/10 02:14:41.106, 24087 MiB, 48.78 W, 37 %, 44
2026/10/10 02:14:42.113, 24087 MiB, 51.31 W, 72 %, 44
2026/10/10 02:14:43.118, 24087 MiB, 51.48 W, 13 %, 43
2026/10/10 02:14:44.129, 24087 MiB, 47.53 W, 5 %, 45
2026/10/10 02:14:45.138, 24087 MiB, 50.66 W, 69 %, 44
2026/10/10 02:14:46.145, 24087 MiB, 50.92 W, 38 %, 43
2026/10/10 02:14:47.150, 24087 MiB, 49.02 W, 5 %, 44
2026/10/10 02:14:48.157, 24087 MiB, 48.73 W, 46 %, 44
2026/10/10 02:14:49.166, 24087 MiB, 50.91 W, 65 %, 44
2026/10/10 02:14:50.182, 24087 MiB, 50.57 W, 7 %, 44
2026/10/10 02:14:51.192, 24087 MiB, 47.13 W, 15 %, 45
2026/10/10 02:14:52.196, 24087 MiB, 50.59 W, 72 %, 44
2026/10/10 02:14:53.212, 24087 MiB, 51.44 W, 48 %, 44
2026/10/10 02:14:54.216, 24087 MiB, 49.40 W, 6 %, 44
2026/10/10 02:14:55.228, 24087 MiB, 51.01 W, 14 %, 45
2026/10/10 02:14:56.231, 24087 MiB, 50.96 W, 68 %, 44
2026/10/10 02:14:57.245, 24087 MiB, 47.22 W, 31 %, 44
2026/10/10 02:14:58.249, 24087 MiB, 51.05 W, 5 %, 44
2026/10/10 02:14:59.256, 24087 MiB, 51.32 W, 37 %, 45
2026/10/10 02:15:00.263, 24087 MiB, 49.79 W, 69 %, 44
2026/10/10 02:15:01.278, 24087 MiB, 48.33 W, 20 %, 44
2026/10/10 02:15:02.283, 24087 MiB, 51.75 W, 68 %, 45
2026/10/10 02:15:03.285, 24087 MiB, 51.70 W, 20 %, 44
2026/10/10 02:15:04.287, 24087 MiB, 48.80 W, 6 %, 44
2026/10/10 02:15:05.290, 24087 MiB, 49.49 W, 42 %, 44
2026/10/10 02:15:06.306, 24087 MiB, 51.57 W, 54 %, 45
2026/10/10 02:15:07.311, 24087 MiB, 51.37 W, 5 %, 44
2026/10/10 02:15:08.314, 24087 MiB, 47.71 W, 5 %, 44
2026/10/10 02:15:09.329, 24087 MiB, 49.33 W, 40 %, 44
2026/10/10 02:15:10.333, 24087 MiB, 51.42 W, 73 %, 45
2026/10/10 02:15:11.340, 24087 MiB, 51.62 W, 27 %, 45
2026/10/10 02:15:12.343, 24087 MiB, 49.05 W, 5 %, 44
2026/10/10 02:15:13.344, 24087 MiB, 50.16 W, 49 %, 44
2026/10/10 02:15:14.345, 24087 MiB, 51.93 W, 66 %, 45
2026/10/10 02:15:15.359, 24087 MiB, 51.97 W, 7 %, 45
2026/10/10 02:15:16.374, 24087 MiB, 47.72 W, 5 %, 44
2026/10/10 02:15:17.388, 24087 MiB, 50.18 W, 42 %, 44
2026/10/10 02:15:18.402, 24087 MiB, 52.24 W, 57 %, 46
2026/10/10 02:15:19.408, 24087 MiB, 51.42 W, 4 %, 45
2026/10/10 02:15:20.411, 24087 MiB, 47.51 W, 5 %, 44
2026/10/10 02:15:21.417, 24087 MiB, 51.58 W, 69 %, 45
2026/10/10 02:15:22.420, 24087 MiB, 51.87 W, 51 %, 46
2026/10/10 02:15:23.435, 24087 MiB, 49.50 W, 4 %, 45
2026/10/10 02:15:24.437, 24087 MiB, 49.68 W, 34 %, 44
2026/10/10 02:15:25.439, 24087 MiB, 52.46 W, 82 %, 45
2026/10/10 02:15:26.443, 24087 MiB, 52.65 W, 18 %, 45
2026/10/10 02:15:27.445, 24087 MiB, 49.01 W, 6 %, 45
2026/10/10 02:15:28.446, 24087 MiB, 51.13 W, 55 %, 45
2026/10/10 02:15:29.459, 24087 MiB, 52.56 W, 49 %, 46
2026/10/10 02:15:30.466, 24087 MiB, 51.17 W, 5 %, 45
2026/10/10 02:15:31.468, 24087 MiB, 49.23 W, 26 %, 45
2026/10/10 02:15:32.476, 24087 MiB, 52.33 W, 68 %, 46
2026/10/10 02:15:33.478, 24087 MiB, 52.72 W, 23 %, 45
2026/10/10 02:15:34.492, 24087 MiB, 50.10 W, 5 %, 45
2026/10/10 02:15:35.504, 24087 MiB, 50.52 W, 40 %, 45
2026/10/10 02:15:36.507, 24087 MiB, 52.54 W, 67 %, 46
2026/10/10 02:15:37.514, 24087 MiB, 52.39 W, 16 %, 45
2026/10/10 02:15:38.515, 24087 MiB, 48.85 W, 5 %, 45
2026/10/10 02:15:39.523, 24087 MiB, 50.60 W, 50 %, 45
2026/10/10 02:15:40.528, 24087 MiB, 52.35 W, 65 %, 46
2026/10/10 02:15:41.542, 24087 MiB, 52.82 W, 5 %, 45
2026/10/10 02:15:42.544, 24087 MiB, 49.44 W, 14 %, 45
2026/10/10 02:15:43.546, 24087 MiB, 52.98 W, 76 %, 46
2026/10/10 02:15:44.549, 24087 MiB, 53.27 W, 42 %, 47
2026/10/10 02:15:45.550, 24087 MiB, 51.68 W, 6 %, 45
2026/10/10 02:15:46.552, 24087 MiB, 49.58 W, 17 %, 45
2026/10/10 02:15:47.558, 24087 MiB, 52.95 W, 68 %, 46
2026/10/10 02:15:48.570, 24087 MiB, 53.32 W, 24 %, 46
2026/10/10 02:15:49.573, 24087 MiB, 50.87 W, 5 %, 45
2026/10/10 02:15:50.578, 24087 MiB, 51.55 W, 48 %, 45
2026/10/10 02:15:51.581, 24087 MiB, 52.74 W, 49 %, 46
2026/10/10 02:15:52.595, 24087 MiB, 51.49 W, 5 %, 45
2026/10/10 02:15:53.600, 24087 MiB, 48.55 W, 11 %, 45
2026/10/10 02:15:54.604, 24087 MiB, 50.58 W, 44 %, 45
2026/10/10 02:15:55.609, 24087 MiB, 52.68 W, 76 %, 46
2026/10/10 02:15:56.612, 24087 MiB, 52.67 W, 27 %, 46
2026/10/10 02:15:57.617, 24087 MiB, 50.19 W, 7 %, 45
2026/10/10 02:15:58.622, 24087 MiB, 48.78 W, 30 %, 45
2026/10/10 02:15:59.623, 24087 MiB, 52.16 W, 68 %, 46
2026/10/10 02:16:00.627, 24087 MiB, 52.45 W, 17 %, 46
2026/10/10 02:16:01.638, 24087 MiB, 49.29 W, 6 %, 45
2026/10/10 02:16:02.644, 24087 MiB, 49.38 W, 25 %, 45
2026/10/10 02:16:03.650, 24087 MiB, 51.94 W, 70 %, 46
2026/10/10 02:16:04.662, 24087 MiB, 51.90 W, 17 %, 46
2026/10/10 02:16:05.675, 24087 MiB, 49.17 W, 5 %, 46
2026/10/10 02:16:06.681, 24087 MiB, 48.42 W, 17 %, 45
2026/10/10 02:16:07.689, 24087 MiB, 51.85 W, 65 %, 46
2026/10/10 02:16:08.701, 24087 MiB, 52.09 W, 63 %, 47
2026/10/10 02:16:09.703, 24087 MiB, 51.90 W, 8 %, 46
2026/10/10 02:16:10.718, 24087 MiB, 48.78 W, 5 %, 46
2026/10/10 02:16:11.724, 24087 MiB, 50.73 W, 54 %, 45
2026/10/10 02:16:12.730, 24087 MiB, 52.27 W, 65 %, 47
2026/10/10 02:16:13.734, 24087 MiB, 51.94 W, 14 %, 46
2026/10/10 02:16:14.745, 24087 MiB, 48.61 W, 5 %, 46
2026/10/10 02:16:15.750, 24087 MiB, 48.27 W, 20 %, 46
2026/10/10 02:16:16.762, 24087 MiB, 52.24 W, 68 %, 46
2026/10/10 02:16:17.772, 24087 MiB, 52.24 W, 25 %, 46
2026/10/10 02:16:18.776, 24087 MiB, 50.41 W, 6 %, 46
2026/10/10 02:16:19.786, 24087 MiB, 49.79 W, 18 %, 47
2026/10/10 02:16:20.796, 24087 MiB, 52.91 W, 68 %, 46
2026/10/10 02:16:21.805, 24087 MiB, 52.86 W, 23 %, 46
2026/10/10 02:16:22.816, 24087 MiB, 49.92 W, 5 %, 46
2026/10/10 02:16:23.824, 24087 MiB, 50.08 W, 38 %, 47
2026/10/10 02:16:24.833, 24087 MiB, 52.30 W, 77 %, 46
2026/10/10 02:16:25.841, 24087 MiB, 52.58 W, 60 %, 46
2026/10/10 02:16:26.855, 24087 MiB, 52.45 W, 16 %, 46
2026/10/10 02:16:27.868, 24087 MiB, 49.46 W, 5 %, 47
2026/10/10 02:16:28.879, 24087 MiB, 50.72 W, 49 %, 47
2026/10/10 02:16:29.884, 24087 MiB, 52.36 W, 63 %, 46
2026/10/10 02:16:30.890, 24087 MiB, 51.50 W, 29 %, 46
2026/10/10 02:16:31.898, 24087 MiB, 49.42 W, 7 %, 47
2026/10/10 02:16:32.914, 24087 MiB, 50.15 W, 40 %, 47
2026/10/10 02:16:33.917, 24087 MiB, 52.67 W, 77 %, 46
2026/10/10 02:16:34.918, 24087 MiB, 53.11 W, 28 %, 46
2026/10/10 02:16:35.930, 24087 MiB, 49.96 W, 7 %, 47
2026/10/10 02:16:36.933, 24087 MiB, 50.07 W, 38 %, 47
2026/10/10 02:16:37.942, 24087 MiB, 52.63 W, 68 %, 46
2026/10/10 02:16:38.954, 24087 MiB, 51.19 W, 5 %, 46
2026/10/10 02:16:39.960, 24087 MiB, 47.91 W, 5 %, 47
2026/10/10 02:16:40.970, 24087 MiB, 50.99 W, 56 %, 47
2026/10/10 02:16:41.977, 24087 MiB, 51.98 W, 43 %, 46
2026/10/10 02:16:42.982, 24087 MiB, 51.04 W, 5 %, 46
2026/10/10 02:16:43.988, 24087 MiB, 48.60 W, 15 %, 48
2026/10/10 02:16:44.994, 24087 MiB, 52.58 W, 68 %, 47
2026/10/10 02:16:45.999, 24087 MiB, 52.81 W, 52 %, 46
2026/10/10 02:16:47.011, 24087 MiB, 51.86 W, 5 %, 46
2026/10/10 02:16:48.013, 24087 MiB, 48.70 W, 9 %, 47
2026/10/10 02:16:49.018, 24087 MiB, 51.03 W, 44 %, 47
2026/10/10 02:16:50.027, 24087 MiB, 52.78 W, 71 %, 47
2026/10/10 02:16:51.035, 24087 MiB, 52.94 W, 41 %, 46
2026/10/10 02:16:52.044, 24087 MiB, 51.32 W, 5 %, 47
2026/10/10 02:16:53.049, 24087 MiB, 50.10 W, 28 %, 48
2026/10/10 02:16:54.057, 24087 MiB, 53.15 W, 68 %, 47
2026/10/10 02:16:55.059, 24087 MiB, 52.78 W, 61 %, 47
2026/10/10 02:16:56.074, 24087 MiB, 53.14 W, 11 %, 46
2026/10/10 02:16:57.081, 24087 MiB, 49.37 W, 5 %, 47
2026/10/10 02:16:58.090, 24087 MiB, 49.51 W, 20 %, 48
2026/10/10 02:16:59.092, 24087 MiB, 52.50 W, 66 %, 47
2026/10/10 02:17:00.105, 24087 MiB, 53.01 W, 44 %, 47
2026/10/10 02:17:01.109, 24087 MiB, 51.74 W, 5 %, 46
2026/10/10 02:17:02.117, 24087 MiB, 48.37 W, 6 %, 48
2026/10/10 02:17:03.121, 24087 MiB, 51.54 W, 58 %, 47
2026/10/10 02:17:04.127, 24087 MiB, 52.77 W, 71 %, 47
2026/10/10 02:17:05.135, 24087 MiB, 52.85 W, 35 %, 47
2026/10/10 02:17:06.137, 24087 MiB, 50.88 W, 7 %, 47
2026/10/10 02:17:07.151, 24087 MiB, 50.27 W, 38 %, 48
2026/10/10 02:17:08.166, 24087 MiB, 52.67 W, 75 %, 47
2026/10/10 02:17:09.168, 24087 MiB, 53.17 W, 53 %, 47
2026/10/10 02:17:10.171, 24087 MiB, 52.22 W, 7 %, 47
2026/10/10 02:17:11.177, 24087 MiB, 49.06 W, 5 %, 48
2026/10/10 02:17:12.178, 24087 MiB, 51.74 W, 47 %, 47
2026/10/10 02:17:13.181, 24087 MiB, 53.72 W, 60 %, 47
2026/10/10 02:17:14.187, 24087 MiB, 53.18 W, 14 %, 47
2026/10/10 02:17:15.201, 24087 MiB, 49.54 W, 5 %, 47
2026/10/10 02:17:16.204, 24087 MiB, 50.11 W, 31 %, 48
2026/10/10 02:17:17.211, 24087 MiB, 53.47 W, 68 %, 47
2026/10/10 02:17:18.217, 24087 MiB, 53.63 W, 54 %, 47
2026/10/10 02:17:19.219, 24087 MiB, 52.25 W, 11 %, 47
2026/10/10 02:17:20.222, 24087 MiB, 49.28 W, 5 %, 47
2026/10/10 02:17:21.225, 24087 MiB, 49.08 W, 6 %, 48
2026/10/10 02:17:22.229, 24087 MiB, 49.12 W, 10 %, 48
2026/10/10 02:17:23.232, 24087 MiB, 50.64 W, 34 %, 48
2026/10/10 02:17:24.241, 24087 MiB, 53.29 W, 71 %, 47
2026/10/10 02:17:25.247, 24087 MiB, 53.47 W, 68 %, 47
2026/10/10 02:17:26.249, 24087 MiB, 52.88 W, 21 %, 47
2026/10/10 02:17:27.261, 24087 MiB, 50.11 W, 5 %, 48
2026/10/10 02:17:28.270, 24087 MiB, 50.06 W, 23 %, 48
2026/10/10 02:17:29.277, 24087 MiB, 53.31 W, 69 %, 47
2026/10/10 02:17:30.280, 24087 MiB, 53.10 W, 40 %, 47
2026/10/10 02:17:31.295, 24087 MiB, 51.19 W, 5 %, 47
2026/10/10 02:17:32.301, 24087 MiB, 48.57 W, 5 %, 48
2026/10/10 02:17:33.303, 24087 MiB, 52.12 W, 61 %, 48
2026/10/10 02:17:34.303, 24087 MiB, 53.69 W, 60 %, 47
2026/10/10 02:17:35.305, 24087 MiB, 53.30 W, 22 %, 47
2026/10/10 02:17:36.313, 24087 MiB, 50.53 W, 5 %, 48
2026/10/10 02:17:37.328, 24087 MiB, 51.58 W, 49 %, 48
2026/10/10 02:17:38.342, 24087 MiB, 53.61 W, 76 %, 47
2026/10/10 02:17:39.347, 24087 MiB, 53.22 W, 36 %, 47
2026/10/10 02:17:40.363, 24087 MiB, 50.89 W, 7 %, 47
2026/10/10 02:17:41.368, 24087 MiB, 49.17 W, 10 %, 48
2026/10/10 02:17:42.381, 24087 MiB, 51.52 W, 50 %, 48
2026/10/10 02:17:43.397, 24087 MiB, 53.00 W, 57 %, 47
2026/10/10 02:17:44.402, 24087 MiB, 53.06 W, 13 %, 47
2026/10/10 02:17:45.403, 24087 MiB, 50.51 W, 5 %, 48
2026/10/10 02:17:46.413, 24087 MiB, 50.76 W, 28 %, 49
2026/10/10 02:17:47.414, 24087 MiB, 53.84 W, 68 %, 47
2026/10/10 02:17:48.417, 24087 MiB, 53.71 W, 40 %, 47
2026/10/10 02:17:49.430, 24087 MiB, 51.65 W, 6 %, 47
2026/10/10 02:17:50.445, 24087 MiB, 50.04 W, 22 %, 49
2026/10/10 02:17:51.446, 24087 MiB, 52.92 W, 62 %, 48
2026/10/10 02:17:52.455, 24087 MiB, 53.96 W, 65 %, 47
2026/10/10 02:17:53.457, 24087 MiB, 53.45 W, 6 %, 47
2026/10/10 02:17:54.467, 24087 MiB, 49.32 W, 4 %, 47
2026/10/10 02:17:55.475, 24087 MiB, 32.19 W, 44 %, 47
2026/10/10 02:17:56.487, 24087 MiB, 131.24 W, 98 %, 68
2026/10/10 02:17:57.500, 24087 MiB, 262.02 W, 99 %, 69
2026/10/10 02:17:58.511, 24087 MiB, 263.95 W, 100 %, 67
2026/10/10 02:17:59.516, 24087 MiB, 172.62 W, 73 %, 56
2026/10/10 02:18:00.528, 24087 MiB, 281.59 W, 98 %, 70
2026/10/10 02:18:01.539, 24087 MiB, 265.00 W, 94 %, 58
2026/10/10 02:18:02.546, 24087 MiB, 256.91 W, 43 %, 55
2026/10/10 02:18:03.556, 24087 MiB, 246.41 W, 99 %, 58
2026/10/10 02:18:04.570, 24087 MiB, 260.54 W, 99 %, 59
2026/10/10 02:18:05.585, 24087 MiB, 253.43 W, 99 %, 61
2026/10/10 02:18:06.598, 24087 MiB, 191.72 W, 92 %, 71
2026/10/10 02:18:07.610, 24087 MiB, 273.18 W, 87 %, 59
2026/10/10 02:18:08.624, 24087 MiB, 274.06 W, 97 %, 57
2026/10/10 02:18:09.635, 24087 MiB, 265.89 W, 1 %, 56
2026/10/10 02:18:10.636, 24087 MiB, 232.45 W, 99 %, 68
2026/10/10 02:18:11.648, 24087 MiB, 268.13 W, 99 %, 66
2026/10/10 02:18:12.663, 24087 MiB, 265.88 W, 100 %, 62
2026/10/10 02:18:13.676, 24087 MiB, 164.99 W, 100 %, 66
2026/10/10 02:18:14.680, 24087 MiB, 312.40 W, 93 %, 71
2026/10/10 02:18:15.695, 24087 MiB, 292.85 W, 89 %, 63
2026/10/10 02:18:16.707, 24087 MiB, 270.10 W, 90 %, 59
2026/10/10 02:18:17.718, 24087 MiB, 211.30 W, 100 %, 69
2026/10/10 02:18:18.733, 24087 MiB, 263.64 W, 99 %, 68
2026/10/10 02:18:19.748, 24087 MiB, 264.91 W, 99 %, 65
2026/10/10 02:18:20.759, 24087 MiB, 197.19 W, 99 %, 54
2026/10/10 02:18:21.764, 24087 MiB, 263.99 W, 99 %, 70
2026/10/10 02:18:22.774, 24087 MiB, 306.74 W, 100 %, 70
2026/10/10 02:18:23.782, 24087 MiB, 292.92 W, 100 %, 68
2026/10/10 02:18:24.793, 24087 MiB, 262.51 W, 76 %, 66
2026/10/10 02:18:25.806, 24087 MiB, 219.70 W, 100 %, 57
2026/10/10 02:18:26.818, 24087 MiB, 264.79 W, 100 %, 58
2026/10/10 02:18:27.831, 24087 MiB, 260.20 W, 100 %, 58
2026/10/10 02:18:28.844, 24087 MiB, 174.15 W, 84 %, 54
2026/10/10 02:18:29.856, 24087 MiB, 281.05 W, 87 %, 71
2026/10/10 02:18:30.871, 24087 MiB, 287.27 W, 99 %, 70
2026/10/10 02:18:31.883, 24087 MiB, 280.62 W, 97 %, 65
2026/10/10 02:18:32.897, 24087 MiB, 287.91 W, 90 %, 54
2026/10/10 02:18:33.903, 24087 MiB, 203.03 W, 18 %, 51
2026/10/10 02:18:34.914, 24087 MiB, 98.24 W, 1 %, 50
2026/10/10 02:18:35.916, 24087 MiB, 72.08 W, 1 %, 48
2026/10/10 02:18:36.932, 24087 MiB, 53.53 W, 19 %, 47
2026/10/10 02:18:37.933, 24087 MiB, 53.73 W, 42 %, 47
2026/10/10 02:18:38.941, 24087 MiB, 52.97 W, 49 %, 46
2026/10/10 02:18:39.947, 24087 MiB, 51.45 W, 52 %, 46
2026/10/10 02:18:40.955, 24087 MiB, 50.98 W, 53 %, 46
2026/10/10 02:18:41.964, 24087 MiB, 50.81 W, 39 %, 45
2026/10/10 02:18:42.972, 24087 MiB, 48.41 W, 4 %, 45
2026/10/10 02:18:43.982, 24087 MiB, 48.50 W, 40 %, 46
2026/10/10 02:18:44.991, 24087 MiB, 49.63 W, 58 %, 45
2026/10/10 02:18:45.999, 24087 MiB, 48.62 W, 4 %, 45
2026/10/10 02:18:47.003, 24087 MiB, 48.29 W, 27 %, 45
2026/10/10 02:18:48.009, 24087 MiB, 48.08 W, 55 %, 44
2026/10/10 02:18:49.018, 24087 MiB, 47.48 W, 7 %, 44
2026/10/10 02:18:50.025, 24087 MiB, 47.28 W, 21 %, 45
2026/10/10 02:18:51.035, 24087 MiB, 47.94 W, 65 %, 44
2026/10/10 02:18:52.046, 24087 MiB, 48.12 W, 7 %, 44
2026/10/10 02:18:53.055, 24087 MiB, 47.62 W, 26 %, 44
2026/10/10 02:18:54.064, 24087 MiB, 47.36 W, 57 %, 43
2026/10/10 02:18:55.066, 24087 MiB, 47.47 W, 4 %, 43
2026/10/10 02:18:56.073, 24087 MiB, 47.35 W, 37 %, 44
2026/10/10 02:18:57.078, 24087 MiB, 48.22 W, 55 %, 43
2026/10/10 02:18:58.082, 24087 MiB, 47.33 W, 4 %, 43
2026/10/10 02:18:59.086, 24087 MiB, 46.87 W, 34 %, 44
2026/10/10 02:19:00.092, 24087 MiB, 47.17 W, 45 %, 43
2026/10/10 02:19:01.101, 24087 MiB, 47.79 W, 4 %, 43
2026/10/10 02:19:02.112, 24087 MiB, 47.14 W, 40 %, 44
2026/10/10 02:19:03.120, 24087 MiB, 48.28 W, 52 %, 42
2026/10/10 02:19:04.122, 24087 MiB, 47.40 W, 5 %, 42
2026/10/10 02:19:05.125, 24087 MiB, 47.16 W, 45 %, 44
2026/10/10 02:19:06.133, 24087 MiB, 47.83 W, 45 %, 42
2026/10/10 02:19:07.138, 24087 MiB, 47.23 W, 5 %, 42
2026/10/10 02:19:08.138, 24087 MiB, 47.14 W, 47 %, 43
2026/10/10 02:19:09.147, 24087 MiB, 47.83 W, 41 %, 42
2026/10/10 02:19:10.151, 24087 MiB, 47.12 W, 5 %, 42
2026/10/10 02:19:11.157, 24087 MiB, 47.03 W, 57 %, 43
2026/10/10 02:19:12.163, 24087 MiB, 47.73 W, 31 %, 41
2026/10/10 02:19:13.165, 24087 MiB, 46.78 W, 4 %, 42
2026/10/10 02:19:14.171, 24087 MiB, 46.77 W, 51 %, 43
2026/10/10 02:19:15.173, 24087 MiB, 46.76 W, 22 %, 41
2026/10/10 02:19:16.178, 24087 MiB, 47.40 W, 5 %, 41
2026/10/10 02:19:17.187, 24087 MiB, 47.51 W, 52 %, 42
2026/10/10 02:19:18.195, 24087 MiB, 47.28 W, 29 %, 41
2026/10/10 02:19:19.202, 24087 MiB, 46.77 W, 5 %, 41
2026/10/10 02:19:20.214, 24087 MiB, 46.34 W, 63 %, 42
2026/10/10 02:19:21.218, 24087 MiB, 46.75 W, 17 %, 41
2026/10/10 02:19:22.225, 24087 MiB, 46.34 W, 5 %, 41
2026/10/10 02:19:23.238, 24087 MiB, 46.59 W, 66 %, 42
2026/10/10 02:19:24.244, 24087 MiB, 46.28 W, 5 %, 41
2026/10/10 02:19:25.252, 24087 MiB, 46.70 W, 42 %, 42
2026/10/10 02:19:26.260, 24087 MiB, 46.82 W, 40 %, 40
2026/10/10 02:19:27.269, 24087 MiB, 46.68 W, 5 %, 40
2026/10/10 02:19:28.283, 24087 MiB, 46.34 W, 47 %, 40
2026/10/10 02:19:29.290, 24087 MiB, 47.15 W, 40 %, 41
2026/10/10 02:19:30.293, 24087 MiB, 46.05 W, 7 %, 40
2026/10/10 02:19:31.300, 24087 MiB, 46.42 W, 46 %, 40
2026/10/10 02:19:32.309, 24087 MiB, 45.24 W, 19 %, 41
2026/10/10 02:19:33.316, 24087 MiB, 46.41 W, 7 %, 40
2026/10/10 02:19:34.323, 24087 MiB, 46.22 W, 71 %, 40
2026/10/10 02:19:35.331, 24087 MiB, 46.19 W, 11 %, 41
2026/10/10 02:19:36.336, 24087 MiB, 46.27 W, 7 %, 40
2026/10/10 02:19:37.345, 24087 MiB, 45.98 W, 74 %, 40
2026/10/10 02:19:38.355, 24087 MiB, 46.07 W, 6 %, 41
2026/10/10 02:19:39.359, 24087 MiB, 46.34 W, 20 %, 40
2026/10/10 02:19:40.374, 24087 MiB, 47.04 W, 67 %, 41
2026/10/10 02:19:41.384, 24087 MiB, 45.98 W, 5 %, 40
2026/10/10 02:19:42.387, 24087 MiB, 45.79 W, 40 %, 40
2026/10/10 02:19:43.394, 24087 MiB, 46.26 W, 45 %, 41
2026/10/10 02:19:44.400, 24087 MiB, 46.27 W, 5 %, 40
2026/10/10 02:19:45.403, 24087 MiB, 46.32 W, 53 %, 41
2026/10/10 02:19:46.409, 24087 MiB, 46.04 W, 28 %, 42
2026/10/10 02:19:47.419, 24087 MiB, 45.59 W, 5 %, 40
2026/10/10 02:19:48.425, 24087 MiB, 45.49 W, 63 %, 41
2026/10/10 02:19:49.429, 24087 MiB, 45.84 W, 16 %, 42
2026/10/10 02:19:50.434, 24087 MiB, 46.01 W, 5 %, 41
2026/10/10 02:19:51.439, 24087 MiB, 46.01 W, 71 %, 41
2026/10/10 02:19:52.454, 24087 MiB, 46.12 W, 5 %, 41
2026/10/10 02:19:53.457, 24087 MiB, 45.40 W, 14 %, 41
2026/10/10 02:19:54.472, 24087 MiB, 45.95 W, 69 %, 41
2026/10/10 02:19:55.483, 24087 MiB, 45.82 W, 4 %, 41
2026/10/10 02:19:56.499, 24087 MiB, 45.79 W, 71 %, 41
2026/10/10 02:19:57.504, 24087 MiB, 46.14 W, 10 %, 42
2026/10/10 02:19:58.518, 24087 MiB, 45.99 W, 7 %, 41
2026/10/10 02:19:59.524, 24087 MiB, 46.05 W, 71 %, 41
2026/10/10 02:20:00.538, 24087 MiB, 46.00 W, 5 %, 41
2026/10/10 02:20:01.553, 24087 MiB, 46.02 W, 66 %, 41
2026/10/10 02:20:02.555, 24087 MiB, 46.51 W, 19 %, 42
2026/10/10 02:20:03.566, 24087 MiB, 45.91 W, 7 %, 41
2026/10/10 02:20:04.581, 24087 MiB, 45.86 W, 75 %, 41
2026/10/10 02:20:05.582, 24087 MiB, 45.88 W, 14 %, 42
2026/10/10 02:20:06.597, 24087 MiB, 45.68 W, 6 %, 41
2026/10/10 02:20:07.602, 24087 MiB, 45.89 W, 76 %, 42
2026/10/10 02:20:08.611, 24087 MiB, 46.24 W, 7 %, 42
2026/10/10 02:20:09.616, 24087 MiB, 45.97 W, 7 %, 41
2026/10/10 02:20:10.628, 24087 MiB, 46.42 W, 71 %, 42
2026/10/10 02:20:11.635, 24087 MiB, 45.76 W, 5 %, 42
2026/10/10 02:20:12.643, 24087 MiB, 46.24 W, 7 %, 41
2026/10/10 02:20:13.653, 24087 MiB, 46.84 W, 71 %, 42
2026/10/10 02:20:14.667, 24087 MiB, 46.38 W, 6 %, 42
2026/10/10 02:20:15.681, 24087 MiB, 46.31 W, 15 %, 42
2026/10/10 02:20:16.696, 24087 MiB, 47.16 W, 67 %, 42
2026/10/10 02:20:17.712, 24087 MiB, 45.92 W, 4 %, 42
2026/10/10 02:20:18.712, 24087 MiB, 46.38 W, 70 %, 42
2026/10/10 02:20:19.728, 24087 MiB, 46.97 W, 18 %, 43
2026/10/10 02:20:20.740, 24087 MiB, 46.14 W, 5 %, 42
2026/10/10 02:20:21.754, 24087 MiB, 45.92 W, 73 %, 42
2026/10/10 02:20:22.770, 24087 MiB, 46.28 W, 5 %, 43
2026/10/10 02:20:23.781, 24087 MiB, 46.38 W, 31 %, 42
2026/10/10 02:20:24.785, 24087 MiB, 44.46 W, 22 %, 43
2026/10/10 02:20:25.789, 24087 MiB, 46.14 W, 9 %, 42
2026/10/10 02:20:26.790, 24087 MiB, 46.58 W, 69 %, 42
2026/10/10 02:20:27.796, 24087 MiB, 46.31 W, 16 %, 43
2026/10/10 02:20:28.803, 24087 MiB, 45.90 W, 7 %, 42
2026/10/10 02:20:29.817, 24087 MiB, 46.15 W, 75 %, 42
2026/10/10 02:20:30.819, 24087 MiB, 45.96 W, 6 %, 43
2026/10/10 02:20:31.822, 24087 MiB, 46.42 W, 5 %, 42
2026/10/10 02:20:32.826, 24087 MiB, 46.43 W, 71 %, 42
2026/10/10 02:20:33.830, 24087 MiB, 46.44 W, 5 %, 43
2026/10/10 02:20:34.845, 24087 MiB, 46.30 W, 41 %, 42
2026/10/10 02:20:35.858, 24087 MiB, 43.98 W, 5 %, 43
2026/10/10 02:20:36.876, 24087 MiB, 45.94 W, 63 %, 42
2026/10/10 02:20:37.882, 24087 MiB, 45.47 W, 5 %, 43
2026/10/10 02:20:38.887, 24087 MiB, 46.45 W, 8 %, 42
2026/10/10 02:20:39.891, 24087 MiB, 46.75 W, 72 %, 43
2026/10/10 02:20:40.907, 24087 MiB, 46.32 W, 4 %, 42
2026/10/10 02:20:41.923, 24087 MiB, 46.78 W, 53 %, 43
2026/10/10 02:20:42.937, 24087 MiB, 47.08 W, 20 %, 44
2026/10/10 02:20:43.941, 24087 MiB, 46.99 W, 4 %, 42
2026/10/10 02:20:44.952, 24087 MiB, 46.50 W, 72 %, 43
2026/10/10 02:20:45.953, 24087 MiB, 46.25 W, 5 %, 43
2026/10/10 02:20:46.957, 24087 MiB, 46.47 W, 22 %, 43
2026/10/10 02:20:47.963, 24087 MiB, 46.85 W, 52 %, 43
2026/10/10 02:20:48.967, 24087 MiB, 46.50 W, 4 %, 43
2026/10/10 02:20:49.974, 24087 MiB, 46.31 W, 21 %, 43
2026/10/10 02:20:50.977, 24087 MiB, 46.25 W, 53 %, 43
2026/10/10 02:20:51.986, 24087 MiB, 46.28 W, 4 %, 43
2026/10/10 02:20:52.988, 24087 MiB, 46.82 W, 48 %, 43
2026/10/10 02:20:53.994, 24087 MiB, 46.67 W, 28 %, 44
2026/10/10 02:20:55.000, 24087 MiB, 46.72 W, 15 %, 43
2026/10/10 02:20:56.008, 24087 MiB, 47.22 W, 5 %, 43
2026/10/10 02:20:57.010, 24087 MiB, 46.80 W, 23 %, 43
2026/10/10 02:20:58.012, 24087 MiB, 47.25 W, 61 %, 43
2026/10/10 02:20:59.018, 24087 MiB, 46.95 W, 5 %, 43
2026/10/10 02:21:00.024, 24087 MiB, 46.30 W, 51 %, 43
2026/10/10 02:21:01.033, 24087 MiB, 47.03 W, 39 %, 44
2026/10/10 02:21:02.037, 24087 MiB, 47.13 W, 7 %, 43
2026/10/10 02:21:03.038, 24087 MiB, 46.71 W, 72 %, 43
2026/10/10 02:21:04.047, 24087 MiB, 46.58 W, 10 %, 44
2026/10/10 02:21:05.054, 24087 MiB, 46.78 W, 7 %, 43
2026/10/10 02:21:06.069, 24087 MiB, 45.67 W, 63 %, 44
2026/10/10 02:21:07.075, 24087 MiB, 46.39 W, 6 %, 43
2026/10/10 02:21:08.081, 24087 MiB, 46.59 W, 50 %, 43
2026/10/10 02:21:09.089, 24087 MiB, 46.85 W, 22 %, 44
2026/10/10 02:21:10.096, 24087 MiB, 46.77 W, 7 %, 43
2026/10/10 02:21:11.100, 24087 MiB, 47.12 W, 70 %, 43
2026/10/10 02:21:12.102, 24087 MiB, 47.03 W, 3 %, 44
2026/10/10 02:21:13.107, 24087 MiB, 46.91 W, 5 %, 43
2026/10/10 02:21:14.112, 24087 MiB, 46.97 W, 25 %, 44
2026/10/10 02:21:15.113, 24087 MiB, 46.21 W, 49 %, 43
2026/10/10 02:21:16.119, 24087 MiB, 46.60 W, 6 %, 43
2026/10/10 02:21:17.125, 24087 MiB, 46.46 W, 28 %, 44
2026/10/10 02:21:18.130, 24087 MiB, 46.07 W, 46 %, 43
2026/10/10 02:21:19.133, 24087 MiB, 46.51 W, 5 %, 44
2026/10/10 02:21:20.140, 24087 MiB, 46.96 W, 56 %, 45
2026/10/10 02:21:21.149, 24087 MiB, 47.71 W, 30 %, 43
2026/10/10 02:21:22.155, 24087 MiB, 47.25 W, 5 %, 44
2026/10/10 02:21:23.164, 24087 MiB, 47.21 W, 71 %, 44
2026/10/10 02:21:24.180, 24087 MiB, 47.04 W, 5 %, 44
2026/10/10 02:21:25.185, 24087 MiB, 46.99 W, 71 %, 44
2026/10/10 02:21:26.188, 24087 MiB, 47.00 W, 5 %, 44
2026/10/10 02:21:27.191, 24087 MiB, 47.27 W, 25 %, 44
2026/10/10 02:21:28.202, 24087 MiB, 47.12 W, 49 %, 44
2026/10/10 02:21:29.215, 24087 MiB, 47.65 W, 5 %, 44
2026/10/10 02:21:30.220, 24087 MiB, 47.53 W, 61 %, 45
2026/10/10 02:21:31.227, 24087 MiB, 47.08 W, 14 %, 44
2026/10/10 02:21:32.237, 24087 MiB, 47.23 W, 5 %, 44
2026/10/10 02:21:33.243, 24087 MiB, 47.06 W, 68 %, 44
2026/10/10 02:21:34.256, 24087 MiB, 46.94 W, 4 %, 44
2026/10/10 02:21:35.262, 24087 MiB, 46.85 W, 17 %, 44
2026/10/10 02:21:36.269, 24087 MiB, 46.50 W, 48 %, 44
2026/10/10 02:21:37.279, 24087 MiB, 46.83 W, 4 %, 44
2026/10/10 02:21:38.288, 24087 MiB, 46.89 W, 32 %, 45
2026/10/10 02:21:39.293, 24087 MiB, 45.50 W, 16 %, 44
2026/10/10 02:21:40.298, 24087 MiB, 46.81 W, 4 %, 44
2026/10/10 02:21:41.302, 24087 MiB, 45.69 W, 55 %, 44
2026/10/10 02:21:42.304, 24087 MiB, 46.74 W, 5 %, 44
2026/10/10 02:21:43.315, 24087 MiB, 46.58 W, 68 %, 44
2026/10/10 02:21:44.330, 24087 MiB, 46.88 W, 5 %, 44
2026/10/10 02:21:45.334, 24087 MiB, 46.49 W, 71 %, 44
2026/10/10 02:21:46.342, 24087 MiB, 46.88 W, 5 %, 44
2026/10/10 02:21:47.352, 24087 MiB, 46.60 W, 67 %, 45
2026/10/10 02:21:48.358, 24087 MiB, 46.85 W, 5 %, 44
2026/10/10 02:21:49.370, 24087 MiB, 46.69 W, 20 %, 45
2026/10/10 02:21:50.374, 24087 MiB, 46.01 W, 42 %, 44
2026/10/10 02:21:51.377, 24087 MiB, 46.94 W, 5 %, 44
2026/10/10 02:21:52.384, 24087 MiB, 47.09 W, 71 %, 45
2026/10/10 02:21:53.389, 24087 MiB, 47.22 W, 5 %, 44
2026/10/10 02:21:54.397, 24087 MiB, 47.20 W, 28 %, 45
2026/10/10 02:21:55.400, 24087 MiB, 44.90 W, 7 %, 44
2026/10/10 02:21:56.407, 24087 MiB, 47.65 W, 18 %, 45
2026/10/10 02:21:57.422, 24087 MiB, 46.27 W, 40 %, 44
2026/10/10 02:21:58.428, 24087 MiB, 48.05 W, 7 %, 45
2026/10/10 02:21:59.433, 24087 MiB, 47.78 W, 73 %, 45
2026/10/10 02:22:00.438, 24087 MiB, 47.92 W, 5 %, 44
2026/10/10 02:22:01.442, 24087 MiB, 47.46 W, 25 %, 45
2026/10/10 02:22:02.446, 24087 MiB, 46.39 W, 36 %, 44
2026/10/10 02:22:03.462, 24087 MiB, 47.22 W, 4 %, 45
2026/10/10 02:22:04.464, 24087 MiB, 47.24 W, 57 %, 46
2026/10/10 02:22:05.486, 24087 MiB, 47.13 W, 6 %, 44
2026/10/10 02:22:06.490, 24087 MiB, 47.47 W, 5 %, 45
2026/10/10 02:22:07.492, 24087 MiB, 47.68 W, 72 %, 45
2026/10/10 02:22:08.498, 24087 MiB, 47.97 W, 5 %, 45
2026/10/10 02:22:09.510, 24087 MiB, 47.95 W, 45 %, 46
2026/10/10 02:22:10.516, 24087 MiB, 45.94 W, 8 %, 45
2026/10/10 02:22:11.524, 24087 MiB, 47.65 W, 54 %, 46
2026/10/10 02:22:12.531, 24087 MiB, 47.46 W, 26 %, 45
2026/10/10 02:22:13.533, 24087 MiB, 47.04 W, 5 %, 45
2026/10/10 02:22:14.548, 24087 MiB, 47.50 W, 73 %, 45
2026/10/10 02:22:15.550, 24087 MiB, 48.02 W, 4 %, 45
2026/10/10 02:22:16.557, 24087 MiB, 47.51 W, 43 %, 46
2026/10/10 02:22:17.558, 24087 MiB, 48.06 W, 39 %, 45
2026/10/10 02:22:18.562, 24087 MiB, 47.39 W, 5 %, 45
2026/10/10 02:22:19.577, 24087 MiB, 47.99 W, 71 %, 46
2026/10/10 02:22:20.593, 24087 MiB, 47.90 W, 5 %, 45
2026/10/10 02:22:21.595, 24087 MiB, 47.88 W, 29 %, 46
2026/10/10 02:22:22.606, 24087 MiB, 46.93 W, 33 %, 45
2026/10/10 02:22:23.621, 24087 MiB, 47.50 W, 7 %, 45
2026/10/10 02:22:24.624, 24087 MiB, 45.67 W, 45 %, 45
2026/10/10 02:22:25.638, 24087 MiB, 47.15 W, 7 %, 45
2026/10/10 02:22:26.651, 24087 MiB, 46.54 W, 71 %, 45
2026/10/10 02:22:27.653, 24087 MiB, 47.24 W, 5 %, 45
2026/10/10 02:22:28.655, 24087 MiB, 47.44 W, 64 %, 46
2026/10/10 02:22:29.659, 24087 MiB, 47.04 W, 15 %, 45
2026/10/10 02:22:30.666, 24087 MiB, 46.98 W, 4 %, 45
2026/10/10 02:22:31.668, 24087 MiB, 47.04 W, 74 %, 45
2026/10/10 02:22:32.684, 24087 MiB, 47.17 W, 4 %, 46
2026/10/10 02:22:33.697, 24087 MiB, 47.29 W, 13 %, 45
2026/10/10 02:22:34.713, 24087 MiB, 46.74 W, 56 %, 46
2026/10/10 02:22:35.728, 24087 MiB, 47.62 W, 4 %, 45
2026/10/10 02:22:36.742, 24087 MiB, 47.13 W, 65 %, 45
2026/10/10 02:22:37.746, 24087 MiB, 47.91 W, 15 %, 46
2026/10/10 02:22:38.754, 24087 MiB, 47.72 W, 4 %, 45
2026/10/10 02:22:39.768, 24087 MiB, 47.94 W, 72 %, 46
2026/10/10 02:22:40.769, 24087 MiB, 48.19 W, 5 %, 45
2026/10/10 02:22:41.785, 24087 MiB, 48.42 W, 44 %, 45
2026/10/10 02:22:42.786, 24087 MiB, 47.67 W, 24 %, 47
2026/10/10 02:22:43.787, 24087 MiB, 48.28 W, 4 %, 45
2026/10/10 02:22:44.788, 24087 MiB, 47.86 W, 61 %, 46
2026/10/10 02:22:45.799, 24087 MiB, 48.55 W, 5 %, 45
2026/10/10 02:22:46.800, 24087 MiB, 48.25 W, 67 %, 45
2026/10/10 02:22:47.816, 24087 MiB, 47.99 W, 5 %, 46
2026/10/10 02:22:48.819, 24087 MiB, 48.49 W, 34 %, 45
2026/10/10 02:22:49.821, 24087 MiB, 47.01 W, 32 %, 47
2026/10/10 02:22:50.829, 24087 MiB, 47.82 W, 5 %, 45
2026/10/10 02:22:51.835, 24087 MiB, 48.14 W, 71 %, 46
2026/10/10 02:22:52.851, 24087 MiB, 48.00 W, 5 %, 46
2026/10/10 02:22:53.854, 24087 MiB, 47.85 W, 35 %, 45
2026/10/10 02:22:54.867, 24087 MiB, 45.69 W, 5 %, 46
2026/10/10 02:22:55.883, 24087 MiB, 47.80 W, 48 %, 46
2026/10/10 02:22:56.886, 24087 MiB, 46.38 W, 4 %, 45
2026/10/10 02:22:57.895, 24087 MiB, 47.63 W, 75 %, 46
2026/10/10 02:22:58.903, 24087 MiB, 47.43 W, 5 %, 46
2026/10/10 02:22:59.908, 24087 MiB, 47.89 W, 33 %, 46
2026/10/10 02:23:00.914, 24087 MiB, 46.19 W, 21 %, 47
2026/10/10 02:23:01.917, 24087 MiB, 46.95 W, 5 %, 46
2026/10/10 02:23:02.925, 24087 MiB, 46.73 W, 56 %, 46
2026/10/10 02:23:03.935, 24087 MiB, 47.98 W, 4 %, 46
2026/10/10 02:23:04.942, 24087 MiB, 48.45 W, 75 %, 46
2026/10/10 02:23:05.944, 24087 MiB, 47.89 W, 5 %, 46
2026/10/10 02:23:06.947, 24087 MiB, 48.00 W, 46 %, 46
2026/10/10 02:23:07.962, 24087 MiB, 46.36 W, 11 %, 47
2026/10/10 02:23:08.965, 24087 MiB, 47.81 W, 7 %, 46
2026/10/10 02:23:09.969, 24087 MiB, 47.32 W, 59 %, 46
2026/10/10 02:23:10.975, 24087 MiB, 48.01 W, 4 %, 46
2026/10/10 02:23:11.984, 24087 MiB, 48.17 W, 47 %, 46
2026/10/10 02:23:12.985, 24087 MiB, 47.03 W, 22 %, 47
2026/10/10 02:23:14.000, 24087 MiB, 47.50 W, 5 %, 46
2026/10/10 02:23:15.011, 24087 MiB, 46.91 W, 64 %, 46
2026/10/10 02:23:16.021, 24087 MiB, 47.73 W, 5 %, 46
2026/10/10 02:23:17.025, 24087 MiB, 47.46 W, 74 %, 46
2026/10/10 02:23:18.035, 24087 MiB, 47.72 W, 6 %, 47
2026/10/10 02:23:19.036, 24087 MiB, 48.07 W, 19 %, 46
2026/10/10 02:23:20.045, 24087 MiB, 47.74 W, 7 %, 47
2026/10/10 02:23:21.046, 24087 MiB, 48.39 W, 24 %, 46
2026/10/10 02:23:22.059, 24087 MiB, 47.29 W, 42 %, 47
2026/10/10 02:23:23.067, 24087 MiB, 48.44 W, 5 %, 46
2026/10/10 02:23:24.071, 24087 MiB, 48.32 W, 71 %, 46
2026/10/10 02:23:25.073, 24087 MiB, 48.22 W, 4 %, 46
2026/10/10 02:23:26.076, 24087 MiB, 48.22 W, 56 %, 46
2026/10/10 02:23:27.085, 24087 MiB, 47.79 W, 9 %, 47
2026/10/10 02:23:28.090, 24087 MiB, 47.75 W, 5 %, 46
2026/10/10 02:23:29.103, 24087 MiB, 46.40 W, 44 %, 47
2026/10/10 02:23:30.107, 24087 MiB, 47.70 W, 5 %, 46
2026/10/10 02:23:31.112, 24087 MiB, 48.10 W, 60 %, 46
2026/10/10 02:23:32.114, 24087 MiB, 47.51 W, 9 %, 47
2026/10/10 02:23:33.121, 24087 MiB, 48.27 W, 9 %, 46
2026/10/10 02:23:34.128, 24087 MiB, 47.87 W, 59 %, 47
2026/10/10 02:23:35.133, 24087 MiB, 48.21 W, 4 %, 46
2026/10/10 02:23:36.137, 24087 MiB, 48.10 W, 53 %, 46
2026/10/10 02:23:37.139, 24087 MiB, 46.95 W, 5 %, 47
2026/10/10 02:23:38.147, 24087 MiB, 47.99 W, 23 %, 46
2026/10/10 02:23:39.155, 24087 MiB, 45.54 W, 14 %, 47
2026/10/10 02:23:40.162, 24087 MiB, 47.83 W, 4 %, 46
2026/10/10 02:23:41.165, 24087 MiB, 48.22 W, 71 %, 47
2026/10/10 02:23:42.169, 24087 MiB, 48.53 W, 6 %, 46
2026/10/10 02:23:43.178, 24087 MiB, 48.63 W, 57 %, 46
2026/10/10 02:23:44.187, 24087 MiB, 47.37 W, 8 %, 47
2026/10/10 02:23:45.192, 24087 MiB, 48.39 W, 23 %, 46
2026/10/10 02:23:46.195, 24087 MiB, 47.35 W, 41 %, 47
2026/10/10 02:23:47.206, 24087 MiB, 47.97 W, 6 %, 46
2026/10/10 02:23:48.214, 24087 MiB, 48.20 W, 72 %, 47
2026/10/10 02:23:49.218, 24087 MiB, 48.01 W, 7 %, 47
2026/10/10 02:23:50.219, 24087 MiB, 48.03 W, 49 %, 46
2026/10/10 02:23:51.228, 24087 MiB, 47.06 W, 20 %, 48
2026/10/10 02:23:52.240, 24087 MiB, 48.08 W, 8 %, 46
2026/10/10 02:23:53.247, 24087 MiB, 48.33 W, 74 %, 47
2026/10/10 02:23:54.260, 24087 MiB, 48.89 W, 7 %, 46
2026/10/10 02:23:55.267, 24087 MiB, 47.51 W, 61 %, 47
2026/10/10 02:23:56.273, 24087 MiB, 48.71 W, 6 %, 46
2026/10/10 02:23:57.289, 24087 MiB, 48.27 W, 75 %, 47
2026/10/10 02:23:58.296, 24087 MiB, 47.98 W, 5 %, 46
2026/10/10 02:23:59.311, 24087 MiB, 47.87 W, 68 %, 47
2026/10/10 02:24:00.316, 24087 MiB, 47.79 W, 5 %, 47
2026/10/10 02:24:01.342, 24087 MiB, 48.37 W, 29 %, 47
2026/10/10 02:24:02.350, 24087 MiB, 47.80 W, 40 %, 47
2026/10/10 02:24:03.363, 24087 MiB, 48.12 W, 6 %, 47
2026/10/10 02:24:04.367, 24087 MiB, 47.76 W, 71 %, 47
2026/10/10 02:24:05.372, 24087 MiB, 47.96 W, 5 %, 46
2026/10/10 02:24:06.382, 24087 MiB, 47.50 W, 52 %, 47
2026/10/10 02:24:07.387, 24087 MiB, 46.61 W, 4 %, 48
2026/10/10 02:24:08.396, 24087 MiB, 47.79 W, 30 %, 47
2026/10/10 02:24:09.400, 24087 MiB, 47.19 W, 40 %, 48
2026/10/10 02:24:10.409, 24087 MiB, 48.13 W, 5 %, 47
2026/10/10 02:24:11.413, 24087 MiB, 46.75 W, 54 %, 47
2026/10/10 02:24:12.423, 24087 MiB, 47.76 W, 4 %, 47
2026/10/10 02:24:13.434, 24087 MiB, 48.19 W, 69 %, 47
2026/10/10 02:24:14.439, 24087 MiB, 48.08 W, 5 %, 47
2026/10/10 02:24:15.446, 24087 MiB, 48.53 W, 37 %, 47
2026/10/10 02:24:16.456, 24087 MiB, 48.56 W, 15 %, 48
2026/10/10 02:24:17.461, 24087 MiB, 47.57 W, 6 %, 47
2026/10/10 02:24:18.465, 24087 MiB, 48.43 W, 49 %, 47
2026/10/10 02:24:19.477, 24087 MiB, 46.98 W, 5 %, 47
2026/10/10 02:24:20.488, 24087 MiB, 48.82 W, 4 %, 47
2026/10/10 02:24:21.497, 24087 MiB, 49.32 W, 72 %, 48
2026/10/10 02:24:22.505, 24087 MiB, 49.03 W, 4 %, 47
2026/10/10 02:24:23.507, 24087 MiB, 48.70 W, 30 %, 48
2026/10/10 02:24:24.519, 24087 MiB, 47.68 W, 32 %, 47
2026/10/10 02:24:25.523, 24087 MiB, 48.93 W, 26 %, 48
2026/10/10 02:24:26.525, 24087 MiB, 46.98 W, 22 %, 47
2026/10/10 02:24:27.530, 24087 MiB, 48.16 W, 5 %, 47
2026/10/10 02:24:28.534, 24087 MiB, 46.62 W, 50 %, 47
2026/10/10 02:24:29.548, 24087 MiB, 48.42 W, 5 %, 47
2026/10/10 02:24:30.555, 24087 MiB, 48.05 W, 40 %, 47
2026/10/10 02:24:31.555, 24087 MiB, 48.85 W, 5 %, 47
2026/10/10 02:24:32.564, 24087 MiB, 48.82 W, 72 %, 48
2026/10/10 02:24:33.569, 24087 MiB, 49.02 W, 6 %, 47
2026/10/10 02:24:34.573, 24087 MiB, 48.87 W, 66 %, 48
2026/10/10 02:24:35.580, 24087 MiB, 47.79 W, 6 %, 47
2026/10/10 02:24:36.587, 24087 MiB, 48.54 W, 19 %, 48
2026/10/10 02:24:37.593, 24087 MiB, 47.26 W, 47 %, 47
2026/10/10 02:24:38.608, 24087 MiB, 48.52 W, 7 %, 47
2026/10/10 02:24:39.613, 24087 MiB, 48.49 W, 75 %, 48
2026/10/10 02:24:40.614, 24087 MiB, 48.95 W, 5 %, 47
2026/10/10 02:24:41.619, 24087 MiB, 48.40 W, 51 %, 48
2026/10/10 02:24:42.625, 24087 MiB, 47.69 W, 5 %, 47
2026/10/10 02:24:43.629, 24087 MiB, 49.35 W, 34 %, 48
2026/10/10 02:24:44.630, 24087 MiB, 46.94 W, 19 %, 47
2026/10/10 02:24:45.633, 24087 MiB, 48.61 W, 8 %, 48
2026/10/10 02:24:46.636, 24087 MiB, 46.24 W, 32 %, 47
2026/10/10 02:24:47.645, 24087 MiB, 49.41 W, 5 %, 47
2026/10/10 02:24:48.649, 24087 MiB, 49.26 W, 69 %, 48
2026/10/10 02:24:49.650, 24087 MiB, 49.82 W, 4 %, 47
2026/10/10 02:24:50.657, 24087 MiB, 49.45 W, 44 %, 49
2026/10/10 02:24:51.662, 24087 MiB, 47.38 W, 6 %, 47
2026/10/10 02:24:52.665, 24087 MiB, 48.93 W, 10 %, 48
2026/10/10 02:24:53.675, 24087 MiB, 47.48 W, 43 %, 47
2026/10/10 02:24:54.685, 24087 MiB, 48.85 W, 5 %, 48
2026/10/10 02:24:55.689, 24087 MiB, 46.69 W, 40 %, 47
2026/10/10 02:24:56.705, 24087 MiB, 48.63 W, 5 %, 48
2026/10/10 02:24:57.709, 24087 MiB, 48.03 W, 63 %, 47
2026/10/10 02:24:58.711, 24087 MiB, 48.56 W, 6 %, 47
2026/10/10 02:24:59.716, 24087 MiB, 48.48 W, 72 %, 48
2026/10/10 02:25:00.718, 24087 MiB, 48.31 W, 6 %, 47
2026/10/10 02:25:01.730, 24087 MiB, 48.30 W, 70 %, 48
2026/10/10 02:25:02.737, 24087 MiB, 48.93 W, 4 %, 47
2026/10/10 02:25:03.751, 24087 MiB, 48.85 W, 65 %, 49
2026/10/10 02:25:04.755, 24087 MiB, 47.79 W, 7 %, 47
2026/10/10 02:25:05.759, 24087 MiB, 48.63 W, 44 %, 49
2026/10/10 02:25:06.781, 24087 MiB, 47.25 W, 4 %, 47
2026/10/10 02:25:07.785, 24087 MiB, 48.82 W, 22 %, 48
2026/10/10 02:25:08.791, 24087 MiB, 47.52 W, 31 %, 47
2026/10/10 02:25:09.797, 24087 MiB, 49.27 W, 5 %, 48
2026/10/10 02:25:10.803, 24087 MiB, 48.11 W, 63 %, 47
2026/10/10 02:25:11.806, 24087 MiB, 49.65 W, 4 %, 48
2026/10/10 02:25:12.821, 24087 MiB, 48.98 W, 68 %, 48
2026/10/10 02:25:13.834, 24087 MiB, 49.27 W, 5 %, 48
2026/10/10 02:25:14.838, 24087 MiB, 49.00 W, 32 %, 48
2026/10/10 02:25:15.840, 24087 MiB, 46.71 W, 16 %, 48
2026/10/10 02:25:16.841, 24087 MiB, 48.06 W, 5 %, 48
2026/10/10 02:25:17.842, 24087 MiB, 46.24 W, 44 %, 47
2026/10/10 02:25:18.844, 24087 MiB, 48.63 W, 5 %, 48
2026/10/10 02:25:19.860, 24087 MiB, 48.47 W, 69 %, 48
2026/10/10 02:25:20.864, 24087 MiB, 49.59 W, 5 %, 48
2026/10/10 02:25:21.867, 24087 MiB, 49.34 W, 73 %, 49
2026/10/10 02:25:22.872, 24087 MiB, 49.52 W, 5 %, 48
2026/10/10 02:25:23.876, 24087 MiB, 49.47 W, 64 %, 49
2026/10/10 02:25:24.882, 24087 MiB, 49.25 W, 5 %, 48
2026/10/10 02:25:25.886, 24087 MiB, 49.83 W, 71 %, 48
2026/10/10 02:25:26.892, 24087 MiB, 49.79 W, 5 %, 48
2026/10/10 02:25:27.902, 24087 MiB, 49.77 W, 71 %, 49
2026/10/10 02:25:28.908, 24087 MiB, 49.65 W, 5 %, 48
2026/10/10 02:25:29.917, 24087 MiB, 49.70 W, 72 %, 49
2026/10/10 02:25:30.921, 24087 MiB, 50.23 W, 5 %, 48
2026/10/10 02:25:31.922, 24087 MiB, 50.15 W, 57 %, 48
2026/10/10 02:25:32.923, 24087 MiB, 49.25 W, 5 %, 48
2026/10/10 02:25:33.937, 24087 MiB, 50.42 W, 33 %, 48
2026/10/10 02:25:34.938, 24087 MiB, 50.08 W, 41 %, 49
2026/10/10 02:25:35.948, 24087 MiB, 50.22 W, 5 %, 48
2026/10/10 02:25:36.954, 24087 MiB, 48.98 W, 63 %, 48
2026/10/10 02:25:37.959, 24087 MiB, 49.93 W, 7 %, 48
2026/10/10 02:25:38.962, 24087 MiB, 49.52 W, 76 %, 48
2026/10/10 02:25:39.966, 24087 MiB, 49.61 W, 6 %, 48
2026/10/10 02:25:40.971, 24087 MiB, 48.90 W, 47 %, 48
2026/10/10 02:25:41.975, 24087 MiB, 47.61 W, 6 %, 49
2026/10/10 02:25:42.978, 24087 MiB, 48.86 W, 8 %, 48
2026/10/10 02:25:43.993, 24087 MiB, 46.10 W, 33 %, 49
2026/10/10 02:25:45.006, 24087 MiB, 49.04 W, 5 %, 48
2026/10/10 02:25:46.010, 24087 MiB, 48.11 W, 54 %, 48
2026/10/10 02:25:47.018, 24087 MiB, 49.53 W, 5 %, 48
2026/10/10 02:25:48.023, 24087 MiB, 49.16 W, 73 %, 48
2026/10/10 02:25:49.027, 24087 MiB, 49.62 W, 4 %, 48
2026/10/10 02:25:50.028, 24087 MiB, 49.05 W, 63 %, 48
2026/10/10 02:25:51.034, 24087 MiB, 49.18 W, 5 %, 49
2026/10/10 02:25:52.044, 24087 MiB, 49.64 W, 20 %, 48
2026/10/10 02:25:53.050, 24087 MiB, 48.21 W, 39 %, 49
2026/10/10 02:25:54.058, 24087 MiB, 49.56 W, 5 %, 48
2026/10/10 02:25:55.062, 24087 MiB, 46.98 W, 31 %, 49
2026/10/10 02:25:56.066, 24087 MiB, 49.24 W, 4 %, 48
2026/10/10 02:25:57.080, 24087 MiB, 49.26 W, 5 %, 48
2026/10/10 02:25:58.087, 24087 MiB, 49.68 W, 53 %, 48
2026/10/10 02:25:59.095, 24087 MiB, 48.37 W, 5 %, 49
2026/10/10 02:26:00.096, 24087 MiB, 49.62 W, 18 %, 48
2026/10/10 02:26:01.100, 24087 MiB, 47.73 W, 26 %, 50
2026/10/10 02:26:02.105, 24087 MiB, 49.82 W, 4 %, 48
2026/10/10 02:26:03.115, 24087 MiB, 47.31 W, 38 %, 49
2026/10/10 02:26:04.119, 24087 MiB, 49.58 W, 5 %, 48
2026/10/10 02:26:05.132, 24087 MiB, 46.73 W, 39 %, 49
2026/10/10 02:26:06.137, 24087 MiB, 49.68 W, 5 %, 48
2026/10/10 02:26:07.146, 24087 MiB, 46.62 W, 37 %, 49
2026/10/10 02:26:08.156, 24087 MiB, 48.53 W, 5 %, 48
2026/10/10 02:26:09.161, 24087 MiB, 47.99 W, 52 %, 49
2026/10/10 02:26:10.163, 24087 MiB, 49.72 W, 5 %, 48
2026/10/10 02:26:11.168, 24087 MiB, 48.53 W, 55 %, 49
2026/10/10 02:26:12.172, 24087 MiB, 49.39 W, 4 %, 48
2026/10/10 02:26:13.176, 24087 MiB, 49.67 W, 70 %, 48
2026/10/10 02:26:14.182, 24087 MiB, 49.58 W, 5 %, 48
2026/10/10 02:26:15.189, 24087 MiB, 49.32 W, 72 %, 48
2026/10/10 02:26:16.196, 24087 MiB, 49.11 W, 4 %, 48
2026/10/10 02:26:17.206, 24087 MiB, 49.10 W, 69 %, 48
2026/10/10 02:26:18.213, 24087 MiB, 49.15 W, 4 %, 49
2026/10/10 02:26:19.220, 24087 MiB, 49.47 W, 41 %, 48
2026/10/10 02:26:20.225, 24087 MiB, 47.26 W, 6 %, 49
2026/10/10 02:26:21.231, 24087 MiB, 49.52 W, 44 %, 48
2026/10/10 02:26:22.237, 24087 MiB, 47.73 W, 7 %, 49
2026/10/10 02:26:23.245, 24087 MiB, 49.78 W, 29 %, 48
2026/10/10 02:26:24.252, 24087 MiB, 47.28 W, 9 %, 49
2026/10/10 02:26:25.261, 24087 MiB, 49.82 W, 71 %, 48
2026/10/10 02:26:26.268, 24087 MiB, 49.74 W, 6 %, 48
2026/10/10 02:26:27.278, 24087 MiB, 49.12 W, 72 %, 49
2026/10/10 02:26:28.281, 24087 MiB, 49.57 W, 7 %, 48
2026/10/10 02:26:29.287, 24087 MiB, 50.15 W, 76 %, 49
2026/10/10 02:26:30.290, 24087 MiB, 49.48 W, 5 %, 48
2026/10/10 02:26:31.294, 24087 MiB, 50.00 W, 47 %, 48
2026/10/10 02:26:32.297, 24087 MiB, 48.88 W, 4 %, 49
2026/10/10 02:26:33.301, 24087 MiB, 50.54 W, 19 %, 48
2026/10/10 02:26:34.316, 24087 MiB, 49.15 W, 40 %, 50
2026/10/10 02:26:35.321, 24087 MiB, 49.86 W, 5 %, 48
2026/10/10 02:26:36.333, 24087 MiB, 48.49 W, 54 %, 49
2026/10/10 02:26:37.341, 24087 MiB, 50.35 W, 4 %, 48
2026/10/10 02:26:38.342, 24087 MiB, 48.97 W, 50 %, 49
2026/10/10 02:26:39.344, 24087 MiB, 50.78 W, 6 %, 48
2026/10/10 02:26:40.344, 24087 MiB, 49.33 W, 61 %, 49
2026/10/10 02:26:41.349, 24087 MiB, 50.26 W, 5 %, 48
2026/10/10 02:26:42.356, 24087 MiB, 49.19 W, 56 %, 49
2026/10/10 02:26:43.363, 24087 MiB, 49.92 W, 5 %, 48
2026/10/10 02:26:44.374, 24087 MiB, 47.58 W, 43 %, 49
2026/10/10 02:26:45.381, 24087 MiB, 49.65 W, 4 %, 48
2026/10/10 02:26:46.387, 24087 MiB, 46.99 W, 32 %, 50
2026/10/10 02:26:47.396, 24087 MiB, 49.35 W, 5 %, 48
2026/10/10 02:26:48.407, 24087 MiB, 46.38 W, 38 %, 50
2026/10/10 02:26:49.411, 24087 MiB, 49.74 W, 4 %, 48
2026/10/10 02:26:50.417, 24087 MiB, 47.63 W, 41 %, 49
2026/10/10 02:26:51.424, 24087 MiB, 49.67 W, 4 %, 48
2026/10/10 02:26:52.428, 24087 MiB, 49.54 W, 69 %, 49
2026/10/10 02:26:53.435, 24087 MiB, 49.82 W, 4 %, 48
2026/10/10 02:26:54.459, 24087 MiB, 49.88 W, 70 %, 49
2026/10/10 02:26:55.463, 24087 MiB, 49.27 W, 5 %, 48
2026/10/10 02:26:56.471, 24087 MiB, 49.30 W, 71 %, 49
2026/10/10 02:26:57.480, 24087 MiB, 49.58 W, 6 %, 49
2026/10/10 02:26:58.485, 24087 MiB, 49.84 W, 70 %, 49
2026/10/10 02:26:59.489, 24087 MiB, 49.07 W, 6 %, 49
2026/10/10 02:27:00.504, 24087 MiB, 49.78 W, 58 %, 49
2026/10/10 02:27:01.519, 24087 MiB, 48.70 W, 7 %, 49
2026/10/10 02:27:02.523, 24087 MiB, 50.04 W, 56 %, 49
2026/10/10 02:27:03.539, 24087 MiB, 48.88 W, 5 %, 50
2026/10/10 02:27:04.545, 24087 MiB, 49.85 W, 26 %, 49
2026/10/10 02:27:05.547, 24087 MiB, 48.76 W, 33 %, 50
2026/10/10 02:27:06.559, 24087 MiB, 50.02 W, 5 %, 49
2026/10/10 02:27:07.565, 24087 MiB, 48.22 W, 48 %, 49
2026/10/10 02:27:08.579, 24087 MiB, 50.38 W, 4 %, 49
2026/10/10 02:27:09.579, 24087 MiB, 49.41 W, 60 %, 49
2026/10/10 02:27:10.585, 24087 MiB, 50.04 W, 5 %, 49
2026/10/10 02:27:11.595, 24087 MiB, 47.59 W, 6 %, 49
2026/10/10 02:27:12.598, 24087 MiB, 50.09 W, 26 %, 49
2026/10/10 02:27:13.599, 24087 MiB, 47.53 W, 10 %, 50
2026/10/10 02:27:14.603, 24087 MiB, 49.18 W, 33 %, 49
2026/10/10 02:27:15.608, 24087 MiB, 49.53 W, 6 %, 50
2026/10/10 02:27:16.616, 24087 MiB, 49.62 W, 19 %, 49
2026/10/10 02:27:17.636, 24087 MiB, 49.96 W, 31 %, 50
2026/10/10 02:27:18.640, 24087 MiB, 47.98 W, 5 %, 49
2026/10/10 02:27:19.643, 24087 MiB, 50.21 W, 61 %, 50
2026/10/10 02:27:20.657, 24087 MiB, 49.81 W, 5 %, 49
2026/10/10 02:27:21.661, 24087 MiB, 50.57 W, 69 %, 50
2026/10/10 02:27:22.674, 24087 MiB, 50.05 W, 5 %, 49
2026/10/10 02:27:23.676, 24087 MiB, 49.92 W, 72 %, 50
2026/10/10 02:27:24.691, 24087 MiB, 50.60 W, 5 %, 49
2026/10/10 02:27:25.691, 24087 MiB, 48.30 W, 41 %, 49
2026/10/10 02:27:26.703, 24087 MiB, 50.41 W, 5 %, 49
2026/10/10 02:27:27.717, 24087 MiB, 48.77 W, 51 %, 49
2026/10/10 02:27:28.720, 24087 MiB, 49.92 W, 5 %, 49
2026/10/10 02:27:29.734, 24087 MiB, 49.12 W, 58 %, 49
2026/10/10 02:27:30.738, 24087 MiB, 50.57 W, 7 %, 49
2026/10/10 02:27:31.739, 24087 MiB, 47.83 W, 46 %, 49
2026/10/10 02:27:32.742, 24087 MiB, 49.44 W, 6 %, 49
2026/10/10 02:27:33.754, 24087 MiB, 47.86 W, 48 %, 49
2026/10/10 02:27:34.758, 24087 MiB, 50.38 W, 7 %, 49
2026/10/10 02:27:35.761, 24087 MiB, 47.73 W, 41 %, 49
2026/10/10 02:27:36.767, 24087 MiB, 50.53 W, 9 %, 49
2026/10/10 02:27:37.774, 24087 MiB, 48.76 W, 40 %, 49
2026/10/10 02:27:38.786, 24087 MiB, 51.30 W, 6 %, 49
2026/10/10 02:27:39.790, 24087 MiB, 49.31 W, 46 %, 49
2026/10/10 02:27:40.812, 24087 MiB, 51.04 W, 4 %, 49
2026/10/10 02:27:41.826, 24087 MiB, 49.51 W, 57 %, 49
2026/10/10 02:27:42.840, 24087 MiB, 50.87 W, 5 %, 49
2026/10/10 02:27:43.840, 24087 MiB, 50.64 W, 71 %, 50
2026/10/10 02:27:44.845, 24087 MiB, 50.54 W, 5 %, 49
2026/10/10 02:27:45.851, 24087 MiB, 49.18 W, 51 %, 49
2026/10/10 02:27:46.857, 24087 MiB, 50.51 W, 5 %, 49
2026/10/10 02:27:47.859, 24087 MiB, 48.30 W, 39 %, 49
2026/10/10 02:27:48.866, 24087 MiB, 50.87 W, 5 %, 49
2026/10/10 02:27:49.869, 24087 MiB, 47.99 W, 37 %, 49
2026/10/10 02:27:50.879, 24087 MiB, 50.02 W, 12 %, 49
2026/10/10 02:27:51.890, 24087 MiB, 47.39 W, 17 %, 49
2026/10/10 02:27:52.893, 24087 MiB, 50.01 W, 4 %, 49
2026/10/10 02:27:53.906, 24087 MiB, 49.24 W, 60 %, 49
2026/10/10 02:27:54.910, 24087 MiB, 50.81 W, 20 %, 50
2026/10/10 02:27:55.913, 24087 MiB, 47.73 W, 4 %, 49
2026/10/10 02:27:56.915, 24087 MiB, 51.02 W, 70 %, 50
2026/10/10 02:27:57.918, 24087 MiB, 51.20 W, 5 %, 49
2026/10/10 02:27:58.922, 24087 MiB, 50.91 W, 72 %, 50
2026/10/10 02:27:59.933, 24087 MiB, 51.06 W, 5 %, 49
2026/10/10 02:28:00.939, 24087 MiB, 50.77 W, 69 %, 50
2026/10/10 02:28:01.942, 24087 MiB, 50.73 W, 7 %, 49
2026/10/10 02:28:02.957, 24087 MiB, 50.91 W, 75 %, 50
2026/10/10 02:28:03.973, 24087 MiB, 50.66 W, 6 %, 49
2026/10/10 02:28:04.977, 24087 MiB, 50.61 W, 76 %, 50
2026/10/10 02:28:05.981, 24087 MiB, 51.05 W, 6 %, 49
2026/10/10 02:28:06.996, 24087 MiB, 51.22 W, 74 %, 50
2026/10/10 02:28:08.006, 24087 MiB, 51.01 W, 5 %, 49
2026/10/10 02:28:09.016, 24087 MiB, 50.90 W, 76 %, 50
2026/10/10 02:28:10.029, 24087 MiB, 50.99 W, 5 %, 49
2026/10/10 02:28:11.044, 24087 MiB, 50.60 W, 73 %, 50
2026/10/10 02:28:12.060, 24087 MiB, 50.18 W, 6 %, 49
2026/10/10 02:28:13.074, 24087 MiB, 50.63 W, 74 %, 50
2026/10/10 02:28:14.083, 24087 MiB, 50.69 W, 5 %, 49
2026/10/10 02:28:15.085, 24087 MiB, 50.01 W, 56 %, 49
2026/10/10 02:28:16.086, 24087 MiB, 50.89 W, 5 %, 49
2026/10/10 02:28:17.099, 24087 MiB, 50.52 W, 60 %, 49
2026/10/10 02:28:18.107, 24087 MiB, 51.30 W, 5 %, 49
2026/10/10 02:28:19.115, 24087 MiB, 50.26 W, 4 %, 49
2026/10/10 02:28:20.119, 24087 MiB, 51.47 W, 49 %, 51
2026/10/10 02:28:21.122, 24087 MiB, 50.03 W, 5 %, 49
2026/10/10 02:28:22.128, 24087 MiB, 51.21 W, 31 %, 50
2026/10/10 02:28:23.137, 24087 MiB, 48.96 W, 4 %, 49
2026/10/10 02:28:24.152, 24087 MiB, 51.06 W, 34 %, 50
2026/10/10 02:28:25.153, 24087 MiB, 49.13 W, 5 %, 49
2026/10/10 02:28:26.162, 24087 MiB, 51.41 W, 73 %, 50
2026/10/10 02:28:27.168, 24087 MiB, 51.38 W, 5 %, 49
2026/10/10 02:28:28.172, 24087 MiB, 49.75 W, 63 %, 49
2026/10/10 02:28:29.182, 24087 MiB, 50.17 W, 5 %, 50
2026/10/10 02:28:30.187, 24087 MiB, 48.76 W, 49 %, 49
2026/10/10 02:28:31.195, 24087 MiB, 50.71 W, 8 %, 50
2026/10/10 02:28:32.201, 24087 MiB, 47.36 W, 31 %, 49
2026/10/10 02:28:33.210, 24087 MiB, 50.66 W, 22 %, 50
2026/10/10 02:28:34.223, 24087 MiB, 47.63 W, 7 %, 49
2026/10/10 02:28:35.230, 24087 MiB, 50.73 W, 38 %, 50
2026/10/10 02:28:36.243, 24087 MiB, 48.93 W, 6 %, 49
2026/10/10 02:28:37.252, 24087 MiB, 50.62 W, 46 %, 51
2026/10/10 02:28:38.262, 24087 MiB, 49.20 W, 5 %, 49
2026/10/10 02:28:39.271, 24087 MiB, 50.59 W, 59 %, 50
2026/10/10 02:28:40.274, 24087 MiB, 50.13 W, 4 %, 50
2026/10/10 02:28:41.280, 24087 MiB, 50.33 W, 56 %, 50
2026/10/10 02:28:42.294, 24087 MiB, 49.61 W, 5 %, 50
2026/10/10 02:28:43.303, 24087 MiB, 50.66 W, 58 %, 50
2026/10/10 02:28:44.314, 24087 MiB, 50.28 W, 5 %, 50
2026/10/10 02:28:45.326, 24087 MiB, 50.92 W, 56 %, 50
2026/10/10 02:28:46.332, 24087 MiB, 50.03 W, 4 %, 50
2026/10/10 02:28:47.343, 24087 MiB, 50.94 W, 66 %, 50
2026/10/10 02:28:48.350, 24087 MiB, 51.02 W, 5 %, 50
2026/10/10 02:28:49.355, 24087 MiB, 50.83 W, 68 %, 50
2026/10/10 02:28:50.359, 24087 MiB, 50.97 W, 4 %, 49
2026/10/10 02:28:51.367, 24087 MiB, 51.02 W, 72 %, 50
2026/10/10 02:28:52.378, 24087 MiB, 51.10 W, 5 %, 49
2026/10/10 02:28:53.388, 24087 MiB, 50.11 W, 62 %, 50
2026/10/10 02:28:54.413, 24087 MiB, 50.93 W, 6 %, 49
2026/10/10 02:28:55.419, 24087 MiB, 46.83 W, 8 %, 51
2026/10/10 02:28:56.426, 24087 MiB, 51.47 W, 16 %, 50
2026/10/10 02:28:57.441, 24087 MiB, 48.92 W, 19 %, 51
2026/10/10 02:28:58.445, 24087 MiB, 51.18 W, 32 %, 50
2026/10/10 02:28:59.456, 24087 MiB, 48.62 W, 7 %, 51
2026/10/10 02:29:00.465, 24087 MiB, 50.98 W, 39 %, 50
2026/10/10 02:29:01.472, 24087 MiB, 48.45 W, 8 %, 51
2026/10/10 02:29:02.475, 24087 MiB, 51.17 W, 39 %, 50
2026/10/10 02:29:03.481, 24087 MiB, 49.55 W, 15 %, 51
2026/10/10 02:29:04.492, 24087 MiB, 51.42 W, 23 %, 50
2026/10/10 02:29:05.498, 24087 MiB, 48.22 W, 7 %, 50
2026/10/10 02:29:06.509, 24087 MiB, 51.31 W, 70 %, 50
2026/10/10 02:29:07.520, 24087 MiB, 50.84 W, 6 %, 50
2026/10/10 02:29:08.530, 24087 MiB, 51.24 W, 76 %, 50
2026/10/10 02:29:09.540, 24087 MiB, 51.01 W, 7 %, 50
2026/10/10 02:29:10.543, 24087 MiB, 51.20 W, 74 %, 50
2026/10/10 02:29:11.559, 24087 MiB, 51.31 W, 4 %, 50
2026/10/10 02:29:12.567, 24087 MiB, 50.87 W, 68 %, 50
2026/10/10 02:29:13.569, 24087 MiB, 51.33 W, 4 %, 50
2026/10/10 02:29:14.578, 24087 MiB, 50.97 W, 69 %, 50
2026/10/10 02:29:15.585, 24087 MiB, 50.80 W, 5 %, 50
2026/10/10 02:29:16.587, 24087 MiB, 50.12 W, 65 %, 50
2026/10/10 02:29:17.600, 24087 MiB, 50.42 W, 4 %, 50
2026/10/10 02:29:18.605, 24087 MiB, 49.60 W, 58 %, 50
2026/10/10 02:29:19.612, 24087 MiB, 50.79 W, 5 %, 50
2026/10/10 02:29:20.618, 24087 MiB, 48.20 W, 39 %, 51
2026/10/10 02:29:21.623, 24087 MiB, 50.65 W, 5 %, 50
2026/10/10 02:29:22.629, 24087 MiB, 50.34 W, 4 %, 50
2026/10/10 02:29:23.634, 24087 MiB, 50.21 W, 63 %, 50
2026/10/10 02:29:24.642, 24087 MiB, 50.75 W, 5 %, 50
2026/10/10 02:29:25.650, 24087 MiB, 48.47 W, 37 %, 51
2026/10/10 02:29:26.654, 24087 MiB, 50.82 W, 13 %, 50
2026/10/10 02:29:27.661, 24087 MiB, 48.06 W, 18 %, 51
2026/10/10 02:29:28.665, 24087 MiB, 50.89 W, 15 %, 50
2026/10/10 02:29:29.667, 24087 MiB, 47.55 W, 4 %, 51
2026/10/10 02:29:30.677, 24087 MiB, 50.65 W, 25 %, 50
2026/10/10 02:29:31.682, 24087 MiB, 48.24 W, 5 %, 51
2026/10/10 02:29:32.687, 24087 MiB, 51.00 W, 54 %, 50
2026/10/10 02:29:33.695, 24087 MiB, 50.08 W, 4 %, 50
2026/10/10 02:29:34.707, 24087 MiB, 50.80 W, 69 %, 50
2026/10/10 02:29:35.714, 24087 MiB, 51.27 W, 5 %, 50
2026/10/10 02:29:36.720, 24087 MiB, 51.66 W, 62 %, 50
2026/10/10 02:29:37.725, 24087 MiB, 51.40 W, 5 %, 50
2026/10/10 02:29:38.729, 24087 MiB, 51.45 W, 72 %, 50
2026/10/10 02:29:39.744, 24087 MiB, 51.31 W, 4 %, 50
2026/10/10 02:29:40.765, 24087 MiB, 51.67 W, 70 %, 50
2026/10/10 02:29:41.768, 24087 MiB, 51.24 W, 5 %, 50
2026/10/10 02:29:42.771, 24087 MiB, 51.34 W, 69 %, 50
2026/10/10 02:29:43.774, 24087 MiB, 51.31 W, 4 %, 50
2026/10/10 02:29:44.779, 24087 MiB, 50.14 W, 60 %, 50
2026/10/10 02:29:45.783, 24087 MiB, 50.99 W, 8 %, 50
2026/10/10 02:29:46.785, 24087 MiB, 49.94 W, 61 %, 50
2026/10/10 02:29:47.789, 24087 MiB, 51.45 W, 6 %, 50
2026/10/10 02:29:48.804, 24087 MiB, 47.78 W, 34 %, 51
2026/10/10 02:29:49.805, 24087 MiB, 51.20 W, 9 %, 50
2026/10/10 02:29:50.808, 24087 MiB, 48.59 W, 32 %, 51
2026/10/10 02:29:51.822, 24087 MiB, 51.90 W, 5 %, 50
2026/10/10 02:29:52.825, 24087 MiB, 34.19 W, 3 %, 50
2026/10/10 02:29:53.840, 24087 MiB, 55.48 W, 99 %, 61
2026/10/10 02:29:54.850, 24087 MiB, 242.45 W, 99 %, 72
2026/10/10 02:29:55.852, 24087 MiB, 264.30 W, 100 %, 70
2026/10/10 02:29:56.858, 24087 MiB, 239.21 W, 100 %, 58
2026/10/10 02:29:57.862, 24087 MiB, 194.58 W, 95 %, 70
2026/10/10 02:29:58.874, 24087 MiB, 286.47 W, 91 %, 60
2026/10/10 02:29:59.877, 24087 MiB, 276.55 W, 96 %, 72
2026/10/10 02:30:00.892, 24087 MiB, 251.57 W, 99 %, 61
2026/10/10 02:30:01.905, 24087 MiB, 264.46 W, 100 %, 62
2026/10/10 02:30:02.919, 24087 MiB, 263.10 W, 100 %, 63
2026/10/10 02:30:03.929, 24087 MiB, 200.49 W, 100 %, 58
2026/10/10 02:30:04.943, 24087 MiB, 258.47 W, 89 %, 61
2026/10/10 02:30:05.957, 24087 MiB, 259.97 W, 93 %, 65
2026/10/10 02:30:06.973, 24087 MiB, 304.39 W, 99 %, 73
2026/10/10 02:30:07.989, 24087 MiB, 245.46 W, 100 %, 66
2026/10/10 02:30:09.001, 24087 MiB, 260.80 W, 99 %, 68
2026/10/10 02:30:10.013, 24087 MiB, 260.66 W, 100 %, 73
2026/10/10 02:30:11.029, 24087 MiB, 212.43 W, 100 %, 56
2026/10/10 02:30:12.039, 24087 MiB, 236.28 W, 99 %, 72
2026/10/10 02:30:13.049, 24087 MiB, 312.46 W, 98 %, 63
2026/10/10 02:30:14.059, 24087 MiB, 295.89 W, 91 %, 61
2026/10/10 02:30:15.075, 24087 MiB, 250.43 W, 91 %, 57
2026/10/10 02:30:16.081, 24087 MiB, 151.19 W, 4 %, 53
2026/10/10 02:30:17.093, 24087 MiB, 100.80 W, 43 %, 51
2026/10/10 02:30:18.107, 24087 MiB, 61.88 W, 43 %, 50
2026/10/10 02:30:19.114, 24087 MiB, 59.78 W, 45 %, 49
2026/10/10 02:30:20.119, 24087 MiB, 57.62 W, 46 %, 49
2026/10/10 02:30:21.132, 24087 MiB, 56.26 W, 39 %, 49
2026/10/10 02:30:22.147, 24087 MiB, 54.18 W, 40 %, 48
2026/10/10 02:30:23.157, 24087 MiB, 55.46 W, 49 %, 48
2026/10/10 02:30:24.163, 24087 MiB, 54.06 W, 37 %, 48
2026/10/10 02:30:25.167, 24087 MiB, 51.36 W, 4 %, 47
2026/10/10 02:30:26.173, 24087 MiB, 51.78 W, 61 %, 47
2026/10/10 02:30:27.187, 24087 MiB, 49.68 W, 7 %, 46
2026/10/10 02:30:28.194, 24087 MiB, 51.53 W, 22 %, 47
2026/10/10 02:30:29.196, 24087 MiB, 50.50 W, 72 %, 46
2026/10/10 02:30:30.205, 24087 MiB, 48.23 W, 20 %, 46
2026/10/10 02:30:31.219, 24087 MiB, 51.26 W, 13 %, 47
2026/10/10 02:30:32.234, 24087 MiB, 51.16 W, 67 %, 46
2026/10/10 02:30:33.242, 24087 MiB, 49.64 W, 5 %, 45
2026/10/10 02:30:34.249, 24087 MiB, 50.79 W, 32 %, 46
2026/10/10 02:30:35.250, 24087 MiB, 48.70 W, 6 %, 45
2026/10/10 02:30:36.265, 24087 MiB, 49.04 W, 45 %, 45
2026/10/10 02:30:37.274, 24087 MiB, 51.10 W, 67 %, 46
2026/10/10 02:30:38.289, 24087 MiB, 50.88 W, 4 %, 45
2026/10/10 02:30:39.305, 24087 MiB, 48.74 W, 44 %, 44
2026/10/10 02:30:40.312, 24087 MiB, 50.97 W, 40 %, 45
2026/10/10 02:30:41.317, 24087 MiB, 49.08 W, 6 %, 44
2026/10/10 02:30:42.329, 24087 MiB, 48.78 W, 40 %, 44
2026/10/10 02:30:43.333, 24087 MiB, 51.20 W, 69 %, 45
2026/10/10 02:30:44.338, 24087 MiB, 50.84 W, 7 %, 44
2026/10/10 02:30:45.342, 24087 MiB, 46.99 W, 8 %, 44
2026/10/10 02:30:46.358, 24087 MiB, 50.63 W, 72 %, 44
2026/10/10 02:30:47.367, 24087 MiB, 50.67 W, 27 %, 44
2026/10/10 02:30:48.379, 24087 MiB, 47.95 W, 7 %, 43
2026/10/10 02:30:49.387, 24087 MiB, 49.60 W, 61 %, 43
2026/10/10 02:30:50.391, 24087 MiB, 50.37 W, 35 %, 44
2026/10/10 02:30:51.400, 24087 MiB, 48.15 W, 9 %, 43
2026/10/10 02:30:52.404, 24087 MiB, 49.87 W, 74 %, 43
2026/10/10 02:30:53.405, 24087 MiB, 50.34 W, 38 %, 44
2026/10/10 02:30:54.419, 24087 MiB, 48.21 W, 5 %, 43
2026/10/10 02:30:55.434, 24087 MiB, 46.07 W, 13 %, 43
2026/10/10 02:30:56.439, 24087 MiB, 50.22 W, 71 %, 43
2026/10/10 02:30:57.445, 24087 MiB, 50.02 W, 25 %, 43
2026/10/10 02:30:58.467, 24087 MiB, 47.74 W, 5 %, 42
2026/10/10 02:30:59.476, 24087 MiB, 49.96 W, 68 %, 43
2026/10/10 02:31:00.486, 24087 MiB, 50.10 W, 8 %, 42
2026/10/10 02:31:01.496, 24087 MiB, 47.39 W, 21 %, 42
2026/10/10 02:31:02.508, 24087 MiB, 50.10 W, 75 %, 43
2026/10/10 02:31:03.517, 24087 MiB, 50.19 W, 17 %, 42
2026/10/10 02:31:04.519, 24087 MiB, 48.01 W, 26 %, 42
2026/10/10 02:31:05.526, 24087 MiB, 49.94 W, 72 %, 43
2026/10/10 02:31:06.535, 24087 MiB, 50.07 W, 9 %, 42
2026/10/10 02:31:07.543, 24087 MiB, 46.00 W, 6 %, 42
2026/10/10 02:31:08.554, 24087 MiB, 49.01 W, 63 %, 41
2026/10/10 02:31:09.569, 24087 MiB, 49.76 W, 30 %, 42
2026/10/10 02:31:10.574, 24087 MiB, 48.10 W, 5 %, 41
2026/10/10 02:31:11.576, 24087 MiB, 47.83 W, 43 %, 41
2026/10/10 02:31:12.582, 24087 MiB, 49.38 W, 36 %, 42
2026/10/10 02:31:13.584, 24087 MiB, 47.42 W, 6 %, 41
2026/10/10 02:31:14.597, 24087 MiB, 48.32 W, 51 %, 41
2026/10/10 02:31:15.603, 24087 MiB, 49.66 W, 45 %, 42
2026/10/10 02:31:16.612, 24087 MiB, 48.26 W, 5 %, 41
2026/10/10 02:31:17.619, 24087 MiB, 47.37 W, 44 %, 41
2026/10/10 02:31:18.630, 24087 MiB, 49.23 W, 47 %, 42
2026/10/10 02:31:19.631, 24087 MiB, 48.12 W, 5 %, 41
2026/10/10 02:31:20.637, 24087 MiB, 46.88 W, 33 %, 41
2026/10/10 02:31:21.648, 24087 MiB, 49.88 W, 77 %, 41
2026/10/10 02:31:22.660, 24087 MiB, 48.21 W, 8 %, 41
2026/10/10 02:31:23.670, 24087 MiB, 46.53 W, 30 %, 41
2026/10/10 02:31:24.680, 24087 MiB, 49.60 W, 74 %, 41
2026/10/10 02:31:25.684, 24087 MiB, 49.24 W, 39 %, 42
2026/10/10 02:31:26.698, 24087 MiB, 47.43 W, 7 %, 41
2026/10/10 02:31:27.701, 24087 MiB, 47.08 W, 41 %, 41
2026/10/10 02:31:28.707, 24087 MiB, 49.50 W, 67 %, 42
2026/10/10 02:31:29.718, 24087 MiB, 49.32 W, 6 %, 41
2026/10/10 02:31:30.727, 24087 MiB, 47.25 W, 36 %, 41
2026/10/10 02:31:31.736, 24087 MiB, 49.93 W, 71 %, 42
2026/10/10 02:31:32.749, 24087 MiB, 49.68 W, 19 %, 41
2026/10/10 02:31:33.757, 24087 MiB, 46.74 W, 6 %, 41
2026/10/10 02:31:34.771, 24087 MiB, 48.81 W, 56 %, 41
2026/10/10 02:31:35.778, 24087 MiB, 49.53 W, 36 %, 42
2026/10/10 02:31:36.789, 24087 MiB, 47.57 W, 5 %, 41
2026/10/10 02:31:37.798, 24087 MiB, 48.40 W, 51 %, 41
2026/10/10 02:31:38.803, 24087 MiB, 49.69 W, 62 %, 42
2026/10/10 02:31:39.807, 24087 MiB, 49.11 W, 10 %, 42
2026/10/10 02:31:40.811, 24087 MiB, 46.12 W, 12 %, 41
2026/10/10 02:31:41.821, 24087 MiB, 48.99 W, 64 %, 41
2026/10/10 02:31:42.832, 24087 MiB, 49.47 W, 37 %, 42
2026/10/10 02:31:43.840, 24087 MiB, 47.27 W, 6 %, 41
2026/10/10 02:31:44.844, 24087 MiB, 49.01 W, 67 %, 42
2026/10/10 02:31:45.859, 24087 MiB, 48.77 W, 18 %, 42
2026/10/10 02:31:46.869, 24087 MiB, 46.44 W, 13 %, 42
2026/10/10 02:31:47.880, 24087 MiB, 48.85 W, 62 %, 42
2026/10/10 02:31:48.901, 24087 MiB, 49.88 W, 45 %, 42
2026/10/10 02:31:49.905, 24087 MiB, 48.14 W, 7 %, 42
2026/10/10 02:31:50.914, 24087 MiB, 46.11 W, 27 %, 43
2026/10/10 02:31:51.918, 24087 MiB, 49.29 W, 71 %, 42
2026/10/10 02:31:52.919, 24087 MiB, 50.10 W, 17 %, 42
2026/10/10 02:31:53.928, 24087 MiB, 45.97 W, 5 %, 43
2026/10/10 02:31:54.937, 24087 MiB, 48.80 W, 67 %, 42
2026/10/10 02:31:55.946, 24087 MiB, 49.58 W, 45 %, 42
2026/10/10 02:31:56.948, 24087 MiB, 48.39 W, 5 %, 42
2026/10/10 02:31:57.951, 24087 MiB, 48.09 W, 47 %, 43
2026/10/10 02:31:58.963, 24087 MiB, 49.54 W, 53 %, 42
2026/10/10 02:31:59.977, 24087 MiB, 47.78 W, 8 %, 43
2026/10/10 02:32:00.987, 24087 MiB, 48.42 W, 60 %, 43
2026/10/10 02:32:01.992, 24087 MiB, 49.12 W, 62 %, 42
2026/10/10 02:32:02.997, 24087 MiB, 49.04 W, 7 %, 42
2026/10/10 02:32:04.011, 24087 MiB, 45.18 W, 18 %, 43
2026/10/10 02:32:05.016, 24087 MiB, 49.76 W, 67 %, 43
2026/10/10 02:32:06.029, 24087 MiB, 49.31 W, 17 %, 42
2026/10/10 02:32:07.035, 24087 MiB, 45.79 W, 9 %, 43
2026/10/10 02:32:08.037, 24087 MiB, 48.75 W, 68 %, 43
2026/10/10 02:32:09.051, 24087 MiB, 48.97 W, 37 %, 42
2026/10/10 02:32:10.053, 24087 MiB, 47.15 W, 6 %, 42
2026/10/10 02:32:11.060, 24087 MiB, 46.00 W, 26 %, 44
2026/10/10 02:32:12.063, 24087 MiB, 49.73 W, 71 %, 43
2026/10/10 02:32:13.066, 24087 MiB, 50.38 W, 36 %, 43
2026/10/10 02:32:14.071, 24087 MiB, 47.97 W, 5 %, 43
2026/10/10 02:32:15.075, 24087 MiB, 48.81 W, 58 %, 43
2026/10/10 02:32:16.082, 24087 MiB, 49.64 W, 55 %, 43
2026/10/10 02:32:17.089, 24087 MiB, 48.94 W, 4 %, 43
2026/10/10 02:32:18.098, 24087 MiB, 46.39 W, 23 %, 44
2026/10/10 02:32:19.102, 24087 MiB, 49.67 W, 67 %, 43
2026/10/10 02:32:20.111, 24087 MiB, 49.48 W, 8 %, 43
2026/10/10 02:32:21.119, 24087 MiB, 46.06 W, 9 %, 44
2026/10/10 02:32:22.125, 24087 MiB, 48.93 W, 61 %, 43
2026/10/10 02:32:23.137, 24087 MiB, 49.85 W, 52 %, 43
2026/10/10 02:32:24.152, 24087 MiB, 48.78 W, 22 %, 43
2026/10/10 02:32:25.155, 24087 MiB, 47.45 W, 12 %, 43
2026/10/10 02:32:26.167, 24087 MiB, 47.13 W, 5 %, 44
2026/10/10 02:32:27.179, 24087 MiB, 50.23 W, 81 %, 43
2026/10/10 02:32:28.193, 24087 MiB, 49.89 W, 11 %, 43
2026/10/10 02:32:29.197, 24087 MiB, 46.15 W, 7 %, 44
2026/10/10 02:32:30.198, 24087 MiB, 45.25 W, 5 %, 43
2026/10/10 02:32:31.207, 24087 MiB, 45.34 W, 5 %, 43
2026/10/10 02:32:32.209, 24087 MiB, 45.82 W, 5 %, 44
2026/10/10 02:32:33.222, 24087 MiB, 49.46 W, 63 %, 44
2026/10/10 02:32:34.236, 24087 MiB, 49.70 W, 35 %, 43
2026/10/10 02:32:35.240, 24087 MiB, 48.04 W, 5 %, 43
2026/10/10 02:32:36.254, 24087 MiB, 46.43 W, 16 %, 44
2026/10/10 02:32:37.258, 24087 MiB, 49.67 W, 70 %, 44
2026/10/10 02:32:38.273, 24087 MiB, 49.68 W, 51 %, 43
2026/10/10 02:32:39.275, 24087 MiB, 48.94 W, 5 %, 43
2026/10/10 02:32:40.278, 24087 MiB, 47.80 W, 39 %, 44
2026/10/10 02:32:41.281, 24087 MiB, 50.49 W, 67 %, 44
2026/10/10 02:32:42.285, 24087 MiB, 50.26 W, 5 %, 43
2026/10/10 02:32:43.286, 24087 MiB, 46.56 W, 5 %, 44
2026/10/10 02:32:44.303, 24087 MiB, 48.80 W, 43 %, 44
2026/10/10 02:32:45.315, 24087 MiB, 50.94 W, 62 %, 44
2026/10/10 02:32:46.328, 24087 MiB, 50.35 W, 12 %, 44
2026/10/10 02:32:47.334, 24087 MiB, 46.80 W, 5 %, 45
2026/10/10 02:32:48.335, 24087 MiB, 48.89 W, 49 %, 44
2026/10/10 02:32:49.342, 24087 MiB, 50.60 W, 76 %, 44
2026/10/10 02:32:50.357, 24087 MiB, 51.12 W, 56 %, 44
2026/10/10 02:32:51.360, 24087 MiB, 49.81 W, 8 %, 44
2026/10/10 02:32:52.366, 24087 MiB, 47.73 W, 34 %, 45
2026/10/10 02:32:53.380, 24087 MiB, 50.95 W, 80 %, 44
2026/10/10 02:32:54.394, 24087 MiB, 51.04 W, 25 %, 44
2026/10/10 02:32:55.400, 24087 MiB, 47.63 W, 6 %, 44
2026/10/10 02:32:56.409, 24087 MiB, 46.76 W, 17 %, 45
2026/10/10 02:32:57.423, 24087 MiB, 50.62 W, 68 %, 44
2026/10/10 02:32:58.434, 24087 MiB, 50.29 W, 10 %, 44
2026/10/10 02:32:59.449, 24087 MiB, 47.23 W, 5 %, 45
2026/10/10 02:33:00.461, 24087 MiB, 49.62 W, 63 %, 44
2026/10/10 02:33:01.468, 24087 MiB, 50.76 W, 42 %, 44
2026/10/10 02:33:02.478, 24087 MiB, 48.99 W, 5 %, 44
2026/10/10 02:33:03.486, 24087 MiB, 48.16 W, 33 %, 45
2026/10/10 02:33:04.487, 24087 MiB, 50.56 W, 76 %, 44
2026/10/10 02:33:05.500, 24087 MiB, 50.94 W, 10 %, 44
2026/10/10 02:33:06.506, 24087 MiB, 47.16 W, 6 %, 45
2026/10/10 02:33:07.520, 24087 MiB, 49.50 W, 54 %, 45
2026/10/10 02:33:08.526, 24087 MiB, 51.10 W, 51 %, 44
2026/10/10 02:33:09.533, 24087 MiB, 50.37 W, 5 %, 45
2026/10/10 02:33:10.535, 24087 MiB, 48.65 W, 31 %, 46
2026/10/10 02:33:11.543, 24087 MiB, 51.14 W, 62 %, 44
2026/10/10 02:33:12.547, 24087 MiB, 50.98 W, 5 %, 44
2026/10/10 02:33:13.554, 24087 MiB, 47.11 W, 5 %, 45
2026/10/10 02:33:14.562, 24087 MiB, 49.06 W, 47 %, 45
2026/10/10 02:33:15.564, 24087 MiB, 50.79 W, 62 %, 44
2026/10/10 02:33:16.570, 24087 MiB, 50.92 W, 10 %, 44
2026/10/10 02:33:17.580, 24087 MiB, 47.04 W, 5 %, 46
2026/10/10 02:33:18.582, 24087 MiB, 51.01 W, 69 %, 45
2026/10/10 02:33:19.586, 24087 MiB, 51.26 W, 34 %, 44
2026/10/10 02:33:20.601, 24087 MiB, 49.59 W, 5 %, 45
2026/10/10 02:33:21.612, 24087 MiB, 49.54 W, 47 %, 45
2026/10/10 02:33:22.621, 24087 MiB, 51.94 W, 59 %, 45
2026/10/10 02:33:23.624, 24087 MiB, 51.28 W, 7 %, 44
2026/10/10 02:33:24.627, 24087 MiB, 47.40 W, 7 %, 46
2026/10/10 02:33:25.633, 24087 MiB, 48.90 W, 43 %, 46
2026/10/10 02:33:26.644, 24087 MiB, 51.66 W, 72 %, 45
2026/10/10 02:33:27.648, 24087 MiB, 51.51 W, 5 %, 45
2026/10/10 02:33:28.652, 24087 MiB, 47.78 W, 5 %, 45
2026/10/10 02:33:29.659, 24087 MiB, 50.18 W, 55 %, 45
2026/10/10 02:33:30.660, 24087 MiB, 48.21 W, 42 %, 45
2026/10/10 02:33:31.668, 24087 MiB, 49.74 W, 5 %, 45
2026/10/10 02:33:32.677, 24087 MiB, 51.10 W, 6 %, 46
2026/10/10 02:33:33.680, 24087 MiB, 51.32 W, 54 %, 45
2026/10/10 02:33:34.688, 24087 MiB, 47.11 W, 5 %, 45
2026/10/10 02:33:35.700, 24087 MiB, 50.01 W, 5 %, 45
2026/10/10 02:33:36.712, 24087 MiB, 51.15 W, 56 %, 46
2026/10/10 02:33:37.723, 24087 MiB, 50.94 W, 9 %, 45
2026/10/10 02:33:38.730, 24087 MiB, 47.81 W, 5 %, 45
2026/10/10 02:33:39.739, 24087 MiB, 51.04 W, 59 %, 45
2026/10/10 02:33:40.752, 24087 MiB, 52.17 W, 45 %, 46
2026/10/10 02:33:41.763, 24087 MiB, 50.16 W, 5 %, 45
2026/10/10 02:33:42.765, 24087 MiB, 47.62 W, 15 %, 45
2026/10/10 02:33:43.779, 24087 MiB, 51.37 W, 72 %, 46
2026/10/10 02:33:44.787, 24087 MiB, 51.48 W, 57 %, 46
2026/10/10 02:33:45.800, 24087 MiB, 50.48 W, 5 %, 45
2026/10/10 02:33:46.809, 24087 MiB, 47.72 W, 13 %, 45
2026/10/10 02:33:47.817, 24087 MiB, 52.10 W, 70 %, 45
2026/10/10 02:33:48.826, 24087 MiB, 52.25 W, 45 %, 46
2026/10/10 02:33:49.831, 24087 MiB, 50.59 W, 5 %, 45
2026/10/10 02:33:50.840, 24087 MiB, 48.86 W, 30 %, 45
2026/10/10 02:33:51.841, 24087 MiB, 51.49 W, 69 %, 46
2026/10/10 02:33:52.848, 24087 MiB, 51.75 W, 24 %, 46
2026/10/10 02:33:53.858, 24087 MiB, 49.17 W, 6 %, 45
2026/10/10 02:33:54.870, 24087 MiB, 47.72 W, 6 %, 45
2026/10/10 02:33:55.878, 24087 MiB, 49.43 W, 39 %, 45
2026/10/10 02:33:56.891, 24087 MiB, 51.85 W, 72 %, 46
2026/10/10 02:33:57.903, 24087 MiB, 51.42 W, 16 %, 46
2026/10/10 02:33:58.910, 24087 MiB, 48.19 W, 6 %, 45
2026/10/10 02:33:59.920, 24087 MiB, 49.13 W, 40 %, 45
2026/10/10 02:34:00.930, 24087 MiB, 51.41 W, 76 %, 46
2026/10/10 02:34:01.940, 24087 MiB, 51.62 W, 27 %, 46
2026/10/10 02:34:02.954, 24087 MiB, 47.99 W, 6 %, 46
2026/10/10 02:34:03.961, 24087 MiB, 49.61 W, 47 %, 45
2026/10/10 02:34:04.963, 24087 MiB, 52.03 W, 69 %, 47
2026/10/10 02:34:05.967, 24087 MiB, 51.09 W, 13 %, 46
2026/10/10 02:34:06.978, 24087 MiB, 47.98 W, 6 %, 46
2026/10/10 02:34:07.983, 24087 MiB, 49.52 W, 53 %, 45
2026/10/10 02:34:08.990, 24087 MiB, 51.70 W, 61 %, 47
2026/10/10 02:34:10.004, 24087 MiB, 50.94 W, 7 %, 46
2026/10/10 02:34:11.011, 24087 MiB, 47.48 W, 6 %, 46
2026/10/10 02:34:12.022, 24087 MiB, 49.74 W, 43 %, 46
2026/10/10 02:34:13.027, 24087 MiB, 51.97 W, 68 %, 47
2026/10/10 02:34:14.028, 24087 MiB, 52.07 W, 6 %, 46
2026/10/10 02:34:15.041, 24087 MiB, 47.97 W, 4 %, 46
2026/10/10 02:34:16.046, 24087 MiB, 51.38 W, 60 %, 46
2026/10/10 02:34:17.057, 24087 MiB, 51.99 W, 43 %, 47
2026/10/10 02:34:18.063, 24087 MiB, 51.11 W, 5 %, 46
2026/10/10 02:34:19.067, 24087 MiB, 48.39 W, 15 %, 46
2026/10/10 02:34:20.081, 24087 MiB, 52.39 W, 76 %, 47
2026/10/10 02:34:21.094, 24087 MiB, 52.46 W, 44 %, 47
2026/10/10 02:34:22.106, 24087 MiB, 50.82 W, 5 %, 46
2026/10/10 02:34:23.117, 24087 MiB, 50.20 W, 40 %, 46
2026/10/10 02:34:24.127, 24087 MiB, 51.81 W, 75 %, 47
2026/10/10 02:34:25.134, 24087 MiB, 51.62 W, 39 %, 47
2026/10/10 02:34:26.148, 24087 MiB, 49.61 W, 5 %, 46
2026/10/10 02:34:27.151, 24087 MiB, 47.21 W, 5 %, 46
2026/10/10 02:34:28.156, 24087 MiB, 47.81 W, 17 %, 46
2026/10/10 02:34:29.170, 24087 MiB, 49.35 W, 35 %, 46
2026/10/10 02:34:30.171, 24087 MiB, 51.98 W, 69 %, 47
2026/10/10 02:34:31.180, 24087 MiB, 52.01 W, 13 %, 46
2026/10/10 02:34:32.181, 24087 MiB, 48.90 W, 5 %, 46
2026/10/10 02:34:33.193, 24087 MiB, 49.38 W, 38 %, 46
2026/10/10 02:34:34.196, 24087 MiB, 51.43 W, 75 %, 47
2026/10/10 02:34:35.202, 24087 MiB, 50.75 W, 14 %, 47
2026/10/10 02:34:36.212, 24087 MiB, 47.68 W, 5 %, 46
2026/10/10 02:34:37.221, 24087 MiB, 50.44 W, 59 %, 46
2026/10/10 02:34:38.224, 24087 MiB, 51.67 W, 65 %, 47
2026/10/10 02:34:39.227, 24087 MiB, 51.77 W, 22 %, 47
2026/10/10 02:34:40.235, 24087 MiB, 48.70 W, 8 %, 46
2026/10/10 02:34:41.246, 24087 MiB, 48.38 W, 25 %, 46
2026/10/10 02:34:42.254, 24087 MiB, 51.75 W, 75 %, 47
2026/10/10 02:34:43.260, 24087 MiB, 51.80 W, 47 %, 47
2026/10/10 02:34:44.264, 24087 MiB, 50.14 W, 7 %, 47
2026/10/10 02:34:45.273, 24087 MiB, 48.00 W, 23 %, 46
2026/10/10 02:34:46.278, 24087 MiB, 50.54 W, 62 %, 46
2026/10/10 02:34:47.285, 24087 MiB, 51.69 W, 50 %, 48
2026/10/10 02:34:48.298, 24087 MiB, 50.98 W, 4 %, 47
2026/10/10 02:34:49.299, 24087 MiB, 48.88 W, 16 %, 46
2026/10/10 02:34:50.310, 24087 MiB, 51.78 W, 68 %, 47
2026/10/10 02:34:51.316, 24087 MiB, 52.29 W, 44 %, 48
2026/10/10 02:34:52.325, 24087 MiB, 50.67 W, 6 %, 47
2026/10/10 02:34:53.340, 24087 MiB, 48.16 W, 11 %, 46
2026/10/10 02:34:54.354, 24087 MiB, 51.90 W, 68 %, 47
2026/10/10 02:34:55.356, 24087 MiB, 52.00 W, 63 %, 47
2026/10/10 02:34:56.365, 24087 MiB, 51.52 W, 19 %, 46
2026/10/10 02:34:57.366, 24087 MiB, 48.81 W, 6 %, 47
2026/10/10 02:34:58.366, 24087 MiB, 50.92 W, 52 %, 47
2026/10/10 02:34:59.370, 24087 MiB, 50.79 W, 50 %, 47
2026/10/10 02:35:00.374, 24087 MiB, 51.58 W, 68 %, 47
2026/10/10 02:35:01.386, 24087 MiB, 51.56 W, 56 %, 47
2026/10/10 02:35:02.388, 24087 MiB, 51.77 W, 15 %, 47
2026/10/10 02:35:03.403, 24087 MiB, 48.79 W, 5 %, 47
2026/10/10 02:35:04.417, 24087 MiB, 49.13 W, 29 %, 48
2026/10/10 02:35:05.432, 24087 MiB, 51.88 W, 68 %, 47
2026/10/10 02:35:06.447, 24087 MiB, 52.01 W, 31 %, 47
2026/10/10 02:35:07.449, 24087 MiB, 49.21 W, 6 %, 47
2026/10/10 02:35:08.453, 24087 MiB, 49.26 W, 42 %, 48
2026/10/10 02:35:09.456, 24087 MiB, 51.98 W, 76 %, 47
2026/10/10 02:35:10.472, 24087 MiB, 51.58 W, 27 %, 47
2026/10/10 02:35:11.476, 24087 MiB, 49.62 W, 8 %, 47
2026/10/10 02:35:12.478, 24087 MiB, 48.56 W, 25 %, 48
2026/10/10 02:35:13.493, 24087 MiB, 51.83 W, 68 %, 47
2026/10/10 02:35:14.494, 24087 MiB, 52.38 W, 34 %, 47
2026/10/10 02:35:15.501, 24087 MiB, 50.70 W, 5 %, 47
2026/10/10 02:35:16.502, 24087 MiB, 48.17 W, 6 %, 48
2026/10/10 02:35:17.506, 24087 MiB, 52.43 W, 68 %, 47
2026/10/10 02:35:18.521, 24087 MiB, 52.44 W, 51 %, 47
2026/10/10 02:35:19.535, 24087 MiB, 51.24 W, 6 %, 47
2026/10/10 02:35:20.541, 24087 MiB, 48.06 W, 5 %, 48
2026/10/10 02:35:21.551, 24087 MiB, 51.64 W, 67 %, 47
2026/10/10 02:35:22.566, 24087 MiB, 51.91 W, 58 %, 47
2026/10/10 02:35:23.567, 24087 MiB, 51.11 W, 6 %, 47
2026/10/10 02:35:24.583, 24087 MiB, 47.52 W, 5 %, 48
2026/10/10 02:35:25.586, 24087 MiB, 48.53 W, 23 %, 48
2026/10/10 02:35:26.589, 24087 MiB, 51.57 W, 68 %, 47
2026/10/10 02:35:27.595, 24087 MiB, 52.32 W, 34 %, 47
2026/10/10 02:35:28.609, 24087 MiB, 50.20 W, 5 %, 47
2026/10/10 02:35:29.614, 24087 MiB, 48.51 W, 14 %, 48
2026/10/10 02:35:30.627, 24087 MiB, 52.44 W, 71 %, 47
2026/10/10 02:35:31.636, 24087 MiB, 53.19 W, 64 %, 47
2026/10/10 02:35:32.650, 24087 MiB, 52.79 W, 24 %, 47
2026/10/10 02:35:33.657, 24087 MiB, 49.97 W, 5 %, 48
2026/10/10 02:35:34.666, 24087 MiB, 50.11 W, 31 %, 48
2026/10/10 02:35:35.666, 24087 MiB, 52.31 W, 63 %, 48
2026/10/10 02:35:36.674, 24087 MiB, 52.83 W, 66 %, 47
2026/10/10 02:35:37.675, 24087 MiB, 52.13 W, 13 %, 47
2026/10/10 02:35:38.680, 24087 MiB, 48.70 W, 7 %, 48
2026/10/10 02:35:39.684, 24087 MiB, 49.34 W, 32 %, 49
2026/10/10 02:35:40.687, 24087 MiB, 52.43 W, 72 %, 48
2026/10/10 02:35:41.700, 24087 MiB, 52.65 W, 43 %, 47
2026/10/10 02:35:42.703, 24087 MiB, 51.43 W, 38 %, 47
2026/10/10 02:35:43.713, 24087 MiB, 50.99 W, 5 %, 47
2026/10/10 02:35:44.719, 24087 MiB, 49.68 W, 36 %, 49
2026/10/10 02:35:45.722, 24087 MiB, 52.59 W, 68 %, 48
2026/10/10 02:35:46.723, 24087 MiB, 52.12 W, 34 %, 47
2026/10/10 02:35:47.727, 24087 MiB, 50.93 W, 5 %, 47
2026/10/10 02:35:48.741, 24087 MiB, 48.53 W, 5 %, 48
2026/10/10 02:35:49.744, 24087 MiB, 51.34 W, 56 %, 48
2026/10/10 02:35:50.749, 24087 MiB, 52.08 W, 63 %, 47
2026/10/10 02:35:51.753, 24087 MiB, 51.85 W, 29 %, 47
2026/10/10 02:35:52.763, 24087 MiB, 49.65 W, 5 %, 47
2026/10/10 02:35:53.775, 24087 MiB, 48.96 W, 26 %, 49
2026/10/10 02:35:54.787, 24087 MiB, 51.95 W, 73 %, 48
2026/10/10 02:35:55.802, 24087 MiB, 52.60 W, 72 %, 48
2026/10/10 02:35:56.809, 24087 MiB, 52.48 W, 21 %, 47
2026/10/10 02:35:57.816, 24087 MiB, 49.93 W, 5 %, 48
2026/10/10 02:35:58.824, 24087 MiB, 51.05 W, 45 %, 48
2026/10/10 02:35:59.837, 24087 MiB, 53.00 W, 72 %, 48
2026/10/10 02:36:00.846, 24087 MiB, 52.37 W, 32 %, 48
2026/10/10 02:36:01.848, 24087 MiB, 50.25 W, 6 %, 48
2026/10/10 02:36:02.853, 24087 MiB, 49.44 W, 23 %, 49
2026/10/10 02:36:03.861, 24087 MiB, 51.65 W, 63 %, 48
2026/10/10 02:36:04.869, 24087 MiB, 52.53 W, 47 %, 48
2026/10/10 02:36:05.879, 24087 MiB, 51.88 W, 14 %, 48
2026/10/10 02:36:06.889, 24087 MiB, 50.25 W, 6 %, 48
2026/10/10 02:36:07.902, 24087 MiB, 48.90 W, 4 %, 49
2026/10/10 02:36:08.912, 24087 MiB, 52.45 W, 63 %, 48
2026/10/10 02:36:09.922, 24087 MiB, 52.98 W, 48 %, 48
2026/10/10 02:36:10.924, 24087 MiB, 52.06 W, 20 %, 48
2026/10/10 02:36:11.928, 24087 MiB, 49.97 W, 5 %, 48
2026/10/10 02:36:12.931, 24087 MiB, 50.68 W, 38 %, 49
2026/10/10 02:36:13.943, 24087 MiB, 53.32 W, 78 %, 48
2026/10/10 02:36:14.948, 24087 MiB, 53.39 W, 47 %, 48
2026/10/10 02:36:15.957, 24087 MiB, 51.95 W, 15 %, 48
2026/10/10 02:36:16.964, 24087 MiB, 49.85 W, 8 %, 48
2026/10/10 02:36:17.974, 24087 MiB, 49.42 W, 8 %, 49
2026/10/10 02:36:18.989, 24087 MiB, 51.35 W, 41 %, 49
2026/10/10 02:36:19.995, 24087 MiB, 53.47 W, 71 %, 48
2026/10/10 02:36:21.001, 24087 MiB, 52.83 W, 32 %, 48
2026/10/10 02:36:22.007, 24087 MiB, 51.11 W, 6 %, 48
2026/10/10 02:36:23.010, 24087 MiB, 48.91 W, 5 %, 49
2026/10/10 02:36:24.019, 24087 MiB, 51.83 W, 49 %, 48
2026/10/10 02:36:25.029, 24087 MiB, 50.38 W, 76 %, 48
2026/10/10 02:36:26.037, 24087 MiB, 48.71 W, 49 %, 48
2026/10/10 02:36:27.045, 24087 MiB, 49.63 W, 10 %, 48
2026/10/10 02:36:28.052, 24087 MiB, 51.14 W, 5 %, 48
2026/10/10 02:36:29.061, 24087 MiB, 52.81 W, 4 %, 49
2026/10/10 02:36:30.069, 24087 MiB, 53.04 W, 36 %, 49
2026/10/10 02:36:31.071, 24087 MiB, 51.48 W, 76 %, 48
2026/10/10 02:36:32.076, 24087 MiB, 48.83 W, 52 %, 48
2026/10/10 02:36:33.085, 24087 MiB, 50.57 W, 27 %, 48
2026/10/10 02:36:34.095, 24087 MiB, 52.92 W, 69 %, 49
2026/10/10 02:36:35.105, 24087 MiB, 53.01 W, 50 %, 49
2026/10/10 02:36:36.110, 24087 MiB, 52.19 W, 6 %, 48
2026/10/10 02:36:37.115, 24087 MiB, 49.25 W, 5 %, 48
2026/10/10 02:36:38.121, 24087 MiB, 49.91 W, 21 %, 48
2026/10/10 02:36:39.128, 24087 MiB, 52.24 W, 57 %, 48
2026/10/10 02:36:40.138, 24087 MiB, 53.04 W, 72 %, 49
2026/10/10 02:36:41.146, 24087 MiB, 53.54 W, 39 %, 49
2026/10/10 02:36:42.159, 24087 MiB, 51.91 W, 4 %, 48
2026/10/10 02:36:43.162, 24087 MiB, 49.62 W, 4 %, 48
2026/10/10 02:36:44.169, 24087 MiB, 51.21 W, 33 %, 48
2026/10/10 02:36:45.173, 24087 MiB, 53.39 W, 65 %, 48
2026/10/10 02:36:46.179, 24087 MiB, 53.59 W, 60 %, 49
2026/10/10 02:36:47.193, 24087 MiB, 53.35 W, 22 %, 49
2026/10/10 02:36:48.204, 24087 MiB, 50.87 W, 6 %, 48
2026/10/10 02:36:49.215, 24087 MiB, 49.15 W, 5 %, 48
2026/10/10 02:36:50.224, 24087 MiB, 50.65 W, 30 %, 48
2026/10/10 02:36:51.228, 24087 MiB, 53.58 W, 68 %, 49
2026/10/10 02:36:52.242, 24087 MiB, 53.71 W, 29 %, 49
2026/10/10 02:36:53.255, 24087 MiB, 51.01 W, 5 %, 49
2026/10/10 02:36:54.262, 24087 MiB, 49.18 W, 5 %, 48
2026/10/10 02:36:55.266, 24087 MiB, 49.67 W, 21 %, 48
2026/10/10 02:36:56.280, 24087 MiB, 51.77 W, 53 %, 48
2026/10/10 02:36:57.294, 24087 MiB, 53.25 W, 73 %, 49
2026/10/10 02:36:58.296, 24087 MiB, 53.51 W, 31 %, 49
2026/10/10 02:36:59.296, 24087 MiB, 50.65 W, 6 %, 48
2026/10/10 02:37:00.302, 24087 MiB, 49.13 W, 11 %, 48
2026/10/10 02:37:01.307, 24087 MiB, 51.87 W, 47 %, 48
2026/10/10 02:37:02.310, 24087 MiB, 53.47 W, 72 %, 49
2026/10/10 02:37:03.317, 24087 MiB, 53.46 W, 27 %, 49
2026/10/10 02:37:04.329, 24087 MiB, 51.09 W, 5 %, 49
2026/10/10 02:37:05.343, 24087 MiB, 49.45 W, 5 %, 48
2026/10/10 02:37:06.349, 24087 MiB, 50.86 W, 32 %, 48
2026/10/10 02:37:07.354, 24087 MiB, 53.60 W, 76 %, 49
2026/10/10 02:37:08.359, 24087 MiB, 53.88 W, 62 %, 50
2026/10/10 02:37:09.374, 24087 MiB, 53.03 W, 22 %, 49
2026/10/10 02:37:10.380, 24087 MiB, 50.77 W, 5 %, 49
2026/10/10 02:37:11.382, 24087 MiB, 49.72 W, 5 %, 48
2026/10/10 02:37:12.388, 24087 MiB, 52.45 W, 55 %, 48
2026/10/10 02:37:13.400, 24087 MiB, 53.35 W, 73 %, 49
2026/10/10 02:37:14.405, 24087 MiB, 52.97 W, 68 %, 50
2026/10/10 02:37:15.405, 24087 MiB, 53.00 W, 38 %, 50
2026/10/10 02:37:16.408, 24087 MiB, 50.94 W, 21 %, 49
2026/10/10 02:37:17.425, 24087 MiB, 49.72 W, 5 %, 49
2026/10/10 02:37:18.429, 24087 MiB, 48.76 W, 6 %, 49
2026/10/10 02:37:19.444, 24087 MiB, 49.95 W, 19 %, 49
2026/10/10 02:37:20.452, 24087 MiB, 52.89 W, 71 %, 49
2026/10/10 02:37:21.453, 24087 MiB, 53.52 W, 63 %, 50
2026/10/10 02:37:22.469, 24087 MiB, 53.12 W, 28 %, 49
2026/10/10 02:37:23.482, 24087 MiB, 51.34 W, 5 %, 49
2026/10/10 02:37:24.497, 24087 MiB, 49.38 W, 6 %, 49
2026/10/10 02:37:25.502, 24087 MiB, 49.80 W, 18 %, 49
2026/10/10 02:37:26.511, 24087 MiB, 51.80 W, 55 %, 49
2026/10/10 02:37:27.527, 24087 MiB, 53.71 W, 70 %, 50
2026/10/10 02:37:28.542, 24087 MiB, 53.92 W, 19 %, 49
2026/10/10 02:37:29.547, 24087 MiB, 50.58 W, 6 %, 49
2026/10/10 02:37:30.559, 24087 MiB, 49.61 W, 5 %, 49
2026/10/10 02:37:31.572, 24087 MiB, 50.09 W, 12 %, 49
2026/10/10 02:37:32.578, 24087 MiB, 51.88 W, 39 %, 49
2026/10/10 02:37:33.585, 24087 MiB, 54.06 W, 76 %, 50
2026/10/10 02:37:34.599, 24087 MiB, 54.13 W, 52 %, 50
2026/10/10 02:37:35.611, 24087 MiB, 53.22 W, 10 %, 49
2026/10/10 02:37:36.621, 24087 MiB, 50.44 W, 5 %, 49
2026/10/10 02:37:37.631, 24087 MiB, 50.62 W, 16 %, 49
2026/10/10 02:37:38.635, 24087 MiB, 52.63 W, 48 %, 49
2026/10/10 02:37:39.638, 24087 MiB, 54.22 W, 69 %, 50
2026/10/10 02:37:40.639, 24087 MiB, 53.65 W, 26 %, 49
2026/10/10 02:37:41.651, 24087 MiB, 51.19 W, 5 %, 49
2026/10/10 02:37:42.662, 24087 MiB, 49.81 W, 5 %, 49
2026/10/10 02:37:43.675, 24087 MiB, 49.56 W, 5 %, 49
2026/10/10 02:37:44.677, 24087 MiB, 50.20 W, 25 %, 49
2026/10/10 02:37:45.692, 24087 MiB, 52.34 W, 61 %, 49
2026/10/10 02:37:46.694, 24087 MiB, 53.22 W, 77 %, 49
2026/10/10 02:37:47.701, 24087 MiB, 53.26 W, 39 %, 49
2026/10/10 02:37:48.715, 24087 MiB, 51.72 W, 7 %, 49
2026/10/10 02:37:49.717, 24087 MiB, 49.36 W, 7 %, 49
2026/10/10 02:37:50.722, 24087 MiB, 49.41 W, 7 %, 50
2026/10/10 02:37:51.723, 24087 MiB, 50.19 W, 24 %, 50
2026/10/10 02:37:52.726, 24087 MiB, 53.14 W, 64 %, 49
2026/10/10 02:37:53.734, 24087 MiB, 53.31 W, 59 %, 49
2026/10/10 02:37:54.749, 24087 MiB, 52.98 W, 32 %, 49
2026/10/10 02:37:55.751, 24087 MiB, 50.86 W, 19 %, 49
2026/10/10 02:37:56.756, 24087 MiB, 50.48 W, 5 %, 49
2026/10/10 02:37:57.765, 24087 MiB, 50.44 W, 13 %, 50
2026/10/10 02:37:58.775, 24087 MiB, 52.16 W, 45 %, 50
2026/10/10 02:37:59.779, 24087 MiB, 53.23 W, 66 %, 49
2026/10/10 02:38:00.783, 24087 MiB, 53.81 W, 72 %, 49
2026/10/10 02:38:01.790, 24087 MiB, 53.73 W, 48 %, 49
2026/10/10 02:38:02.794, 24087 MiB, 52.26 W, 10 %, 49
2026/10/10 02:38:03.800, 24087 MiB, 49.83 W, 5 %, 50
2026/10/10 02:38:04.804, 24087 MiB, 49.22 W, 9 %, 50
2026/10/10 02:38:05.820, 24087 MiB, 51.51 W, 45 %, 50
2026/10/10 02:38:06.828, 24087 MiB, 53.33 W, 68 %, 49
2026/10/10 02:38:07.852, 24087 MiB, 53.29 W, 45 %, 49
2026/10/10 02:38:08.855, 24087 MiB, 52.21 W, 9 %, 49
2026/10/10 02:38:09.857, 24087 MiB, 49.60 W, 5 %, 49
2026/10/10 02:38:10.862, 24087 MiB, 48.99 W, 6 %, 50
2026/10/10 02:38:11.864, 24087 MiB, 51.28 W, 37 %, 50
2026/10/10 02:38:12.878, 24087 MiB, 49.67 W, 2 %, 49
2026/10/10 02:38:13.889, 24087 MiB, 32.04 W, 3 %, 49
2026/10/10 02:38:14.898, 24087 MiB, 80.40 W, 100 %, 57
2026/10/10 02:38:15.913, 24087 MiB, 256.38 W, 99 %, 64
2026/10/10 02:38:16.926, 24087 MiB, 255.66 W, 100 %, 72
2026/10/10 02:38:17.927, 24087 MiB, 222.19 W, 97 %, 57
2026/10/10 02:38:18.938, 24087 MiB, 231.49 W, 97 %, 62
2026/10/10 02:38:19.946, 24087 MiB, 271.14 W, 91 %, 62
2026/10/10 02:38:20.959, 24087 MiB, 287.20 W, 100 %, 62
2026/10/10 02:38:21.974, 24087 MiB, 246.05 W, 99 %, 60
2026/10/10 02:38:22.987, 24087 MiB, 262.36 W, 100 %, 62
2026/10/10 02:38:23.990, 24087 MiB, 261.76 W, 100 %, 64
2026/10/10 02:38:25.003, 24087 MiB, 189.36 W, 82 %, 57
2026/10/10 02:38:26.017, 24087 MiB, 251.37 W, 92 %, 59
2026/10/10 02:38:27.028, 24087 MiB, 291.11 W, 97 %, 72
2026/10/10 02:38:28.042, 24087 MiB, 306.47 W, 94 %, 59
2026/10/10 02:38:29.057, 24087 MiB, 223.82 W, 100 %, 66
2026/10/10 02:38:30.071, 24087 MiB, 265.47 W, 97 %, 72
2026/10/10 02:38:31.086, 24087 MiB, 265.29 W, 100 %, 70
2026/10/10 02:38:32.101, 24087 MiB, 200.10 W, 95 %, 56
2026/10/10 02:38:33.116, 24087 MiB, 256.51 W, 89 %, 59
2026/10/10 02:38:34.127, 24087 MiB, 275.76 W, 92 %, 59
2026/10/10 02:38:35.128, 24087 MiB, 273.48 W, 92 %, 59
2026/10/10 02:38:36.138, 24087 MiB, 264.13 W, 99 %, 62
2026/10/10 02:38:37.139, 24087 MiB, 145.38 W, 17 %, 52
2026/10/10 02:38:38.145, 24087 MiB, 99.64 W, 36 %, 51
2026/10/10 02:38:39.156, 24087 MiB, 61.14 W, 37 %, 50
2026/10/10 02:38:40.163, 24087 MiB, 60.27 W, 43 %, 49
2026/10/10 02:38:41.167, 24087 MiB, 58.99 W, 43 %, 49
2026/10/10 02:38:42.180, 24087 MiB, 58.08 W, 40 %, 48
2026/10/10 02:38:43.186, 24087 MiB, 55.34 W, 23 %, 48
2026/10/10 02:38:44.197, 24087 MiB, 53.14 W, 3 %, 49
2026/10/10 02:38:45.206, 24087 MiB, 53.20 W, 3 %, 47
2026/10/10 02:38:46.214, 24087 MiB, 52.92 W, 46 %, 47
2026/10/10 02:38:47.227, 24087 MiB, 55.78 W, 48 %, 47
2026/10/10 02:38:48.239, 24087 MiB, 53.78 W, 5 %, 46
2026/10/10 02:38:49.247, 24087 MiB, 51.86 W, 45 %, 47
2026/10/10 02:38:50.259, 24087 MiB, 53.77 W, 50 %, 46
2026/10/10 02:38:51.274, 24087 MiB, 50.32 W, 5 %, 46
2026/10/10 02:38:52.281, 24087 MiB, 53.20 W, 68 %, 45
2026/10/10 02:38:53.287, 24087 MiB, 52.70 W, 6 %, 45
2026/10/10 02:38:54.292, 24087 MiB, 48.70 W, 11 %, 46
2026/10/10 02:38:55.302, 24087 MiB, 52.16 W, 64 %, 45
2026/10/10 02:38:56.311, 24087 MiB, 52.96 W, 47 %, 45
2026/10/10 02:38:57.318, 24087 MiB, 51.59 W, 5 %, 44
2026/10/10 02:38:58.324, 24087 MiB, 51.59 W, 51 %, 45
2026/10/10 02:38:59.330, 24087 MiB, 53.16 W, 36 %, 44
2026/10/10 02:39:00.333, 24087 MiB, 50.75 W, 7 %, 45
2026/10/10 02:39:01.336, 24087 MiB, 50.88 W, 52 %, 45
2026/10/10 02:39:02.345, 24087 MiB, 52.94 W, 50 %, 44
2026/10/10 02:39:03.348, 24087 MiB, 51.53 W, 8 %, 45
2026/10/10 02:39:04.355, 24087 MiB, 51.59 W, 60 %, 44
2026/10/10 02:39:05.359, 24087 MiB, 52.28 W, 41 %, 43
2026/10/10 02:39:06.364, 24087 MiB, 50.25 W, 5 %, 44
2026/10/10 02:39:07.366, 24087 MiB, 50.51 W, 52 %, 44
2026/10/10 02:39:08.371, 24087 MiB, 52.41 W, 56 %, 43
2026/10/10 02:39:09.374, 24087 MiB, 51.67 W, 5 %, 43
2026/10/10 02:39:10.382, 24087 MiB, 48.86 W, 21 %, 44
2026/10/10 02:39:11.388, 24087 MiB, 52.51 W, 75 %, 43
2026/10/10 02:39:12.396, 24087 MiB, 52.30 W, 28 %, 43
2026/10/10 02:39:13.400, 24087 MiB, 50.03 W, 6 %, 43
2026/10/10 02:39:14.403, 24087 MiB, 51.42 W, 60 %, 43
2026/10/10 02:39:15.410, 24087 MiB, 52.41 W, 38 %, 42
2026/10/10 02:39:16.416, 24087 MiB, 50.53 W, 5 %, 43
2026/10/10 02:39:17.424, 24087 MiB, 51.15 W, 57 %, 43
2026/10/10 02:39:18.429, 24087 MiB, 52.23 W, 51 %, 42
2026/10/10 02:39:19.434, 24087 MiB, 51.57 W, 5 %, 42
2026/10/10 02:39:20.442, 24087 MiB, 49.08 W, 24 %, 43
2026/10/10 02:39:21.449, 24087 MiB, 52.34 W, 72 %, 42
2026/10/10 02:39:22.453, 24087 MiB, 52.45 W, 15 %, 42
2026/10/10 02:39:23.460, 24087 MiB, 49.26 W, 5 %, 43
2026/10/10 02:39:24.468, 24087 MiB, 52.12 W, 69 %, 42
2026/10/10 02:39:25.484, 24087 MiB, 51.80 W, 18 %, 41
2026/10/10 02:39:26.493, 24087 MiB, 48.93 W, 5 %, 42
2026/10/10 02:39:27.501, 24087 MiB, 51.64 W, 67 %, 42
2026/10/10 02:39:28.512, 24087 MiB, 51.63 W, 15 %, 41
2026/10/10 02:39:29.520, 24087 MiB, 51.66 W, 5 %, 42
2026/10/10 02:39:30.525, 24087 MiB, 51.00 W, 68 %, 41
2026/10/10 02:39:31.535, 24087 MiB, 48.38 W, 7 %, 41
2026/10/10 02:39:32.536, 24087 MiB, 51.39 W, 7 %, 42
2026/10/10 02:39:33.543, 24087 MiB, 51.43 W, 75 %, 41
2026/10/10 02:39:34.549, 24087 MiB, 48.01 W, 30 %, 41
2026/10/10 02:39:35.563, 24087 MiB, 51.68 W, 67 %, 42
2026/10/10 02:39:36.568, 24087 MiB, 52.32 W, 74 %, 41
2026/10/10 02:39:37.572, 24087 MiB, 48.23 W, 7 %, 41
2026/10/10 02:39:38.581, 24087 MiB, 50.81 W, 64 %, 40
2026/10/10 02:39:39.583, 24087 MiB, 52.03 W, 43 %, 42
2026/10/10 02:39:40.588, 24087 MiB, 49.97 W, 7 %, 41
2026/10/10 02:39:41.603, 24087 MiB, 50.00 W, 50 %, 40
2026/10/10 02:39:42.619, 24087 MiB, 51.75 W, 54 %, 42
2026/10/10 02:39:43.620, 24087 MiB, 50.55 W, 5 %, 40
2026/10/10 02:39:44.633, 24087 MiB, 49.56 W, 47 %, 40
2026/10/10 02:39:45.634, 24087 MiB, 51.60 W, 66 %, 41
2026/10/10 02:39:46.639, 24087 MiB, 51.53 W, 6 %, 40
2026/10/10 02:39:47.649, 24087 MiB, 47.72 W, 15 %, 40
2026/10/10 02:39:48.656, 24087 MiB, 51.49 W, 67 %, 41
2026/10/10 02:39:49.656, 24087 MiB, 51.67 W, 16 %, 40
2026/10/10 02:39:50.672, 24087 MiB, 47.74 W, 5 %, 40
2026/10/10 02:39:51.679, 24087 MiB, 50.89 W, 68 %, 40
2026/10/10 02:39:52.684, 24087 MiB, 51.31 W, 36 %, 41
2026/10/10 02:39:53.689, 24087 MiB, 49.42 W, 5 %, 40
2026/10/10 02:39:54.691, 24087 MiB, 50.22 W, 55 %, 40
2026/10/10 02:39:55.704, 24087 MiB, 51.60 W, 71 %, 40
2026/10/10 02:39:56.709, 24087 MiB, 51.17 W, 14 %, 40
2026/10/10 02:39:57.711, 24087 MiB, 47.83 W, 6 %, 39
2026/10/10 02:39:58.717, 24087 MiB, 50.29 W, 59 %, 39
2026/10/10 02:39:59.730, 24087 MiB, 51.01 W, 37 %, 40
2026/10/10 02:40:00.741, 24087 MiB, 49.15 W, 5 %, 39
2026/10/10 02:40:01.749, 24087 MiB, 48.65 W, 33 %, 39
2026/10/10 02:40:02.758, 24087 MiB, 51.37 W, 71 %, 40
2026/10/10 02:40:03.766, 24087 MiB, 51.30 W, 11 %, 40
2026/10/10 02:40:04.779, 24087 MiB, 47.26 W, 5 %, 39
2026/10/10 02:40:05.792, 24087 MiB, 51.19 W, 75 %, 40
2026/10/10 02:40:06.793, 24087 MiB, 51.05 W, 16 %, 39
2026/10/10 02:40:07.797, 24087 MiB, 47.66 W, 7 %, 39
2026/10/10 02:40:08.809, 24087 MiB, 50.88 W, 70 %, 40
2026/10/10 02:40:09.812, 24087 MiB, 50.79 W, 33 %, 40
2026/10/10 02:40:10.814, 24087 MiB, 48.31 W, 6 %, 39
2026/10/10 02:40:11.828, 24087 MiB, 48.59 W, 44 %, 39
2026/10/10 02:40:12.842, 24087 MiB, 51.28 W, 61 %, 40
2026/10/10 02:40:13.849, 24087 MiB, 51.09 W, 7 %, 39
2026/10/10 02:40:14.863, 24087 MiB, 48.17 W, 31 %, 39
2026/10/10 02:40:15.869, 24087 MiB, 51.01 W, 68 %, 40
2026/10/10 02:40:16.884, 24087 MiB, 50.91 W, 5 %, 39
2026/10/10 02:40:17.887, 24087 MiB, 47.14 W, 19 %, 39
2026/10/10 02:40:18.896, 24087 MiB, 50.28 W, 69 %, 39
2026/10/10 02:40:19.905, 24087 MiB, 50.35 W, 5 %, 39
2026/10/10 02:40:20.913, 24087 MiB, 46.46 W, 4 %, 39
2026/10/10 02:40:21.922, 24087 MiB, 50.15 W, 68 %, 39
2026/10/10 02:40:22.928, 24087 MiB, 49.84 W, 13 %, 39
2026/10/10 02:40:23.938, 24087 MiB, 46.36 W, 6 %, 39
2026/10/10 02:40:24.948, 24087 MiB, 47.26 W, 37 %, 39
2026/10/10 02:40:25.962, 24087 MiB, 49.58 W, 75 %, 40
2026/10/10 02:40:26.968, 24087 MiB, 49.84 W, 24 %, 39
2026/10/10 02:40:27.972, 24087 MiB, 47.03 W, 10 %, 39
2026/10/10 02:40:28.984, 24087 MiB, 49.43 W, 69 %, 40
2026/10/10 02:40:29.991, 24087 MiB, 49.24 W, 4 %, 39
2026/10/10 02:40:31.005, 24087 MiB, 45.53 W, 5 %, 39
2026/10/10 02:40:32.015, 24087 MiB, 48.65 W, 51 %, 39
2026/10/10 02:40:33.016, 24087 MiB, 49.80 W, 36 %, 40
2026/10/10 02:40:34.018, 24087 MiB, 47.82 W, 5 %, 39
2026/10/10 02:40:35.021, 24087 MiB, 49.19 W, 57 %, 39
2026/10/10 02:40:36.022, 24087 MiB, 50.61 W, 52 %, 40
2026/10/10 02:40:37.026, 24087 MiB, 48.97 W, 5 %, 40
2026/10/10 02:40:38.030, 24087 MiB, 47.33 W, 39 %, 39
2026/10/10 02:40:39.038, 24087 MiB, 49.55 W, 67 %, 40
2026/10/10 02:40:40.047, 24087 MiB, 49.09 W, 11 %, 40
2026/10/10 02:40:41.052, 24087 MiB, 46.56 W, 19 %, 39
2026/10/10 02:40:42.054, 24087 MiB, 50.51 W, 80 %, 40
2026/10/10 02:40:43.057, 24087 MiB, 50.83 W, 19 %, 40
2026/10/10 02:40:44.065, 24087 MiB, 47.54 W, 13 %, 40
2026/10/10 02:40:45.073, 24087 MiB, 49.93 W, 63 %, 40
2026/10/10 02:40:46.085, 24087 MiB, 50.06 W, 45 %, 41
2026/10/10 02:40:47.090, 24087 MiB, 48.62 W, 5 %, 40
2026/10/10 02:40:48.093, 24087 MiB, 47.21 W, 22 %, 40
2026/10/10 02:40:49.100, 24087 MiB, 50.01 W, 68 %, 40
2026/10/10 02:40:50.109, 24087 MiB, 49.89 W, 5 %, 40
2026/10/10 02:40:51.113, 24087 MiB, 45.81 W, 6 %, 41
2026/10/10 02:40:52.115, 24087 MiB, 49.44 W, 55 %, 40
2026/10/10 02:40:53.128, 24087 MiB, 50.78 W, 45 %, 40
2026/10/10 02:40:54.138, 24087 MiB, 49.48 W, 5 %, 40
2026/10/10 02:40:55.146, 24087 MiB, 46.33 W, 10 %, 41
2026/10/10 02:40:56.149, 24087 MiB, 49.67 W, 60 %, 41
2026/10/10 02:40:57.154, 24087 MiB, 50.21 W, 54 %, 40
2026/10/10 02:40:58.163, 24087 MiB, 49.35 W, 5 %, 40
2026/10/10 02:40:59.170, 24087 MiB, 47.92 W, 33 %, 41
2026/10/10 02:41:00.178, 24087 MiB, 50.36 W, 76 %, 40
2026/10/10 02:41:01.184, 24087 MiB, 50.16 W, 16 %, 40
2026/10/10 02:41:02.195, 24087 MiB, 47.06 W, 6 %, 41
2026/10/10 02:41:03.197, 24087 MiB, 49.73 W, 67 %, 41
2026/10/10 02:41:04.201, 24087 MiB, 50.64 W, 40 %, 40
2026/10/10 02:41:05.216, 24087 MiB, 48.87 W, 5 %, 40
2026/10/10 02:41:06.221, 24087 MiB, 46.33 W, 8 %, 42
2026/10/10 02:41:07.230, 24087 MiB, 50.27 W, 68 %, 41
2026/10/10 02:41:08.244, 24087 MiB, 50.12 W, 15 %, 41
2026/10/10 02:41:09.256, 24087 MiB, 47.11 W, 5 %, 42
2026/10/10 02:41:10.270, 24087 MiB, 49.12 W, 60 %, 41
2026/10/10 02:41:11.283, 24087 MiB, 50.13 W, 42 %, 41
2026/10/10 02:41:12.293, 24087 MiB, 49.05 W, 5 %, 41
2026/10/10 02:41:13.306, 24087 MiB, 50.17 W, 68 %, 41
2026/10/10 02:41:14.316, 24087 MiB, 50.84 W, 49 %, 41
2026/10/10 02:41:15.324, 24087 MiB, 49.60 W, 7 %, 41
2026/10/10 02:41:16.331, 24087 MiB, 48.06 W, 37 %, 42
2026/10/10 02:41:17.336, 24087 MiB, 50.76 W, 76 %, 41
2026/10/10 02:41:18.343, 24087 MiB, 50.96 W, 17 %, 41
2026/10/10 02:41:19.356, 24087 MiB, 46.82 W, 7 %, 42
2026/10/10 02:41:20.363, 24087 MiB, 49.03 W, 54 %, 42
2026/10/10 02:41:21.373, 24087 MiB, 50.80 W, 61 %, 41
2026/10/10 02:41:22.383, 24087 MiB, 49.93 W, 6 %, 41
2026/10/10 02:41:23.386, 24087 MiB, 46.77 W, 21 %, 42
2026/10/10 02:41:24.395, 24087 MiB, 50.51 W, 69 %, 42
2026/10/10 02:41:25.400, 24087 MiB, 51.10 W, 43 %, 41
2026/10/10 02:41:26.404, 24087 MiB, 49.79 W, 5 %, 41
2026/10/10 02:41:27.407, 24087 MiB, 46.45 W, 11 %, 43
2026/10/10 02:41:28.423, 24087 MiB, 50.51 W, 68 %, 42
2026/10/10 02:41:29.429, 24087 MiB, 50.91 W, 23 %, 41
2026/10/10 02:41:30.438, 24087 MiB, 47.61 W, 5 %, 42
2026/10/10 02:41:31.445, 24087 MiB, 49.44 W, 52 %, 42
2026/10/10 02:41:32.452, 24087 MiB, 51.12 W, 68 %, 42
2026/10/10 02:41:33.463, 24087 MiB, 50.95 W, 53 %, 42
2026/10/10 02:41:34.466, 24087 MiB, 50.82 W, 6 %, 41
2026/10/10 02:41:35.475, 24087 MiB, 47.34 W, 5 %, 42
2026/10/10 02:41:36.484, 24087 MiB, 50.08 W, 49 %, 42
2026/10/10 02:41:37.498, 24087 MiB, 51.54 W, 48 %, 42
2026/10/10 02:41:38.503, 24087 MiB, 50.40 W, 5 %, 42
2026/10/10 02:41:39.506, 24087 MiB, 48.43 W, 25 %, 43
2026/10/10 02:41:40.512, 24087 MiB, 51.50 W, 69 %, 42
2026/10/10 02:41:41.515, 24087 MiB, 51.06 W, 18 %, 42
2026/10/10 02:41:42.518, 24087 MiB, 48.24 W, 5 %, 43
2026/10/10 02:41:43.523, 24087 MiB, 48.51 W, 36 %, 43
2026/10/10 02:41:44.527, 24087 MiB, 50.84 W, 70 %, 42
2026/10/10 02:41:45.529, 24087 MiB, 50.80 W, 21 %, 42
2026/10/10 02:41:46.531, 24087 MiB, 48.05 W, 5 %, 43
2026/10/10 02:41:47.537, 24087 MiB, 49.17 W, 48 %, 43
2026/10/10 02:41:48.544, 24087 MiB, 50.94 W, 65 %, 42
2026/10/10 02:41:49.549, 24087 MiB, 50.94 W, 16 %, 42
2026/10/10 02:41:50.556, 24087 MiB, 47.74 W, 8 %, 43
2026/10/10 02:41:51.562, 24087 MiB, 51.55 W, 75 %, 42
2026/10/10 02:41:52.578, 24087 MiB, 51.52 W, 31 %, 42
2026/10/10 02:41:53.588, 24087 MiB, 48.56 W, 6 %, 43
2026/10/10 02:41:54.591, 24087 MiB, 48.81 W, 41 %, 43
2026/10/10 02:41:55.595, 24087 MiB, 50.76 W, 74 %, 43
2026/10/10 02:41:56.603, 24087 MiB, 51.30 W, 51 %, 42
2026/10/10 02:41:57.610, 24087 MiB, 50.03 W, 7 %, 42
2026/10/10 02:41:58.613, 24087 MiB, 46.74 W, 11 %, 43
2026/10/10 02:41:59.620, 24087 MiB, 49.77 W, 55 %, 43
2026/10/10 02:42:00.623, 24087 MiB, 50.66 W, 51 %, 42
2026/10/10 02:42:01.628, 24087 MiB, 50.11 W, 5 %, 42
2026/10/10 02:42:02.630, 24087 MiB, 46.86 W, 11 %, 44
2026/10/10 02:42:03.643, 24087 MiB, 51.75 W, 68 %, 43
2026/10/10 02:42:04.650, 24087 MiB, 51.96 W, 45 %, 43
2026/10/10 02:42:05.657, 24087 MiB, 50.03 W, 6 %, 42
2026/10/10 02:42:06.664, 24087 MiB, 48.23 W, 22 %, 44
2026/10/10 02:42:07.669, 24087 MiB, 51.27 W, 68 %, 43
2026/10/10 02:42:08.676, 24087 MiB, 51.70 W, 38 %, 43
2026/10/10 02:42:09.681, 24087 MiB, 49.74 W, 5 %, 43
2026/10/10 02:42:10.692, 24087 MiB, 49.80 W, 43 %, 43
2026/10/10 02:42:11.695, 24087 MiB, 51.98 W, 71 %, 43
2026/10/10 02:42:12.698, 24087 MiB, 52.17 W, 16 %, 43
2026/10/10 02:42:13.704, 24087 MiB, 48.83 W, 4 %, 44
2026/10/10 02:42:14.706, 24087 MiB, 51.31 W, 69 %, 43
2026/10/10 02:42:15.708, 24087 MiB, 51.63 W, 61 %, 43
2026/10/10 02:42:16.723, 24087 MiB, 50.95 W, 5 %, 43
2026/10/10 02:42:17.729, 24087 MiB, 46.78 W, 10 %, 44
2026/10/10 02:42:18.730, 24087 MiB, 50.52 W, 60 %, 43
2026/10/10 02:42:19.736, 24087 MiB, 51.09 W, 44 %, 43
2026/10/10 02:42:20.738, 24087 MiB, 49.33 W, 6 %, 43
2026/10/10 02:42:21.744, 24087 MiB, 47.14 W, 12 %, 44
2026/10/10 02:42:22.756, 24087 MiB, 51.01 W, 68 %, 43
2026/10/10 02:42:23.757, 24087 MiB, 47.29 W, 25 %, 43
2026/10/10 02:42:24.759, 24087 MiB, 50.63 W, 5 %, 43
2026/10/10 02:42:25.770, 24087 MiB, 51.57 W, 6 %, 44
2026/10/10 02:42:26.783, 24087 MiB, 51.01 W, 14 %, 44
2026/10/10 02:42:27.798, 24087 MiB, 47.49 W, 4 %, 43
2026/10/10 02:42:28.810, 24087 MiB, 48.81 W, 33 %, 43
2026/10/10 02:42:29.816, 24087 MiB, 51.54 W, 76 %, 44
2026/10/10 02:42:30.824, 24087 MiB, 50.78 W, 4 %, 44
2026/10/10 02:42:31.826, 24087 MiB, 47.57 W, 11 %, 43
2026/10/10 02:42:32.829, 24087 MiB, 51.56 W, 72 %, 44
2026/10/10 02:42:33.834, 24087 MiB, 52.08 W, 50 %, 45
2026/10/10 02:42:34.836, 24087 MiB, 50.66 W, 5 %, 44
2026/10/10 02:42:35.840, 24087 MiB, 49.17 W, 35 %, 43
2026/10/10 02:42:36.840, 24087 MiB, 52.05 W, 77 %, 44
2026/10/10 02:42:37.843, 24087 MiB, 51.29 W, 30 %, 44
2026/10/10 02:42:38.844, 24087 MiB, 49.10 W, 5 %, 44
2026/10/10 02:42:39.852, 24087 MiB, 49.88 W, 42 %, 43
2026/10/10 02:42:40.867, 24087 MiB, 51.79 W, 68 %, 44
2026/10/10 02:42:41.870, 24087 MiB, 51.45 W, 6 %, 44
2026/10/10 02:42:42.874, 24087 MiB, 47.96 W, 9 %, 44
2026/10/10 02:42:43.889, 24087 MiB, 51.42 W, 68 %, 44
2026/10/10 02:42:44.899, 24087 MiB, 51.28 W, 44 %, 45
2026/10/10 02:42:45.917, 24087 MiB, 49.83 W, 5 %, 44
2026/10/10 02:42:46.932, 24087 MiB, 47.13 W, 18 %, 44
2026/10/10 02:42:47.937, 24087 MiB, 50.63 W, 70 %, 44
2026/10/10 02:42:48.952, 24087 MiB, 51.16 W, 53 %, 45
2026/10/10 02:42:49.957, 24087 MiB, 50.21 W, 5 %, 44
2026/10/10 02:42:50.967, 24087 MiB, 47.47 W, 19 %, 44
2026/10/10 02:42:51.972, 24087 MiB, 50.06 W, 52 %, 44
2026/10/10 02:42:52.984, 24087 MiB, 51.41 W, 54 %, 45
2026/10/10 02:42:53.988, 24087 MiB, 50.78 W, 5 %, 44
2026/10/10 02:42:54.994, 24087 MiB, 46.82 W, 5 %, 44
2026/10/10 02:42:56.009, 24087 MiB, 47.99 W, 20 %, 44
2026/10/10 02:42:57.014, 24087 MiB, 51.09 W, 68 %, 45
2026/10/10 02:42:58.027, 24087 MiB, 51.81 W, 47 %, 45
2026/10/10 02:42:59.035, 24087 MiB, 50.35 W, 6 %, 44
2026/10/10 02:43:00.044, 24087 MiB, 48.66 W, 31 %, 44
2026/10/10 02:43:01.045, 24087 MiB, 51.00 W, 71 %, 44
2026/10/10 02:43:02.048, 24087 MiB, 51.38 W, 60 %, 45
2026/10/10 02:43:03.060, 24087 MiB, 51.36 W, 7 %, 44
2026/10/10 02:43:04.076, 24087 MiB, 47.68 W, 21 %, 44
2026/10/10 02:43:05.078, 24087 MiB, 50.50 W, 58 %, 44
2026/10/10 02:43:06.089, 24087 MiB, 51.82 W, 47 %, 46
2026/10/10 02:43:07.090, 24087 MiB, 50.96 W, 5 %, 44
2026/10/10 02:43:08.093, 24087 MiB, 47.13 W, 5 %, 44
2026/10/10 02:43:09.099, 24087 MiB, 50.38 W, 57 %, 44
2026/10/10 02:43:10.107, 24087 MiB, 51.41 W, 47 %, 46
2026/10/10 02:43:11.123, 24087 MiB, 50.36 W, 6 %, 45
2026/10/10 02:43:12.132, 24087 MiB, 47.21 W, 5 %, 44
2026/10/10 02:43:13.135, 24087 MiB, 51.25 W, 68 %, 45
2026/10/10 02:43:14.140, 24087 MiB, 51.49 W, 56 %, 46
2026/10/10 02:43:15.151, 24087 MiB, 50.73 W, 5 %, 45
2026/10/10 02:43:16.155, 24087 MiB, 47.37 W, 12 %, 44
2026/10/10 02:43:17.159, 24087 MiB, 50.49 W, 55 %, 44
2026/10/10 02:43:18.168, 24087 MiB, 51.95 W, 68 %, 46
2026/10/10 02:43:19.171, 24087 MiB, 51.72 W, 9 %, 45
2026/10/10 02:43:20.178, 24087 MiB, 47.93 W, 5 %, 45
2026/10/10 02:43:21.183, 24087 MiB, 49.36 W, 39 %, 44
2026/10/10 02:43:22.189, 24087 MiB, 51.79 W, 68 %, 46
2026/10/10 02:43:23.194, 24087 MiB, 51.43 W, 20 %, 45
2026/10/10 02:43:24.199, 24087 MiB, 48.18 W, 6 %, 45
2026/10/10 02:43:25.203, 24087 MiB, 47.54 W, 16 %, 45
2026/10/10 02:43:26.207, 24087 MiB, 50.30 W, 50 %, 45
2026/10/10 02:43:27.216, 24087 MiB, 51.93 W, 52 %, 46
2026/10/10 02:43:28.225, 24087 MiB, 51.47 W, 5 %, 45
2026/10/10 02:43:29.227, 24087 MiB, 47.86 W, 5 %, 45
2026/10/10 02:43:30.237, 24087 MiB, 51.11 W, 52 %, 45
2026/10/10 02:43:31.245, 24087 MiB, 52.24 W, 54 %, 46
2026/10/10 02:43:32.258, 24087 MiB, 51.41 W, 13 %, 45
2026/10/10 02:43:33.259, 24087 MiB, 49.06 W, 5 %, 45
2026/10/10 02:43:34.261, 24087 MiB, 50.78 W, 49 %, 45
2026/10/10 02:43:35.275, 24087 MiB, 52.22 W, 77 %, 46
2026/10/10 02:43:36.277, 24087 MiB, 52.35 W, 14 %, 45
2026/10/10 02:43:37.282, 24087 MiB, 48.53 W, 7 %, 45
2026/10/10 02:43:38.286, 24087 MiB, 50.22 W, 48 %, 45
2026/10/10 02:43:39.292, 24087 MiB, 51.67 W, 72 %, 46
2026/10/10 02:43:40.294, 24087 MiB, 51.56 W, 16 %, 45
2026/10/10 02:43:41.306, 24087 MiB, 48.34 W, 7 %, 45
2026/10/10 02:43:42.308, 24087 MiB, 48.87 W, 27 %, 45
2026/10/10 02:43:43.313, 24087 MiB, 52.62 W, 68 %, 46
2026/10/10 02:43:44.318, 24087 MiB, 52.54 W, 25 %, 46
2026/10/10 02:43:45.333, 24087 MiB, 50.05 W, 5 %, 45
2026/10/10 02:43:46.344, 24087 MiB, 50.47 W, 46 %, 46
2026/10/10 02:43:47.355, 24087 MiB, 51.88 W, 69 %, 45
2026/10/10 02:43:48.364, 24087 MiB, 52.44 W, 26 %, 45
2026/10/10 02:43:49.370, 24087 MiB, 50.09 W, 5 %, 46
2026/10/10 02:43:50.378, 24087 MiB, 48.85 W, 19 %, 46
2026/10/10 02:43:51.388, 24087 MiB, 51.69 W, 54 %, 46
2026/10/10 02:43:52.392, 24087 MiB, 53.02 W, 75 %, 45
2026/10/10 02:43:53.402, 24087 MiB, 53.22 W, 33 %, 45
2026/10/10 02:43:54.404, 24087 MiB, 50.78 W, 5 %, 46
2026/10/10 02:43:55.418, 24087 MiB, 48.45 W, 7 %, 46
2026/10/10 02:43:56.425, 24087 MiB, 50.81 W, 43 %, 46
2026/10/10 02:43:57.435, 24087 MiB, 52.91 W, 76 %, 46
2026/10/10 02:43:58.450, 24087 MiB, 52.62 W, 44 %, 45
2026/10/10 02:43:59.457, 24087 MiB, 50.82 W, 5 %, 46
2026/10/10 02:44:00.461, 24087 MiB, 49.07 W, 17 %, 47
2026/10/10 02:44:01.469, 24087 MiB, 51.84 W, 52 %, 46
2026/10/10 02:44:02.473, 24087 MiB, 52.91 W, 65 %, 46
2026/10/10 02:44:03.480, 24087 MiB, 53.17 W, 4 %, 45
2026/10/10 02:44:04.486, 24087 MiB, 49.27 W, 5 %, 46
2026/10/10 02:44:05.498, 24087 MiB, 49.90 W, 28 %, 47
2026/10/10 02:44:06.500, 24087 MiB, 52.41 W, 72 %, 46
2026/10/10 02:44:07.508, 24087 MiB, 52.96 W, 63 %, 46
2026/10/10 02:44:08.514, 24087 MiB, 52.51 W, 22 %, 46
2026/10/10 02:44:09.519, 24087 MiB, 49.95 W, 5 %, 46
2026/10/10 02:44:10.526, 24087 MiB, 49.62 W, 28 %, 47
2026/10/10 02:44:11.535, 24087 MiB, 52.70 W, 78 %, 46
2026/10/10 02:44:12.541, 24087 MiB, 52.99 W, 60 %, 46
2026/10/10 02:44:13.549, 24087 MiB, 52.32 W, 6 %, 46
2026/10/10 02:44:14.558, 24087 MiB, 48.08 W, 7 %, 47
2026/10/10 02:44:15.560, 24087 MiB, 49.75 W, 39 %, 47
2026/10/10 02:44:16.562, 24087 MiB, 52.96 W, 73 %, 46
2026/10/10 02:44:17.572, 24087 MiB, 52.88 W, 28 %, 46
2026/10/10 02:44:18.579, 24087 MiB, 50.20 W, 5 %, 46
2026/10/10 02:44:19.588, 24087 MiB, 48.35 W, 5 %, 47
2026/10/10 02:44:20.592, 24087 MiB, 51.14 W, 47 %, 47
2026/10/10 02:44:21.596, 24087 MiB, 52.57 W, 67 %, 46
2026/10/10 02:44:22.605, 24087 MiB, 52.15 W, 28 %, 46
2026/10/10 02:44:23.616, 24087 MiB, 50.10 W, 17 %, 46
2026/10/10 02:44:24.630, 24087 MiB, 49.83 W, 8 %, 46
2026/10/10 02:44:25.644, 24087 MiB, 49.10 W, 6 %, 46
2026/10/10 02:44:26.658, 24087 MiB, 48.72 W, 6 %, 47
2026/10/10 02:44:27.660, 24087 MiB, 51.26 W, 47 %, 47
2026/10/10 02:44:28.671, 24087 MiB, 53.26 W, 73 %, 46
2026/10/10 02:44:29.680, 24087 MiB, 53.05 W, 27 %, 46
2026/10/10 02:44:30.695, 24087 MiB, 50.33 W, 5 %, 47
2026/10/10 02:44:31.703, 24087 MiB, 50.13 W, 24 %, 47
2026/10/10 02:44:32.710, 24087 MiB, 52.42 W, 56 %, 47
2026/10/10 02:44:33.716, 24087 MiB, 53.23 W, 53 %, 46
2026/10/10 02:44:34.719, 24087 MiB, 52.47 W, 5 %, 46
2026/10/10 02:44:35.735, 24087 MiB, 49.37 W, 5 %, 47
2026/10/10 02:44:36.748, 24087 MiB, 51.51 W, 40 %, 47
2026/10/10 02:44:37.749, 24087 MiB, 53.72 W, 73 %, 46
2026/10/10 02:44:38.757, 24087 MiB, 53.56 W, 30 %, 46
2026/10/10 02:44:39.761, 24087 MiB, 51.24 W, 5 %, 46
2026/10/10 02:44:40.773, 24087 MiB, 49.83 W, 18 %, 47
2026/10/10 02:44:41.796, 24087 MiB, 53.89 W, 78 %, 47
2026/10/10 02:44:42.808, 24087 MiB, 54.31 W, 59 %, 46
2026/10/10 02:44:43.823, 24087 MiB, 53.23 W, 7 %, 46
2026/10/10 02:44:44.832, 24087 MiB, 49.65 W, 7 %, 47
2026/10/10 02:44:45.841, 24087 MiB, 50.64 W, 28 %, 48
2026/10/10 02:44:46.844, 24087 MiB, 53.70 W, 69 %, 47
2026/10/10 02:44:47.858, 24087 MiB, 53.08 W, 6 %, 46
2026/10/10 02:44:48.864, 24087 MiB, 49.59 W, 5 %, 47
2026/10/10 02:44:49.866, 24087 MiB, 51.01 W, 38 %, 47
2026/10/10 02:44:50.870, 24087 MiB, 53.90 W, 73 %, 47
2026/10/10 02:44:51.880, 24087 MiB, 54.22 W, 58 %, 47
2026/10/10 02:44:52.880, 24087 MiB, 53.21 W, 19 %, 46
2026/10/10 02:44:53.885, 24087 MiB, 51.18 W, 5 %, 47
2026/10/10 02:44:54.896, 24087 MiB, 50.47 W, 14 %, 48
2026/10/10 02:44:55.903, 24087 MiB, 51.92 W, 40 %, 47
2026/10/10 02:44:56.904, 24087 MiB, 54.07 W, 68 %, 47
2026/10/10 02:44:57.907, 24087 MiB, 54.49 W, 41 %, 47
2026/10/10 02:44:58.911, 24087 MiB, 52.34 W, 5 %, 46
2026/10/10 02:44:59.916, 24087 MiB, 50.82 W, 23 %, 48
2026/10/10 02:45:00.923, 24087 MiB, 52.92 W, 59 %, 47
2026/10/10 02:45:01.932, 24087 MiB, 53.67 W, 60 %, 47
2026/10/10 02:45:02.939, 24087 MiB, 52.72 W, 29 %, 47
2026/10/10 02:45:03.953, 24087 MiB, 50.90 W, 5 %, 47
2026/10/10 02:45:04.953, 24087 MiB, 49.37 W, 5 %, 48
2026/10/10 02:45:05.961, 24087 MiB, 52.98 W, 56 %, 47
2026/10/10 02:45:06.966, 24087 MiB, 53.29 W, 72 %, 47
2026/10/10 02:45:07.969, 24087 MiB, 52.86 W, 23 %, 47
2026/10/10 02:45:08.970, 24087 MiB, 50.17 W, 5 %, 47
2026/10/10 02:45:09.985, 24087 MiB, 48.99 W, 7 %, 48
2026/10/10 02:45:10.989, 24087 MiB, 51.43 W, 52 %, 47
2026/10/10 02:45:11.989, 24087 MiB, 53.26 W, 77 %, 47
2026/10/10 02:45:12.993, 24087 MiB, 53.37 W, 44 %, 47
2026/10/10 02:45:13.995, 24087 MiB, 51.79 W, 7 %, 47
2026/10/10 02:45:15.010, 24087 MiB, 48.84 W, 6 %, 48
2026/10/10 02:45:16.026, 24087 MiB, 50.29 W, 32 %, 48
2026/10/10 02:45:17.030, 24087 MiB, 52.79 W, 69 %, 47
2026/10/10 02:45:18.035, 24087 MiB, 53.13 W, 35 %, 47
2026/10/10 02:45:19.038, 24087 MiB, 50.75 W, 5 %, 47
2026/10/10 02:45:20.044, 24087 MiB, 48.47 W, 5 %, 48
2026/10/10 02:45:21.045, 24087 MiB, 51.94 W, 53 %, 47
2026/10/10 02:45:22.058, 24087 MiB, 53.31 W, 73 %, 47
2026/10/10 02:45:23.071, 24087 MiB, 53.46 W, 38 %, 47
2026/10/10 02:45:24.086, 24087 MiB, 51.25 W, 5 %, 47
2026/10/10 02:45:25.089, 24087 MiB, 49.07 W, 5 %, 48
2026/10/10 02:45:26.097, 24087 MiB, 49.59 W, 16 %, 48
2026/10/10 02:45:27.110, 24087 MiB, 52.07 W, 53 %, 48
2026/10/10 02:45:28.131, 24087 MiB, 53.83 W, 58 %, 47
2026/10/10 02:45:29.135, 24087 MiB, 53.37 W, 22 %, 47
2026/10/10 02:45:30.137, 24087 MiB, 52.90 W, 5 %, 47
2026/10/10 02:45:31.141, 24087 MiB, 53.55 W, 18 %, 48
2026/10/10 02:45:32.155, 24087 MiB, 53.09 W, 55 %, 48
2026/10/10 02:45:33.165, 24087 MiB, 50.55 W, 79 %, 47
2026/10/10 02:45:34.173, 24087 MiB, 49.23 W, 39 %, 47
2026/10/10 02:45:35.178, 24087 MiB, 52.05 W, 7 %, 47
2026/10/10 02:45:36.182, 24087 MiB, 53.47 W, 74 %, 48
2026/10/10 02:45:37.190, 24087 MiB, 53.83 W, 38 %, 48
2026/10/10 02:45:38.199, 24087 MiB, 51.92 W, 5 %, 47
2026/10/10 02:45:39.209, 24087 MiB, 49.35 W, 5 %, 47
2026/10/10 02:45:40.216, 24087 MiB, 50.79 W, 34 %, 47
2026/10/10 02:45:41.220, 24087 MiB, 53.09 W, 72 %, 48
2026/10/10 02:45:42.226, 24087 MiB, 52.92 W, 61 %, 48
2026/10/10 02:45:43.235, 24087 MiB, 53.16 W, 26 %, 48
2026/10/10 02:45:44.239, 24087 MiB, 50.90 W, 8 %, 47
2026/10/10 02:45:45.249, 24087 MiB, 49.48 W, 12 %, 47
2026/10/10 02:45:46.257, 24087 MiB, 51.51 W, 43 %, 47
2026/10/10 02:45:47.263, 24087 MiB, 54.30 W, 69 %, 48
2026/10/10 02:45:48.272, 24087 MiB, 53.70 W, 27 %, 48
2026/10/10 02:45:49.282, 24087 MiB, 51.39 W, 5 %, 48
2026/10/10 02:45:50.284, 24087 MiB, 49.43 W, 6 %, 47
2026/10/10 02:45:51.302, 24087 MiB, 49.88 W, 5 %, 47
2026/10/10 02:45:52.316, 24087 MiB, 51.50 W, 38 %, 47
2026/10/10 02:45:53.326, 24087 MiB, 53.81 W, 76 %, 48
2026/10/10 02:45:54.341, 24087 MiB, 53.99 W, 59 %, 49
2026/10/10 02:45:55.348, 24087 MiB, 53.34 W, 28 %, 48
2026/10/10 02:45:56.352, 24087 MiB, 51.24 W, 4 %, 48
2026/10/10 02:45:57.360, 24087 MiB, 49.44 W, 5 %, 48
2026/10/10 02:45:58.375, 24087 MiB, 51.43 W, 34 %, 47
2026/10/10 02:45:59.389, 24087 MiB, 53.11 W, 69 %, 48
2026/10/10 02:46:00.390, 24087 MiB, 53.57 W, 49 %, 49
2026/10/10 02:46:01.406, 24087 MiB, 53.34 W, 10 %, 48
2026/10/10 02:46:02.411, 24087 MiB, 50.18 W, 5 %, 48
2026/10/10 02:46:03.416, 24087 MiB, 49.63 W, 5 %, 48
2026/10/10 02:46:04.420, 24087 MiB, 51.73 W, 39 %, 47
2026/10/10 02:46:05.430, 24087 MiB, 53.88 W, 71 %, 48
2026/10/10 02:46:06.434, 24087 MiB, 54.50 W, 65 %, 49
2026/10/10 02:46:07.443, 24087 MiB, 54.39 W, 29 %, 48
2026/10/10 02:46:08.448, 24087 MiB, 52.76 W, 5 %, 48
2026/10/10 02:46:09.455, 24087 MiB, 50.75 W, 5 %, 48
2026/10/10 02:46:10.465, 24087 MiB, 51.96 W, 33 %, 48
2026/10/10 02:46:11.476, 24087 MiB, 54.35 W, 63 %, 48
2026/10/10 02:46:12.485, 24087 MiB, 54.67 W, 70 %, 49
2026/10/10 02:46:13.501, 24087 MiB, 54.93 W, 43 %, 49
2026/10/10 02:46:14.508, 24087 MiB, 52.83 W, 5 %, 48
2026/10/10 02:46:15.512, 24087 MiB, 50.23 W, 8 %, 48
2026/10/10 02:46:16.518, 24087 MiB, 51.00 W, 18 %, 48
2026/10/10 02:46:17.528, 24087 MiB, 52.34 W, 45 %, 48
2026/10/10 02:46:18.540, 24087 MiB, 54.34 W, 77 %, 48
2026/10/10 02:46:19.547, 24087 MiB, 53.99 W, 48 %, 49
2026/10/10 02:46:20.552, 24087 MiB, 52.62 W, 15 %, 48
2026/10/10 02:46:21.558, 24087 MiB, 49.98 W, 7 %, 48
2026/10/10 02:46:22.563, 24087 MiB, 49.79 W, 7 %, 48
2026/10/10 02:46:23.577, 24087 MiB, 51.65 W, 38 %, 48
2026/10/10 02:46:24.581, 24087 MiB, 53.64 W, 68 %, 49
2026/10/10 02:46:25.586, 24087 MiB, 54.00 W, 69 %, 49
2026/10/10 02:46:26.589, 24087 MiB, 53.72 W, 39 %, 49
2026/10/10 02:46:27.593, 24087 MiB, 52.39 W, 6 %, 48
2026/10/10 02:46:28.597, 24087 MiB, 49.69 W, 5 %, 48
2026/10/10 02:46:29.604, 24087 MiB, 49.23 W, 8 %, 48
2026/10/10 02:46:30.612, 24087 MiB, 52.74 W, 59 %, 48
2026/10/10 02:46:31.620, 24087 MiB, 54.15 W, 71 %, 49
2026/10/10 02:46:32.634, 24087 MiB, 54.25 W, 35 %, 49
2026/10/10 02:46:33.636, 24087 MiB, 52.06 W, 5 %, 48
2026/10/10 02:46:34.643, 24087 MiB, 49.36 W, 6 %, 48
2026/10/10 02:46:35.654, 24087 MiB, 49.08 W, 12 %, 48
2026/10/10 02:46:36.667, 24087 MiB, 52.60 W, 54 %, 48
2026/10/10 02:46:37.670, 24087 MiB, 53.84 W, 68 %, 48
2026/10/10 02:46:38.685, 24087 MiB, 53.83 W, 55 %, 49
2026/10/10 02:46:39.693, 24087 MiB, 53.17 W, 13 %, 48
2026/10/10 02:46:40.703, 24087 MiB, 50.20 W, 5 %, 48
2026/10/10 02:46:41.712, 24087 MiB, 49.99 W, 5 %, 48
2026/10/10 02:46:42.714, 24087 MiB, 51.22 W, 25 %, 48
2026/10/10 02:46:43.722, 24087 MiB, 53.17 W, 60 %, 48
2026/10/10 02:46:44.727, 24087 MiB, 53.68 W, 61 %, 49
2026/10/10 02:46:45.730, 24087 MiB, 53.56 W, 31 %, 48
2026/10/10 02:46:46.733, 24087 MiB, 51.53 W, 5 %, 48
2026/10/10 02:46:47.735, 24087 MiB, 49.35 W, 5 %, 48
2026/10/10 02:46:48.744, 24087 MiB, 51.15 W, 35 %, 48
2026/10/10 02:46:49.750, 24087 MiB, 54.00 W, 70 %, 48
2026/10/10 02:46:50.752, 24087 MiB, 54.33 W, 62 %, 48
2026/10/10 02:46:51.753, 24087 MiB, 54.08 W, 51 %, 48
2026/10/10 02:46:52.754, 24087 MiB, 53.21 W, 19 %, 48
2026/10/10 02:46:53.757, 24087 MiB, 51.47 W, 8 %, 48
2026/10/10 02:46:54.759, 24087 MiB, 49.85 W, 8 %, 49
2026/10/10 02:46:55.764, 24087 MiB, 49.81 W, 7 %, 49
2026/10/10 02:46:56.780, 24087 MiB, 50.92 W, 19 %, 49
2026/10/10 02:46:57.788, 24087 MiB, 52.11 W, 45 %, 49
2026/10/10 02:46:58.803, 24087 MiB, 53.88 W, 71 %, 49
2026/10/10 02:46:59.805, 24087 MiB, 54.19 W, 47 %, 48
2026/10/10 02:47:00.824, 24087 MiB, 53.44 W, 18 %, 48
2026/10/10 02:47:01.839, 24087 MiB, 51.11 W, 5 %, 48
2026/10/10 02:47:02.849, 24087 MiB, 49.85 W, 5 %, 49
2026/10/10 02:47:03.853, 24087 MiB, 50.04 W, 7 %, 50
2026/10/10 02:47:04.854, 24087 MiB, 52.45 W, 41 %, 49
2026/10/10 02:47:05.859, 24087 MiB, 54.52 W, 72 %, 49
2026/10/10 02:47:06.871, 24087 MiB, 54.19 W, 66 %, 48
2026/10/10 02:47:07.886, 24087 MiB, 53.69 W, 32 %, 48
2026/10/10 02:47:08.903, 24087 MiB, 51.59 W, 5 %, 48
2026/10/10 02:47:09.905, 24087 MiB, 50.38 W, 6 %, 49
2026/10/10 02:47:10.917, 24087 MiB, 50.54 W, 16 %, 50
2026/10/10 02:47:11.930, 24087 MiB, 51.59 W, 31 %, 50
2026/10/10 02:47:12.934, 24087 MiB, 54.33 W, 70 %, 49
2026/10/10 02:47:13.943, 24087 MiB, 54.04 W, 56 %, 49
2026/10/10 02:47:14.946, 24087 MiB, 54.08 W, 35 %, 48
2026/10/10 02:47:15.961, 24087 MiB, 52.85 W, 12 %, 48
2026/10/10 02:47:16.966, 24087 MiB, 50.85 W, 5 %, 48
2026/10/10 02:47:17.967, 24087 MiB, 50.34 W, 5 %, 49
2026/10/10 02:47:18.983, 24087 MiB, 51.60 W, 28 %, 50
2026/10/10 02:47:19.995, 24087 MiB, 54.44 W, 73 %, 49
2026/10/10 02:47:20.999, 24087 MiB, 54.61 W, 73 %, 49
2026/10/10 02:47:22.008, 24087 MiB, 54.12 W, 36 %, 49
2026/10/10 02:47:23.014, 24087 MiB, 52.23 W, 5 %, 48
2026/10/10 02:47:24.030, 24087 MiB, 49.41 W, 5 %, 49
2026/10/10 02:47:25.031, 24087 MiB, 49.74 W, 7 %, 49
2026/10/10 02:47:26.032, 24087 MiB, 49.85 W, 8 %, 50
2026/10/10 02:47:27.045, 24087 MiB, 51.20 W, 28 %, 50
2026/10/10 02:47:28.049, 24087 MiB, 52.12 W, 49 %, 49
2026/10/10 02:47:29.052, 24087 MiB, 54.40 W, 73 %, 49
2026/10/10 02:47:30.056, 24087 MiB, 54.25 W, 50 %, 49
2026/10/10 02:47:31.067, 24087 MiB, 53.76 W, 23 %, 49
2026/10/10 02:47:32.068, 24087 MiB, 51.88 W, 5 %, 49
2026/10/10 02:47:33.069, 24087 MiB, 50.37 W, 6 %, 49
2026/10/10 02:47:34.085, 24087 MiB, 50.38 W, 11 %, 50
2026/10/10 02:47:35.095, 24087 MiB, 52.65 W, 44 %, 50
2026/10/10 02:47:36.110, 24087 MiB, 54.15 W, 67 %, 49
2026/10/10 02:47:37.121, 24087 MiB, 54.35 W, 72 %, 49
2026/10/10 02:47:38.136, 24087 MiB, 54.56 W, 42 %, 49
2026/10/10 02:47:39.140, 24087 MiB, 53.24 W, 5 %, 49
2026/10/10 02:47:40.154, 24087 MiB, 50.58 W, 5 %, 49
2026/10/10 02:47:41.155, 24087 MiB, 50.96 W, 10 %, 50
2026/10/10 02:47:42.158, 24087 MiB, 52.53 W, 45 %, 49
2026/10/10 02:47:43.173, 24087 MiB, 54.26 W, 78 %, 49
2026/10/10 02:47:44.185, 24087 MiB, 54.64 W, 59 %, 49
2026/10/10 02:47:45.199, 24087 MiB, 53.97 W, 32 %, 49
2026/10/10 02:47:46.199, 24087 MiB, 51.91 W, 13 %, 49
2026/10/10 02:47:47.210, 24087 MiB, 50.19 W, 6 %, 49
2026/10/10 02:47:48.213, 24087 MiB, 49.90 W, 8 %, 49
2026/10/10 02:47:49.214, 24087 MiB, 49.90 W, 8 %, 49
2026/10/10 02:47:50.214, 24087 MiB, 49.84 W, 7 %, 50
2026/10/10 02:47:51.229, 24087 MiB, 50.13 W, 25 %, 50
2026/10/10 02:47:52.231, 24087 MiB, 52.59 W, 58 %, 49
2026/10/10 02:47:53.237, 24087 MiB, 54.20 W, 77 %, 49
2026/10/10 02:47:54.242, 24087 MiB, 54.17 W, 56 %, 49
2026/10/10 02:47:55.249, 24087 MiB, 53.23 W, 51 %, 49
2026/10/10 02:47:56.257, 24087 MiB, 52.73 W, 41 %, 49
2026/10/10 02:47:57.272, 24087 MiB, 52.32 W, 14 %, 49
2026/10/10 02:47:58.287, 24087 MiB, 50.73 W, 5 %, 49
2026/10/10 02:47:59.289, 24087 MiB, 50.17 W, 6 %, 50
2026/10/10 02:48:00.298, 24087 MiB, 50.95 W, 23 %, 50
2026/10/10 02:48:01.303, 24087 MiB, 51.70 W, 37 %, 50
2026/10/10 02:48:02.307, 24087 MiB, 53.20 W, 61 %, 49
2026/10/10 02:48:03.309, 24087 MiB, 54.08 W, 68 %, 49
2026/10/10 02:48:04.315, 24087 MiB, 53.98 W, 39 %, 49
2026/10/10 02:48:05.318, 24087 MiB, 52.38 W, 5 %, 49
2026/10/10 02:48:06.324, 24087 MiB, 50.07 W, 5 %, 49
2026/10/10 02:48:07.339, 24087 MiB, 50.08 W, 7 %, 50
2026/10/10 02:48:08.345, 24087 MiB, 52.75 W, 50 %, 50
2026/10/10 02:48:09.348, 24087 MiB, 54.41 W, 72 %, 49
2026/10/10 02:48:10.352, 24087 MiB, 54.83 W, 62 %, 49
2026/10/10 02:48:11.359, 24087 MiB, 53.62 W, 42 %, 49
2026/10/10 02:48:12.360, 24087 MiB, 52.69 W, 21 %, 49
2026/10/10 02:48:13.362, 24087 MiB, 50.88 W, 5 %, 49
2026/10/10 02:48:14.364, 24087 MiB, 49.62 W, 6 %, 49
2026/10/10 02:48:15.379, 24087 MiB, 50.00 W, 5 %, 50
2026/10/10 02:48:16.384, 24087 MiB, 51.55 W, 30 %, 50
2026/10/10 02:48:17.391, 24087 MiB, 52.94 W, 57 %, 50
2026/10/10 02:48:18.400, 24087 MiB, 54.47 W, 76 %, 49
2026/10/10 02:48:19.409, 24087 MiB, 54.35 W, 63 %, 49
2026/10/10 02:48:20.419, 24087 MiB, 53.39 W, 28 %, 49
2026/10/10 02:48:21.426, 24087 MiB, 51.11 W, 8 %, 49
2026/10/10 02:48:22.436, 24087 MiB, 49.86 W, 7 %, 50
2026/10/10 02:48:23.440, 24087 MiB, 50.29 W, 10 %, 50
2026/10/10 02:48:24.446, 24087 MiB, 51.60 W, 33 %, 51
2026/10/10 02:48:25.451, 24087 MiB, 51.64 W, 30 %, 51
2026/10/10 02:48:26.455, 24087 MiB, 54.00 W, 66 %, 50
2026/10/10 02:48:27.463, 24087 MiB, 42.29 W, 60 %, 49
2026/10/10 02:48:28.475, 24087 MiB, 151.78 W, 99 %, 60
2026/10/10 02:48:29.488, 24087 MiB, 256.67 W, 99 %, 63
2026/10/10 02:48:30.489, 24087 MiB, 255.94 W, 100 %, 66
2026/10/10 02:48:31.504, 24087 MiB, 171.85 W, 92 %, 57
2026/10/10 02:48:32.518, 24087 MiB, 282.73 W, 99 %, 72
2026/10/10 02:48:33.530, 24087 MiB, 264.03 W, 94 %, 59
2026/10/10 02:48:34.541, 24087 MiB, 257.07 W, 39 %, 56
2026/10/10 02:48:35.542, 24087 MiB, 248.43 W, 100 %, 61
2026/10/10 02:48:36.557, 24087 MiB, 259.15 W, 100 %, 64
2026/10/10 02:48:37.572, 24087 MiB, 260.94 W, 99 %, 67
2026/10/10 02:48:38.586, 24087 MiB, 201.27 W, 99 %, 71
2026/10/10 02:48:39.598, 24087 MiB, 274.61 W, 93 %, 60
2026/10/10 02:48:40.609, 24087 MiB, 268.62 W, 94 %, 59
2026/10/10 02:48:41.624, 24087 MiB, 278.45 W, 18 %, 61
2026/10/10 02:48:42.625, 24087 MiB, 228.27 W, 100 %, 61
2026/10/10 02:48:43.629, 24087 MiB, 260.03 W, 99 %, 63
2026/10/10 02:48:44.644, 24087 MiB, 258.70 W, 99 %, 65
2026/10/10 02:48:45.657, 24087 MiB, 183.30 W, 95 %, 60
2026/10/10 02:48:46.662, 24087 MiB, 313.10 W, 100 %, 70
2026/10/10 02:48:47.669, 24087 MiB, 302.12 W, 89 %, 72
2026/10/10 02:48:48.676, 24087 MiB, 281.67 W, 90 %, 61
2026/10/10 02:48:49.681, 24087 MiB, 192.94 W, 18 %, 53
2026/10/10 02:48:50.687, 24087 MiB, 103.36 W, 1 %, 53
2026/10/10 02:48:51.695, 24087 MiB, 82.93 W, 26 %, 50
2026/10/10 02:48:52.699, 24087 MiB, 59.53 W, 33 %, 49
2026/10/10 02:48:53.706, 24087 MiB, 58.47 W, 36 %, 49
2026/10/10 02:48:54.713, 24087 MiB, 56.42 W, 32 %, 48
2026/10/10 02:48:55.722, 24087 MiB, 53.58 W, 2 %, 48
2026/10/10 02:48:56.731, 24087 MiB, 52.53 W, 3 %, 48
2026/10/10 02:48:57.740, 24087 MiB, 52.33 W, 3 %, 47
2026/10/10 02:48:58.743, 24087 MiB, 51.79 W, 32 %, 48
2026/10/10 02:48:59.756, 24087 MiB, 54.65 W, 58 %, 46
2026/10/10 02:49:00.782, 24087 MiB, 52.10 W, 4 %, 47
2026/10/10 02:49:01.797, 24087 MiB, 52.15 W, 64 %, 46
2026/10/10 02:49:02.809, 24087 MiB, 52.83 W, 21 %, 46
2026/10/10 02:49:03.814, 24087 MiB, 50.44 W, 7 %, 46
2026/10/10 02:49:04.819, 24087 MiB, 51.96 W, 65 %, 46
2026/10/10 02:49:05.832, 24087 MiB, 52.58 W, 22 %, 46
2026/10/10 02:49:06.841, 24087 MiB, 49.28 W, 7 %, 45
2026/10/10 02:49:07.850, 24087 MiB, 51.28 W, 64 %, 45
2026/10/10 02:49:08.862, 24087 MiB, 52.19 W, 39 %, 46
2026/10/10 02:49:09.868, 24087 MiB, 49.78 W, 8 %, 45
2026/10/10 02:49:10.882, 24087 MiB, 49.74 W, 45 %, 44
2026/10/10 02:49:11.890, 24087 MiB, 51.67 W, 40 %, 46
2026/10/10 02:49:12.895, 24087 MiB, 49.78 W, 5 %, 44
2026/10/10 02:49:13.909, 24087 MiB, 51.87 W, 76 %, 45
2026/10/10 02:49:14.911, 24087 MiB, 51.73 W, 25 %, 45
2026/10/10 02:49:15.921, 24087 MiB, 48.99 W, 40 %, 44
2026/10/10 02:49:16.931, 24087 MiB, 51.21 W, 49 %, 45
2026/10/10 02:49:17.943, 24087 MiB, 50.36 W, 5 %, 44
2026/10/10 02:49:18.944, 24087 MiB, 49.66 W, 56 %, 43
2026/10/10 02:49:19.946, 24087 MiB, 51.19 W, 44 %, 45
2026/10/10 02:49:20.949, 24087 MiB, 49.67 W, 5 %, 43
2026/10/10 02:49:21.964, 24087 MiB, 50.21 W, 56 %, 43
2026/10/10 02:49:22.969, 24087 MiB, 51.24 W, 60 %, 44
2026/10/10 02:49:23.977, 24087 MiB, 50.59 W, 5 %, 43
2026/10/10 02:49:24.990, 24087 MiB, 46.67 W, 7 %, 43
2026/10/10 02:49:26.005, 24087 MiB, 50.86 W, 63 %, 43
2026/10/10 02:49:27.015, 24087 MiB, 50.78 W, 27 %, 43
2026/10/10 02:49:28.025, 24087 MiB, 48.29 W, 7 %, 42
2026/10/10 02:49:29.037, 24087 MiB, 50.58 W, 68 %, 43
2026/10/10 02:49:30.038, 24087 MiB, 50.62 W, 6 %, 43
2026/10/10 02:49:31.039, 24087 MiB, 47.00 W, 5 %, 42
2026/10/10 02:49:32.041, 24087 MiB, 49.97 W, 56 %, 42
2026/10/10 02:49:33.053, 24087 MiB, 50.96 W, 51 %, 43
2026/10/10 02:49:34.054, 24087 MiB, 50.15 W, 6 %, 42
2026/10/10 02:49:35.065, 24087 MiB, 50.17 W, 57 %, 42
2026/10/10 02:49:36.074, 24087 MiB, 51.02 W, 33 %, 42
2026/10/10 02:49:37.075, 24087 MiB, 48.42 W, 6 %, 42
2026/10/10 02:49:38.083, 24087 MiB, 50.44 W, 68 %, 42
2026/10/10 02:49:39.088, 24087 MiB, 51.27 W, 55 %, 43
2026/10/10 02:49:40.097, 24087 MiB, 50.00 W, 7 %, 41
2026/10/10 02:49:41.101, 24087 MiB, 48.21 W, 39 %, 41
2026/10/10 02:49:42.116, 24087 MiB, 51.01 W, 67 %, 42
2026/10/10 02:49:43.121, 24087 MiB, 50.99 W, 5 %, 41
2026/10/10 02:49:44.124, 24087 MiB, 46.95 W, 14 %, 41
2026/10/10 02:49:45.128, 24087 MiB, 50.28 W, 68 %, 42
2026/10/10 02:49:46.136, 24087 MiB, 50.70 W, 24 %, 41
2026/10/10 02:49:47.142, 24087 MiB, 47.86 W, 5 %, 41
2026/10/10 02:49:48.151, 24087 MiB, 48.76 W, 48 %, 41
2026/10/10 02:49:49.161, 24087 MiB, 50.22 W, 56 %, 42
2026/10/10 02:49:50.173, 24087 MiB, 50.00 W, 6 %, 41
2026/10/10 02:49:51.186, 24087 MiB, 47.99 W, 31 %, 40
2026/10/10 02:49:52.202, 24087 MiB, 50.81 W, 67 %, 42
2026/10/10 02:49:53.211, 24087 MiB, 50.83 W, 4 %, 41
2026/10/10 02:49:54.218, 24087 MiB, 47.30 W, 24 %, 40
2026/10/10 02:49:55.233, 24087 MiB, 50.76 W, 71 %, 41
2026/10/10 02:49:56.236, 24087 MiB, 50.55 W, 35 %, 41
2026/10/10 02:49:57.249, 24087 MiB, 48.38 W, 6 %, 40
2026/10/10 02:49:58.265, 24087 MiB, 48.04 W, 42 %, 40
2026/10/10 02:49:59.272, 24087 MiB, 49.99 W, 42 %, 41
2026/10/10 02:50:00.280, 24087 MiB, 48.37 W, 6 %, 40
2026/10/10 02:50:01.286, 24087 MiB, 47.17 W, 30 %, 40
2026/10/10 02:50:02.288, 24087 MiB, 49.65 W, 70 %, 40
2026/10/10 02:50:03.294, 24087 MiB, 49.83 W, 26 %, 40
2026/10/10 02:50:04.302, 24087 MiB, 46.55 W, 8 %, 41
2026/10/10 02:50:05.314, 24087 MiB, 49.60 W, 74 %, 40
2026/10/10 02:50:06.328, 24087 MiB, 50.09 W, 16 %, 40
2026/10/10 02:50:07.328, 24087 MiB, 46.07 W, 7 %, 41
2026/10/10 02:50:08.344, 24087 MiB, 48.63 W, 59 %, 41
2026/10/10 02:50:09.346, 24087 MiB, 50.08 W, 58 %, 40
2026/10/10 02:50:10.348, 24087 MiB, 49.12 W, 7 %, 40
2026/10/10 02:50:11.354, 24087 MiB, 46.84 W, 22 %, 42
2026/10/10 02:50:12.357, 24087 MiB, 49.98 W, 65 %, 41
2026/10/10 02:50:13.358, 24087 MiB, 50.10 W, 4 %, 40
2026/10/10 02:50:14.361, 24087 MiB, 45.88 W, 5 %, 42
2026/10/10 02:50:15.376, 24087 MiB, 49.29 W, 68 %, 41
2026/10/10 02:50:16.381, 24087 MiB, 49.70 W, 43 %, 41
2026/10/10 02:50:17.386, 24087 MiB, 47.35 W, 5 %, 41
2026/10/10 02:50:18.392, 24087 MiB, 48.38 W, 63 %, 41
2026/10/10 02:50:19.396, 24087 MiB, 49.58 W, 66 %, 41
2026/10/10 02:50:20.400, 24087 MiB, 49.44 W, 18 %, 41
2026/10/10 02:50:21.403, 24087 MiB, 46.48 W, 5 %, 42
2026/10/10 02:50:22.409, 24087 MiB, 48.44 W, 65 %, 41
2026/10/10 02:50:23.412, 24087 MiB, 49.24 W, 57 %, 41
2026/10/10 02:50:24.418, 24087 MiB, 48.71 W, 5 %, 41
2026/10/10 02:50:25.431, 24087 MiB, 48.54 W, 67 %, 42
2026/10/10 02:50:26.446, 24087 MiB, 49.33 W, 47 %, 41
2026/10/10 02:50:27.454, 24087 MiB, 48.00 W, 5 %, 41
2026/10/10 02:50:28.458, 24087 MiB, 45.72 W, 13 %, 42
2026/10/10 02:50:29.472, 24087 MiB, 49.48 W, 71 %, 41
2026/10/10 02:50:30.476, 24087 MiB, 49.74 W, 39 %, 41
2026/10/10 02:50:31.483, 24087 MiB, 48.25 W, 6 %, 42
2026/10/10 02:50:32.489, 24087 MiB, 48.79 W, 57 %, 42
2026/10/10 02:50:33.503, 24087 MiB, 49.77 W, 47 %, 41
2026/10/10 02:50:34.518, 24087 MiB, 48.59 W, 7 %, 42
2026/10/10 02:50:35.523, 24087 MiB, 46.93 W, 25 %, 42
2026/10/10 02:50:36.529, 24087 MiB, 49.99 W, 76 %, 42
2026/10/10 02:50:37.539, 24087 MiB, 49.94 W, 58 %, 42
2026/10/10 02:50:38.554, 24087 MiB, 49.49 W, 5 %, 42
2026/10/10 02:50:39.560, 24087 MiB, 47.30 W, 24 %, 43
2026/10/10 02:50:40.563, 24087 MiB, 49.81 W, 70 %, 42
2026/10/10 02:50:41.564, 24087 MiB, 50.14 W, 5 %, 42
2026/10/10 02:50:42.565, 24087 MiB, 46.04 W, 7 %, 43
2026/10/10 02:50:43.575, 24087 MiB, 50.18 W, 68 %, 42
2026/10/10 02:50:44.580, 24087 MiB, 50.35 W, 15 %, 42
2026/10/10 02:50:45.585, 24087 MiB, 46.86 W, 6 %, 43
2026/10/10 02:50:46.591, 24087 MiB, 48.58 W, 50 %, 42
2026/10/10 02:50:47.603, 24087 MiB, 50.44 W, 62 %, 42
2026/10/10 02:50:48.606, 24087 MiB, 50.01 W, 5 %, 42
2026/10/10 02:50:49.609, 24087 MiB, 48.29 W, 39 %, 43
2026/10/10 02:50:50.619, 24087 MiB, 50.26 W, 74 %, 42
2026/10/10 02:50:51.634, 24087 MiB, 50.04 W, 16 %, 42
2026/10/10 02:50:52.642, 24087 MiB, 46.70 W, 5 %, 43
2026/10/10 02:50:53.652, 24087 MiB, 48.71 W, 52 %, 43
2026/10/10 02:50:54.660, 24087 MiB, 50.39 W, 46 %, 42
2026/10/10 02:50:55.675, 24087 MiB, 49.24 W, 6 %, 42
2026/10/10 02:50:56.679, 24087 MiB, 47.25 W, 20 %, 43
2026/10/10 02:50:57.683, 24087 MiB, 50.15 W, 67 %, 43
2026/10/10 02:50:58.687, 24087 MiB, 50.76 W, 55 %, 42
2026/10/10 02:50:59.697, 24087 MiB, 50.02 W, 16 %, 42
2026/10/10 02:51:00.707, 24087 MiB, 47.15 W, 5 %, 43
2026/10/10 02:51:01.711, 24087 MiB, 50.18 W, 67 %, 43
2026/10/10 02:51:02.721, 24087 MiB, 51.07 W, 38 %, 42
2026/10/10 02:51:03.731, 24087 MiB, 49.05 W, 5 %, 42
2026/10/10 02:51:04.741, 24087 MiB, 47.87 W, 36 %, 44
2026/10/10 02:51:05.753, 24087 MiB, 50.87 W, 73 %, 43
2026/10/10 02:51:06.763, 24087 MiB, 50.98 W, 11 %, 42
2026/10/10 02:51:07.771, 24087 MiB, 47.49 W, 15 %, 44
2026/10/10 02:51:08.783, 24087 MiB, 50.63 W, 76 %, 43
2026/10/10 02:51:09.790, 24087 MiB, 50.78 W, 43 %, 43
2026/10/10 02:51:10.802, 24087 MiB, 48.83 W, 7 %, 43
2026/10/10 02:51:11.809, 24087 MiB, 47.59 W, 31 %, 44
2026/10/10 02:51:12.811, 24087 MiB, 50.81 W, 68 %, 43
2026/10/10 02:51:13.819, 24087 MiB, 50.99 W, 5 %, 43
2026/10/10 02:51:14.829, 24087 MiB, 46.74 W, 9 %, 44
2026/10/10 02:51:15.840, 24087 MiB, 50.82 W, 69 %, 43
2026/10/10 02:51:16.847, 24087 MiB, 50.74 W, 10 %, 43
2026/10/10 02:51:17.854, 24087 MiB, 47.15 W, 5 %, 44
2026/10/10 02:51:18.862, 24087 MiB, 50.18 W, 68 %, 43
2026/10/10 02:51:19.869, 24087 MiB, 50.38 W, 36 %, 43
2026/10/10 02:51:20.879, 24087 MiB, 48.17 W, 5 %, 43
2026/10/10 02:51:21.883, 24087 MiB, 48.17 W, 38 %, 44
2026/10/10 02:51:22.890, 24087 MiB, 50.85 W, 64 %, 43
2026/10/10 02:51:23.906, 24087 MiB, 50.54 W, 11 %, 43
2026/10/10 02:51:24.911, 24087 MiB, 47.03 W, 6 %, 44
2026/10/10 02:51:25.919, 24087 MiB, 49.72 W, 58 %, 44
2026/10/10 02:51:26.927, 24087 MiB, 51.03 W, 62 %, 43
2026/10/10 02:51:27.937, 24087 MiB, 50.70 W, 5 %, 43
2026/10/10 02:51:28.946, 24087 MiB, 48.00 W, 30 %, 45
2026/10/10 02:51:29.951, 24087 MiB, 51.21 W, 49 %, 43
2026/10/10 02:51:30.961, 24087 MiB, 50.06 W, 5 %, 44
2026/10/10 02:51:31.969, 24087 MiB, 49.09 W, 45 %, 44
2026/10/10 02:51:32.973, 24087 MiB, 51.75 W, 68 %, 44
2026/10/10 02:51:33.982, 24087 MiB, 51.56 W, 5 %, 43
2026/10/10 02:51:34.987, 24087 MiB, 47.95 W, 13 %, 45
2026/10/10 02:51:35.997, 24087 MiB, 50.87 W, 68 %, 44
2026/10/10 02:51:37.003, 24087 MiB, 51.06 W, 25 %, 43
2026/10/10 02:51:38.015, 24087 MiB, 48.71 W, 5 %, 44
2026/10/10 02:51:39.022, 24087 MiB, 51.21 W, 36 %, 44
2026/10/10 02:51:40.033, 24087 MiB, 49.23 W, 62 %, 44
2026/10/10 02:51:41.040, 24087 MiB, 49.18 W, 14 %, 44
2026/10/10 02:51:42.044, 24087 MiB, 51.47 W, 12 %, 45
2026/10/10 02:51:43.053, 24087 MiB, 51.79 W, 71 %, 44
2026/10/10 02:51:44.057, 24087 MiB, 47.86 W, 37 %, 44
2026/10/10 02:51:45.068, 24087 MiB, 51.92 W, 6 %, 44
2026/10/10 02:51:46.072, 24087 MiB, 51.88 W, 18 %, 44
2026/10/10 02:51:47.079, 24087 MiB, 49.14 W, 5 %, 44
2026/10/10 02:51:48.086, 24087 MiB, 50.83 W, 52 %, 44
2026/10/10 02:51:49.102, 24087 MiB, 52.28 W, 59 %, 45
2026/10/10 02:51:50.114, 24087 MiB, 51.48 W, 4 %, 44
2026/10/10 02:51:51.118, 24087 MiB, 48.87 W, 18 %, 44
2026/10/10 02:51:52.134, 24087 MiB, 51.79 W, 80 %, 45
2026/10/10 02:51:53.146, 24087 MiB, 51.99 W, 18 %, 44
2026/10/10 02:51:54.163, 24087 MiB, 48.97 W, 18 %, 44
2026/10/10 02:51:55.177, 24087 MiB, 49.93 W, 48 %, 44
2026/10/10 02:51:56.190, 24087 MiB, 51.96 W, 67 %, 45
2026/10/10 02:51:57.197, 24087 MiB, 51.99 W, 5 %, 44
2026/10/10 02:51:58.209, 24087 MiB, 47.85 W, 6 %, 44
2026/10/10 02:51:59.225, 24087 MiB, 51.15 W, 63 %, 44
2026/10/10 02:52:00.228, 24087 MiB, 51.90 W, 37 %, 45
2026/10/10 02:52:01.243, 24087 MiB, 49.74 W, 5 %, 44
2026/10/10 02:52:02.256, 24087 MiB, 47.44 W, 6 %, 44
2026/10/10 02:52:03.271, 24087 MiB, 51.51 W, 68 %, 45
2026/10/10 02:52:04.284, 24087 MiB, 51.33 W, 41 %, 45
2026/10/10 02:52:05.290, 24087 MiB, 49.84 W, 5 %, 44
2026/10/10 02:52:06.295, 24087 MiB, 47.40 W, 14 %, 44
2026/10/10 02:52:07.296, 24087 MiB, 51.42 W, 76 %, 45
2026/10/10 02:52:08.303, 24087 MiB, 51.71 W, 39 %, 45
2026/10/10 02:52:09.313, 24087 MiB, 49.22 W, 5 %, 44
2026/10/10 02:52:10.315, 24087 MiB, 48.71 W, 33 %, 44
2026/10/10 02:52:11.316, 24087 MiB, 51.38 W, 67 %, 45
2026/10/10 02:52:12.317, 24087 MiB, 51.47 W, 5 %, 45
2026/10/10 02:52:13.324, 24087 MiB, 47.92 W, 5 %, 44
2026/10/10 02:52:14.325, 24087 MiB, 48.75 W, 26 %, 44
2026/10/10 02:52:15.328, 24087 MiB, 51.69 W, 68 %, 46
2026/10/10 02:52:16.334, 24087 MiB, 51.43 W, 4 %, 45
2026/10/10 02:52:17.341, 24087 MiB, 47.25 W, 5 %, 45
2026/10/10 02:52:18.342, 24087 MiB, 50.78 W, 62 %, 45
2026/10/10 02:52:19.352, 24087 MiB, 51.42 W, 41 %, 46
2026/10/10 02:52:20.360, 24087 MiB, 50.22 W, 6 %, 45
2026/10/10 02:52:21.370, 24087 MiB, 49.16 W, 32 %, 45
2026/10/10 02:52:22.373, 24087 MiB, 51.52 W, 76 %, 45
2026/10/10 02:52:23.378, 24087 MiB, 51.04 W, 23 %, 45
2026/10/10 02:52:24.382, 24087 MiB, 48.02 W, 7 %, 45
2026/10/10 02:52:25.394, 24087 MiB, 49.21 W, 42 %, 45
2026/10/10 02:52:26.396, 24087 MiB, 52.36 W, 77 %, 45
2026/10/10 02:52:27.406, 24087 MiB, 51.78 W, 30 %, 46
2026/10/10 02:52:28.409, 24087 MiB, 48.78 W, 5 %, 45
2026/10/10 02:52:29.423, 24087 MiB, 48.80 W, 31 %, 45
2026/10/10 02:52:30.437, 24087 MiB, 51.32 W, 68 %, 46
2026/10/10 02:52:31.439, 24087 MiB, 51.59 W, 10 %, 45
2026/10/10 02:52:32.443, 24087 MiB, 48.28 W, 5 %, 45
2026/10/10 02:52:33.453, 24087 MiB, 50.21 W, 48 %, 45
2026/10/10 02:52:34.463, 24087 MiB, 51.76 W, 58 %, 46
2026/10/10 02:52:35.466, 24087 MiB, 49.58 W, 5 %, 45
2026/10/10 02:52:36.467, 24087 MiB, 49.85 W, 49 %, 45
2026/10/10 02:52:37.474, 24087 MiB, 51.67 W, 65 %, 46
2026/10/10 02:52:38.475, 24087 MiB, 50.92 W, 5 %, 45
2026/10/10 02:52:39.489, 24087 MiB, 46.63 W, 9 %, 45
2026/10/10 02:52:40.493, 24087 MiB, 50.77 W, 60 %, 45
2026/10/10 02:52:41.497, 24087 MiB, 51.59 W, 42 %, 46
2026/10/10 02:52:42.512, 24087 MiB, 50.34 W, 5 %, 45
2026/10/10 02:52:43.513, 24087 MiB, 48.39 W, 24 %, 45
2026/10/10 02:52:44.515, 24087 MiB, 51.29 W, 68 %, 46
2026/10/10 02:52:45.519, 24087 MiB, 51.12 W, 14 %, 46
2026/10/10 02:52:46.525, 24087 MiB, 48.44 W, 5 %, 45
2026/10/10 02:52:47.527, 24087 MiB, 48.60 W, 24 %, 45
2026/10/10 02:52:48.538, 24087 MiB, 51.90 W, 68 %, 46
2026/10/10 02:52:49.552, 24087 MiB, 52.45 W, 50 %, 47
2026/10/10 02:52:50.559, 24087 MiB, 51.30 W, 6 %, 46
2026/10/10 02:52:51.564, 24087 MiB, 48.41 W, 11 %, 45
2026/10/10 02:52:52.571, 24087 MiB, 52.26 W, 74 %, 46
2026/10/10 02:52:53.578, 24087 MiB, 52.74 W, 51 %, 47
2026/10/10 02:52:54.581, 24087 MiB, 50.55 W, 7 %, 46
2026/10/10 02:52:55.586, 24087 MiB, 48.16 W, 20 %, 45
2026/10/10 02:52:56.603, 24087 MiB, 51.96 W, 72 %, 46
2026/10/10 02:52:57.609, 24087 MiB, 52.20 W, 52 %, 47
2026/10/10 02:52:58.614, 24087 MiB, 51.28 W, 7 %, 46
2026/10/10 02:52:59.623, 24087 MiB, 49.00 W, 23 %, 45
2026/10/10 02:53:00.638, 24087 MiB, 51.25 W, 51 %, 46
2026/10/10 02:53:01.644, 24087 MiB, 52.18 W, 50 %, 46
2026/10/10 02:53:02.652, 24087 MiB, 51.02 W, 5 %, 45
2026/10/10 02:53:03.667, 24087 MiB, 47.86 W, 9 %, 47
2026/10/10 02:53:04.671, 24087 MiB, 52.11 W, 68 %, 46
2026/10/10 02:53:05.675, 24087 MiB, 52.10 W, 46 %, 46
2026/10/10 02:53:06.684, 24087 MiB, 50.21 W, 5 %, 46
2026/10/10 02:53:07.700, 24087 MiB, 47.95 W, 19 %, 47
2026/10/10 02:53:08.701, 24087 MiB, 51.67 W, 71 %, 46
2026/10/10 02:53:09.704, 24087 MiB, 52.39 W, 59 %, 46
2026/10/10 02:53:10.713, 24087 MiB, 51.46 W, 5 %, 46
2026/10/10 02:53:11.716, 24087 MiB, 47.98 W, 20 %, 47
2026/10/10 02:53:12.722, 24087 MiB, 50.60 W, 62 %, 46
2026/10/10 02:53:13.728, 24087 MiB, 52.28 W, 63 %, 46
2026/10/10 02:53:14.733, 24087 MiB, 52.14 W, 6 %, 46
2026/10/10 02:53:15.740, 24087 MiB, 48.09 W, 7 %, 47
2026/10/10 02:53:16.743, 24087 MiB, 50.21 W, 37 %, 47
2026/10/10 02:53:17.751, 24087 MiB, 52.76 W, 67 %, 46
2026/10/10 02:53:18.754, 24087 MiB, 52.54 W, 15 %, 46
2026/10/10 02:53:19.773, 24087 MiB, 48.63 W, 5 %, 47
2026/10/10 02:53:20.776, 24087 MiB, 49.92 W, 35 %, 47
2026/10/10 02:53:21.779, 24087 MiB, 52.04 W, 67 %, 46
2026/10/10 02:53:22.783, 24087 MiB, 52.18 W, 23 %, 46
2026/10/10 02:53:23.792, 24087 MiB, 50.00 W, 5 %, 46
2026/10/10 02:53:24.800, 24087 MiB, 50.15 W, 33 %, 47
2026/10/10 02:53:25.803, 24087 MiB, 52.23 W, 67 %, 46
2026/10/10 02:53:26.813, 24087 MiB, 52.99 W, 64 %, 46
2026/10/10 02:53:27.818, 24087 MiB, 52.36 W, 47 %, 46
2026/10/10 02:53:28.821, 24087 MiB, 50.88 W, 29 %, 46
2026/10/10 02:53:29.832, 24087 MiB, 50.20 W, 6 %, 46
2026/10/10 02:53:30.835, 24087 MiB, 50.23 W, 37 %, 47
2026/10/10 02:53:31.843, 24087 MiB, 52.96 W, 72 %, 46
2026/10/10 02:53:32.851, 24087 MiB, 52.88 W, 31 %, 46
2026/10/10 02:53:33.866, 24087 MiB, 50.57 W, 7 %, 46
2026/10/10 02:53:34.872, 24087 MiB, 49.15 W, 14 %, 47
2026/10/10 02:53:35.879, 24087 MiB, 52.27 W, 64 %, 47
2026/10/10 02:53:36.883, 24087 MiB, 53.09 W, 67 %, 46
2026/10/10 02:53:37.886, 24087 MiB, 52.88 W, 24 %, 46
2026/10/10 02:53:38.894, 24087 MiB, 50.38 W, 5 %, 47
2026/10/10 02:53:39.898, 24087 MiB, 50.44 W, 33 %, 48
2026/10/10 02:53:40.906, 24087 MiB, 52.72 W, 69 %, 46
2026/10/10 02:53:41.917, 24087 MiB, 53.02 W, 27 %, 46
2026/10/10 02:53:42.925, 24087 MiB, 51.04 W, 4 %, 46
2026/10/10 02:53:43.934, 24087 MiB, 49.58 W, 21 %, 48
2026/10/10 02:53:44.935, 24087 MiB, 53.34 W, 68 %, 47
2026/10/10 02:53:45.942, 24087 MiB, 53.57 W, 49 %, 46
2026/10/10 02:53:46.945, 24087 MiB, 52.59 W, 5 %, 46
2026/10/10 02:53:47.955, 24087 MiB, 49.64 W, 20 %, 48
2026/10/10 02:53:48.957, 24087 MiB, 52.46 W, 62 %, 47
2026/10/10 02:53:49.966, 24087 MiB, 53.12 W, 63 %, 47
2026/10/10 02:53:50.975, 24087 MiB, 52.75 W, 16 %, 46
2026/10/10 02:53:51.984, 24087 MiB, 49.20 W, 15 %, 48
2026/10/10 02:53:52.991, 24087 MiB, 52.20 W, 60 %, 47
2026/10/10 02:53:54.002, 24087 MiB, 52.95 W, 43 %, 47
2026/10/10 02:53:55.015, 24087 MiB, 51.59 W, 6 %, 46
2026/10/10 02:53:56.024, 24087 MiB, 48.76 W, 5 %, 47
2026/10/10 02:53:57.026, 24087 MiB, 51.15 W, 45 %, 47
2026/10/10 02:53:58.035, 24087 MiB, 53.15 W, 59 %, 47
2026/10/10 02:53:59.045, 24087 MiB, 52.45 W, 5 %, 47
2026/10/10 02:54:00.050, 24087 MiB, 48.52 W, 6 %, 48
2026/10/10 02:54:01.054, 24087 MiB, 49.81 W, 27 %, 48
2026/10/10 02:54:02.062, 24087 MiB, 52.72 W, 68 %, 47
2026/10/10 02:54:03.070, 24087 MiB, 53.57 W, 51 %, 47
2026/10/10 02:54:04.079, 24087 MiB, 52.20 W, 3 %, 47
2026/10/10 02:54:05.081, 24087 MiB, 48.83 W, 5 %, 48
2026/10/10 02:54:06.094, 24087 MiB, 51.59 W, 52 %, 47
2026/10/10 02:54:07.096, 24087 MiB, 52.88 W, 77 %, 47
2026/10/10 02:54:08.100, 24087 MiB, 53.33 W, 35 %, 47
2026/10/10 02:54:09.114, 24087 MiB, 50.99 W, 6 %, 47
2026/10/10 02:54:10.124, 24087 MiB, 49.88 W, 21 %, 48
2026/10/10 02:54:11.136, 24087 MiB, 53.15 W, 66 %, 47
2026/10/10 02:54:12.145, 24087 MiB, 53.85 W, 54 %, 47
2026/10/10 02:54:13.156, 24087 MiB, 52.67 W, 6 %, 47
2026/10/10 02:54:14.166, 24087 MiB, 49.22 W, 7 %, 48
2026/10/10 02:54:15.170, 24087 MiB, 51.34 W, 46 %, 48
2026/10/10 02:54:16.182, 24087 MiB, 52.94 W, 68 %, 47
2026/10/10 02:54:17.193, 24087 MiB, 52.69 W, 7 %, 47
2026/10/10 02:54:18.202, 24087 MiB, 49.35 W, 5 %, 47
2026/10/10 02:54:19.206, 24087 MiB, 50.75 W, 34 %, 48
2026/10/10 02:54:20.218, 24087 MiB, 53.10 W, 77 %, 47
2026/10/10 02:54:21.226, 24087 MiB, 53.07 W, 25 %, 47
2026/10/10 02:54:22.235, 24087 MiB, 50.92 W, 5 %, 47
2026/10/10 02:54:23.247, 24087 MiB, 49.60 W, 19 %, 48
2026/10/10 02:54:24.247, 24087 MiB, 52.48 W, 68 %, 47
2026/10/10 02:54:25.262, 24087 MiB, 52.19 W, 48 %, 47
2026/10/10 02:54:26.277, 24087 MiB, 51.47 W, 8 %, 47
2026/10/10 02:54:27.292, 24087 MiB, 48.85 W, 8 %, 48
2026/10/10 02:54:28.294, 24087 MiB, 52.30 W, 72 %, 47
2026/10/10 02:54:29.305, 24087 MiB, 52.59 W, 51 %, 47
2026/10/10 02:54:30.320, 24087 MiB, 51.68 W, 5 %, 47
2026/10/10 02:54:31.328, 24087 MiB, 48.64 W, 6 %, 48
2026/10/10 02:54:32.331, 24087 MiB, 51.04 W, 36 %, 48
2026/10/10 02:54:33.342, 24087 MiB, 53.59 W, 68 %, 47
2026/10/10 02:54:34.347, 24087 MiB, 52.60 W, 14 %, 47
2026/10/10 02:54:35.350, 24087 MiB, 49.67 W, 5 %, 48
2026/10/10 02:54:36.354, 24087 MiB, 50.63 W, 37 %, 48
2026/10/10 02:54:37.359, 24087 MiB, 52.51 W, 76 %, 47
2026/10/10 02:54:38.374, 24087 MiB, 52.93 W, 38 %, 47
2026/10/10 02:54:39.378, 24087 MiB, 51.25 W, 5 %, 47
2026/10/10 02:54:40.380, 24087 MiB, 48.43 W, 13 %, 48
2026/10/10 02:54:41.390, 24087 MiB, 51.48 W, 64 %, 48
2026/10/10 02:54:42.406, 24087 MiB, 53.00 W, 70 %, 47
2026/10/10 02:54:43.407, 24087 MiB, 52.91 W, 19 %, 47
2026/10/10 02:54:44.412, 24087 MiB, 49.70 W, 6 %, 48
2026/10/10 02:54:45.417, 24087 MiB, 51.24 W, 50 %, 48
2026/10/10 02:54:46.424, 24087 MiB, 51.02 W, 76 %, 48
2026/10/10 02:54:47.426, 24087 MiB, 50.12 W, 19 %, 47
2026/10/10 02:54:48.441, 24087 MiB, 53.19 W, 5 %, 48
2026/10/10 02:54:49.455, 24087 MiB, 53.32 W, 28 %, 49
2026/10/10 02:54:50.465, 24087 MiB, 51.17 W, 68 %, 48
2026/10/10 02:54:51.475, 24087 MiB, 48.57 W, 33 %, 47
2026/10/10 02:54:52.477, 24087 MiB, 50.92 W, 5 %, 47
2026/10/10 02:54:53.480, 24087 MiB, 53.35 W, 64 %, 49
2026/10/10 02:54:54.484, 24087 MiB, 53.62 W, 20 %, 48
2026/10/10 02:54:55.498, 24087 MiB, 48.73 W, 5 %, 48
2026/10/10 02:54:56.513, 24087 MiB, 50.26 W, 30 %, 47
2026/10/10 02:54:57.515, 24087 MiB, 53.15 W, 76 %, 48
2026/10/10 02:54:58.518, 24087 MiB, 53.43 W, 32 %, 48
2026/10/10 02:54:59.525, 24087 MiB, 50.94 W, 5 %, 48
2026/10/10 02:55:00.539, 24087 MiB, 50.31 W, 28 %, 48
2026/10/10 02:55:01.551, 24087 MiB, 52.12 W, 63 %, 48
2026/10/10 02:55:02.567, 24087 MiB, 53.14 W, 69 %, 49
2026/10/10 02:55:03.571, 24087 MiB, 53.01 W, 12 %, 48
2026/10/10 02:55:04.577, 24087 MiB, 49.10 W, 5 %, 48
2026/10/10 02:55:05.584, 24087 MiB, 47.84 W, 10 %, 48
2026/10/10 02:55:06.592, 24087 MiB, 51.58 W, 62 %, 48
2026/10/10 02:55:07.597, 24087 MiB, 52.51 W, 51 %, 49
2026/10/10 02:55:08.601, 24087 MiB, 51.70 W, 19 %, 48
2026/10/10 02:55:09.607, 24087 MiB, 49.59 W, 5 %, 48
2026/10/10 02:55:10.608, 24087 MiB, 48.38 W, 8 %, 48
2026/10/10 02:55:11.612, 24087 MiB, 51.37 W, 49 %, 48
2026/10/10 02:55:12.614, 24087 MiB, 53.39 W, 72 %, 49
2026/10/10 02:55:13.621, 24087 MiB, 54.10 W, 43 %, 49
2026/10/10 02:55:14.628, 24087 MiB, 52.20 W, 7 %, 48
2026/10/10 02:55:15.632, 24087 MiB, 49.67 W, 7 %, 48
2026/10/10 02:55:16.633, 24087 MiB, 50.93 W, 38 %, 48
2026/10/10 02:55:17.637, 24087 MiB, 53.04 W, 76 %, 48
2026/10/10 02:55:18.652, 24087 MiB, 53.56 W, 47 %, 49
2026/10/10 02:55:19.657, 24087 MiB, 51.74 W, 7 %, 48
2026/10/10 02:55:20.663, 24087 MiB, 48.97 W, 7 %, 48
2026/10/10 02:55:21.668, 24087 MiB, 50.40 W, 23 %, 48
2026/10/10 02:55:22.675, 24087 MiB, 53.40 W, 68 %, 49
2026/10/10 02:55:23.676, 24087 MiB, 53.72 W, 44 %, 49
2026/10/10 02:55:24.687, 24087 MiB, 52.48 W, 14 %, 48
2026/10/10 02:55:25.689, 24087 MiB, 50.18 W, 5 %, 48
2026/10/10 02:55:26.691, 24087 MiB, 49.17 W, 5 %, 48
2026/10/10 02:55:27.697, 24087 MiB, 51.24 W, 42 %, 48
2026/10/10 02:55:28.701, 24087 MiB, 53.50 W, 72 %, 49
2026/10/10 02:55:29.711, 24087 MiB, 53.99 W, 48 %, 49
2026/10/10 02:55:30.715, 24087 MiB, 52.29 W, 5 %, 48
2026/10/10 02:55:31.722, 24087 MiB, 49.17 W, 5 %, 48
2026/10/10 02:55:32.724, 24087 MiB, 50.67 W, 31 %, 48
2026/10/10 02:55:33.730, 24087 MiB, 53.22 W, 70 %, 49
2026/10/10 02:55:34.736, 24087 MiB, 53.61 W, 42 %, 49
2026/10/10 02:55:35.741, 24087 MiB, 52.96 W, 7 %, 48
2026/10/10 02:55:36.744, 24087 MiB, 50.66 W, 5 %, 48
2026/10/10 02:55:37.749, 24087 MiB, 50.48 W, 5 %, 48
2026/10/10 02:55:38.756, 24087 MiB, 53.73 W, 61 %, 48
2026/10/10 02:55:39.769, 24087 MiB, 53.91 W, 55 %, 49
2026/10/10 02:55:40.782, 24087 MiB, 53.12 W, 21 %, 49
2026/10/10 02:55:41.786, 24087 MiB, 50.69 W, 5 %, 48
2026/10/10 02:55:42.787, 24087 MiB, 49.57 W, 9 %, 48
2026/10/10 02:55:43.795, 24087 MiB, 52.71 W, 57 %, 48
2026/10/10 02:55:44.803, 24087 MiB, 53.75 W, 68 %, 49
2026/10/10 02:55:45.817, 24087 MiB, 53.96 W, 25 %, 49
2026/10/10 02:55:46.832, 24087 MiB, 51.22 W, 7 %, 48
2026/10/10 02:55:47.839, 24087 MiB, 49.53 W, 7 %, 48
2026/10/10 02:55:48.845, 24087 MiB, 51.09 W, 30 %, 48
2026/10/10 02:55:49.850, 24087 MiB, 53.01 W, 66 %, 48
2026/10/10 02:55:50.856, 24087 MiB, 53.44 W, 57 %, 50
2026/10/10 02:55:51.862, 24087 MiB, 52.95 W, 6 %, 49
2026/10/10 02:55:52.876, 24087 MiB, 49.78 W, 5 %, 48
2026/10/10 02:55:53.881, 24087 MiB, 50.28 W, 14 %, 48
2026/10/10 02:55:54.891, 24087 MiB, 53.54 W, 69 %, 49
2026/10/10 02:55:55.907, 24087 MiB, 54.12 W, 73 %, 49
2026/10/10 02:55:56.922, 24087 MiB, 53.82 W, 33 %, 49
2026/10/10 02:55:57.923, 24087 MiB, 51.39 W, 4 %, 49
2026/10/10 02:55:58.926, 24087 MiB, 49.83 W, 14 %, 48
2026/10/10 02:55:59.933, 24087 MiB, 52.45 W, 54 %, 48
2026/10/10 02:56:00.942, 24087 MiB, 53.71 W, 71 %, 49
2026/10/10 02:56:01.947, 24087 MiB, 53.80 W, 35 %, 49
2026/10/10 02:56:02.962, 24087 MiB, 51.34 W, 5 %, 49
2026/10/10 02:56:03.970, 24087 MiB, 49.03 W, 5 %, 48
2026/10/10 02:56:04.978, 24087 MiB, 52.13 W, 45 %, 48
2026/10/10 02:56:05.986, 24087 MiB, 53.81 W, 73 %, 49
2026/10/10 02:56:06.996, 24087 MiB, 53.77 W, 52 %, 49
2026/10/10 02:56:08.002, 24087 MiB, 52.41 W, 24 %, 48
2026/10/10 02:56:09.013, 24087 MiB, 51.33 W, 4 %, 48
2026/10/10 02:56:10.020, 24087 MiB, 49.44 W, 6 %, 49
2026/10/10 02:56:11.027, 24087 MiB, 50.39 W, 34 %, 50
2026/10/10 02:56:12.036, 24087 MiB, 52.21 W, 64 %, 49
2026/10/10 02:56:13.038, 24087 MiB, 53.47 W, 72 %, 49
2026/10/10 02:56:14.040, 24087 MiB, 53.69 W, 47 %, 49
2026/10/10 02:56:15.046, 24087 MiB, 52.18 W, 6 %, 49
2026/10/10 02:56:16.051, 24087 MiB, 49.57 W, 5 %, 49
2026/10/10 02:56:17.054, 24087 MiB, 49.62 W, 18 %, 50
2026/10/10 02:56:18.060, 24087 MiB, 51.30 W, 48 %, 49
2026/10/10 02:56:19.064, 24087 MiB, 53.17 W, 72 %, 49
2026/10/10 02:56:20.069, 24087 MiB, 52.89 W, 43 %, 49
2026/10/10 02:56:21.074, 24087 MiB, 52.04 W, 7 %, 49
2026/10/10 02:56:22.081, 24087 MiB, 49.72 W, 7 %, 49
2026/10/10 02:56:23.084, 24087 MiB, 49.97 W, 22 %, 50
2026/10/10 02:56:24.096, 24087 MiB, 52.12 W, 47 %, 49
2026/10/10 02:56:25.099, 24087 MiB, 53.62 W, 69 %, 49
2026/10/10 02:56:26.101, 24087 MiB, 53.85 W, 58 %, 49
2026/10/10 02:56:27.108, 24087 MiB, 53.70 W, 50 %, 49
2026/10/10 02:56:28.110, 24087 MiB, 52.42 W, 29 %, 49
2026/10/10 02:56:29.124, 24087 MiB, 51.64 W, 5 %, 49
2026/10/10 02:56:30.130, 24087 MiB, 49.34 W, 6 %, 49
2026/10/10 02:56:31.134, 24087 MiB, 50.84 W, 37 %, 50
2026/10/10 02:56:32.144, 24087 MiB, 52.84 W, 69 %, 49
2026/10/10 02:56:33.146, 24087 MiB, 53.26 W, 62 %, 49
2026/10/10 02:56:34.156, 24087 MiB, 52.72 W, 43 %, 49
2026/10/10 02:56:35.160, 24087 MiB, 52.25 W, 6 %, 49
2026/10/10 02:56:36.165, 24087 MiB, 49.14 W, 5 %, 49
2026/10/10 02:56:37.169, 24087 MiB, 48.94 W, 12 %, 50
2026/10/10 02:56:38.175, 24087 MiB, 51.21 W, 43 %, 50
2026/10/10 02:56:39.183, 24087 MiB, 53.44 W, 69 %, 49
2026/10/10 02:56:40.187, 24087 MiB, 53.59 W, 38 %, 49
2026/10/10 02:56:41.197, 24087 MiB, 51.90 W, 5 %, 49
2026/10/10 02:56:42.202, 24087 MiB, 49.59 W, 5 %, 49
2026/10/10 02:56:43.204, 24087 MiB, 49.42 W, 10 %, 50
2026/10/10 02:56:44.215, 24087 MiB, 52.06 W, 59 %, 49
2026/10/10 02:56:45.215, 24087 MiB, 53.60 W, 70 %, 49
2026/10/10 02:56:46.219, 24087 MiB, 53.58 W, 26 %, 49
2026/10/10 02:56:47.223, 24087 MiB, 50.46 W, 5 %, 49
2026/10/10 02:56:48.237, 24087 MiB, 49.33 W, 6 %, 50
2026/10/10 02:56:49.240, 24087 MiB, 51.77 W, 52 %, 50
2026/10/10 02:56:50.246, 24087 MiB, 53.39 W, 73 %, 49
2026/10/10 02:56:51.247, 24087 MiB, 53.31 W, 34 %, 49
2026/10/10 02:56:52.259, 24087 MiB, 50.62 W, 7 %, 49
2026/10/10 02:56:53.261, 24087 MiB, 48.42 W, 5 %, 50
2026/10/10 02:56:54.267, 24087 MiB, 48.86 W, 10 %, 50
2026/10/10 02:56:55.278, 24087 MiB, 50.76 W, 33 %, 50
2026/10/10 02:56:56.282, 24087 MiB, 52.57 W, 67 %, 49
2026/10/10 02:56:57.289, 24087 MiB, 53.01 W, 73 %, 49
2026/10/10 02:56:58.290, 24087 MiB, 52.73 W, 44 %, 49
2026/10/10 02:56:59.300, 24087 MiB, 51.81 W, 12 %, 49
2026/10/10 02:57:00.303, 24087 MiB, 49.25 W, 5 %, 49
2026/10/10 02:57:01.306, 24087 MiB, 49.38 W, 17 %, 50
2026/10/10 02:57:02.310, 24087 MiB, 51.74 W, 48 %, 50
2026/10/10 02:57:03.333, 24087 MiB, 53.18 W, 71 %, 49
2026/10/10 02:57:04.349, 24087 MiB, 52.88 W, 69 %, 49
2026/10/10 02:57:05.351, 24087 MiB, 53.08 W, 34 %, 49
2026/10/10 02:57:06.358, 24087 MiB, 51.29 W, 5 %, 49
2026/10/10 02:57:07.374, 24087 MiB, 48.85 W, 5 %, 50
2026/10/10 02:57:08.390, 24087 MiB, 49.01 W, 7 %, 50
2026/10/10 02:57:09.392, 24087 MiB, 48.63 W, 13 %, 50
2026/10/10 02:57:10.403, 24087 MiB, 51.22 W, 48 %, 50
2026/10/10 02:57:11.407, 24087 MiB, 53.05 W, 71 %, 49
2026/10/10 02:57:12.410, 24087 MiB, 53.19 W, 56 %, 49
2026/10/10 02:57:13.425, 24087 MiB, 52.27 W, 36 %, 49
2026/10/10 02:57:14.430, 24087 MiB, 51.54 W, 5 %, 49
2026/10/10 02:57:15.435, 24087 MiB, 49.73 W, 6 %, 50
2026/10/10 02:57:16.439, 24087 MiB, 50.91 W, 28 %, 51
2026/10/10 02:57:17.454, 24087 MiB, 52.35 W, 58 %, 50
2026/10/10 02:57:18.466, 24087 MiB, 53.81 W, 72 %, 49
2026/10/10 02:57:19.481, 24087 MiB, 53.88 W, 32 %, 49
2026/10/10 02:57:20.495, 24087 MiB, 51.70 W, 7 %, 49
2026/10/10 02:57:21.499, 24087 MiB, 49.89 W, 5 %, 50
2026/10/10 02:57:22.506, 24087 MiB, 49.62 W, 5 %, 50
2026/10/10 02:57:23.522, 24087 MiB, 52.08 W, 45 %, 50
2026/10/10 02:57:24.530, 24087 MiB, 53.20 W, 72 %, 50
2026/10/10 02:57:25.545, 24087 MiB, 53.41 W, 76 %, 49
2026/10/10 02:57:26.556, 24087 MiB, 53.50 W, 49 %, 49
2026/10/10 02:57:27.557, 24087 MiB, 52.69 W, 11 %, 49
2026/10/10 02:57:28.557, 24087 MiB, 50.03 W, 5 %, 50
2026/10/10 02:57:29.572, 24087 MiB, 49.62 W, 12 %, 51
2026/10/10 02:57:30.587, 24087 MiB, 53.15 W, 62 %, 50
2026/10/10 02:57:31.589, 24087 MiB, 53.72 W, 65 %, 50
2026/10/10 02:57:32.591, 24087 MiB, 53.28 W, 35 %, 49
2026/10/10 02:57:33.596, 24087 MiB, 51.63 W, 12 %, 49
2026/10/10 02:57:34.608, 24087 MiB, 49.75 W, 5 %, 49
2026/10/10 02:57:35.613, 24087 MiB, 49.30 W, 5 %, 50
2026/10/10 02:57:36.617, 24087 MiB, 50.90 W, 35 %, 51
2026/10/10 02:57:37.619, 24087 MiB, 52.21 W, 59 %, 50
2026/10/10 02:57:38.621, 24087 MiB, 53.21 W, 78 %, 50
2026/10/10 02:57:39.626, 24087 MiB, 53.11 W, 62 %, 50
2026/10/10 02:57:40.640, 24087 MiB, 52.73 W, 33 %, 49
2026/10/10 02:57:41.657, 24087 MiB, 50.72 W, 7 %, 49
2026/10/10 02:57:42.662, 24087 MiB, 49.42 W, 7 %, 50
2026/10/10 02:57:43.664, 24087 MiB, 49.92 W, 17 %, 51
2026/10/10 02:57:44.667, 24087 MiB, 53.08 W, 35 %, 51
2026/10/10 02:57:45.668, 24087 MiB, 52.27 W, 68 %, 50
2026/10/10 02:57:46.680, 24087 MiB, 49.55 W, 60 %, 50
2026/10/10 02:57:47.685, 24087 MiB, 49.34 W, 38 %, 50
2026/10/10 02:57:48.690, 24087 MiB, 50.75 W, 6 %, 50
2026/10/10 02:57:49.704, 24087 MiB, 52.78 W, 6 %, 50
2026/10/10 02:57:50.711, 24087 MiB, 53.89 W, 5 %, 51
2026/10/10 02:57:51.713, 24087 MiB, 53.77 W, 35 %, 51
2026/10/10 02:57:52.719, 24087 MiB, 52.48 W, 8 %, 50
2026/10/10 02:57:53.734, 24087 MiB, 49.83 W, 5 %, 50
2026/10/10 02:57:54.743, 24087 MiB, 49.04 W, 5 %, 50
2026/10/10 02:57:55.751, 24087 MiB, 49.33 W, 9 %, 50
2026/10/10 02:57:56.757, 24087 MiB, 51.61 W, 45 %, 50
2026/10/10 02:57:57.761, 24087 MiB, 53.30 W, 68 %, 50
2026/10/10 02:57:58.765, 24087 MiB, 53.58 W, 71 %, 51
2026/10/10 02:57:59.780, 24087 MiB, 53.63 W, 51 %, 51
2026/10/10 02:58:00.784, 24087 MiB, 52.74 W, 14 %, 50
2026/10/10 02:58:01.787, 24087 MiB, 50.15 W, 4 %, 50
2026/10/10 02:58:02.796, 24087 MiB, 49.76 W, 5 %, 50
2026/10/10 02:58:03.804, 24087 MiB, 50.74 W, 24 %, 50
2026/10/10 02:58:04.815, 24087 MiB, 52.64 W, 45 %, 50
2026/10/10 02:58:05.818, 24087 MiB, 54.55 W, 72 %, 51
2026/10/10 02:58:06.826, 24087 MiB, 54.19 W, 64 %, 51
2026/10/10 02:58:07.832, 24087 MiB, 53.93 W, 44 %, 51
2026/10/10 02:58:08.835, 24087 MiB, 52.71 W, 26 %, 50
2026/10/10 02:58:09.848, 24087 MiB, 51.54 W, 5 %, 50
2026/10/10 02:58:10.863, 24087 MiB, 50.12 W, 6 %, 50
2026/10/10 02:58:11.869, 24087 MiB, 50.17 W, 7 %, 50
2026/10/10 02:58:12.884, 24087 MiB, 51.76 W, 32 %, 50
2026/10/10 02:58:13.888, 24087 MiB, 53.11 W, 50 %, 50
2026/10/10 02:58:14.889, 24087 MiB, 54.42 W, 72 %, 50
2026/10/10 02:58:15.895, 24087 MiB, 54.59 W, 73 %, 51
2026/10/10 02:58:16.898, 24087 MiB, 54.79 W, 38 %, 51
2026/10/10 02:58:17.905, 24087 MiB, 52.43 W, 7 %, 50
2026/10/10 02:58:18.909, 24087 MiB, 50.26 W, 7 %, 50
2026/10/10 02:58:19.911, 24087 MiB, 49.72 W, 7 %, 50
2026/10/10 02:58:20.919, 24087 MiB, 50.74 W, 19 %, 50
2026/10/10 02:58:21.930, 24087 MiB, 52.33 W, 43 %, 50
2026/10/10 02:58:22.937, 24087 MiB, 54.23 W, 61 %, 50
2026/10/10 02:58:23.940, 24087 MiB, 54.95 W, 72 %, 51
2026/10/10 02:58:24.949, 24087 MiB, 54.61 W, 59 %, 51
2026/10/10 02:58:25.952, 24087 MiB, 54.28 W, 65 %, 51
2026/10/10 02:58:26.966, 24087 MiB, 55.22 W, 45 %, 51
2026/10/10 02:58:27.982, 24087 MiB, 53.77 W, 15 %, 50
2026/10/10 02:58:28.987, 24087 MiB, 51.38 W, 5 %, 50
2026/10/10 02:58:29.991, 24087 MiB, 50.02 W, 5 %, 50
2026/10/10 02:58:31.003, 24087 MiB, 50.06 W, 14 %, 50
2026/10/10 02:58:32.012, 24087 MiB, 51.60 W, 29 %, 50
2026/10/10 02:58:33.018, 24087 MiB, 53.37 W, 60 %, 50
2026/10/10 02:58:34.028, 24087 MiB, 54.43 W, 71 %, 51
2026/10/10 02:58:35.037, 24087 MiB, 54.28 W, 72 %, 51
2026/10/10 02:58:36.048, 24087 MiB, 54.77 W, 48 %, 51
2026/10/10 02:58:37.056, 24087 MiB, 54.07 W, 13 %, 50
2026/10/10 02:58:38.060, 24087 MiB, 51.73 W, 6 %, 50
2026/10/10 02:58:39.076, 24087 MiB, 50.87 W, 5 %, 50
2026/10/10 02:58:40.083, 24087 MiB, 51.04 W, 5 %, 50
2026/10/10 02:58:41.089, 24087 MiB, 50.78 W, 11 %, 50
2026/10/10 02:58:42.098, 24087 MiB, 52.42 W, 42 %, 50
2026/10/10 02:58:43.111, 24087 MiB, 54.99 W, 72 %, 51
2026/10/10 02:58:44.114, 24087 MiB, 55.51 W, 68 %, 51
2026/10/10 02:58:45.120, 24087 MiB, 54.89 W, 44 %, 51
2026/10/10 02:58:46.127, 24087 MiB, 53.68 W, 17 %, 51
2026/10/10 02:58:47.136, 24087 MiB, 51.31 W, 5 %, 50
2026/10/10 02:58:48.143, 24087 MiB, 50.30 W, 5 %, 50
2026/10/10 02:58:49.148, 24087 MiB, 51.02 W, 19 %, 50
2026/10/10 02:58:50.151, 24087 MiB, 52.87 W, 40 %, 50
2026/10/10 02:58:51.162, 24087 MiB, 54.39 W, 63 %, 50
2026/10/10 02:58:52.172, 24087 MiB, 55.05 W, 76 %, 51
2026/10/10 02:58:53.185, 24087 MiB, 54.69 W, 77 %, 51
2026/10/10 02:58:54.199, 24087 MiB, 54.55 W, 43 %, 52
2026/10/10 02:58:55.204, 24087 MiB, 53.14 W, 26 %, 51
2026/10/10 02:58:56.209, 24087 MiB, 52.43 W, 9 %, 50
2026/10/10 02:58:57.217, 24087 MiB, 50.90 W, 7 %, 50
2026/10/10 02:58:58.226, 24087 MiB, 50.35 W, 7 %, 50
2026/10/10 02:58:59.234, 24087 MiB, 50.41 W, 8 %, 50
2026/10/10 02:59:00.247, 24087 MiB, 51.55 W, 17 %, 50
2026/10/10 02:59:01.255, 24087 MiB, 52.98 W, 39 %, 50
2026/10/10 02:59:02.265, 24087 MiB, 55.42 W, 70 %, 51
2026/10/10 02:59:03.278, 24087 MiB, 55.50 W, 47 %, 52
2026/10/10 02:59:04.286, 24087 MiB, 53.91 W, 27 %, 51
2026/10/10 02:59:05.297, 24087 MiB, 52.31 W, 5 %, 50
2026/10/10 02:59:06.305, 24087 MiB, 51.30 W, 5 %, 50
2026/10/10 02:59:07.305, 24087 MiB, 51.00 W, 5 %, 50
2026/10/10 02:59:08.313, 24087 MiB, 51.66 W, 17 %, 50
2026/10/10 02:59:09.323, 24087 MiB, 53.99 W, 48 %, 50
2026/10/10 02:59:10.332, 24087 MiB, 54.99 W, 73 %, 51
2026/10/10 02:59:11.347, 24087 MiB, 55.43 W, 73 %, 51
2026/10/10 02:59:12.361, 24087 MiB, 55.53 W, 59 %, 51
2026/10/10 02:59:13.375, 24087 MiB, 55.08 W, 37 %, 51
2026/10/10 02:59:14.385, 24087 MiB, 53.43 W, 8 %, 50
2026/10/10 02:59:15.400, 24087 MiB, 38.74 W, 2 %, 50
2026/10/10 02:59:16.413, 24087 MiB, 147.31 W, 100 %, 59
2026/10/10 02:59:17.415, 24087 MiB, 265.25 W, 100 %, 61
2026/10/10 02:59:18.425, 24087 MiB, 262.61 W, 99 %, 62
2026/10/10 02:59:19.435, 24087 MiB, 184.79 W, 74 %, 57
2026/10/10 02:59:20.437, 24087 MiB, 243.01 W, 92 %, 70
2026/10/10 02:59:21.441, 24087 MiB, 295.67 W, 86 %, 61
2026/10/10 02:59:22.450, 24087 MiB, 251.40 W, 93 %, 69
2026/10/10 02:59:23.465, 24087 MiB, 244.69 W, 99 %, 65
2026/10/10 02:59:24.473, 24087 MiB, 267.49 W, 99 %, 60
2026/10/10 02:59:25.479, 24087 MiB, 266.92 W, 99 %, 60
2026/10/10 02:59:26.494, 24087 MiB, 170.40 W, 93 %, 69
2026/10/10 02:59:27.507, 24087 MiB, 300.96 W, 93 %, 62
2026/10/10 02:59:28.512, 24087 MiB, 278.77 W, 93 %, 60
2026/10/10 02:59:29.517, 24087 MiB, 264.39 W, 92 %, 69
2026/10/10 02:59:30.540, 24087 MiB, 232.11 W, 99 %, 65
2026/10/10 02:59:31.553, 24087 MiB, 261.60 W, 100 %, 67
2026/10/10 02:59:32.565, 24087 MiB, 229.14 W, 100 %, 58
2026/10/10 02:59:33.578, 24087 MiB, 201.95 W, 89 %, 68
2026/10/10 02:59:34.585, 24087 MiB, 286.33 W, 97 %, 71
2026/10/10 02:59:35.589, 24087 MiB, 304.63 W, 99 %, 72
2026/10/10 02:59:36.601, 24087 MiB, 276.52 W, 90 %, 58
2026/10/10 02:59:37.605, 24087 MiB, 158.63 W, 21 %, 54
2026/10/10 02:59:38.606, 24087 MiB, 104.06 W, 1 %, 52
2026/10/10 02:59:39.620, 24087 MiB, 61.48 W, 1 %, 51
2026/10/10 02:59:40.621, 24087 MiB, 56.86 W, 2 %, 50
2026/10/10 02:59:41.632, 24087 MiB, 55.83 W, 3 %, 49
2026/10/10 02:59:42.638, 24087 MiB, 55.04 W, 2 %, 48
2026/10/10 02:59:43.644, 24087 MiB, 53.94 W, 2 %, 48
2026/10/10 02:59:44.650, 24087 MiB, 54.00 W, 19 %, 48
2026/10/10 02:59:45.653, 24087 MiB, 55.45 W, 51 %, 47
2026/10/10 02:59:46.654, 24087 MiB, 55.92 W, 36 %, 48
2026/10/10 02:59:47.668, 24087 MiB, 54.51 W, 4 %, 47
2026/10/10 02:59:48.676, 24087 MiB, 54.52 W, 63 %, 47
2026/10/10 02:59:49.679, 24087 MiB, 54.53 W, 22 %, 46
2026/10/10 02:59:50.683, 24087 MiB, 51.88 W, 13 %, 47
2026/10/10 02:59:51.686, 24087 MiB, 54.61 W, 71 %, 46
2026/10/10 02:59:52.694, 24087 MiB, 54.19 W, 15 %, 46
2026/10/10 02:59:53.719, 24087 MiB, 50.70 W, 7 %, 47
2026/10/10 02:59:54.723, 24087 MiB, 53.91 W, 68 %, 46
2026/10/10 02:59:55.732, 24087 MiB, 53.64 W, 35 %, 45
2026/10/10 02:59:56.744, 24087 MiB, 51.48 W, 4 %, 46
2026/10/10 02:59:57.746, 24087 MiB, 52.66 W, 59 %, 45
2026/10/10 02:59:58.755, 24087 MiB, 53.35 W, 34 %, 45
2026/10/10 02:59:59.760, 24087 MiB, 51.78 W, 5 %, 45
2026/10/10 03:00:00.762, 24087 MiB, 51.79 W, 53 %, 45
2026/10/10 03:00:01.765, 24087 MiB, 52.77 W, 30 %, 44
2026/10/10 03:00:02.777, 24087 MiB, 50.15 W, 9 %, 45
2026/10/10 03:00:03.778, 24087 MiB, 52.41 W, 71 %, 44
2026/10/10 03:00:04.784, 24087 MiB, 52.21 W, 21 %, 44
2026/10/10 03:00:05.788, 24087 MiB, 49.65 W, 27 %, 45
2026/10/10 03:00:06.797, 24087 MiB, 51.99 W, 64 %, 44
2026/10/10 03:00:07.799, 24087 MiB, 51.50 W, 6 %, 44
2026/10/10 03:00:08.810, 24087 MiB, 50.46 W, 62 %, 44
2026/10/10 03:00:09.811, 24087 MiB, 51.79 W, 50 %, 43
2026/10/10 03:00:10.824, 24087 MiB, 50.40 W, 5 %, 44
2026/10/10 03:00:11.832, 24087 MiB, 50.54 W, 59 %, 44
2026/10/10 03:00:12.836, 24087 MiB, 51.50 W, 49 %, 43
2026/10/10 03:00:13.852, 24087 MiB, 50.82 W, 6 %, 43
2026/10/10 03:00:14.855, 24087 MiB, 51.83 W, 58 %, 43
2026/10/10 03:00:15.860, 24087 MiB, 52.83 W, 19 %, 43
2026/10/10 03:00:16.864, 24087 MiB, 49.59 W, 9 %, 44
2026/10/10 03:00:17.866, 24087 MiB, 52.98 W, 67 %, 43
2026/10/10 03:00:18.868, 24087 MiB, 52.92 W, 12 %, 42
2026/10/10 03:00:19.868, 24087 MiB, 49.25 W, 11 %, 43
2026/10/10 03:00:20.876, 24087 MiB, 52.60 W, 72 %, 42
2026/10/10 03:00:21.878, 24087 MiB, 52.44 W, 30 %, 42
2026/10/10 03:00:22.886, 24087 MiB, 50.33 W, 5 %, 43
2026/10/10 03:00:23.887, 24087 MiB, 51.26 W, 61 %, 42
2026/10/10 03:00:24.898, 24087 MiB, 51.89 W, 20 %, 42
2026/10/10 03:00:25.912, 24087 MiB, 48.73 W, 5 %, 42
2026/10/10 03:00:26.918, 24087 MiB, 50.29 W, 43 %, 42
2026/10/10 03:00:27.928, 24087 MiB, 52.09 W, 37 %, 42
2026/10/10 03:00:28.934, 24087 MiB, 50.12 W, 5 %, 42
2026/10/10 03:00:29.934, 24087 MiB, 52.12 W, 67 %, 42
2026/10/10 03:00:30.939, 24087 MiB, 52.36 W, 40 %, 41
2026/10/10 03:00:31.946, 24087 MiB, 49.40 W, 7 %, 42
2026/10/10 03:00:32.949, 24087 MiB, 51.41 W, 76 %, 42
2026/10/10 03:00:33.954, 24087 MiB, 52.01 W, 17 %, 41
2026/10/10 03:00:34.959, 24087 MiB, 50.12 W, 27 %, 42
2026/10/10 03:00:35.981, 24087 MiB, 52.12 W, 75 %, 41
2026/10/10 03:00:36.992, 24087 MiB, 51.87 W, 11 %, 41
2026/10/10 03:00:38.002, 24087 MiB, 48.56 W, 26 %, 42
2026/10/10 03:00:39.009, 24087 MiB, 51.94 W, 75 %, 41
2026/10/10 03:00:40.011, 24087 MiB, 51.76 W, 19 %, 41
2026/10/10 03:00:41.015, 24087 MiB, 48.37 W, 5 %, 42
2026/10/10 03:00:42.024, 24087 MiB, 50.22 W, 57 %, 41
2026/10/10 03:00:43.039, 24087 MiB, 51.00 W, 45 %, 41
2026/10/10 03:00:44.047, 24087 MiB, 50.23 W, 5 %, 41
2026/10/10 03:00:45.060, 24087 MiB, 50.01 W, 41 %, 41
2026/10/10 03:00:46.063, 24087 MiB, 51.48 W, 42 %, 40
2026/10/10 03:00:47.066, 24087 MiB, 50.03 W, 5 %, 40
2026/10/10 03:00:48.070, 24087 MiB, 48.66 W, 36 %, 41
2026/10/10 03:00:49.082, 24087 MiB, 51.30 W, 43 %, 40
2026/10/10 03:00:50.085, 24087 MiB, 49.99 W, 5 %, 40
2026/10/10 03:00:51.092, 24087 MiB, 49.32 W, 43 %, 41
2026/10/10 03:00:52.097, 24087 MiB, 48.86 W, 49 %, 40
2026/10/10 03:00:53.105, 24087 MiB, 50.94 W, 6 %, 40
2026/10/10 03:00:54.109, 24087 MiB, 51.20 W, 43 %, 41
2026/10/10 03:00:55.113, 24087 MiB, 48.78 W, 71 %, 40
2026/10/10 03:00:56.120, 24087 MiB, 47.88 W, 21 %, 40
2026/10/10 03:00:57.130, 24087 MiB, 51.46 W, 5 %, 40
2026/10/10 03:00:58.134, 24087 MiB, 51.42 W, 30 %, 40
2026/10/10 03:00:59.145, 24087 MiB, 48.68 W, 6 %, 40
2026/10/10 03:01:00.155, 24087 MiB, 49.76 W, 50 %, 39
2026/10/10 03:01:01.160, 24087 MiB, 51.39 W, 68 %, 41
2026/10/10 03:01:02.167, 24087 MiB, 51.45 W, 5 %, 40
2026/10/10 03:01:03.173, 24087 MiB, 46.80 W, 9 %, 39
2026/10/10 03:01:04.175, 24087 MiB, 50.45 W, 67 %, 40
2026/10/10 03:01:05.181, 24087 MiB, 49.99 W, 24 %, 40
2026/10/10 03:01:06.183, 24087 MiB, 47.32 W, 5 %, 39
2026/10/10 03:01:07.188, 24087 MiB, 48.40 W, 44 %, 39
2026/10/10 03:01:08.193, 24087 MiB, 49.88 W, 38 %, 40
2026/10/10 03:01:09.208, 24087 MiB, 47.95 W, 5 %, 40
2026/10/10 03:01:10.218, 24087 MiB, 49.51 W, 67 %, 40
2026/10/10 03:01:11.224, 24087 MiB, 50.11 W, 45 %, 41
2026/10/10 03:01:12.231, 24087 MiB, 48.35 W, 14 %, 40
2026/10/10 03:01:13.239, 24087 MiB, 46.62 W, 5 %, 40
2026/10/10 03:01:14.246, 24087 MiB, 50.00 W, 68 %, 40
2026/10/10 03:01:15.249, 24087 MiB, 50.12 W, 39 %, 41
2026/10/10 03:01:16.265, 24087 MiB, 48.27 W, 48 %, 41
2026/10/10 03:01:17.278, 24087 MiB, 48.47 W, 34 %, 41
2026/10/10 03:01:18.283, 24087 MiB, 47.79 W, 7 %, 40
2026/10/10 03:01:19.292, 24087 MiB, 48.02 W, 47 %, 40
2026/10/10 03:01:20.297, 24087 MiB, 50.12 W, 62 %, 41
2026/10/10 03:01:21.307, 24087 MiB, 49.72 W, 8 %, 40
2026/10/10 03:01:22.317, 24087 MiB, 47.40 W, 38 %, 40
2026/10/10 03:01:23.328, 24087 MiB, 50.34 W, 75 %, 41
2026/10/10 03:01:24.341, 24087 MiB, 50.12 W, 7 %, 40
2026/10/10 03:01:25.347, 24087 MiB, 46.33 W, 13 %, 40
2026/10/10 03:01:26.353, 24087 MiB, 49.80 W, 62 %, 40
2026/10/10 03:01:27.360, 24087 MiB, 50.50 W, 44 %, 42
2026/10/10 03:01:28.376, 24087 MiB, 49.36 W, 6 %, 40
2026/10/10 03:01:29.383, 24087 MiB, 47.34 W, 25 %, 40
2026/10/10 03:01:30.392, 24087 MiB, 50.25 W, 60 %, 42
2026/10/10 03:01:31.406, 24087 MiB, 50.44 W, 6 %, 41
2026/10/10 03:01:32.422, 24087 MiB, 45.75 W, 9 %, 40
2026/10/10 03:01:33.430, 24087 MiB, 50.20 W, 70 %, 41
2026/10/10 03:01:34.440, 24087 MiB, 50.64 W, 46 %, 42
2026/10/10 03:01:35.443, 24087 MiB, 48.82 W, 5 %, 41
2026/10/10 03:01:36.446, 24087 MiB, 48.59 W, 54 %, 41
2026/10/10 03:01:37.452, 24087 MiB, 50.29 W, 70 %, 41
2026/10/10 03:01:38.454, 24087 MiB, 50.15 W, 38 %, 42
2026/10/10 03:01:39.463, 24087 MiB, 48.33 W, 5 %, 41
2026/10/10 03:01:40.464, 24087 MiB, 48.04 W, 39 %, 41
2026/10/10 03:01:41.472, 24087 MiB, 50.33 W, 53 %, 42
2026/10/10 03:01:42.475, 24087 MiB, 48.83 W, 6 %, 41
2026/10/10 03:01:43.477, 24087 MiB, 46.74 W, 27 %, 41
2026/10/10 03:01:44.487, 24087 MiB, 50.02 W, 67 %, 42
2026/10/10 03:01:45.491, 24087 MiB, 50.26 W, 5 %, 41
2026/10/10 03:01:46.507, 24087 MiB, 46.25 W, 7 %, 41
2026/10/10 03:01:47.508, 24087 MiB, 50.40 W, 67 %, 41
2026/10/10 03:01:48.513, 24087 MiB, 50.57 W, 34 %, 42
2026/10/10 03:01:49.524, 24087 MiB, 48.22 W, 5 %, 41
2026/10/10 03:01:50.539, 24087 MiB, 48.36 W, 42 %, 41
2026/10/10 03:01:51.543, 24087 MiB, 50.83 W, 70 %, 42
2026/10/10 03:01:52.558, 24087 MiB, 50.72 W, 24 %, 42
2026/10/10 03:01:53.560, 24087 MiB, 47.46 W, 3 %, 41
2026/10/10 03:01:54.568, 24087 MiB, 50.15 W, 75 %, 42
2026/10/10 03:01:55.570, 24087 MiB, 50.26 W, 38 %, 42
2026/10/10 03:01:56.576, 24087 MiB, 48.22 W, 7 %, 42
2026/10/10 03:01:57.578, 24087 MiB, 46.64 W, 17 %, 41
2026/10/10 03:01:58.578, 24087 MiB, 50.35 W, 74 %, 42
2026/10/10 03:01:59.582, 24087 MiB, 50.36 W, 17 %, 42
2026/10/10 03:02:00.598, 24087 MiB, 47.30 W, 8 %, 42
2026/10/10 03:02:01.608, 24087 MiB, 50.93 W, 68 %, 43
2026/10/10 03:02:02.615, 24087 MiB, 50.94 W, 5 %, 42
2026/10/10 03:02:03.619, 24087 MiB, 46.25 W, 5 %, 42
2026/10/10 03:02:04.623, 24087 MiB, 50.42 W, 69 %, 42
2026/10/10 03:02:05.630, 24087 MiB, 50.57 W, 13 %, 42
2026/10/10 03:02:06.634, 24087 MiB, 46.95 W, 5 %, 42
2026/10/10 03:02:07.636, 24087 MiB, 48.97 W, 53 %, 42
2026/10/10 03:02:08.639, 24087 MiB, 50.47 W, 56 %, 42
2026/10/10 03:02:09.642, 24087 MiB, 49.96 W, 10 %, 42
2026/10/10 03:02:10.650, 24087 MiB, 47.53 W, 16 %, 43
2026/10/10 03:02:11.652, 24087 MiB, 50.89 W, 76 %, 42
2026/10/10 03:02:12.654, 24087 MiB, 51.25 W, 22 %, 42
2026/10/10 03:02:13.666, 24087 MiB, 48.12 W, 5 %, 43
2026/10/10 03:02:14.667, 24087 MiB, 49.69 W, 64 %, 43
2026/10/10 03:02:15.683, 24087 MiB, 51.16 W, 58 %, 42
2026/10/10 03:02:16.697, 24087 MiB, 50.48 W, 5 %, 42
2026/10/10 03:02:17.702, 24087 MiB, 46.80 W, 8 %, 43
2026/10/10 03:02:18.713, 24087 MiB, 51.01 W, 68 %, 42
2026/10/10 03:02:19.715, 24087 MiB, 50.80 W, 9 %, 42
2026/10/10 03:02:20.725, 24087 MiB, 47.20 W, 5 %, 43
2026/10/10 03:02:21.733, 24087 MiB, 51.02 W, 68 %, 43
2026/10/10 03:02:22.748, 24087 MiB, 51.28 W, 40 %, 42
2026/10/10 03:02:23.762, 24087 MiB, 49.53 W, 5 %, 42
2026/10/10 03:02:24.765, 24087 MiB, 47.88 W, 28 %, 44
2026/10/10 03:02:25.773, 24087 MiB, 51.27 W, 78 %, 43
2026/10/10 03:02:26.788, 24087 MiB, 51.47 W, 36 %, 42
2026/10/10 03:02:27.802, 24087 MiB, 49.47 W, 6 %, 43
2026/10/10 03:02:28.814, 24087 MiB, 49.31 W, 48 %, 43
2026/10/10 03:02:29.823, 24087 MiB, 50.73 W, 55 %, 43
2026/10/10 03:02:30.838, 24087 MiB, 49.92 W, 6 %, 42
2026/10/10 03:02:31.851, 24087 MiB, 46.99 W, 9 %, 44
2026/10/10 03:02:32.855, 24087 MiB, 50.99 W, 68 %, 43
2026/10/10 03:02:33.860, 24087 MiB, 51.61 W, 25 %, 43
2026/10/10 03:02:34.862, 24087 MiB, 49.18 W, 5 %, 43
2026/10/10 03:02:35.867, 24087 MiB, 49.59 W, 44 %, 43
2026/10/10 03:02:36.869, 24087 MiB, 52.00 W, 66 %, 43
2026/10/10 03:02:37.883, 24087 MiB, 51.30 W, 14 %, 43
2026/10/10 03:02:38.898, 24087 MiB, 48.52 W, 5 %, 44
2026/10/10 03:02:39.900, 24087 MiB, 51.83 W, 68 %, 43
2026/10/10 03:02:40.913, 24087 MiB, 52.03 W, 28 %, 43
2026/10/10 03:02:41.928, 24087 MiB, 49.65 W, 6 %, 44
2026/10/10 03:02:42.939, 24087 MiB, 49.46 W, 33 %, 44
2026/10/10 03:02:43.953, 24087 MiB, 51.91 W, 70 %, 43
2026/10/10 03:02:44.968, 24087 MiB, 51.86 W, 12 %, 43
2026/10/10 03:02:45.974, 24087 MiB, 48.07 W, 5 %, 44
2026/10/10 03:02:46.977, 24087 MiB, 50.81 W, 54 %, 44
2026/10/10 03:02:47.983, 24087 MiB, 52.36 W, 61 %, 43
2026/10/10 03:02:48.986, 24087 MiB, 51.93 W, 5 %, 43
2026/10/10 03:02:50.002, 24087 MiB, 48.59 W, 13 %, 44
2026/10/10 03:02:51.007, 24087 MiB, 52.25 W, 71 %, 44
2026/10/10 03:02:52.011, 24087 MiB, 52.88 W, 51 %, 43
2026/10/10 03:02:53.023, 24087 MiB, 51.67 W, 8 %, 43
2026/10/10 03:02:54.030, 24087 MiB, 48.27 W, 12 %, 44
2026/10/10 03:02:55.032, 24087 MiB, 50.62 W, 62 %, 44
2026/10/10 03:02:56.047, 24087 MiB, 52.00 W, 72 %, 44
2026/10/10 03:02:57.057, 24087 MiB, 52.15 W, 26 %, 43
2026/10/10 03:02:58.071, 24087 MiB, 49.67 W, 5 %, 44
2026/10/10 03:02:59.074, 24087 MiB, 49.58 W, 29 %, 45
2026/10/10 03:03:00.077, 24087 MiB, 51.76 W, 68 %, 44
2026/10/10 03:03:01.085, 24087 MiB, 52.01 W, 5 %, 43
2026/10/10 03:03:02.099, 24087 MiB, 48.13 W, 8 %, 45
2026/10/10 03:03:03.108, 24087 MiB, 51.50 W, 60 %, 44
2026/10/10 03:03:04.121, 24087 MiB, 52.28 W, 36 %, 44
2026/10/10 03:03:05.133, 24087 MiB, 49.71 W, 5 %, 44
2026/10/10 03:03:06.136, 24087 MiB, 49.67 W, 37 %, 45
2026/10/10 03:03:07.152, 24087 MiB, 52.10 W, 68 %, 44
2026/10/10 03:03:08.163, 24087 MiB, 51.97 W, 17 %, 44
2026/10/10 03:03:09.170, 24087 MiB, 48.51 W, 5 %, 45
2026/10/10 03:03:10.177, 24087 MiB, 50.49 W, 48 %, 44
2026/10/10 03:03:11.181, 24087 MiB, 51.95 W, 57 %, 44
2026/10/10 03:03:12.185, 24087 MiB, 51.74 W, 6 %, 44
2026/10/10 03:03:13.200, 24087 MiB, 48.24 W, 5 %, 45
2026/10/10 03:03:14.206, 24087 MiB, 51.18 W, 54 %, 44
2026/10/10 03:03:15.220, 24087 MiB, 52.55 W, 47 %, 44
2026/10/10 03:03:16.226, 24087 MiB, 51.41 W, 6 %, 44
2026/10/10 03:03:17.230, 24087 MiB, 48.21 W, 13 %, 45
2026/10/10 03:03:18.234, 24087 MiB, 52.16 W, 74 %, 44
2026/10/10 03:03:19.235, 24087 MiB, 52.23 W, 56 %, 44
2026/10/10 03:03:20.247, 24087 MiB, 51.10 W, 7 %, 44
2026/10/10 03:03:21.259, 24087 MiB, 49.52 W, 35 %, 45
2026/10/10 03:03:22.280, 24087 MiB, 52.41 W, 73 %, 44
2026/10/10 03:03:23.286, 24087 MiB, 52.65 W, 60 %, 44
2026/10/10 03:03:24.289, 24087 MiB, 52.51 W, 31 %, 44
2026/10/10 03:03:25.302, 24087 MiB, 50.33 W, 4 %, 44
2026/10/10 03:03:26.313, 24087 MiB, 48.77 W, 7 %, 45
2026/10/10 03:03:27.323, 24087 MiB, 49.67 W, 30 %, 45
2026/10/10 03:03:28.335, 24087 MiB, 52.09 W, 68 %, 44
2026/10/10 03:03:29.346, 24087 MiB, 52.31 W, 18 %, 44
2026/10/10 03:03:30.354, 24087 MiB, 49.48 W, 5 %, 45
2026/10/10 03:03:31.363, 24087 MiB, 50.22 W, 39 %, 45
2026/10/10 03:03:32.372, 24087 MiB, 51.99 W, 61 %, 44
2026/10/10 03:03:33.381, 24087 MiB, 52.27 W, 5 %, 44
2026/10/10 03:03:34.392, 24087 MiB, 48.56 W, 15 %, 46
2026/10/10 03:03:35.400, 24087 MiB, 51.76 W, 62 %, 45
2026/10/10 03:03:36.412, 24087 MiB, 52.16 W, 55 %, 44
2026/10/10 03:03:37.421, 24087 MiB, 51.08 W, 5 %, 44
2026/10/10 03:03:38.428, 24087 MiB, 48.79 W, 29 %, 46
2026/10/10 03:03:39.435, 24087 MiB, 51.87 W, 68 %, 45
2026/10/10 03:03:40.443, 24087 MiB, 51.95 W, 35 %, 45
2026/10/10 03:03:41.447, 24087 MiB, 50.41 W, 5 %, 45
2026/10/10 03:03:42.456, 24087 MiB, 48.67 W, 17 %, 46
2026/10/10 03:03:43.462, 24087 MiB, 51.47 W, 68 %, 45
2026/10/10 03:03:44.470, 24087 MiB, 48.55 W, 27 %, 45
2026/10/10 03:03:45.477, 24087 MiB, 52.06 W, 5 %, 45
2026/10/10 03:03:46.492, 24087 MiB, 52.31 W, 27 %, 46
2026/10/10 03:03:47.507, 24087 MiB, 50.80 W, 4 %, 45
2026/10/10 03:03:48.520, 24087 MiB, 47.91 W, 24 %, 45
2026/10/10 03:03:49.532, 24087 MiB, 51.74 W, 69 %, 45
2026/10/10 03:03:50.540, 24087 MiB, 52.19 W, 28 %, 45
2026/10/10 03:03:51.552, 24087 MiB, 49.80 W, 4 %, 45
2026/10/10 03:03:52.561, 24087 MiB, 49.00 W, 23 %, 45
2026/10/10 03:03:53.568, 24087 MiB, 52.20 W, 72 %, 46
2026/10/10 03:03:54.578, 24087 MiB, 52.58 W, 33 %, 46
2026/10/10 03:03:55.590, 24087 MiB, 50.72 W, 5 %, 45
2026/10/10 03:03:56.597, 24087 MiB, 48.52 W, 5 %, 45
2026/10/10 03:03:57.608, 24087 MiB, 51.00 W, 54 %, 45
2026/10/10 03:03:58.620, 24087 MiB, 52.34 W, 54 %, 46
2026/10/10 03:03:59.628, 24087 MiB, 52.06 W, 5 %, 45
2026/10/10 03:04:00.638, 24087 MiB, 49.98 W, 34 %, 45
2026/10/10 03:04:01.649, 24087 MiB, 52.53 W, 73 %, 46
2026/10/10 03:04:02.652, 24087 MiB, 52.48 W, 49 %, 46
2026/10/10 03:04:03.659, 24087 MiB, 50.73 W, 7 %, 45
2026/10/10 03:04:04.664, 24087 MiB, 48.95 W, 22 %, 45
2026/10/10 03:04:05.676, 24087 MiB, 52.21 W, 70 %, 45
2026/10/10 03:04:06.682, 24087 MiB, 52.90 W, 67 %, 46
2026/10/10 03:04:07.690, 24087 MiB, 52.27 W, 8 %, 45
2026/10/10 03:04:08.693, 24087 MiB, 47.08 W, 11 %, 45
2026/10/10 03:04:09.700, 24087 MiB, 50.23 W, 47 %, 45
2026/10/10 03:04:10.715, 24087 MiB, 52.27 W, 54 %, 46
2026/10/10 03:04:11.716, 24087 MiB, 51.66 W, 5 %, 46
2026/10/10 03:04:12.720, 24087 MiB, 48.38 W, 6 %, 45
2026/10/10 03:04:13.724, 24087 MiB, 51.26 W, 50 %, 45
2026/10/10 03:04:14.726, 24087 MiB, 52.11 W, 53 %, 47
2026/10/10 03:04:15.742, 24087 MiB, 51.20 W, 9 %, 46
2026/10/10 03:04:16.745, 24087 MiB, 48.59 W, 5 %, 45
2026/10/10 03:04:17.759, 24087 MiB, 51.43 W, 62 %, 45
2026/10/10 03:04:18.771, 24087 MiB, 52.35 W, 58 %, 47
2026/10/10 03:04:19.776, 24087 MiB, 52.00 W, 5 %, 46
2026/10/10 03:04:20.783, 24087 MiB, 48.20 W, 9 %, 45
2026/10/10 03:04:21.792, 24087 MiB, 50.89 W, 49 %, 45
2026/10/10 03:04:22.797, 24087 MiB, 52.76 W, 59 %, 47
2026/10/10 03:04:23.803, 24087 MiB, 52.09 W, 5 %, 46
2026/10/10 03:04:24.810, 24087 MiB, 47.72 W, 5 %, 46
2026/10/10 03:04:25.811, 24087 MiB, 47.98 W, 15 %, 45
2026/10/10 03:04:26.812, 24087 MiB, 50.86 W, 54 %, 45
2026/10/10 03:04:27.817, 24087 MiB, 51.97 W, 50 %, 47
2026/10/10 03:04:28.828, 24087 MiB, 51.56 W, 5 %, 46
2026/10/10 03:04:29.832, 24087 MiB, 48.31 W, 5 %, 46
2026/10/10 03:04:30.834, 24087 MiB, 51.73 W, 57 %, 46
2026/10/10 03:04:31.844, 24087 MiB, 52.57 W, 62 %, 47
2026/10/10 03:04:32.851, 24087 MiB, 52.30 W, 14 %, 46
2026/10/10 03:04:33.855, 24087 MiB, 49.07 W, 6 %, 46
2026/10/10 03:04:34.861, 24087 MiB, 52.15 W, 65 %, 46
2026/10/10 03:04:35.879, 24087 MiB, 53.07 W, 68 %, 47
2026/10/10 03:04:36.887, 24087 MiB, 52.67 W, 11 %, 46
2026/10/10 03:04:37.893, 24087 MiB, 48.94 W, 8 %, 46
2026/10/10 03:04:38.903, 24087 MiB, 50.77 W, 49 %, 46
2026/10/10 03:04:39.910, 24087 MiB, 53.01 W, 72 %, 47
2026/10/10 03:04:40.927, 24087 MiB, 52.87 W, 15 %, 46
2026/10/10 03:04:41.937, 24087 MiB, 49.47 W, 6 %, 46
2026/10/10 03:04:42.951, 24087 MiB, 50.78 W, 43 %, 46
2026/10/10 03:04:43.965, 24087 MiB, 53.15 W, 68 %, 47
2026/10/10 03:04:44.969, 24087 MiB, 53.82 W, 24 %, 47
2026/10/10 03:04:45.981, 24087 MiB, 50.92 W, 5 %, 46
2026/10/10 03:04:46.996, 24087 MiB, 50.91 W, 31 %, 46
2026/10/10 03:04:48.011, 24087 MiB, 53.20 W, 69 %, 47
2026/10/10 03:04:49.015, 24087 MiB, 52.96 W, 31 %, 47
2026/10/10 03:04:50.022, 24087 MiB, 50.96 W, 5 %, 46
2026/10/10 03:04:51.033, 24087 MiB, 49.76 W, 19 %, 46
2026/10/10 03:04:52.039, 24087 MiB, 51.76 W, 55 %, 46
2026/10/10 03:04:53.039, 24087 MiB, 53.35 W, 68 %, 47
2026/10/10 03:04:54.044, 24087 MiB, 53.13 W, 19 %, 47
2026/10/10 03:04:55.049, 24087 MiB, 49.75 W, 5 %, 46
2026/10/10 03:04:56.064, 24087 MiB, 48.56 W, 5 %, 46
2026/10/10 03:04:57.077, 24087 MiB, 51.09 W, 45 %, 46
2026/10/10 03:04:58.081, 24087 MiB, 52.97 W, 56 %, 47
2026/10/10 03:04:59.085, 24087 MiB, 52.07 W, 18 %, 47
2026/10/10 03:05:00.088, 24087 MiB, 50.08 W, 5 %, 46
2026/10/10 03:05:01.093, 24087 MiB, 48.81 W, 16 %, 46
2026/10/10 03:05:02.093, 24087 MiB, 52.66 W, 68 %, 47
2026/10/10 03:05:03.109, 24087 MiB, 53.10 W, 50 %, 48
2026/10/10 03:05:04.121, 24087 MiB, 52.75 W, 13 %, 47
2026/10/10 03:05:05.127, 24087 MiB, 50.06 W, 6 %, 46
2026/10/10 03:05:06.131, 24087 MiB, 52.96 W, 59 %, 46
2026/10/10 03:05:07.136, 24087 MiB, 54.16 W, 76 %, 47
2026/10/10 03:05:08.141, 24087 MiB, 53.69 W, 21 %, 47
2026/10/10 03:05:09.152, 24087 MiB, 49.17 W, 7 %, 46
2026/10/10 03:05:10.154, 24087 MiB, 50.78 W, 35 %, 46
2026/10/10 03:05:11.167, 24087 MiB, 53.98 W, 68 %, 47
2026/10/10 03:05:12.169, 24087 MiB, 53.25 W, 21 %, 46
2026/10/10 03:05:13.171, 24087 MiB, 50.15 W, 6 %, 46
2026/10/10 03:05:14.177, 24087 MiB, 48.98 W, 5 %, 48
2026/10/10 03:05:15.190, 24087 MiB, 51.25 W, 53 %, 47
2026/10/10 03:05:16.205, 24087 MiB, 52.95 W, 65 %, 47
2026/10/10 03:05:17.209, 24087 MiB, 53.03 W, 24 %, 46
2026/10/10 03:05:18.217, 24087 MiB, 50.04 W, 6 %, 47
2026/10/10 03:05:19.223, 24087 MiB, 50.06 W, 40 %, 47
2026/10/10 03:05:20.238, 24087 MiB, 52.64 W, 72 %, 47
2026/10/10 03:05:21.250, 24087 MiB, 52.65 W, 42 %, 47
2026/10/10 03:05:22.253, 24087 MiB, 50.96 W, 5 %, 47
2026/10/10 03:05:23.257, 24087 MiB, 48.06 W, 9 %, 48
2026/10/10 03:05:24.262, 24087 MiB, 52.76 W, 70 %, 47
2026/10/10 03:05:25.266, 24087 MiB, 52.40 W, 50 %, 47
2026/10/10 03:05:26.271, 24087 MiB, 51.81 W, 23 %, 47
2026/10/10 03:05:27.276, 24087 MiB, 50.53 W, 5 %, 47
2026/10/10 03:05:28.278, 24087 MiB, 49.51 W, 5 %, 48
2026/10/10 03:05:29.284, 24087 MiB, 52.57 W, 59 %, 47
2026/10/10 03:05:30.286, 24087 MiB, 53.44 W, 53 %, 47
2026/10/10 03:05:31.301, 24087 MiB, 52.38 W, 25 %, 47
2026/10/10 03:05:32.316, 24087 MiB, 50.33 W, 7 %, 47
2026/10/10 03:05:33.320, 24087 MiB, 50.95 W, 37 %, 48
2026/10/10 03:05:34.324, 24087 MiB, 53.63 W, 80 %, 47
2026/10/10 03:05:35.328, 24087 MiB, 53.57 W, 52 %, 47
2026/10/10 03:05:36.330, 24087 MiB, 51.80 W, 7 %, 47
2026/10/10 03:05:37.336, 24087 MiB, 49.06 W, 7 %, 48
2026/10/10 03:05:38.338, 24087 MiB, 50.03 W, 33 %, 48
2026/10/10 03:05:39.348, 24087 MiB, 52.85 W, 68 %, 47
2026/10/10 03:05:40.350, 24087 MiB, 53.38 W, 30 %, 47
2026/10/10 03:05:41.353, 24087 MiB, 51.03 W, 6 %, 47
2026/10/10 03:05:42.357, 24087 MiB, 48.76 W, 6 %, 48
2026/10/10 03:05:43.362, 24087 MiB, 52.35 W, 67 %, 47
2026/10/10 03:05:44.368, 24087 MiB, 52.24 W, 43 %, 47
2026/10/10 03:05:45.374, 24087 MiB, 51.37 W, 6 %, 47
2026/10/10 03:05:46.381, 24087 MiB, 49.02 W, 5 %, 48
2026/10/10 03:05:47.391, 24087 MiB, 51.05 W, 45 %, 48
2026/10/10 03:05:48.397, 24087 MiB, 53.20 W, 71 %, 47
2026/10/10 03:05:49.405, 24087 MiB, 53.93 W, 50 %, 47
2026/10/10 03:05:50.415, 24087 MiB, 52.70 W, 4 %, 47
2026/10/10 03:05:51.421, 24087 MiB, 49.71 W, 12 %, 48
2026/10/10 03:05:52.434, 24087 MiB, 52.24 W, 59 %, 48
2026/10/10 03:05:53.446, 24087 MiB, 53.48 W, 69 %, 47
2026/10/10 03:05:54.454, 24087 MiB, 53.57 W, 19 %, 47
2026/10/10 03:05:55.458, 24087 MiB, 50.30 W, 5 %, 47
2026/10/10 03:05:56.471, 24087 MiB, 49.52 W, 5 %, 47
2026/10/10 03:05:57.473, 24087 MiB, 49.49 W, 6 %, 48
2026/10/10 03:05:58.479, 24087 MiB, 52.33 W, 50 %, 48
2026/10/10 03:05:59.490, 24087 MiB, 53.93 W, 70 %, 47
2026/10/10 03:06:00.499, 24087 MiB, 54.19 W, 36 %, 47
2026/10/10 03:06:01.503, 24087 MiB, 51.43 W, 5 %, 47
2026/10/10 03:06:02.512, 24087 MiB, 48.84 W, 5 %, 48
2026/10/10 03:06:03.520, 24087 MiB, 50.80 W, 41 %, 48
2026/10/10 03:06:04.534, 24087 MiB, 52.98 W, 72 %, 48
2026/10/10 03:06:05.546, 24087 MiB, 53.48 W, 58 %, 47
2026/10/10 03:06:06.553, 24087 MiB, 53.07 W, 49 %, 47
2026/10/10 03:06:07.560, 24087 MiB, 52.53 W, 38 %, 47
2026/10/10 03:06:08.582, 24087 MiB, 52.13 W, 17 %, 47
2026/10/10 03:06:09.585, 24087 MiB, 50.85 W, 7 %, 48
2026/10/10 03:06:10.591, 24087 MiB, 51.50 W, 41 %, 48
2026/10/10 03:06:11.596, 24087 MiB, 54.24 W, 76 %, 48
2026/10/10 03:06:12.601, 24087 MiB, 54.36 W, 50 %, 47
2026/10/10 03:06:13.603, 24087 MiB, 53.58 W, 7 %, 47
2026/10/10 03:06:14.615, 24087 MiB, 50.09 W, 7 %, 48
2026/10/10 03:06:15.623, 24087 MiB, 51.28 W, 34 %, 49
2026/10/10 03:06:16.633, 24087 MiB, 52.00 W, 48 %, 48
2026/10/10 03:06:17.643, 24087 MiB, 53.55 W, 62 %, 48
2026/10/10 03:06:18.653, 24087 MiB, 53.38 W, 34 %, 47
2026/10/10 03:06:19.665, 24087 MiB, 51.12 W, 5 %, 47
2026/10/10 03:06:20.669, 24087 MiB, 50.62 W, 25 %, 49
2026/10/10 03:06:21.675, 24087 MiB, 53.79 W, 71 %, 48
2026/10/10 03:06:22.680, 24087 MiB, 53.92 W, 62 %, 48
2026/10/10 03:06:23.683, 24087 MiB, 53.28 W, 24 %, 48
2026/10/10 03:06:24.691, 24087 MiB, 50.58 W, 5 %, 47
2026/10/10 03:06:25.691, 24087 MiB, 49.53 W, 5 %, 48
2026/10/10 03:06:26.706, 24087 MiB, 49.82 W, 23 %, 49
2026/10/10 03:06:27.711, 24087 MiB, 52.62 W, 65 %, 48
2026/10/10 03:06:28.725, 24087 MiB, 53.44 W, 68 %, 48
2026/10/10 03:06:29.737, 24087 MiB, 53.83 W, 12 %, 48
2026/10/10 03:06:30.749, 24087 MiB, 50.79 W, 5 %, 48
2026/10/10 03:06:31.758, 24087 MiB, 50.51 W, 18 %, 49
2026/10/10 03:06:32.765, 24087 MiB, 53.22 W, 61 %, 48
2026/10/10 03:06:33.768, 24087 MiB, 53.77 W, 61 %, 48
2026/10/10 03:06:34.783, 24087 MiB, 53.51 W, 19 %, 48
2026/10/10 03:06:35.792, 24087 MiB, 50.18 W, 5 %, 49
2026/10/10 03:06:36.796, 24087 MiB, 50.83 W, 32 %, 49
2026/10/10 03:06:37.797, 24087 MiB, 53.42 W, 71 %, 48
2026/10/10 03:06:38.799, 24087 MiB, 53.60 W, 60 %, 48
2026/10/10 03:06:39.814, 24087 MiB, 52.92 W, 23 %, 48
2026/10/10 03:06:40.820, 24087 MiB, 50.14 W, 5 %, 48
2026/10/10 03:06:41.833, 24087 MiB, 49.93 W, 26 %, 49
2026/10/10 03:06:42.848, 24087 MiB, 52.49 W, 63 %, 48
2026/10/10 03:06:43.850, 24087 MiB, 53.76 W, 73 %, 48
2026/10/10 03:06:44.857, 24087 MiB, 54.12 W, 19 %, 48
2026/10/10 03:06:45.872, 24087 MiB, 50.46 W, 7 %, 48
2026/10/10 03:06:46.877, 24087 MiB, 53.94 W, 7 %, 49
2026/10/10 03:06:47.881, 24087 MiB, 54.07 W, 40 %, 49
2026/10/10 03:06:48.888, 24087 MiB, 52.48 W, 68 %, 48
2026/10/10 03:06:49.900, 24087 MiB, 50.48 W, 57 %, 48
2026/10/10 03:06:50.902, 24087 MiB, 50.28 W, 24 %, 48
2026/10/10 03:06:51.908, 24087 MiB, 52.40 W, 5 %, 48
2026/10/10 03:06:52.910, 24087 MiB, 54.14 W, 6 %, 49
2026/10/10 03:06:53.925, 24087 MiB, 50.22 W, 5 %, 48
2026/10/10 03:06:54.939, 24087 MiB, 37.92 W, 99 %, 49
2026/10/10 03:06:55.950, 24087 MiB, 207.70 W, 99 %, 59
2026/10/10 03:06:56.961, 24087 MiB, 258.11 W, 100 %, 63
2026/10/10 03:06:57.975, 24087 MiB, 261.62 W, 100 %, 68
2026/10/10 03:06:58.985, 24087 MiB, 194.22 W, 94 %, 70
2026/10/10 03:06:59.996, 24087 MiB, 269.90 W, 97 %, 57
2026/10/10 03:07:01.011, 24087 MiB, 286.85 W, 86 %, 61
2026/10/10 03:07:02.019, 24087 MiB, 230.32 W, 100 %, 57
2026/10/10 03:07:03.029, 24087 MiB, 263.24 W, 98 %, 59
2026/10/10 03:07:04.034, 24087 MiB, 262.86 W, 100 %, 59
2026/10/10 03:07:05.043, 24087 MiB, 226.05 W, 100 %, 57
2026/10/10 03:07:06.057, 24087 MiB, 203.73 W, 94 %, 57
2026/10/10 03:07:07.064, 24087 MiB, 298.99 W, 93 %, 71
2026/10/10 03:07:08.073, 24087 MiB, 282.71 W, 92 %, 60
2026/10/10 03:07:09.077, 24087 MiB, 229.85 W, 100 %, 59
2026/10/10 03:07:10.079, 24087 MiB, 258.13 W, 98 %, 61
2026/10/10 03:07:11.087, 24087 MiB, 258.36 W, 99 %, 63
2026/10/10 03:07:12.099, 24087 MiB, 235.02 W, 100 %, 57
2026/10/10 03:07:13.109, 24087 MiB, 200.62 W, 91 %, 58
2026/10/10 03:07:14.122, 24087 MiB, 266.01 W, 91 %, 58
2026/10/10 03:07:15.131, 24087 MiB, 267.67 W, 96 %, 58
2026/10/10 03:07:16.138, 24087 MiB, 287.76 W, 94 %, 68
2026/10/10 03:07:17.147, 24087 MiB, 176.15 W, 1 %, 53
2026/10/10 03:07:18.162, 24087 MiB, 102.47 W, 21 %, 53
2026/10/10 03:07:19.167, 24087 MiB, 68.40 W, 43 %, 50
2026/10/10 03:07:20.177, 24087 MiB, 59.14 W, 43 %, 50
2026/10/10 03:07:21.180, 24087 MiB, 53.87 W, 2 %, 49
2026/10/10 03:07:22.184, 24087 MiB, 52.69 W, 3 %, 47
2026/10/10 03:07:23.199, 24087 MiB, 51.65 W, 4 %, 47
2026/10/10 03:07:24.201, 24087 MiB, 51.68 W, 19 %, 47
2026/10/10 03:07:25.201, 24087 MiB, 52.70 W, 54 %, 47
2026/10/10 03:07:26.209, 24087 MiB, 52.01 W, 14 %, 46
2026/10/10 03:07:27.216, 24087 MiB, 51.95 W, 36 %, 47
2026/10/10 03:07:28.232, 24087 MiB, 50.93 W, 10 %, 46
2026/10/10 03:07:29.243, 24087 MiB, 53.21 W, 67 %, 46
2026/10/10 03:07:30.257, 24087 MiB, 52.82 W, 9 %, 46
2026/10/10 03:07:31.270, 24087 MiB, 49.68 W, 18 %, 45
2026/10/10 03:07:32.286, 24087 MiB, 52.22 W, 54 %, 46
2026/10/10 03:07:33.296, 24087 MiB, 51.43 W, 5 %, 45
2026/10/10 03:07:34.308, 24087 MiB, 49.57 W, 31 %, 45
2026/10/10 03:07:35.312, 24087 MiB, 51.97 W, 72 %, 45
2026/10/10 03:07:36.325, 24087 MiB, 51.56 W, 28 %, 45
2026/10/10 03:07:37.328, 24087 MiB, 48.78 W, 5 %, 44
2026/10/10 03:07:38.342, 24087 MiB, 50.78 W, 63 %, 44
2026/10/10 03:07:39.354, 24087 MiB, 52.01 W, 47 %, 45
2026/10/10 03:07:40.361, 24087 MiB, 50.34 W, 5 %, 44
2026/10/10 03:07:41.368, 24087 MiB, 51.56 W, 69 %, 44
2026/10/10 03:07:42.369, 24087 MiB, 51.31 W, 29 %, 44
2026/10/10 03:07:43.378, 24087 MiB, 48.23 W, 6 %, 43
2026/10/10 03:07:44.394, 24087 MiB, 49.64 W, 57 %, 43
2026/10/10 03:07:45.400, 24087 MiB, 51.24 W, 55 %, 44
2026/10/10 03:07:46.402, 24087 MiB, 50.34 W, 5 %, 43
2026/10/10 03:07:47.411, 24087 MiB, 48.60 W, 37 %, 43
2026/10/10 03:07:48.412, 24087 MiB, 51.37 W, 71 %, 44
2026/10/10 03:07:49.416, 24087 MiB, 51.17 W, 12 %, 43
2026/10/10 03:07:50.420, 24087 MiB, 47.69 W, 8 %, 43
2026/10/10 03:07:51.425, 24087 MiB, 50.79 W, 74 %, 43
2026/10/10 03:07:52.439, 24087 MiB, 50.51 W, 37 %, 43
2026/10/10 03:07:53.442, 24087 MiB, 48.70 W, 7 %, 42
2026/10/10 03:07:54.447, 24087 MiB, 49.23 W, 57 %, 42
2026/10/10 03:07:55.459, 24087 MiB, 50.62 W, 68 %, 43
2026/10/10 03:07:56.470, 24087 MiB, 50.31 W, 7 %, 42
2026/10/10 03:07:57.472, 24087 MiB, 47.13 W, 30 %, 42
2026/10/10 03:07:58.477, 24087 MiB, 50.17 W, 67 %, 43
2026/10/10 03:07:59.481, 24087 MiB, 49.68 W, 5 %, 42
2026/10/10 03:08:00.487, 24087 MiB, 46.90 W, 26 %, 42
2026/10/10 03:08:01.492, 24087 MiB, 50.07 W, 71 %, 42
2026/10/10 03:08:02.498, 24087 MiB, 50.19 W, 14 %, 42
2026/10/10 03:08:03.504, 24087 MiB, 46.73 W, 5 %, 41
2026/10/10 03:08:04.508, 24087 MiB, 49.73 W, 67 %, 42
2026/10/10 03:08:05.514, 24087 MiB, 49.57 W, 8 %, 42
2026/10/10 03:08:06.530, 24087 MiB, 46.90 W, 24 %, 41
2026/10/10 03:08:07.535, 24087 MiB, 49.44 W, 59 %, 42
2026/10/10 03:08:08.547, 24087 MiB, 49.35 W, 6 %, 41
2026/10/10 03:08:09.554, 24087 MiB, 47.44 W, 38 %, 41
2026/10/10 03:08:10.564, 24087 MiB, 49.33 W, 42 %, 42
2026/10/10 03:08:11.566, 24087 MiB, 47.99 W, 5 %, 41
2026/10/10 03:08:12.571, 24087 MiB, 47.20 W, 39 %, 42
2026/10/10 03:08:13.579, 24087 MiB, 50.23 W, 65 %, 42
2026/10/10 03:08:14.585, 24087 MiB, 49.74 W, 5 %, 40
2026/10/10 03:08:15.590, 24087 MiB, 46.43 W, 22 %, 42
2026/10/10 03:08:16.600, 24087 MiB, 50.06 W, 67 %, 41
2026/10/10 03:08:17.603, 24087 MiB, 49.40 W, 5 %, 40
2026/10/10 03:08:18.610, 24087 MiB, 48.28 W, 27 %, 41
2026/10/10 03:08:19.620, 24087 MiB, 49.79 W, 71 %, 40
2026/10/10 03:08:20.626, 24087 MiB, 49.94 W, 11 %, 40
2026/10/10 03:08:21.629, 24087 MiB, 46.91 W, 17 %, 41
2026/10/10 03:08:22.637, 24087 MiB, 49.39 W, 67 %, 40
2026/10/10 03:08:23.650, 24087 MiB, 49.67 W, 10 %, 40
2026/10/10 03:08:24.656, 24087 MiB, 46.03 W, 12 %, 41
2026/10/10 03:08:25.665, 24087 MiB, 49.56 W, 67 %, 40
2026/10/10 03:08:26.673, 24087 MiB, 49.25 W, 21 %, 40
2026/10/10 03:08:27.682, 24087 MiB, 45.96 W, 5 %, 41
2026/10/10 03:08:28.696, 24087 MiB, 49.26 W, 68 %, 40
2026/10/10 03:08:29.703, 24087 MiB, 48.19 W, 5 %, 40
2026/10/10 03:08:30.709, 24087 MiB, 46.36 W, 23 %, 42
2026/10/10 03:08:31.719, 24087 MiB, 49.71 W, 77 %, 41
2026/10/10 03:08:32.727, 24087 MiB, 49.66 W, 22 %, 40
2026/10/10 03:08:33.735, 24087 MiB, 46.43 W, 8 %, 41
2026/10/10 03:08:34.749, 24087 MiB, 49.17 W, 72 %, 41
2026/10/10 03:08:35.758, 24087 MiB, 49.92 W, 27 %, 40
2026/10/10 03:08:36.772, 24087 MiB, 47.11 W, 7 %, 42
2026/10/10 03:08:37.779, 24087 MiB, 48.58 W, 65 %, 41
2026/10/10 03:08:38.786, 24087 MiB, 50.03 W, 38 %, 41
2026/10/10 03:08:39.797, 24087 MiB, 47.66 W, 8 %, 42
2026/10/10 03:08:40.798, 24087 MiB, 48.31 W, 61 %, 41
2026/10/10 03:08:41.807, 24087 MiB, 49.29 W, 50 %, 41
2026/10/10 03:08:42.818, 24087 MiB, 48.08 W, 5 %, 41
2026/10/10 03:08:43.824, 24087 MiB, 45.50 W, 5 %, 42
2026/10/10 03:08:44.838, 24087 MiB, 48.67 W, 60 %, 41
2026/10/10 03:08:45.851, 24087 MiB, 49.88 W, 44 %, 41
2026/10/10 03:08:46.858, 24087 MiB, 48.17 W, 5 %, 41
2026/10/10 03:08:47.868, 24087 MiB, 46.97 W, 30 %, 42
2026/10/10 03:08:48.878, 24087 MiB, 49.74 W, 75 %, 41
2026/10/10 03:08:49.892, 24087 MiB, 49.38 W, 15 %, 41
2026/10/10 03:08:50.903, 24087 MiB, 46.10 W, 6 %, 42
2026/10/10 03:08:51.911, 24087 MiB, 48.63 W, 58 %, 42
2026/10/10 03:08:52.915, 24087 MiB, 49.93 W, 49 %, 41
2026/10/10 03:08:53.922, 24087 MiB, 48.63 W, 5 %, 41
2026/10/10 03:08:54.927, 24087 MiB, 47.01 W, 38 %, 42
2026/10/10 03:08:55.931, 24087 MiB, 49.34 W, 77 %, 42
2026/10/10 03:08:56.936, 24087 MiB, 49.64 W, 24 %, 41
2026/10/10 03:08:57.949, 24087 MiB, 47.58 W, 9 %, 43
2026/10/10 03:08:58.971, 24087 MiB, 48.50 W, 49 %, 42
2026/10/10 03:08:59.981, 24087 MiB, 50.14 W, 67 %, 42
2026/10/10 03:09:00.995, 24087 MiB, 49.56 W, 5 %, 41
2026/10/10 03:09:02.004, 24087 MiB, 46.59 W, 27 %, 43
2026/10/10 03:09:03.020, 24087 MiB, 49.67 W, 68 %, 42
2026/10/10 03:09:04.033, 24087 MiB, 48.88 W, 5 %, 42
2026/10/10 03:09:05.039, 24087 MiB, 45.83 W, 18 %, 43
2026/10/10 03:09:06.048, 24087 MiB, 49.19 W, 63 %, 42
2026/10/10 03:09:07.059, 24087 MiB, 49.58 W, 6 %, 42
2026/10/10 03:09:08.072, 24087 MiB, 46.07 W, 16 %, 43
2026/10/10 03:09:09.077, 24087 MiB, 49.97 W, 71 %, 42
2026/10/10 03:09:10.082, 24087 MiB, 50.02 W, 36 %, 42
2026/10/10 03:09:11.092, 24087 MiB, 47.96 W, 5 %, 42
2026/10/10 03:09:12.094, 24087 MiB, 46.83 W, 35 %, 43
2026/10/10 03:09:13.097, 24087 MiB, 49.79 W, 81 %, 42
2026/10/10 03:09:14.098, 24087 MiB, 49.64 W, 7 %, 42
2026/10/10 03:09:15.104, 24087 MiB, 46.43 W, 31 %, 43
2026/10/10 03:09:16.112, 24087 MiB, 50.00 W, 80 %, 42
2026/10/10 03:09:17.113, 24087 MiB, 49.95 W, 36 %, 42
2026/10/10 03:09:18.121, 24087 MiB, 47.78 W, 5 %, 42
2026/10/10 03:09:19.133, 24087 MiB, 46.32 W, 5 %, 43
2026/10/10 03:09:20.139, 24087 MiB, 48.05 W, 41 %, 43
2026/10/10 03:09:21.150, 24087 MiB, 50.17 W, 70 %, 42
2026/10/10 03:09:22.151, 24087 MiB, 50.77 W, 15 %, 42
2026/10/10 03:09:23.155, 24087 MiB, 46.89 W, 6 %, 43
2026/10/10 03:09:24.165, 24087 MiB, 49.28 W, 60 %, 43
2026/10/10 03:09:25.173, 24087 MiB, 50.60 W, 45 %, 42
2026/10/10 03:09:26.175, 24087 MiB, 49.09 W, 5 %, 42
2026/10/10 03:09:27.185, 24087 MiB, 47.38 W, 31 %, 44
2026/10/10 03:09:28.196, 24087 MiB, 50.87 W, 77 %, 43
2026/10/10 03:09:29.205, 24087 MiB, 50.71 W, 38 %, 43
2026/10/10 03:09:30.220, 24087 MiB, 47.06 W, 20 %, 44
2026/10/10 03:09:31.232, 24087 MiB, 50.32 W, 63 %, 43
2026/10/10 03:09:32.236, 24087 MiB, 49.99 W, 36 %, 43
2026/10/10 03:09:33.246, 24087 MiB, 47.99 W, 5 %, 43
2026/10/10 03:09:34.259, 24087 MiB, 48.45 W, 34 %, 44
2026/10/10 03:09:35.260, 24087 MiB, 50.99 W, 65 %, 43
2026/10/10 03:09:36.275, 24087 MiB, 51.33 W, 13 %, 43
2026/10/10 03:09:37.280, 24087 MiB, 47.31 W, 5 %, 44
2026/10/10 03:09:38.296, 24087 MiB, 49.75 W, 57 %, 43
2026/10/10 03:09:39.302, 24087 MiB, 51.00 W, 56 %, 43
2026/10/10 03:09:40.307, 24087 MiB, 49.34 W, 7 %, 43
2026/10/10 03:09:41.318, 24087 MiB, 48.91 W, 45 %, 44
2026/10/10 03:09:42.327, 24087 MiB, 51.71 W, 75 %, 43
2026/10/10 03:09:43.331, 24087 MiB, 51.91 W, 29 %, 43
2026/10/10 03:09:44.332, 24087 MiB, 48.94 W, 8 %, 44
2026/10/10 03:09:45.346, 24087 MiB, 48.62 W, 34 %, 44
2026/10/10 03:09:46.361, 24087 MiB, 51.27 W, 68 %, 43
2026/10/10 03:09:47.364, 24087 MiB, 51.26 W, 7 %, 43
2026/10/10 03:09:48.379, 24087 MiB, 47.10 W, 9 %, 44
2026/10/10 03:09:49.404, 24087 MiB, 50.73 W, 56 %, 44
2026/10/10 03:09:50.409, 24087 MiB, 51.25 W, 58 %, 43
2026/10/10 03:09:51.422, 24087 MiB, 50.80 W, 5 %, 43
2026/10/10 03:09:52.435, 24087 MiB, 47.35 W, 5 %, 44
2026/10/10 03:09:53.449, 24087 MiB, 51.71 W, 68 %, 43
2026/10/10 03:09:54.454, 24087 MiB, 51.26 W, 34 %, 43
2026/10/10 03:09:55.468, 24087 MiB, 49.24 W, 6 %, 43
2026/10/10 03:09:56.474, 24087 MiB, 51.54 W, 15 %, 44
2026/10/10 03:09:57.480, 24087 MiB, 51.54 W, 5 %, 44
2026/10/10 03:09:58.485, 24087 MiB, 47.45 W, 30 %, 43
2026/10/10 03:09:59.498, 24087 MiB, 51.47 W, 5 %, 44
2026/10/10 03:10:00.512, 24087 MiB, 52.04 W, 27 %, 44
2026/10/10 03:10:01.526, 24087 MiB, 49.52 W, 5 %, 44
2026/10/10 03:10:02.530, 24087 MiB, 49.91 W, 40 %, 43
2026/10/10 03:10:03.532, 24087 MiB, 51.68 W, 62 %, 45
2026/10/10 03:10:04.534, 24087 MiB, 51.85 W, 5 %, 44
2026/10/10 03:10:05.536, 24087 MiB, 48.26 W, 12 %, 44
2026/10/10 03:10:06.540, 24087 MiB, 51.70 W, 68 %, 44
2026/10/10 03:10:07.551, 24087 MiB, 52.16 W, 13 %, 44
2026/10/10 03:10:08.556, 24087 MiB, 48.47 W, 5 %, 44
2026/10/10 03:10:09.562, 24087 MiB, 51.13 W, 58 %, 44
2026/10/10 03:10:10.568, 24087 MiB, 52.03 W, 38 %, 45
2026/10/10 03:10:11.569, 24087 MiB, 50.11 W, 5 %, 44
2026/10/10 03:10:12.577, 24087 MiB, 48.92 W, 31 %, 44
2026/10/10 03:10:13.592, 24087 MiB, 51.80 W, 73 %, 45
2026/10/10 03:10:14.601, 24087 MiB, 51.99 W, 21 %, 44
2026/10/10 03:10:15.613, 24087 MiB, 48.79 W, 6 %, 44
2026/10/10 03:10:16.616, 24087 MiB, 50.92 W, 80 %, 44
2026/10/10 03:10:17.627, 24087 MiB, 50.90 W, 31 %, 45
2026/10/10 03:10:18.642, 24087 MiB, 48.61 W, 7 %, 44
2026/10/10 03:10:19.645, 24087 MiB, 49.18 W, 47 %, 44
2026/10/10 03:10:20.654, 24087 MiB, 50.76 W, 56 %, 45
2026/10/10 03:10:21.668, 24087 MiB, 50.11 W, 5 %, 44
2026/10/10 03:10:22.684, 24087 MiB, 47.47 W, 14 %, 44
2026/10/10 03:10:23.687, 24087 MiB, 50.69 W, 68 %, 45
2026/10/10 03:10:24.689, 24087 MiB, 51.02 W, 28 %, 45
2026/10/10 03:10:25.699, 24087 MiB, 48.55 W, 5 %, 44
2026/10/10 03:10:26.715, 24087 MiB, 47.40 W, 5 %, 44
2026/10/10 03:10:27.726, 24087 MiB, 51.18 W, 60 %, 45
2026/10/10 03:10:28.731, 24087 MiB, 51.19 W, 15 %, 45
2026/10/10 03:10:29.735, 24087 MiB, 48.11 W, 5 %, 44
2026/10/10 03:10:30.738, 24087 MiB, 49.90 W, 56 %, 44
2026/10/10 03:10:31.746, 24087 MiB, 51.63 W, 67 %, 45
2026/10/10 03:10:32.756, 24087 MiB, 51.89 W, 15 %, 45
2026/10/10 03:10:33.765, 24087 MiB, 48.01 W, 10 %, 44
2026/10/10 03:10:34.773, 24087 MiB, 51.17 W, 68 %, 45
2026/10/10 03:10:35.784, 24087 MiB, 50.49 W, 32 %, 45
2026/10/10 03:10:36.791, 24087 MiB, 48.78 W, 6 %, 45
2026/10/10 03:10:37.792, 24087 MiB, 47.82 W, 25 %, 44
2026/10/10 03:10:38.797, 24087 MiB, 51.24 W, 68 %, 45
2026/10/10 03:10:39.801, 24087 MiB, 51.52 W, 25 %, 45
2026/10/10 03:10:40.804, 24087 MiB, 48.76 W, 5 %, 45
2026/10/10 03:10:41.811, 24087 MiB, 49.50 W, 40 %, 44
2026/10/10 03:10:42.821, 24087 MiB, 51.66 W, 62 %, 46
2026/10/10 03:10:43.829, 24087 MiB, 51.47 W, 7 %, 45
2026/10/10 03:10:44.840, 24087 MiB, 47.78 W, 5 %, 45
2026/10/10 03:10:45.856, 24087 MiB, 49.46 W, 50 %, 45
2026/10/10 03:10:46.864, 24087 MiB, 51.49 W, 47 %, 46
2026/10/10 03:10:47.869, 24087 MiB, 50.57 W, 5 %, 45
2026/10/10 03:10:48.886, 24087 MiB, 48.64 W, 27 %, 45
2026/10/10 03:10:49.893, 24087 MiB, 52.02 W, 72 %, 46
2026/10/10 03:10:50.901, 24087 MiB, 51.94 W, 26 %, 45
2026/10/10 03:10:51.915, 24087 MiB, 49.33 W, 5 %, 45
2026/10/10 03:10:52.925, 24087 MiB, 50.16 W, 48 %, 45
2026/10/10 03:10:53.934, 24087 MiB, 52.76 W, 76 %, 46
2026/10/10 03:10:54.944, 24087 MiB, 52.03 W, 19 %, 45
2026/10/10 03:10:55.952, 24087 MiB, 48.63 W, 7 %, 45
2026/10/10 03:10:56.957, 24087 MiB, 49.15 W, 34 %, 45
2026/10/10 03:10:57.961, 24087 MiB, 52.11 W, 72 %, 46
2026/10/10 03:10:58.970, 24087 MiB, 51.69 W, 15 %, 45
2026/10/10 03:10:59.977, 24087 MiB, 48.53 W, 7 %, 45
2026/10/10 03:11:00.984, 24087 MiB, 50.27 W, 45 %, 45
2026/10/10 03:11:01.986, 24087 MiB, 51.57 W, 57 %, 46
2026/10/10 03:11:03.007, 24087 MiB, 51.17 W, 5 %, 45
2026/10/10 03:11:04.008, 24087 MiB, 47.53 W, 5 %, 45
2026/10/10 03:11:05.017, 24087 MiB, 50.81 W, 53 %, 45
2026/10/10 03:11:06.027, 24087 MiB, 52.21 W, 61 %, 46
2026/10/10 03:11:07.036, 24087 MiB, 51.91 W, 14 %, 46
2026/10/10 03:11:08.047, 24087 MiB, 48.47 W, 5 %, 45
2026/10/10 03:11:09.049, 24087 MiB, 51.05 W, 64 %, 45
2026/10/10 03:11:10.061, 24087 MiB, 52.05 W, 51 %, 46
2026/10/10 03:11:11.062, 24087 MiB, 50.77 W, 5 %, 45
2026/10/10 03:11:12.069, 24087 MiB, 49.50 W, 33 %, 45
2026/10/10 03:11:13.074, 24087 MiB, 52.21 W, 68 %, 46
2026/10/10 03:11:14.078, 24087 MiB, 52.33 W, 10 %, 46
2026/10/10 03:11:15.089, 24087 MiB, 48.81 W, 6 %, 45
2026/10/10 03:11:16.100, 24087 MiB, 51.53 W, 49 %, 45
2026/10/10 03:11:17.108, 24087 MiB, 52.31 W, 67 %, 46
2026/10/10 03:11:18.120, 24087 MiB, 52.30 W, 5 %, 46
2026/10/10 03:11:19.127, 24087 MiB, 47.78 W, 9 %, 45
2026/10/10 03:11:20.132, 24087 MiB, 51.44 W, 61 %, 45
2026/10/10 03:11:21.141, 24087 MiB, 51.90 W, 42 %, 47
2026/10/10 03:11:22.146, 24087 MiB, 50.65 W, 5 %, 46
2026/10/10 03:11:23.148, 24087 MiB, 47.91 W, 8 %, 45
2026/10/10 03:11:24.156, 24087 MiB, 50.78 W, 58 %, 46
2026/10/10 03:11:25.165, 24087 MiB, 52.08 W, 45 %, 46
2026/10/10 03:11:26.184, 24087 MiB, 50.43 W, 27 %, 45
2026/10/10 03:11:27.188, 24087 MiB, 48.70 W, 20 %, 45
2026/10/10 03:11:28.193, 24087 MiB, 48.81 W, 19 %, 45
2026/10/10 03:11:29.200, 24087 MiB, 48.56 W, 6 %, 47
2026/10/10 03:11:30.204, 24087 MiB, 50.97 W, 58 %, 46
2026/10/10 03:11:31.205, 24087 MiB, 52.29 W, 70 %, 46
2026/10/10 03:11:32.219, 24087 MiB, 52.27 W, 25 %, 46
2026/10/10 03:11:33.223, 24087 MiB, 48.73 W, 6 %, 46
2026/10/10 03:11:34.233, 24087 MiB, 50.21 W, 48 %, 46
2026/10/10 03:11:35.241, 24087 MiB, 51.40 W, 59 %, 46
2026/10/10 03:11:36.249, 24087 MiB, 51.60 W, 6 %, 46
2026/10/10 03:11:37.254, 24087 MiB, 48.63 W, 6 %, 47
2026/10/10 03:11:38.260, 24087 MiB, 50.21 W, 46 %, 47
2026/10/10 03:11:39.270, 24087 MiB, 52.45 W, 60 %, 46
2026/10/10 03:11:40.278, 24087 MiB, 52.01 W, 5 %, 46
2026/10/10 03:11:41.284, 24087 MiB, 47.95 W, 5 %, 47
2026/10/10 03:11:42.290, 24087 MiB, 50.62 W, 55 %, 46
2026/10/10 03:11:43.295, 24087 MiB, 51.92 W, 57 %, 46
2026/10/10 03:11:44.305, 24087 MiB, 51.09 W, 14 %, 46
2026/10/10 03:11:45.307, 24087 MiB, 48.19 W, 5 %, 47
2026/10/10 03:11:46.308, 24087 MiB, 49.29 W, 42 %, 47
2026/10/10 03:11:47.314, 24087 MiB, 51.71 W, 68 %, 46
2026/10/10 03:11:48.316, 24087 MiB, 51.47 W, 14 %, 46
2026/10/10 03:11:49.332, 24087 MiB, 48.20 W, 6 %, 47
2026/10/10 03:11:50.334, 24087 MiB, 49.77 W, 46 %, 47
2026/10/10 03:11:51.347, 24087 MiB, 51.71 W, 71 %, 46
2026/10/10 03:11:52.356, 24087 MiB, 52.01 W, 36 %, 46
2026/10/10 03:11:53.360, 24087 MiB, 49.86 W, 5 %, 46
2026/10/10 03:11:54.364, 24087 MiB, 47.97 W, 11 %, 47
2026/10/10 03:11:55.378, 24087 MiB, 49.12 W, 29 %, 47
2026/10/10 03:11:56.382, 24087 MiB, 51.98 W, 68 %, 46
2026/10/10 03:11:57.387, 24087 MiB, 52.03 W, 31 %, 46
2026/10/10 03:11:58.390, 24087 MiB, 50.19 W, 5 %, 46
2026/10/10 03:11:59.396, 24087 MiB, 48.18 W, 19 %, 47
2026/10/10 03:12:00.401, 24087 MiB, 52.13 W, 77 %, 46
2026/10/10 03:12:01.406, 24087 MiB, 52.83 W, 48 %, 46
2026/10/10 03:12:02.411, 24087 MiB, 51.59 W, 5 %, 46
2026/10/10 03:12:03.413, 24087 MiB, 48.12 W, 6 %, 47
2026/10/10 03:12:04.419, 24087 MiB, 51.51 W, 66 %, 47
2026/10/10 03:12:05.429, 24087 MiB, 52.53 W, 64 %, 46
2026/10/10 03:12:06.436, 24087 MiB, 51.91 W, 11 %, 46
2026/10/10 03:12:07.437, 24087 MiB, 48.65 W, 8 %, 47
2026/10/10 03:12:08.441, 24087 MiB, 50.51 W, 50 %, 47
2026/10/10 03:12:09.454, 24087 MiB, 52.56 W, 62 %, 46
2026/10/10 03:12:10.455, 24087 MiB, 51.87 W, 5 %, 46
2026/10/10 03:12:11.466, 24087 MiB, 48.63 W, 7 %, 47
2026/10/10 03:12:12.479, 24087 MiB, 52.26 W, 68 %, 47
2026/10/10 03:12:13.490, 24087 MiB, 52.52 W, 53 %, 46
2026/10/10 03:12:14.502, 24087 MiB, 50.88 W, 31 %, 46
2026/10/10 03:12:15.517, 24087 MiB, 49.53 W, 36 %, 46
2026/10/10 03:12:16.529, 24087 MiB, 50.39 W, 28 %, 46
2026/10/10 03:12:17.543, 24087 MiB, 49.97 W, 5 %, 46
2026/10/10 03:12:18.548, 24087 MiB, 48.38 W, 6 %, 48
2026/10/10 03:12:19.550, 24087 MiB, 50.58 W, 49 %, 47
2026/10/10 03:12:20.560, 24087 MiB, 52.39 W, 60 %, 47
2026/10/10 03:12:21.566, 24087 MiB, 51.85 W, 5 %, 46
2026/10/10 03:12:22.572, 24087 MiB, 48.03 W, 5 %, 48
2026/10/10 03:12:23.573, 24087 MiB, 49.58 W, 33 %, 48
2026/10/10 03:12:24.577, 24087 MiB, 52.21 W, 68 %, 47
2026/10/10 03:12:25.591, 24087 MiB, 52.30 W, 20 %, 47
2026/10/10 03:12:26.602, 24087 MiB, 49.60 W, 5 %, 47
2026/10/10 03:12:27.618, 24087 MiB, 48.92 W, 20 %, 48
2026/10/10 03:12:28.632, 24087 MiB, 51.94 W, 73 %, 47
2026/10/10 03:12:29.633, 24087 MiB, 52.42 W, 65 %, 47
2026/10/10 03:12:30.634, 24087 MiB, 52.23 W, 24 %, 47
2026/10/10 03:12:31.647, 24087 MiB, 49.62 W, 7 %, 48
2026/10/10 03:12:32.662, 24087 MiB, 50.65 W, 48 %, 47
2026/10/10 03:12:33.673, 24087 MiB, 50.96 W, 57 %, 47
2026/10/10 03:12:34.673, 24087 MiB, 52.20 W, 71 %, 47
2026/10/10 03:12:35.688, 24087 MiB, 52.58 W, 14 %, 47
2026/10/10 03:12:36.694, 24087 MiB, 48.95 W, 5 %, 47
2026/10/10 03:12:37.698, 24087 MiB, 48.60 W, 17 %, 48
2026/10/10 03:12:38.713, 24087 MiB, 52.27 W, 68 %, 47
2026/10/10 03:12:39.716, 24087 MiB, 52.93 W, 32 %, 47
2026/10/10 03:12:40.721, 24087 MiB, 50.05 W, 5 %, 47
2026/10/10 03:12:41.735, 24087 MiB, 48.50 W, 5 %, 48
