timestamp, memory.used [MiB], power.draw [W], utilization.gpu [%], temperature.gpu
2026/10/10 07:22:32.422, 756 MiB, 10.84 W, 7 %, 38
2026/10/10 07:22:33.431, 756 MiB, 10.77 W, 7 %, 38
2026/10/10 07:22:34.438, 5546 MiB, 48.94 W, 1 %, 40
2026/10/10 07:22:35.438, 5546 MiB, 65.31 W, 8 %, 41
2026/10/10 07:22:36.441, 5546 MiB, 68.99 W, 9 %, 41
2026/10/10 07:22:37.449, 11916 MiB, 59.64 W, 29 %, 41
2026/10/10 07:22:38.456, 12298 MiB, 73.03 W, 10 %, 41
2026/10/10 07:22:39.472, 12768 MiB, 159.52 W, 99 %, 66
2026/10/10 07:22:40.480, 12918 MiB, 456.56 W, 99 %, 67
2026/10/10 07:22:41.489, 12924 MiB, 392.32 W, 97 %, 69
2026/10/10 07:22:42.499, 12930 MiB, 435.00 W, 80 %, 66
2026/10/10 07:22:43.514, 12930 MiB, 419.61 W, 99 %, 71
2026/10/10 07:22:44.530, 12940 MiB, 388.68 W, 95 %, 58
2026/10/10 07:22:45.541, 12940 MiB, 334.85 W, 96 %, 57
2026/10/10 07:22:46.550, 12940 MiB, 336.79 W, 94 %, 57
2026/10/10 07:22:47.557, 12940 MiB, 337.03 W, 94 %, 57
2026/10/10 07:22:48.565, 12940 MiB, 338.63 W, 96 %, 57
2026/10/10 07:22:49.576, 12940 MiB, 338.88 W, 95 %, 57
2026/10/10 07:22:50.587, 12940 MiB, 339.14 W, 95 %, 57
2026/10/10 07:22:51.587, 12940 MiB, 338.85 W, 93 %, 57
2026/10/10 07:22:52.600, 12940 MiB, 339.70 W, 94 %, 58
2026/10/10 07:22:53.613, 12940 MiB, 340.52 W, 96 %, 58
2026/10/10 07:22:54.615, 12940 MiB, 339.54 W, 96 %, 58
2026/10/10 07:22:55.629, 12940 MiB, 341.30 W, 96 %, 58
2026/10/10 07:22:56.642, 12940 MiB, 340.69 W, 96 %, 58
2026/10/10 07:22:57.643, 12940 MiB, 342.42 W, 96 %, 58
2026/10/10 07:22:58.653, 12940 MiB, 341.62 W, 96 %, 58
2026/10/10 07:22:59.664, 12940 MiB, 341.81 W, 96 %, 58
2026/10/10 07:23:00.673, 12940 MiB, 342.36 W, 96 %, 58
2026/10/10 07:23:01.675, 12940 MiB, 343.72 W, 95 %, 58
2026/10/10 07:23:02.686, 12940 MiB, 343.43 W, 95 %, 58
2026/10/10 07:23:03.696, 12940 MiB, 342.30 W, 96 %, 58
2026/10/10 07:23:04.704, 12940 MiB, 342.89 W, 96 %, 58
2026/10/10 07:23:05.713, 12940 MiB, 342.68 W, 95 %, 58
2026/10/10 07:23:06.726, 12940 MiB, 343.90 W, 96 %, 58
2026/10/10 07:23:07.727, 12940 MiB, 343.02 W, 96 %, 58
2026/10/10 07:23:08.739, 12940 MiB, 344.40 W, 95 %, 59
2026/10/10 07:23:09.739, 12940 MiB, 344.15 W, 93 %, 59
2026/10/10 07:23:10.753, 12940 MiB, 343.96 W, 96 %, 59
2026/10/10 07:23:11.755, 12940 MiB, 344.41 W, 95 %, 59
2026/10/10 07:23:12.766, 12940 MiB, 344.61 W, 96 %, 59
2026/10/10 07:23:13.777, 12940 MiB, 345.93 W, 96 %, 59
2026/10/10 07:23:14.790, 12940 MiB, 344.44 W, 96 %, 59
2026/10/10 07:23:15.799, 12940 MiB, 344.99 W, 95 %, 59
2026/10/10 07:23:16.814, 12940 MiB, 344.22 W, 96 %, 59
2026/10/10 07:23:17.824, 12940 MiB, 345.87 W, 96 %, 59
2026/10/10 07:23:18.836, 12940 MiB, 346.63 W, 96 %, 59
2026/10/10 07:23:19.846, 12940 MiB, 346.15 W, 96 %, 59
2026/10/10 07:23:20.848, 12940 MiB, 346.81 W, 96 %, 59
2026/10/10 07:23:21.850, 12940 MiB, 346.56 W, 96 %, 60
2026/10/10 07:23:22.863, 12940 MiB, 347.92 W, 96 %, 60
2026/10/10 07:23:23.873, 12940 MiB, 347.01 W, 96 %, 60
2026/10/10 07:23:24.885, 12940 MiB, 348.92 W, 96 %, 60
2026/10/10 07:23:25.888, 12940 MiB, 348.61 W, 96 %, 60
2026/10/10 07:23:26.902, 12940 MiB, 347.82 W, 95 %, 60
2026/10/10 07:23:27.914, 12940 MiB, 345.62 W, 96 %, 60
2026/10/10 07:23:28.922, 12940 MiB, 200.61 W, 77 %, 68
2026/10/10 07:23:29.935, 12940 MiB, 453.17 W, 99 %, 70
2026/10/10 07:23:30.950, 12940 MiB, 408.96 W, 100 %, 73
2026/10/10 07:23:31.959, 12940 MiB, 452.70 W, 100 %, 62
2026/10/10 07:23:32.974, 12940 MiB, 426.23 W, 99 %, 75
2026/10/10 07:23:33.979, 12940 MiB, 436.31 W, 98 %, 68
2026/10/10 07:23:34.992, 12940 MiB, 385.84 W, 93 %, 61
2026/10/10 07:23:36.004, 12940 MiB, 342.90 W, 96 %, 61
2026/10/10 07:23:37.014, 12940 MiB, 342.36 W, 95 %, 60
2026/10/10 07:23:38.021, 12940 MiB, 342.72 W, 95 %, 60
2026/10/10 07:23:39.028, 12940 MiB, 344.29 W, 95 %, 60
2026/10/10 07:23:40.042, 12940 MiB, 343.32 W, 95 %, 60
2026/10/10 07:23:41.056, 12940 MiB, 342.80 W, 93 %, 60
2026/10/10 07:23:42.068, 12940 MiB, 343.16 W, 96 %, 60
2026/10/10 07:23:43.082, 12940 MiB, 344.61 W, 95 %, 60
2026/10/10 07:23:44.096, 12940 MiB, 344.98 W, 95 %, 60
2026/10/10 07:23:45.096, 12940 MiB, 344.75 W, 95 %, 60
2026/10/10 07:23:46.108, 12940 MiB, 344.52 W, 96 %, 60
2026/10/10 07:23:47.122, 12940 MiB, 344.58 W, 96 %, 61
2026/10/10 07:23:48.123, 12940 MiB, 344.81 W, 94 %, 60
2026/10/10 07:23:49.136, 12940 MiB, 346.41 W, 96 %, 60
2026/10/10 07:23:50.151, 12940 MiB, 345.70 W, 92 %, 60
2026/10/10 07:23:51.163, 12940 MiB, 344.95 W, 96 %, 60
2026/10/10 07:23:52.171, 12940 MiB, 346.88 W, 96 %, 60
2026/10/10 07:23:53.182, 12940 MiB, 345.49 W, 96 %, 60
2026/10/10 07:23:54.193, 12940 MiB, 346.92 W, 96 %, 60
2026/10/10 07:23:55.204, 12940 MiB, 345.58 W, 94 %, 60
2026/10/10 07:23:56.218, 12940 MiB, 347.16 W, 96 %, 60
2026/10/10 07:23:57.233, 12940 MiB, 346.64 W, 96 %, 61
2026/10/10 07:23:58.234, 12940 MiB, 347.39 W, 96 %, 61
2026/10/10 07:23:59.249, 12940 MiB, 346.30 W, 95 %, 60
2026/10/10 07:24:00.263, 12940 MiB, 347.01 W, 96 %, 61
2026/10/10 07:24:01.275, 12940 MiB, 347.62 W, 94 %, 61
2026/10/10 07:24:02.286, 12940 MiB, 346.77 W, 96 %, 61
2026/10/10 07:24:03.298, 12940 MiB, 347.67 W, 96 %, 61
2026/10/10 07:24:04.308, 12940 MiB, 344.93 W, 95 %, 60
2026/10/10 07:24:05.319, 12940 MiB, 344.77 W, 96 %, 60
2026/10/10 07:24:06.325, 12940 MiB, 209.96 W, 67 %, 66
2026/10/10 07:24:07.328, 12940 MiB, 446.22 W, 99 %, 71
2026/10/10 07:24:08.342, 12940 MiB, 406.43 W, 99 %, 74
2026/10/10 07:24:09.353, 12940 MiB, 435.99 W, 78 %, 70
2026/10/10 07:24:10.364, 12940 MiB, 423.96 W, 99 %, 72
2026/10/10 07:24:11.368, 12940 MiB, 435.53 W, 97 %, 65
2026/10/10 07:24:12.380, 12940 MiB, 381.98 W, 92 %, 61
2026/10/10 07:24:13.390, 12940 MiB, 344.16 W, 96 %, 61
2026/10/10 07:24:14.399, 12940 MiB, 344.06 W, 96 %, 61
2026/10/10 07:24:15.405, 12940 MiB, 343.66 W, 95 %, 61
2026/10/10 07:24:16.416, 12940 MiB, 344.20 W, 96 %, 61
2026/10/10 07:24:17.420, 12940 MiB, 342.95 W, 93 %, 61
2026/10/10 07:24:18.433, 12940 MiB, 344.67 W, 96 %, 61
2026/10/10 07:24:19.447, 12940 MiB, 343.72 W, 96 %, 61
2026/10/10 07:24:20.458, 12940 MiB, 346.00 W, 96 %, 61
2026/10/10 07:24:21.473, 12940 MiB, 344.56 W, 96 %, 61
2026/10/10 07:24:22.482, 12940 MiB, 345.64 W, 95 %, 61
2026/10/10 07:24:23.482, 12940 MiB, 344.66 W, 96 %, 61
2026/10/10 07:24:24.498, 12940 MiB, 346.58 W, 96 %, 61
2026/10/10 07:24:25.508, 12940 MiB, 346.59 W, 96 %, 61
2026/10/10 07:24:26.515, 12940 MiB, 346.58 W, 96 %, 61
2026/10/10 07:24:27.524, 12940 MiB, 346.20 W, 96 %, 61
2026/10/10 07:24:28.531, 12940 MiB, 346.62 W, 96 %, 61
2026/10/10 07:24:29.538, 12940 MiB, 345.35 W, 94 %, 61
2026/10/10 07:24:30.548, 12940 MiB, 345.21 W, 96 %, 61
2026/10/10 07:24:31.563, 12940 MiB, 347.15 W, 95 %, 61
2026/10/10 07:24:32.568, 12940 MiB, 346.72 W, 94 %, 61
2026/10/10 07:24:33.578, 12940 MiB, 347.34 W, 94 %, 61
2026/10/10 07:24:34.589, 12940 MiB, 346.76 W, 96 %, 61
2026/10/10 07:24:35.598, 12940 MiB, 348.10 W, 96 %, 61
2026/10/10 07:24:36.612, 12940 MiB, 347.58 W, 93 %, 61
2026/10/10 07:24:37.623, 12940 MiB, 347.90 W, 96 %, 61
2026/10/10 07:24:38.634, 12940 MiB, 348.92 W, 96 %, 61
2026/10/10 07:24:39.644, 12940 MiB, 348.11 W, 96 %, 61
2026/10/10 07:24:40.654, 12940 MiB, 348.66 W, 96 %, 61
2026/10/10 07:24:41.669, 12940 MiB, 346.88 W, 95 %, 61
2026/10/10 07:24:42.672, 12940 MiB, 347.89 W, 96 %, 61
2026/10/10 07:24:43.680, 12940 MiB, 348.42 W, 96 %, 61
2026/10/10 07:24:44.691, 12940 MiB, 348.65 W, 95 %, 61
2026/10/10 07:24:45.697, 12940 MiB, 349.05 W, 96 %, 61
2026/10/10 07:24:46.702, 12940 MiB, 348.61 W, 96 %, 61
2026/10/10 07:24:47.713, 12940 MiB, 350.03 W, 96 %, 61
2026/10/10 07:24:48.721, 12940 MiB, 346.85 W, 96 %, 61
2026/10/10 07:24:49.729, 12940 MiB, 345.42 W, 82 %, 61
2026/10/10 07:24:50.737, 12940 MiB, 152.85 W, 33 %, 50
2026/10/10 07:24:51.747, 12940 MiB, 253.06 W, 96 %, 60
2026/10/10 07:24:52.757, 12940 MiB, 345.27 W, 94 %, 61
2026/10/10 07:24:53.763, 12940 MiB, 343.93 W, 93 %, 61
2026/10/10 07:24:54.768, 12940 MiB, 344.88 W, 95 %, 61
2026/10/10 07:24:55.772, 12940 MiB, 345.90 W, 96 %, 61
2026/10/10 07:24:56.779, 12940 MiB, 345.05 W, 96 %, 61
2026/10/10 07:24:57.790, 12940 MiB, 345.22 W, 95 %, 61
2026/10/10 07:24:58.796, 12940 MiB, 345.73 W, 96 %, 61
2026/10/10 07:24:59.805, 12940 MiB, 346.48 W, 96 %, 61
2026/10/10 07:25:00.819, 12940 MiB, 345.67 W, 96 %, 61
2026/10/10 07:25:01.830, 12940 MiB, 347.29 W, 95 %, 61
2026/10/10 07:25:02.843, 12940 MiB, 346.39 W, 94 %, 61
2026/10/10 07:25:03.855, 12940 MiB, 347.57 W, 96 %, 61
2026/10/10 07:25:04.870, 12940 MiB, 348.26 W, 96 %, 61
2026/10/10 07:25:05.877, 12940 MiB, 347.79 W, 96 %, 61
2026/10/10 07:25:06.884, 12940 MiB, 348.74 W, 96 %, 61
2026/10/10 07:25:07.891, 12940 MiB, 346.94 W, 96 %, 62
2026/10/10 07:25:08.898, 12940 MiB, 348.30 W, 96 %, 62
2026/10/10 07:25:09.909, 12940 MiB, 347.26 W, 96 %, 62
2026/10/10 07:25:10.917, 12940 MiB, 348.23 W, 96 %, 62
2026/10/10 07:25:11.927, 12940 MiB, 347.37 W, 95 %, 62
2026/10/10 07:25:12.937, 12940 MiB, 348.82 W, 96 %, 62
2026/10/10 07:25:13.948, 12940 MiB, 349.01 W, 96 %, 62
2026/10/10 07:25:14.959, 12940 MiB, 348.55 W, 96 %, 62
2026/10/10 07:25:15.962, 12940 MiB, 349.48 W, 96 %, 62
2026/10/10 07:25:16.972, 12940 MiB, 348.66 W, 96 %, 62
2026/10/10 07:25:17.982, 12940 MiB, 349.42 W, 96 %, 62
2026/10/10 07:25:18.993, 12940 MiB, 345.94 W, 95 %, 62
2026/10/10 07:25:19.995, 12940 MiB, 307.54 W, 0 %, 54
2026/10/10 07:25:21.005, 12940 MiB, 138.45 W, 95 %, 60
2026/10/10 07:25:22.017, 12940 MiB, 343.32 W, 95 %, 61
2026/10/10 07:25:23.022, 12940 MiB, 344.59 W, 95 %, 61
2026/10/10 07:25:24.033, 12940 MiB, 344.05 W, 95 %, 62
2026/10/10 07:25:25.036, 12940 MiB, 346.62 W, 95 %, 62
2026/10/10 07:25:26.041, 12940 MiB, 344.48 W, 95 %, 62
2026/10/10 07:25:27.048, 12940 MiB, 345.97 W, 95 %, 62
2026/10/10 07:25:28.063, 12940 MiB, 345.61 W, 96 %, 62
2026/10/10 07:25:29.074, 12940 MiB, 345.26 W, 94 %, 62
2026/10/10 07:25:30.084, 12940 MiB, 345.18 W, 96 %, 62
2026/10/10 07:25:31.095, 12940 MiB, 347.38 W, 96 %, 62
2026/10/10 07:25:32.107, 12940 MiB, 346.41 W, 96 %, 62
2026/10/10 07:25:33.110, 12940 MiB, 347.21 W, 96 %, 62
2026/10/10 07:25:34.119, 12940 MiB, 347.70 W, 96 %, 62
2026/10/10 07:25:35.128, 12940 MiB, 347.09 W, 94 %, 62
2026/10/10 07:25:36.136, 12940 MiB, 347.84 W, 95 %, 62
2026/10/10 07:25:37.142, 12940 MiB, 348.30 W, 96 %, 62
2026/10/10 07:25:38.150, 12940 MiB, 348.60 W, 96 %, 62
2026/10/10 07:25:39.152, 12940 MiB, 347.82 W, 96 %, 62
2026/10/10 07:25:40.156, 12940 MiB, 347.74 W, 96 %, 62
2026/10/10 07:25:41.159, 12940 MiB, 347.39 W, 95 %, 62
2026/10/10 07:25:42.169, 12940 MiB, 348.49 W, 96 %, 62
2026/10/10 07:25:43.182, 12940 MiB, 349.65 W, 95 %, 62
2026/10/10 07:25:44.195, 12940 MiB, 348.41 W, 96 %, 62
2026/10/10 07:25:45.205, 12940 MiB, 349.90 W, 96 %, 62
2026/10/10 07:25:46.218, 12940 MiB, 349.15 W, 96 %, 62
2026/10/10 07:25:47.231, 12940 MiB, 350.25 W, 96 %, 62
2026/10/10 07:25:48.245, 12940 MiB, 349.53 W, 96 %, 62
2026/10/10 07:25:49.255, 12940 MiB, 347.44 W, 96 %, 62
2026/10/10 07:25:50.265, 12940 MiB, 347.08 W, 83 %, 61
2026/10/10 07:25:51.268, 12940 MiB, 193.51 W, 36 %, 51
2026/10/10 07:25:52.277, 12940 MiB, 241.05 W, 95 %, 61
2026/10/10 07:25:53.280, 12940 MiB, 345.83 W, 95 %, 62
2026/10/10 07:25:54.289, 12940 MiB, 345.32 W, 96 %, 62
2026/10/10 07:25:55.298, 12940 MiB, 346.03 W, 96 %, 62
2026/10/10 07:25:56.304, 12940 MiB, 346.31 W, 94 %, 62
2026/10/10 07:25:57.316, 12940 MiB, 345.60 W, 96 %, 62
2026/10/10 07:25:58.328, 12940 MiB, 347.02 W, 95 %, 62
2026/10/10 07:25:59.340, 12940 MiB, 345.13 W, 95 %, 62
2026/10/10 07:26:00.354, 12940 MiB, 347.29 W, 96 %, 62
2026/10/10 07:26:01.367, 12940 MiB, 346.68 W, 95 %, 62
2026/10/10 07:26:02.369, 12940 MiB, 348.79 W, 96 %, 62
2026/10/10 07:26:03.382, 12940 MiB, 347.93 W, 96 %, 62
2026/10/10 07:26:04.398, 12940 MiB, 348.82 W, 96 %, 62
2026/10/10 07:26:05.409, 12940 MiB, 348.75 W, 96 %, 62
2026/10/10 07:26:06.415, 12940 MiB, 347.35 W, 96 %, 62
2026/10/10 07:26:07.427, 12940 MiB, 348.05 W, 94 %, 63
2026/10/10 07:26:08.437, 12940 MiB, 347.28 W, 96 %, 63
2026/10/10 07:26:09.442, 12940 MiB, 349.45 W, 96 %, 63
2026/10/10 07:26:10.453, 12940 MiB, 348.26 W, 95 %, 63
2026/10/10 07:26:11.466, 12940 MiB, 348.80 W, 95 %, 62
2026/10/10 07:26:12.476, 12940 MiB, 347.92 W, 95 %, 63
2026/10/10 07:26:13.488, 12940 MiB, 349.47 W, 96 %, 63
2026/10/10 07:26:14.499, 12940 MiB, 351.14 W, 96 %, 63
2026/10/10 07:26:15.507, 12940 MiB, 349.31 W, 96 %, 63
2026/10/10 07:26:16.520, 12940 MiB, 350.29 W, 96 %, 63
2026/10/10 07:26:17.533, 12940 MiB, 349.87 W, 96 %, 63
2026/10/10 07:26:18.549, 12940 MiB, 350.26 W, 95 %, 63
2026/10/10 07:26:19.560, 12940 MiB, 346.96 W, 96 %, 63
2026/10/10 07:26:20.573, 12940 MiB, 277.65 W, 1 %, 52
2026/10/10 07:26:21.574, 12940 MiB, 341.30 W, 100 %, 73
2026/10/10 07:26:22.585, 12940 MiB, 421.13 W, 99 %, 62
2026/10/10 07:26:23.599, 12940 MiB, 443.74 W, 100 %, 72
2026/10/10 07:26:24.608, 12940 MiB, 414.42 W, 95 %, 64
2026/10/10 07:26:25.615, 12940 MiB, 340.16 W, 95 %, 63
2026/10/10 07:26:26.628, 12940 MiB, 340.56 W, 96 %, 63
2026/10/10 07:26:27.643, 12940 MiB, 340.10 W, 95 %, 63
2026/10/10 07:26:28.654, 12940 MiB, 340.03 W, 94 %, 62
2026/10/10 07:26:29.665, 12940 MiB, 339.02 W, 95 %, 62
2026/10/10 07:26:30.678, 12940 MiB, 340.39 W, 95 %, 62
2026/10/10 07:26:31.684, 12940 MiB, 340.46 W, 96 %, 62
2026/10/10 07:26:32.692, 12940 MiB, 341.26 W, 95 %, 62
2026/10/10 07:26:33.699, 12940 MiB, 341.28 W, 95 %, 62
2026/10/10 07:26:34.710, 12940 MiB, 341.95 W, 95 %, 62
2026/10/10 07:26:35.719, 12940 MiB, 341.68 W, 96 %, 62
2026/10/10 07:26:36.720, 12940 MiB, 342.41 W, 95 %, 62
2026/10/10 07:26:37.735, 12940 MiB, 341.58 W, 95 %, 62
2026/10/10 07:26:38.750, 12940 MiB, 343.14 W, 96 %, 62
2026/10/10 07:26:39.765, 12940 MiB, 342.88 W, 96 %, 62
2026/10/10 07:26:40.779, 12940 MiB, 344.20 W, 96 %, 62
2026/10/10 07:26:41.793, 12940 MiB, 343.48 W, 95 %, 62
2026/10/10 07:26:42.808, 12940 MiB, 343.73 W, 94 %, 62
2026/10/10 07:26:43.821, 12940 MiB, 342.95 W, 95 %, 62
2026/10/10 07:26:44.829, 12940 MiB, 344.87 W, 96 %, 62
2026/10/10 07:26:45.836, 12940 MiB, 344.14 W, 96 %, 62
2026/10/10 07:26:46.841, 12940 MiB, 345.13 W, 96 %, 62
2026/10/10 07:26:47.849, 12940 MiB, 344.79 W, 96 %, 62
2026/10/10 07:26:48.858, 12940 MiB, 344.36 W, 96 %, 62
2026/10/10 07:26:49.859, 12940 MiB, 345.12 W, 96 %, 62
2026/10/10 07:26:50.870, 12940 MiB, 344.45 W, 95 %, 62
2026/10/10 07:26:51.882, 12940 MiB, 346.12 W, 96 %, 62
2026/10/10 07:26:52.884, 12940 MiB, 345.08 W, 95 %, 62
2026/10/10 07:26:53.897, 12940 MiB, 343.17 W, 96 %, 62
2026/10/10 07:26:54.912, 12940 MiB, 342.43 W, 96 %, 62
2026/10/10 07:26:55.926, 12940 MiB, 192.96 W, 100 %, 72
2026/10/10 07:26:56.941, 12940 MiB, 460.19 W, 100 %, 73
2026/10/10 07:26:57.956, 12940 MiB, 399.90 W, 99 %, 76
2026/10/10 07:26:58.966, 12940 MiB, 437.17 W, 76 %, 70
2026/10/10 07:26:59.981, 12940 MiB, 420.68 W, 100 %, 73
2026/10/10 07:27:00.988, 12940 MiB, 433.15 W, 93 %, 72
2026/10/10 07:27:01.998, 12940 MiB, 381.95 W, 95 %, 63
2026/10/10 07:27:03.012, 12940 MiB, 347.31 W, 95 %, 62
2026/10/10 07:27:04.037, 12940 MiB, 348.01 W, 96 %, 62
2026/10/10 07:27:05.045, 12940 MiB, 346.89 W, 96 %, 62
2026/10/10 07:27:06.055, 12940 MiB, 346.87 W, 96 %, 62
2026/10/10 07:27:07.069, 12940 MiB, 347.69 W, 96 %, 62
2026/10/10 07:27:08.083, 12940 MiB, 346.29 W, 93 %, 62
2026/10/10 07:27:09.098, 12940 MiB, 348.25 W, 96 %, 62
2026/10/10 07:27:10.111, 12940 MiB, 349.04 W, 95 %, 62
2026/10/10 07:27:11.115, 12940 MiB, 347.80 W, 96 %, 62
2026/10/10 07:27:12.130, 12940 MiB, 348.13 W, 96 %, 62
2026/10/10 07:27:13.142, 12940 MiB, 347.34 W, 96 %, 62
2026/10/10 07:27:14.144, 12940 MiB, 348.68 W, 96 %, 62
2026/10/10 07:27:15.157, 12940 MiB, 349.05 W, 95 %, 62
2026/10/10 07:27:16.171, 12940 MiB, 349.70 W, 96 %, 62
2026/10/10 07:27:17.181, 12940 MiB, 348.62 W, 94 %, 62
2026/10/10 07:27:18.185, 12940 MiB, 349.57 W, 96 %, 62
2026/10/10 07:27:19.195, 12940 MiB, 349.95 W, 96 %, 62
2026/10/10 07:27:20.204, 12940 MiB, 348.74 W, 95 %, 62
2026/10/10 07:27:21.213, 12940 MiB, 350.18 W, 96 %, 62
2026/10/10 07:27:22.227, 12940 MiB, 349.63 W, 96 %, 62
2026/10/10 07:27:23.239, 12940 MiB, 350.05 W, 95 %, 62
2026/10/10 07:27:24.252, 12940 MiB, 349.39 W, 96 %, 62
2026/10/10 07:27:25.253, 12940 MiB, 351.27 W, 96 %, 62
2026/10/10 07:27:26.268, 12940 MiB, 348.92 W, 93 %, 62
2026/10/10 07:27:27.283, 12940 MiB, 349.53 W, 96 %, 62
2026/10/10 07:27:28.298, 12940 MiB, 351.28 W, 96 %, 62
2026/10/10 07:27:29.307, 12940 MiB, 349.36 W, 95 %, 62
2026/10/10 07:27:30.320, 12940 MiB, 351.88 W, 96 %, 62
2026/10/10 07:27:31.326, 12940 MiB, 350.64 W, 94 %, 62
2026/10/10 07:27:32.340, 12940 MiB, 351.30 W, 96 %, 62
2026/10/10 07:27:33.351, 12940 MiB, 351.33 W, 96 %, 62
2026/10/10 07:27:34.366, 12940 MiB, 351.36 W, 96 %, 62
2026/10/10 07:27:35.376, 12940 MiB, 351.43 W, 96 %, 62
2026/10/10 07:27:36.391, 12940 MiB, 351.80 W, 96 %, 62
2026/10/10 07:27:37.404, 12940 MiB, 352.11 W, 95 %, 62
2026/10/10 07:27:38.419, 12940 MiB, 351.22 W, 96 %, 62
2026/10/10 07:27:39.434, 12940 MiB, 352.44 W, 96 %, 62
2026/10/10 07:27:40.444, 12940 MiB, 352.10 W, 94 %, 62
2026/10/10 07:27:41.449, 12940 MiB, 352.88 W, 94 %, 62
2026/10/10 07:27:42.459, 12940 MiB, 352.90 W, 96 %, 62
2026/10/10 07:27:43.471, 12940 MiB, 353.04 W, 96 %, 62
2026/10/10 07:27:44.477, 12940 MiB, 354.05 W, 96 %, 62
2026/10/10 07:27:45.487, 12940 MiB, 352.43 W, 96 %, 62
2026/10/10 07:27:46.494, 12940 MiB, 353.67 W, 96 %, 62
2026/10/10 07:27:47.503, 12940 MiB, 354.02 W, 95 %, 62
2026/10/10 07:27:48.510, 12940 MiB, 352.76 W, 96 %, 62
2026/10/10 07:27:49.514, 12940 MiB, 353.35 W, 96 %, 62
2026/10/10 07:27:50.525, 12940 MiB, 353.39 W, 96 %, 62
2026/10/10 07:27:51.540, 12940 MiB, 354.72 W, 96 %, 62
2026/10/10 07:27:52.552, 12940 MiB, 353.62 W, 95 %, 62
2026/10/10 07:27:53.553, 12940 MiB, 354.61 W, 96 %, 63
2026/10/10 07:27:54.562, 12940 MiB, 353.91 W, 95 %, 62
2026/10/10 07:27:55.576, 12940 MiB, 354.77 W, 96 %, 62
2026/10/10 07:27:56.583, 12940 MiB, 354.86 W, 96 %, 63
2026/10/10 07:27:57.593, 12940 MiB, 355.20 W, 96 %, 62
2026/10/10 07:27:58.600, 12940 MiB, 355.38 W, 93 %, 62
2026/10/10 07:27:59.605, 12940 MiB, 352.65 W, 96 %, 63
2026/10/10 07:28:00.615, 12940 MiB, 355.19 W, 96 %, 62
2026/10/10 07:28:01.620, 12940 MiB, 356.20 W, 95 %, 62
2026/10/10 07:28:02.637, 12940 MiB, 354.99 W, 96 %, 62
2026/10/10 07:28:03.643, 12940 MiB, 355.20 W, 96 %, 62
2026/10/10 07:28:04.653, 12940 MiB, 354.60 W, 96 %, 63
2026/10/10 07:28:05.660, 12940 MiB, 356.36 W, 96 %, 62
2026/10/10 07:28:06.668, 12940 MiB, 355.44 W, 92 %, 62
2026/10/10 07:28:07.683, 12940 MiB, 355.22 W, 96 %, 63
2026/10/10 07:28:08.696, 12940 MiB, 356.99 W, 96 %, 62
2026/10/10 07:28:09.708, 12940 MiB, 355.59 W, 96 %, 63
2026/10/10 07:28:10.722, 12940 MiB, 356.96 W, 96 %, 63
2026/10/10 07:28:11.732, 12940 MiB, 355.90 W, 94 %, 63
2026/10/10 07:28:12.743, 12940 MiB, 356.71 W, 96 %, 63
2026/10/10 07:28:13.757, 12940 MiB, 357.39 W, 96 %, 63
2026/10/10 07:28:14.766, 12940 MiB, 356.86 W, 96 %, 63
2026/10/10 07:28:15.779, 12940 MiB, 358.34 W, 96 %, 63
2026/10/10 07:28:16.790, 12940 MiB, 356.67 W, 93 %, 63
2026/10/10 07:28:17.796, 12940 MiB, 357.53 W, 96 %, 63
2026/10/10 07:28:18.802, 12940 MiB, 358.34 W, 96 %, 63
2026/10/10 07:28:19.813, 12940 MiB, 356.69 W, 96 %, 63
2026/10/10 07:28:20.814, 12940 MiB, 358.03 W, 96 %, 63
2026/10/10 07:28:21.817, 12940 MiB, 357.57 W, 94 %, 63
2026/10/10 07:28:22.824, 12940 MiB, 357.15 W, 96 %, 63
2026/10/10 07:28:23.833, 12940 MiB, 357.68 W, 95 %, 63
2026/10/10 07:28:24.841, 12940 MiB, 357.53 W, 96 %, 63
2026/10/10 07:28:25.851, 12940 MiB, 359.34 W, 96 %, 63
2026/10/10 07:28:26.860, 12940 MiB, 358.21 W, 96 %, 63
2026/10/10 07:28:27.869, 12940 MiB, 357.64 W, 96 %, 63
2026/10/10 07:28:28.873, 12940 MiB, 359.41 W, 96 %, 63
2026/10/10 07:28:29.876, 12940 MiB, 356.93 W, 96 %, 63
2026/10/10 07:28:30.878, 12940 MiB, 359.93 W, 96 %, 63
2026/10/10 07:28:31.887, 12940 MiB, 359.81 W, 96 %, 63
2026/10/10 07:28:32.892, 12940 MiB, 358.12 W, 96 %, 63
2026/10/10 07:28:33.896, 12940 MiB, 360.25 W, 96 %, 63
2026/10/10 07:28:34.904, 12940 MiB, 357.94 W, 96 %, 63
2026/10/10 07:28:35.908, 12940 MiB, 359.81 W, 95 %, 63
2026/10/10 07:28:36.912, 12940 MiB, 360.65 W, 96 %, 63
2026/10/10 07:28:37.926, 12940 MiB, 359.42 W, 96 %, 63
2026/10/10 07:28:38.937, 12940 MiB, 360.87 W, 96 %, 63
2026/10/10 07:28:39.939, 12940 MiB, 359.10 W, 94 %, 63
2026/10/10 07:28:40.955, 12940 MiB, 359.45 W, 93 %, 63
2026/10/10 07:28:41.962, 12940 MiB, 358.06 W, 93 %, 63
2026/10/10 07:28:42.973, 12940 MiB, 355.42 W, 96 %, 63
2026/10/10 07:28:43.987, 12940 MiB, 361.52 W, 96 %, 63
2026/10/10 07:28:44.994, 12940 MiB, 361.82 W, 96 %, 63
2026/10/10 07:28:46.009, 12940 MiB, 361.38 W, 96 %, 63
2026/10/10 07:28:47.017, 12940 MiB, 361.89 W, 96 %, 63
2026/10/10 07:28:48.029, 12940 MiB, 360.61 W, 96 %, 63
2026/10/10 07:28:49.042, 12940 MiB, 361.71 W, 96 %, 63
2026/10/10 07:28:50.055, 12940 MiB, 360.20 W, 94 %, 63
2026/10/10 07:28:51.061, 12940 MiB, 361.46 W, 96 %, 63
2026/10/10 07:28:52.067, 12940 MiB, 362.88 W, 96 %, 63
2026/10/10 07:28:53.075, 12940 MiB, 361.45 W, 96 %, 63
2026/10/10 07:28:54.081, 12940 MiB, 362.29 W, 96 %, 63
2026/10/10 07:28:55.095, 12940 MiB, 362.78 W, 96 %, 63
2026/10/10 07:28:56.106, 12940 MiB, 361.45 W, 96 %, 63
2026/10/10 07:28:57.117, 12940 MiB, 362.35 W, 96 %, 63
2026/10/10 07:28:58.129, 12940 MiB, 361.53 W, 95 %, 63
2026/10/10 07:28:59.139, 12940 MiB, 360.75 W, 95 %, 63
2026/10/10 07:29:00.146, 12940 MiB, 362.63 W, 96 %, 63
2026/10/10 07:29:01.155, 12940 MiB, 362.09 W, 96 %, 63
2026/10/10 07:29:02.165, 12940 MiB, 363.62 W, 97 %, 64
2026/10/10 07:29:03.171, 12940 MiB, 363.62 W, 96 %, 63
2026/10/10 07:29:04.184, 12940 MiB, 362.63 W, 96 %, 63
2026/10/10 07:29:05.192, 12940 MiB, 363.03 W, 96 %, 63
2026/10/10 07:29:06.202, 12940 MiB, 361.94 W, 93 %, 63
2026/10/10 07:29:07.211, 12940 MiB, 362.64 W, 96 %, 63
2026/10/10 07:29:08.223, 12940 MiB, 363.64 W, 96 %, 63
2026/10/10 07:29:09.234, 12940 MiB, 361.94 W, 96 %, 63
2026/10/10 07:29:10.246, 12940 MiB, 363.53 W, 96 %, 64
2026/10/10 07:29:11.256, 12940 MiB, 364.16 W, 96 %, 63
2026/10/10 07:29:12.269, 12940 MiB, 361.29 W, 94 %, 63
2026/10/10 07:29:13.280, 12940 MiB, 358.92 W, 95 %, 63
2026/10/10 07:29:14.283, 12940 MiB, 363.51 W, 96 %, 64
2026/10/10 07:29:15.288, 12940 MiB, 362.31 W, 95 %, 64
2026/10/10 07:29:16.289, 12940 MiB, 364.07 W, 96 %, 64
2026/10/10 07:29:17.290, 12940 MiB, 363.45 W, 93 %, 64
2026/10/10 07:29:18.305, 12940 MiB, 363.77 W, 96 %, 64
2026/10/10 07:29:19.308, 12940 MiB, 364.36 W, 94 %, 64
2026/10/10 07:29:20.323, 12940 MiB, 363.21 W, 96 %, 64
2026/10/10 07:29:21.336, 12940 MiB, 364.40 W, 96 %, 64
2026/10/10 07:29:22.348, 12940 MiB, 365.68 W, 96 %, 64
2026/10/10 07:29:23.364, 12940 MiB, 363.16 W, 96 %, 64
2026/10/10 07:29:24.375, 12940 MiB, 366.11 W, 96 %, 64
2026/10/10 07:29:25.389, 12940 MiB, 365.81 W, 95 %, 64
2026/10/10 07:29:26.398, 12940 MiB, 365.31 W, 97 %, 64
2026/10/10 07:29:27.406, 12940 MiB, 366.39 W, 96 %, 64
2026/10/10 07:29:28.418, 12940 MiB, 365.65 W, 94 %, 64
2026/10/10 07:29:29.433, 12940 MiB, 363.48 W, 96 %, 64
2026/10/10 07:29:30.440, 12940 MiB, 365.58 W, 96 %, 64
2026/10/10 07:29:31.447, 12940 MiB, 365.29 W, 96 %, 64
2026/10/10 07:29:32.460, 12940 MiB, 366.52 W, 96 %, 64
2026/10/10 07:29:33.474, 12940 MiB, 366.30 W, 96 %, 64
2026/10/10 07:29:34.484, 12940 MiB, 366.13 W, 96 %, 64
2026/10/10 07:29:35.488, 12940 MiB, 366.95 W, 96 %, 64
2026/10/10 07:29:36.497, 12940 MiB, 367.72 W, 96 %, 64
2026/10/10 07:29:37.509, 12940 MiB, 365.46 W, 95 %, 64
2026/10/10 07:29:38.524, 12940 MiB, 365.56 W, 96 %, 64
2026/10/10 07:29:39.538, 12940 MiB, 366.99 W, 96 %, 64
2026/10/10 07:29:40.547, 12940 MiB, 365.72 W, 96 %, 64
2026/10/10 07:29:41.557, 12940 MiB, 367.87 W, 96 %, 64
2026/10/10 07:29:42.568, 12940 MiB, 366.04 W, 96 %, 64
2026/10/10 07:29:43.581, 12940 MiB, 367.10 W, 96 %, 64
2026/10/10 07:29:44.594, 12940 MiB, 367.01 W, 94 %, 64
2026/10/10 07:29:45.597, 12940 MiB, 365.98 W, 96 %, 64
2026/10/10 07:29:46.612, 12940 MiB, 367.58 W, 96 %, 64
2026/10/10 07:29:47.614, 12940 MiB, 367.34 W, 96 %, 64
2026/10/10 07:29:48.629, 12940 MiB, 366.47 W, 96 %, 64
2026/10/10 07:29:49.644, 12940 MiB, 367.59 W, 96 %, 64
2026/10/10 07:29:50.659, 12940 MiB, 368.48 W, 96 %, 64
2026/10/10 07:29:51.666, 12940 MiB, 367.48 W, 96 %, 64
2026/10/10 07:29:52.673, 12940 MiB, 368.80 W, 96 %, 64
2026/10/10 07:29:53.677, 12940 MiB, 367.87 W, 96 %, 64
2026/10/10 07:29:54.679, 12940 MiB, 366.02 W, 97 %, 64
2026/10/10 07:29:55.687, 12940 MiB, 365.63 W, 96 %, 64
2026/10/10 07:29:56.696, 12940 MiB, 364.55 W, 96 %, 64
2026/10/10 07:29:57.698, 12940 MiB, 367.28 W, 96 %, 64
2026/10/10 07:29:58.707, 12940 MiB, 368.65 W, 96 %, 64
2026/10/10 07:29:59.720, 12940 MiB, 365.91 W, 94 %, 64
2026/10/10 07:30:00.731, 12940 MiB, 367.01 W, 96 %, 64
2026/10/10 07:30:01.739, 12940 MiB, 369.10 W, 96 %, 64
2026/10/10 07:30:02.745, 12940 MiB, 367.79 W, 96 %, 64
2026/10/10 07:30:03.750, 12940 MiB, 369.15 W, 96 %, 64
2026/10/10 07:30:04.761, 12940 MiB, 369.92 W, 96 %, 64
2026/10/10 07:30:05.768, 12940 MiB, 368.21 W, 96 %, 64
2026/10/10 07:30:06.777, 12940 MiB, 369.12 W, 96 %, 64
2026/10/10 07:30:07.786, 12940 MiB, 369.43 W, 96 %, 64
2026/10/10 07:30:08.801, 12940 MiB, 368.77 W, 96 %, 64
2026/10/10 07:30:09.810, 12940 MiB, 369.61 W, 96 %, 64
2026/10/10 07:30:10.818, 12940 MiB, 369.65 W, 96 %, 64
2026/10/10 07:30:11.830, 12940 MiB, 368.89 W, 96 %, 64
2026/10/10 07:30:12.842, 12940 MiB, 369.68 W, 96 %, 64
2026/10/10 07:30:13.857, 12940 MiB, 369.58 W, 96 %, 64
2026/10/10 07:30:14.867, 12940 MiB, 369.52 W, 95 %, 64
2026/10/10 07:30:15.878, 12940 MiB, 370.48 W, 96 %, 65
2026/10/10 07:30:16.888, 12940 MiB, 370.58 W, 94 %, 64
2026/10/10 07:30:17.889, 12940 MiB, 369.05 W, 95 %, 64
2026/10/10 07:30:18.902, 12940 MiB, 370.55 W, 96 %, 64
2026/10/10 07:30:19.912, 12940 MiB, 370.02 W, 97 %, 64
2026/10/10 07:30:20.924, 12940 MiB, 370.79 W, 97 %, 64
2026/10/10 07:30:21.924, 12940 MiB, 372.19 W, 97 %, 64
2026/10/10 07:30:22.935, 12940 MiB, 371.17 W, 96 %, 64
2026/10/10 07:30:23.947, 12940 MiB, 370.77 W, 97 %, 64
2026/10/10 07:30:24.961, 12940 MiB, 371.92 W, 96 %, 65
2026/10/10 07:30:25.973, 12940 MiB, 370.86 W, 96 %, 64
2026/10/10 07:30:26.976, 12940 MiB, 370.62 W, 97 %, 65
2026/10/10 07:30:27.978, 12940 MiB, 371.78 W, 97 %, 65
2026/10/10 07:30:28.989, 12940 MiB, 371.13 W, 96 %, 64
2026/10/10 07:30:30.001, 12940 MiB, 369.71 W, 96 %, 65
2026/10/10 07:30:31.012, 12940 MiB, 371.28 W, 96 %, 65
2026/10/10 07:30:32.022, 12940 MiB, 371.39 W, 96 %, 65
2026/10/10 07:30:33.024, 12940 MiB, 370.25 W, 96 %, 65
2026/10/10 07:30:34.039, 12940 MiB, 371.02 W, 96 %, 64
2026/10/10 07:30:35.054, 12940 MiB, 372.09 W, 96 %, 64
2026/10/10 07:30:36.061, 12940 MiB, 280.34 W, 2 %, 54
2026/10/10 07:30:37.064, 12940 MiB, 201.77 W, 95 %, 63
2026/10/10 07:30:38.072, 12940 MiB, 344.85 W, 96 %, 64
2026/10/10 07:30:39.080, 12940 MiB, 348.86 W, 94 %, 64
2026/10/10 07:30:40.088, 12940 MiB, 348.78 W, 96 %, 64
2026/10/10 07:30:41.098, 12940 MiB, 350.01 W, 95 %, 64
2026/10/10 07:30:42.105, 12940 MiB, 348.35 W, 95 %, 64
2026/10/10 07:30:43.115, 12940 MiB, 349.81 W, 96 %, 64
2026/10/10 07:30:44.126, 12940 MiB, 349.03 W, 95 %, 64
2026/10/10 07:30:45.138, 12940 MiB, 351.63 W, 96 %, 64
2026/10/10 07:30:46.148, 12940 MiB, 350.70 W, 96 %, 64
2026/10/10 07:30:47.159, 12940 MiB, 351.75 W, 95 %, 64
2026/10/10 07:30:48.160, 12940 MiB, 351.56 W, 96 %, 64
2026/10/10 07:30:49.168, 12940 MiB, 351.23 W, 95 %, 64
2026/10/10 07:30:50.177, 12940 MiB, 349.82 W, 95 %, 64
2026/10/10 07:30:51.186, 12940 MiB, 350.31 W, 95 %, 64
2026/10/10 07:30:52.193, 12940 MiB, 351.60 W, 95 %, 64
2026/10/10 07:30:53.202, 12940 MiB, 351.94 W, 96 %, 64
2026/10/10 07:30:54.209, 12940 MiB, 352.20 W, 96 %, 64
2026/10/10 07:30:55.213, 12940 MiB, 351.09 W, 95 %, 64
2026/10/10 07:30:56.219, 12940 MiB, 352.27 W, 96 %, 64
2026/10/10 07:30:57.233, 12940 MiB, 352.30 W, 96 %, 64
2026/10/10 07:30:58.239, 12940 MiB, 352.02 W, 96 %, 64
2026/10/10 07:30:59.248, 12940 MiB, 351.57 W, 94 %, 64
2026/10/10 07:31:00.258, 12940 MiB, 350.54 W, 95 %, 64
2026/10/10 07:31:01.268, 12940 MiB, 352.74 W, 96 %, 64
2026/10/10 07:31:02.275, 12940 MiB, 351.71 W, 96 %, 64
2026/10/10 07:31:03.285, 12940 MiB, 353.81 W, 96 %, 64
2026/10/10 07:31:04.294, 12940 MiB, 352.21 W, 93 %, 64
2026/10/10 07:31:05.298, 12940 MiB, 353.07 W, 95 %, 64
2026/10/10 07:31:06.308, 12940 MiB, 353.95 W, 96 %, 64
2026/10/10 07:31:07.315, 12940 MiB, 352.51 W, 95 %, 64
2026/10/10 07:31:08.318, 12940 MiB, 354.35 W, 96 %, 64
2026/10/10 07:31:09.328, 12940 MiB, 353.31 W, 95 %, 64
2026/10/10 07:31:10.337, 12940 MiB, 352.83 W, 96 %, 64
2026/10/10 07:31:11.348, 12940 MiB, 352.65 W, 93 %, 64
2026/10/10 07:31:12.356, 12940 MiB, 354.42 W, 95 %, 64
2026/10/10 07:31:13.363, 12940 MiB, 355.18 W, 94 %, 63
2026/10/10 07:31:14.371, 12940 MiB, 350.69 W, 96 %, 64
2026/10/10 07:31:15.377, 12940 MiB, 202.44 W, 0 %, 53
2026/10/10 07:31:16.391, 12940 MiB, 355.41 W, 98 %, 75
2026/10/10 07:31:17.401, 12940 MiB, 411.79 W, 79 %, 69
2026/10/10 07:31:18.406, 12940 MiB, 442.80 W, 100 %, 73
2026/10/10 07:31:19.415, 12940 MiB, 407.78 W, 99 %, 77
2026/10/10 07:31:20.427, 12940 MiB, 456.82 W, 98 %, 74
2026/10/10 07:31:21.429, 12940 MiB, 421.41 W, 100 %, 75
2026/10/10 07:31:22.441, 12948 MiB, 452.12 W, 100 %, 78
2026/10/10 07:31:23.448, 12948 MiB, 405.54 W, 96 %, 65
2026/10/10 07:31:24.458, 12948 MiB, 356.72 W, 96 %, 65
2026/10/10 07:31:25.468, 12948 MiB, 357.67 W, 96 %, 64
2026/10/10 07:31:26.482, 12948 MiB, 356.75 W, 94 %, 64
2026/10/10 07:31:27.491, 12948 MiB, 356.05 W, 96 %, 64
2026/10/10 07:31:28.494, 12948 MiB, 357.19 W, 96 %, 64
2026/10/10 07:31:29.506, 12948 MiB, 355.52 W, 94 %, 64
2026/10/10 07:31:30.507, 12948 MiB, 356.44 W, 94 %, 64
2026/10/10 07:31:31.514, 12948 MiB, 356.98 W, 95 %, 64
2026/10/10 07:31:32.527, 12948 MiB, 358.41 W, 96 %, 64
2026/10/10 07:31:33.540, 12948 MiB, 358.99 W, 95 %, 64
2026/10/10 07:31:34.544, 12948 MiB, 357.56 W, 96 %, 64
2026/10/10 07:31:35.552, 12948 MiB, 358.48 W, 95 %, 64
2026/10/10 07:31:36.564, 12948 MiB, 356.21 W, 96 %, 64
2026/10/10 07:31:37.572, 12948 MiB, 357.02 W, 96 %, 64
2026/10/10 07:31:38.579, 12948 MiB, 356.88 W, 96 %, 64
2026/10/10 07:31:39.587, 12948 MiB, 358.37 W, 95 %, 64
2026/10/10 07:31:40.596, 12948 MiB, 357.87 W, 96 %, 64
2026/10/10 07:31:41.603, 12948 MiB, 359.57 W, 96 %, 64
2026/10/10 07:31:42.614, 12948 MiB, 359.33 W, 94 %, 64
2026/10/10 07:31:43.627, 12948 MiB, 358.77 W, 96 %, 64
2026/10/10 07:31:44.638, 12948 MiB, 358.81 W, 96 %, 64
2026/10/10 07:31:45.645, 12948 MiB, 358.43 W, 96 %, 63
2026/10/10 07:31:46.654, 12948 MiB, 359.61 W, 96 %, 64
2026/10/10 07:31:47.659, 12948 MiB, 359.48 W, 94 %, 63
2026/10/10 07:31:48.664, 12948 MiB, 358.93 W, 96 %, 64
2026/10/10 07:31:49.673, 12948 MiB, 359.43 W, 96 %, 63
2026/10/10 07:31:50.685, 12948 MiB, 358.95 W, 96 %, 64
2026/10/10 07:31:51.692, 12948 MiB, 360.00 W, 96 %, 64
2026/10/10 07:31:52.703, 12948 MiB, 358.34 W, 93 %, 63
2026/10/10 07:31:53.716, 12948 MiB, 359.36 W, 96 %, 64
2026/10/10 07:31:54.723, 12948 MiB, 360.71 W, 96 %, 64
2026/10/10 07:31:55.740, 12948 MiB, 359.76 W, 96 %, 64
2026/10/10 07:31:56.756, 12948 MiB, 359.79 W, 96 %, 64
2026/10/10 07:31:57.757, 12948 MiB, 359.48 W, 96 %, 64
2026/10/10 07:31:58.767, 12948 MiB, 359.81 W, 96 %, 64
2026/10/10 07:31:59.771, 12948 MiB, 360.03 W, 96 %, 63
2026/10/10 07:32:00.783, 12948 MiB, 359.42 W, 96 %, 64
2026/10/10 07:32:01.799, 12948 MiB, 361.65 W, 95 %, 63
2026/10/10 07:32:02.812, 12948 MiB, 358.03 W, 96 %, 63
2026/10/10 07:32:03.822, 12948 MiB, 358.33 W, 85 %, 63
2026/10/10 07:32:04.829, 12948 MiB, 244.22 W, 0 %, 53
2026/10/10 07:32:05.842, 12948 MiB, 284.11 W, 100 %, 76
2026/10/10 07:32:06.856, 12948 MiB, 425.67 W, 90 %, 71
2026/10/10 07:32:07.857, 12948 MiB, 442.21 W, 100 %, 74
2026/10/10 07:32:08.862, 12948 MiB, 424.59 W, 99 %, 62
2026/10/10 07:32:09.876, 12948 MiB, 443.43 W, 100 %, 74
2026/10/10 07:32:10.878, 12948 MiB, 419.25 W, 94 %, 65
2026/10/10 07:32:11.888, 12948 MiB, 352.80 W, 96 %, 64
2026/10/10 07:32:12.899, 12948 MiB, 349.92 W, 96 %, 64
2026/10/10 07:32:13.911, 12948 MiB, 349.06 W, 95 %, 63
2026/10/10 07:32:14.923, 12948 MiB, 350.05 W, 96 %, 63
2026/10/10 07:32:15.937, 12948 MiB, 349.09 W, 96 %, 63
2026/10/10 07:32:16.949, 12948 MiB, 349.90 W, 96 %, 63
2026/10/10 07:32:17.959, 12948 MiB, 349.85 W, 95 %, 63
2026/10/10 07:32:18.973, 12948 MiB, 349.39 W, 94 %, 63
2026/10/10 07:32:19.985, 12948 MiB, 350.55 W, 96 %, 63
2026/10/10 07:32:20.999, 12948 MiB, 349.84 W, 96 %, 63
2026/10/10 07:32:22.015, 12948 MiB, 351.42 W, 96 %, 63
2026/10/10 07:32:23.018, 12948 MiB, 350.63 W, 96 %, 63
2026/10/10 07:32:24.033, 12948 MiB, 351.83 W, 96 %, 63
2026/10/10 07:32:25.043, 12948 MiB, 351.04 W, 96 %, 63
2026/10/10 07:32:26.054, 12948 MiB, 352.27 W, 95 %, 63
2026/10/10 07:32:27.064, 12948 MiB, 349.97 W, 92 %, 63
2026/10/10 07:32:28.071, 12948 MiB, 352.08 W, 96 %, 63
2026/10/10 07:32:29.081, 12948 MiB, 350.81 W, 95 %, 63
2026/10/10 07:32:30.093, 12948 MiB, 351.59 W, 96 %, 63
2026/10/10 07:32:31.103, 12948 MiB, 348.68 W, 93 %, 63
2026/10/10 07:32:32.104, 12948 MiB, 277.60 W, 1 %, 53
2026/10/10 07:32:33.118, 12948 MiB, 365.60 W, 99 %, 76
2026/10/10 07:32:34.127, 12948 MiB, 405.08 W, 55 %, 70
2026/10/10 07:32:35.142, 12948 MiB, 444.05 W, 99 %, 74
2026/10/10 07:32:36.149, 12948 MiB, 404.14 W, 91 %, 64
2026/10/10 07:32:37.157, 12948 MiB, 339.83 W, 95 %, 63
2026/10/10 07:32:38.172, 12948 MiB, 342.73 W, 93 %, 63
2026/10/10 07:32:39.187, 12948 MiB, 342.88 W, 95 %, 63
2026/10/10 07:32:40.193, 12948 MiB, 342.76 W, 95 %, 63
2026/10/10 07:32:41.204, 12948 MiB, 342.47 W, 95 %, 63
2026/10/10 07:32:42.206, 12948 MiB, 344.42 W, 96 %, 63
2026/10/10 07:32:43.214, 12948 MiB, 343.77 W, 95 %, 63
2026/10/10 07:32:44.223, 12948 MiB, 344.97 W, 95 %, 63
2026/10/10 07:32:45.234, 12948 MiB, 343.74 W, 96 %, 63
2026/10/10 07:32:46.244, 12948 MiB, 345.35 W, 96 %, 63
2026/10/10 07:32:47.260, 12948 MiB, 342.93 W, 93 %, 63
2026/10/10 07:32:48.273, 12948 MiB, 344.63 W, 96 %, 63
2026/10/10 07:32:49.274, 12948 MiB, 344.95 W, 95 %, 63
2026/10/10 07:32:50.286, 12948 MiB, 345.80 W, 96 %, 63
2026/10/10 07:32:51.288, 12948 MiB, 344.34 W, 96 %, 63
2026/10/10 07:32:52.289, 12948 MiB, 345.77 W, 95 %, 63
2026/10/10 07:32:53.302, 12948 MiB, 345.95 W, 96 %, 63
2026/10/10 07:32:54.315, 12948 MiB, 347.26 W, 96 %, 63
2026/10/10 07:32:55.325, 12948 MiB, 347.39 W, 95 %, 63
2026/10/10 07:32:56.335, 12948 MiB, 348.11 W, 95 %, 63
2026/10/10 07:32:57.341, 12948 MiB, 346.73 W, 96 %, 63
2026/10/10 07:32:58.350, 12948 MiB, 348.30 W, 96 %, 63
2026/10/10 07:32:59.360, 12948 MiB, 346.70 W, 95 %, 63
2026/10/10 07:33:00.371, 12948 MiB, 347.06 W, 95 %, 63
2026/10/10 07:33:01.372, 12948 MiB, 347.32 W, 96 %, 63
2026/10/10 07:33:02.372, 12948 MiB, 348.97 W, 96 %, 63
2026/10/10 07:33:03.383, 12948 MiB, 349.38 W, 95 %, 63
2026/10/10 07:33:04.397, 12948 MiB, 348.94 W, 95 %, 63
2026/10/10 07:33:05.408, 12948 MiB, 348.79 W, 96 %, 63
2026/10/10 07:33:06.419, 12948 MiB, 349.11 W, 96 %, 63
2026/10/10 07:33:07.429, 12948 MiB, 350.33 W, 96 %, 63
2026/10/10 07:33:08.438, 12948 MiB, 349.65 W, 96 %, 63
2026/10/10 07:33:09.443, 12948 MiB, 350.58 W, 95 %, 63
2026/10/10 07:33:10.448, 12948 MiB, 349.82 W, 95 %, 63
2026/10/10 07:33:11.456, 12948 MiB, 349.99 W, 95 %, 63
2026/10/10 07:33:12.469, 12948 MiB, 349.28 W, 95 %, 63
2026/10/10 07:33:13.484, 12948 MiB, 349.90 W, 95 %, 63
2026/10/10 07:33:14.492, 12948 MiB, 349.90 W, 93 %, 63
2026/10/10 07:33:15.504, 12948 MiB, 350.37 W, 96 %, 63
2026/10/10 07:33:16.513, 12948 MiB, 351.49 W, 96 %, 63
2026/10/10 07:33:17.529, 12948 MiB, 350.50 W, 96 %, 63
2026/10/10 07:33:18.542, 12948 MiB, 351.38 W, 96 %, 63
2026/10/10 07:33:19.557, 12948 MiB, 351.18 W, 96 %, 63
2026/10/10 07:33:20.570, 12948 MiB, 351.91 W, 95 %, 63
2026/10/10 07:33:21.583, 12948 MiB, 350.89 W, 95 %, 63
2026/10/10 07:33:22.596, 12948 MiB, 352.49 W, 96 %, 63
2026/10/10 07:33:23.606, 12948 MiB, 351.17 W, 96 %, 63
2026/10/10 07:33:24.610, 12948 MiB, 352.69 W, 96 %, 63
2026/10/10 07:33:25.619, 12948 MiB, 351.69 W, 96 %, 63
2026/10/10 07:33:26.623, 12948 MiB, 353.36 W, 96 %, 63
2026/10/10 07:33:27.633, 12948 MiB, 351.89 W, 96 %, 63
2026/10/10 07:33:28.642, 12948 MiB, 351.77 W, 93 %, 63
2026/10/10 07:33:29.652, 12948 MiB, 351.96 W, 95 %, 63
2026/10/10 07:33:30.658, 12948 MiB, 352.36 W, 96 %, 63
2026/10/10 07:33:31.671, 12948 MiB, 354.07 W, 96 %, 63
2026/10/10 07:33:32.679, 12948 MiB, 353.38 W, 96 %, 63
2026/10/10 07:33:33.686, 12948 MiB, 354.07 W, 96 %, 63
2026/10/10 07:33:34.696, 12948 MiB, 353.32 W, 96 %, 63
2026/10/10 07:33:35.706, 12948 MiB, 354.22 W, 96 %, 63
2026/10/10 07:33:36.713, 12948 MiB, 353.92 W, 95 %, 63
2026/10/10 07:33:37.721, 12948 MiB, 352.24 W, 96 %, 63
2026/10/10 07:33:38.726, 12948 MiB, 354.26 W, 96 %, 63
2026/10/10 07:33:39.730, 12948 MiB, 353.67 W, 96 %, 63
2026/10/10 07:33:40.739, 12948 MiB, 354.57 W, 95 %, 63
2026/10/10 07:33:41.746, 12948 MiB, 353.02 W, 95 %, 63
2026/10/10 07:33:42.752, 12948 MiB, 354.73 W, 95 %, 63
2026/10/10 07:33:43.766, 12948 MiB, 355.30 W, 96 %, 63
2026/10/10 07:33:44.777, 12948 MiB, 354.42 W, 96 %, 63
2026/10/10 07:33:45.778, 12948 MiB, 355.92 W, 95 %, 63
2026/10/10 07:33:46.792, 12948 MiB, 354.50 W, 95 %, 64
2026/10/10 07:33:47.802, 12948 MiB, 355.98 W, 95 %, 64
2026/10/10 07:33:48.804, 12948 MiB, 355.19 W, 96 %, 63
2026/10/10 07:33:49.815, 12948 MiB, 355.25 W, 96 %, 64
2026/10/10 07:33:50.826, 12948 MiB, 356.21 W, 96 %, 63
2026/10/10 07:33:51.835, 12948 MiB, 355.51 W, 96 %, 64
2026/10/10 07:33:52.844, 12948 MiB, 357.20 W, 96 %, 64
2026/10/10 07:33:53.854, 12948 MiB, 354.84 W, 93 %, 63
2026/10/10 07:33:54.858, 12948 MiB, 356.19 W, 96 %, 64
2026/10/10 07:33:55.871, 12948 MiB, 355.70 W, 94 %, 63
2026/10/10 07:33:56.876, 12948 MiB, 357.18 W, 96 %, 64
2026/10/10 07:33:57.880, 12948 MiB, 357.05 W, 93 %, 64
2026/10/10 07:33:58.888, 12948 MiB, 356.18 W, 95 %, 64
2026/10/10 07:33:59.896, 12948 MiB, 357.27 W, 96 %, 64
2026/10/10 07:34:00.898, 12948 MiB, 356.42 W, 96 %, 64
2026/10/10 07:34:01.902, 12948 MiB, 357.48 W, 94 %, 63
2026/10/10 07:34:02.916, 12948 MiB, 357.77 W, 95 %, 64
2026/10/10 07:34:03.924, 12948 MiB, 358.22 W, 96 %, 64
2026/10/10 07:34:04.930, 12948 MiB, 358.68 W, 95 %, 64
2026/10/10 07:34:05.941, 12948 MiB, 358.05 W, 95 %, 64
2026/10/10 07:34:06.949, 12949 MiB, 358.12 W, 95 %, 64
2026/10/10 07:34:07.970, 12949 MiB, 358.83 W, 96 %, 64
2026/10/10 07:34:08.980, 12949 MiB, 358.55 W, 96 %, 64
2026/10/10 07:34:09.995, 12949 MiB, 358.32 W, 95 %, 64
2026/10/10 07:34:11.003, 12949 MiB, 358.49 W, 96 %, 64
2026/10/10 07:34:12.013, 12949 MiB, 360.05 W, 95 %, 64
2026/10/10 07:34:13.018, 12949 MiB, 356.69 W, 92 %, 64
2026/10/10 07:34:14.031, 12949 MiB, 353.30 W, 94 %, 64
2026/10/10 07:34:15.044, 12949 MiB, 359.75 W, 96 %, 64
2026/10/10 07:34:16.058, 12949 MiB, 358.95 W, 96 %, 64
2026/10/10 07:34:17.058, 12949 MiB, 361.19 W, 95 %, 64
2026/10/10 07:34:18.070, 12949 MiB, 359.43 W, 92 %, 64
2026/10/10 07:34:19.084, 12949 MiB, 361.40 W, 95 %, 64
2026/10/10 07:34:20.096, 12949 MiB, 359.14 W, 94 %, 64
2026/10/10 07:34:21.108, 12949 MiB, 360.09 W, 96 %, 64
2026/10/10 07:34:22.116, 12949 MiB, 360.86 W, 96 %, 64
2026/10/10 07:34:23.129, 12949 MiB, 359.58 W, 96 %, 64
2026/10/10 07:34:24.134, 12949 MiB, 361.23 W, 95 %, 64
2026/10/10 07:34:25.142, 12949 MiB, 359.99 W, 94 %, 64
2026/10/10 07:34:26.151, 12949 MiB, 360.59 W, 96 %, 64
2026/10/10 07:34:27.164, 12949 MiB, 361.88 W, 95 %, 64
2026/10/10 07:34:28.172, 12949 MiB, 361.00 W, 95 %, 64
2026/10/10 07:34:29.180, 12949 MiB, 360.41 W, 96 %, 64
2026/10/10 07:34:30.189, 12949 MiB, 361.46 W, 96 %, 64
2026/10/10 07:34:31.198, 12949 MiB, 360.59 W, 96 %, 64
2026/10/10 07:34:32.210, 12949 MiB, 361.14 W, 94 %, 64
2026/10/10 07:34:33.219, 12949 MiB, 360.44 W, 96 %, 64
2026/10/10 07:34:34.229, 12949 MiB, 362.23 W, 96 %, 64
2026/10/10 07:34:35.236, 12949 MiB, 362.00 W, 96 %, 64
2026/10/10 07:34:36.249, 12949 MiB, 361.93 W, 96 %, 64
2026/10/10 07:34:37.263, 12949 MiB, 362.50 W, 96 %, 64
2026/10/10 07:34:38.269, 12949 MiB, 361.76 W, 96 %, 64
2026/10/10 07:34:39.283, 12949 MiB, 362.62 W, 96 %, 64
2026/10/10 07:34:40.295, 12949 MiB, 361.32 W, 96 %, 64
2026/10/10 07:34:41.306, 12949 MiB, 360.94 W, 96 %, 64
2026/10/10 07:34:42.317, 12949 MiB, 362.95 W, 96 %, 64
2026/10/10 07:34:43.329, 12949 MiB, 361.43 W, 93 %, 63
2026/10/10 07:34:44.341, 12949 MiB, 359.60 W, 95 %, 64
2026/10/10 07:34:45.354, 12949 MiB, 360.50 W, 96 %, 64
2026/10/10 07:34:46.355, 12949 MiB, 359.41 W, 96 %, 64
2026/10/10 07:34:47.368, 12949 MiB, 362.00 W, 96 %, 64
2026/10/10 07:34:48.380, 12949 MiB, 362.92 W, 95 %, 64
2026/10/10 07:34:49.395, 12949 MiB, 362.52 W, 95 %, 64
2026/10/10 07:34:50.410, 12949 MiB, 363.43 W, 96 %, 64
2026/10/10 07:34:51.424, 12949 MiB, 362.48 W, 95 %, 64
2026/10/10 07:34:52.437, 12949 MiB, 362.94 W, 96 %, 64
2026/10/10 07:34:53.439, 12949 MiB, 364.31 W, 96 %, 64
2026/10/10 07:34:54.451, 12949 MiB, 362.25 W, 94 %, 64
2026/10/10 07:34:55.463, 12949 MiB, 357.92 W, 94 %, 64
2026/10/10 07:34:56.475, 12949 MiB, 362.68 W, 95 %, 64
2026/10/10 07:34:57.487, 12949 MiB, 363.48 W, 96 %, 64
2026/10/10 07:34:58.497, 12949 MiB, 364.53 W, 96 %, 64
2026/10/10 07:34:59.506, 12949 MiB, 363.18 W, 95 %, 64
2026/10/10 07:35:00.511, 12949 MiB, 364.26 W, 96 %, 64
2026/10/10 07:35:01.524, 12949 MiB, 364.21 W, 96 %, 64
2026/10/10 07:35:02.529, 12949 MiB, 363.68 W, 96 %, 64
2026/10/10 07:35:03.541, 12949 MiB, 365.70 W, 96 %, 64
2026/10/10 07:35:04.543, 12949 MiB, 365.51 W, 96 %, 64
2026/10/10 07:35:05.553, 12949 MiB, 364.51 W, 96 %, 64
2026/10/10 07:35:06.565, 12949 MiB, 365.45 W, 96 %, 64
2026/10/10 07:35:07.576, 12949 MiB, 364.28 W, 96 %, 64
2026/10/10 07:35:08.588, 12949 MiB, 366.34 W, 96 %, 64
2026/10/10 07:35:09.599, 12949 MiB, 365.74 W, 95 %, 64
2026/10/10 07:35:10.612, 12949 MiB, 364.86 W, 96 %, 64
2026/10/10 07:35:11.623, 12949 MiB, 366.44 W, 96 %, 64
2026/10/10 07:35:12.637, 12949 MiB, 364.97 W, 96 %, 64
2026/10/10 07:35:13.645, 12949 MiB, 366.29 W, 96 %, 64
2026/10/10 07:35:14.659, 12949 MiB, 366.11 W, 96 %, 64
2026/10/10 07:35:15.672, 12949 MiB, 365.51 W, 96 %, 64
2026/10/10 07:35:16.684, 12949 MiB, 366.65 W, 96 %, 64
2026/10/10 07:35:17.697, 12949 MiB, 367.13 W, 94 %, 64
2026/10/10 07:35:18.711, 12949 MiB, 365.89 W, 96 %, 64
2026/10/10 07:35:19.715, 12949 MiB, 366.93 W, 96 %, 65
2026/10/10 07:35:20.716, 12949 MiB, 365.79 W, 93 %, 64
2026/10/10 07:35:21.723, 12949 MiB, 366.32 W, 96 %, 65
2026/10/10 07:35:22.725, 12949 MiB, 367.30 W, 96 %, 65
2026/10/10 07:35:23.726, 12949 MiB, 366.15 W, 96 %, 65
2026/10/10 07:35:24.739, 12949 MiB, 367.50 W, 96 %, 65
2026/10/10 07:35:25.742, 12949 MiB, 367.67 W, 96 %, 65
2026/10/10 07:35:26.752, 12949 MiB, 366.92 W, 96 %, 65
2026/10/10 07:35:27.764, 12949 MiB, 367.19 W, 96 %, 65
2026/10/10 07:35:28.773, 12949 MiB, 367.06 W, 95 %, 65
2026/10/10 07:35:29.777, 12949 MiB, 365.12 W, 96 %, 65
2026/10/10 07:35:30.789, 12949 MiB, 367.59 W, 96 %, 65
2026/10/10 07:35:31.797, 12949 MiB, 366.24 W, 92 %, 64
2026/10/10 07:35:32.807, 12949 MiB, 365.26 W, 96 %, 65
2026/10/10 07:35:33.812, 12949 MiB, 368.45 W, 96 %, 65
2026/10/10 07:35:34.823, 12949 MiB, 366.66 W, 96 %, 65
2026/10/10 07:35:35.832, 12949 MiB, 368.84 W, 96 %, 65
2026/10/10 07:35:36.835, 12949 MiB, 368.49 W, 96 %, 65
2026/10/10 07:35:37.847, 12949 MiB, 367.55 W, 96 %, 65
2026/10/10 07:35:38.847, 12949 MiB, 365.90 W, 94 %, 65
2026/10/10 07:35:39.861, 12949 MiB, 363.99 W, 96 %, 65
2026/10/10 07:35:40.868, 12949 MiB, 367.42 W, 96 %, 65
2026/10/10 07:35:41.877, 12949 MiB, 369.90 W, 96 %, 65
2026/10/10 07:35:42.885, 12949 MiB, 368.90 W, 96 %, 65
2026/10/10 07:35:43.895, 12949 MiB, 368.45 W, 96 %, 65
2026/10/10 07:35:44.907, 12949 MiB, 370.17 W, 96 %, 65
2026/10/10 07:35:45.912, 12949 MiB, 369.53 W, 96 %, 65
2026/10/10 07:35:46.918, 12949 MiB, 369.63 W, 95 %, 65
2026/10/10 07:35:47.923, 12949 MiB, 370.01 W, 96 %, 65
2026/10/10 07:35:48.934, 12949 MiB, 369.14 W, 93 %, 65
2026/10/10 07:35:49.940, 12949 MiB, 368.49 W, 94 %, 65
2026/10/10 07:35:50.951, 12949 MiB, 370.20 W, 96 %, 65
2026/10/10 07:35:51.951, 12949 MiB, 369.56 W, 96 %, 65
2026/10/10 07:35:52.962, 12949 MiB, 369.29 W, 96 %, 65
2026/10/10 07:35:53.974, 12949 MiB, 370.58 W, 97 %, 65
2026/10/10 07:35:54.976, 12949 MiB, 369.44 W, 96 %, 65
2026/10/10 07:35:55.990, 12949 MiB, 370.53 W, 96 %, 65
2026/10/10 07:35:57.012, 12949 MiB, 371.26 W, 96 %, 65
2026/10/10 07:35:58.027, 12949 MiB, 370.53 W, 96 %, 65
2026/10/10 07:35:59.040, 12949 MiB, 370.36 W, 95 %, 65
2026/10/10 07:36:00.053, 12949 MiB, 370.12 W, 96 %, 65
2026/10/10 07:36:01.059, 12949 MiB, 370.17 W, 96 %, 65
2026/10/10 07:36:02.064, 12949 MiB, 371.59 W, 96 %, 65
2026/10/10 07:36:03.073, 12949 MiB, 370.64 W, 97 %, 65
2026/10/10 07:36:04.086, 12949 MiB, 371.05 W, 96 %, 65
2026/10/10 07:36:05.097, 12949 MiB, 372.20 W, 96 %, 65
2026/10/10 07:36:06.105, 12949 MiB, 370.00 W, 96 %, 65
2026/10/10 07:36:07.110, 12949 MiB, 370.88 W, 96 %, 65
2026/10/10 07:36:08.114, 12949 MiB, 372.42 W, 96 %, 65
2026/10/10 07:36:09.121, 12949 MiB, 371.01 W, 97 %, 65
2026/10/10 07:36:10.123, 12949 MiB, 372.78 W, 96 %, 65
2026/10/10 07:36:11.131, 12949 MiB, 372.03 W, 96 %, 65
2026/10/10 07:36:12.136, 12949 MiB, 371.26 W, 96 %, 65
2026/10/10 07:36:13.145, 12949 MiB, 372.20 W, 95 %, 65
2026/10/10 07:36:14.154, 12949 MiB, 372.96 W, 96 %, 65
2026/10/10 07:36:15.157, 12949 MiB, 371.63 W, 96 %, 65
2026/10/10 07:36:16.163, 12949 MiB, 371.95 W, 97 %, 65
2026/10/10 07:36:17.169, 12949 MiB, 372.31 W, 95 %, 65
2026/10/10 07:36:18.176, 12949 MiB, 371.38 W, 97 %, 65
2026/10/10 07:36:19.186, 12949 MiB, 372.84 W, 96 %, 65
2026/10/10 07:36:20.195, 12949 MiB, 371.56 W, 95 %, 65
2026/10/10 07:36:21.199, 12949 MiB, 371.50 W, 96 %, 65
2026/10/10 07:36:22.206, 12949 MiB, 373.46 W, 96 %, 65
2026/10/10 07:36:23.211, 12949 MiB, 373.37 W, 95 %, 65
2026/10/10 07:36:24.217, 12949 MiB, 372.64 W, 96 %, 65
2026/10/10 07:36:25.226, 12949 MiB, 372.86 W, 96 %, 65
2026/10/10 07:36:26.234, 12949 MiB, 372.44 W, 96 %, 65
2026/10/10 07:36:27.243, 12949 MiB, 372.25 W, 96 %, 65
2026/10/10 07:36:28.250, 12949 MiB, 372.57 W, 96 %, 65
2026/10/10 07:36:29.262, 12949 MiB, 372.47 W, 96 %, 65
2026/10/10 07:36:30.274, 12949 MiB, 372.50 W, 97 %, 65
2026/10/10 07:36:31.285, 12949 MiB, 374.58 W, 96 %, 65
2026/10/10 07:36:32.293, 12949 MiB, 373.55 W, 96 %, 65
2026/10/10 07:36:33.306, 12949 MiB, 372.96 W, 96 %, 65
2026/10/10 07:36:34.322, 12949 MiB, 375.34 W, 96 %, 65
2026/10/10 07:36:35.332, 12949 MiB, 374.94 W, 96 %, 65
2026/10/10 07:36:36.342, 12949 MiB, 373.39 W, 96 %, 65
2026/10/10 07:36:37.354, 12949 MiB, 374.05 W, 96 %, 65
2026/10/10 07:36:38.365, 12949 MiB, 374.28 W, 96 %, 65
2026/10/10 07:36:39.379, 12949 MiB, 372.80 W, 96 %, 65
2026/10/10 07:36:40.391, 12949 MiB, 374.18 W, 96 %, 65
2026/10/10 07:36:41.401, 12949 MiB, 373.34 W, 97 %, 65
2026/10/10 07:36:42.406, 12949 MiB, 237.83 W, 0 %, 54
2026/10/10 07:36:43.414, 12949 MiB, 166.46 W, 95 %, 63
2026/10/10 07:36:44.421, 12949 MiB, 342.06 W, 95 %, 64
2026/10/10 07:36:45.431, 12949 MiB, 341.77 W, 96 %, 64
2026/10/10 07:36:46.440, 12949 MiB, 343.28 W, 95 %, 65
2026/10/10 07:36:47.453, 12949 MiB, 342.40 W, 95 %, 65
2026/10/10 07:36:48.458, 12949 MiB, 343.39 W, 96 %, 64
2026/10/10 07:36:49.465, 12949 MiB, 343.15 W, 93 %, 64
2026/10/10 07:36:50.471, 12949 MiB, 343.81 W, 95 %, 65
2026/10/10 07:36:51.481, 12949 MiB, 344.50 W, 93 %, 64
2026/10/10 07:36:52.487, 12949 MiB, 344.12 W, 95 %, 65
2026/10/10 07:36:53.497, 12949 MiB, 345.29 W, 96 %, 64
2026/10/10 07:36:54.509, 12949 MiB, 344.34 W, 96 %, 64
2026/10/10 07:36:55.521, 12949 MiB, 344.22 W, 96 %, 64
2026/10/10 07:36:56.531, 12949 MiB, 344.19 W, 95 %, 64
2026/10/10 07:36:57.545, 12949 MiB, 346.57 W, 96 %, 65
2026/10/10 07:36:58.548, 12949 MiB, 345.46 W, 95 %, 64
2026/10/10 07:36:59.561, 12949 MiB, 345.56 W, 95 %, 64
2026/10/10 07:37:00.575, 12949 MiB, 344.68 W, 94 %, 64
2026/10/10 07:37:01.575, 12949 MiB, 346.62 W, 96 %, 64
2026/10/10 07:37:02.580, 12949 MiB, 346.67 W, 95 %, 64
2026/10/10 07:37:03.589, 12949 MiB, 347.77 W, 96 %, 64
2026/10/10 07:37:04.600, 12949 MiB, 347.59 W, 95 %, 65
2026/10/10 07:37:05.605, 12949 MiB, 348.82 W, 96 %, 65
2026/10/10 07:37:06.618, 12949 MiB, 347.00 W, 96 %, 65
2026/10/10 07:37:07.630, 12949 MiB, 347.36 W, 95 %, 64
2026/10/10 07:37:08.642, 12949 MiB, 346.87 W, 95 %, 64
2026/10/10 07:37:09.657, 12949 MiB, 348.42 W, 96 %, 64
2026/10/10 07:37:10.668, 12949 MiB, 346.84 W, 95 %, 64
2026/10/10 07:37:11.679, 12949 MiB, 348.86 W, 95 %, 64
2026/10/10 07:37:12.681, 12949 MiB, 347.63 W, 96 %, 64
2026/10/10 07:37:13.695, 12949 MiB, 349.10 W, 95 %, 64
2026/10/10 07:37:14.705, 12949 MiB, 347.44 W, 95 %, 65
2026/10/10 07:37:15.712, 12949 MiB, 349.04 W, 96 %, 64
2026/10/10 07:37:16.723, 12949 MiB, 347.84 W, 93 %, 64
2026/10/10 07:37:17.736, 12949 MiB, 349.39 W, 96 %, 64
2026/10/10 07:37:18.743, 12949 MiB, 349.35 W, 95 %, 64
2026/10/10 07:37:19.752, 12949 MiB, 349.46 W, 96 %, 64
2026/10/10 07:37:20.764, 12949 MiB, 346.00 W, 95 %, 65
2026/10/10 07:37:21.769, 12949 MiB, 341.75 W, 75 %, 64
2026/10/10 07:37:22.781, 12949 MiB, 193.47 W, 99 %, 75
2026/10/10 07:37:23.793, 12949 MiB, 456.45 W, 100 %, 75
2026/10/10 07:37:24.805, 12949 MiB, 410.48 W, 100 %, 75
2026/10/10 07:37:25.815, 12949 MiB, 438.16 W, 97 %, 71
2026/10/10 07:37:26.819, 12949 MiB, 380.36 W, 96 %, 65
2026/10/10 07:37:27.832, 12949 MiB, 343.99 W, 96 %, 64
2026/10/10 07:37:28.846, 12949 MiB, 342.35 W, 95 %, 64
2026/10/10 07:37:29.861, 12949 MiB, 342.42 W, 96 %, 64
2026/10/10 07:37:30.874, 12949 MiB, 343.20 W, 95 %, 64
2026/10/10 07:37:31.883, 12949 MiB, 344.76 W, 95 %, 64
2026/10/10 07:37:32.896, 12949 MiB, 343.34 W, 96 %, 64
2026/10/10 07:37:33.905, 12949 MiB, 345.30 W, 95 %, 64
2026/10/10 07:37:34.916, 12949 MiB, 344.25 W, 95 %, 64
2026/10/10 07:37:35.929, 12949 MiB, 345.63 W, 95 %, 64
2026/10/10 07:37:36.940, 12949 MiB, 345.72 W, 95 %, 64
2026/10/10 07:37:37.952, 12949 MiB, 345.79 W, 96 %, 64
2026/10/10 07:37:38.966, 12949 MiB, 344.89 W, 96 %, 64
2026/10/10 07:37:39.966, 12949 MiB, 346.75 W, 96 %, 64
2026/10/10 07:37:40.981, 12949 MiB, 344.31 W, 92 %, 63
2026/10/10 07:37:41.995, 12949 MiB, 344.72 W, 95 %, 64
2026/10/10 07:37:43.010, 12949 MiB, 346.07 W, 95 %, 64
2026/10/10 07:37:44.024, 12949 MiB, 344.51 W, 95 %, 64
2026/10/10 07:37:45.030, 12949 MiB, 346.44 W, 96 %, 64
2026/10/10 07:37:46.040, 12949 MiB, 346.08 W, 95 %, 64
2026/10/10 07:37:47.049, 12949 MiB, 346.69 W, 95 %, 64
2026/10/10 07:37:48.060, 12949 MiB, 346.23 W, 96 %, 64
2026/10/10 07:37:49.064, 12949 MiB, 347.73 W, 95 %, 64
2026/10/10 07:37:50.075, 12949 MiB, 346.88 W, 96 %, 64
2026/10/10 07:37:51.086, 12949 MiB, 346.71 W, 95 %, 64
2026/10/10 07:37:52.095, 12949 MiB, 346.58 W, 96 %, 64
2026/10/10 07:37:53.109, 12949 MiB, 346.89 W, 94 %, 63
2026/10/10 07:37:54.120, 12949 MiB, 347.70 W, 96 %, 64
2026/10/10 07:37:55.131, 12949 MiB, 349.46 W, 95 %, 64
2026/10/10 07:37:56.146, 12949 MiB, 348.04 W, 95 %, 63
2026/10/10 07:37:57.158, 12949 MiB, 348.76 W, 96 %, 64
2026/10/10 07:37:58.166, 12949 MiB, 348.72 W, 96 %, 64
2026/10/10 07:37:59.175, 12949 MiB, 349.04 W, 94 %, 63
2026/10/10 07:38:00.181, 12949 MiB, 348.19 W, 95 %, 63
2026/10/10 07:38:01.191, 12949 MiB, 350.21 W, 96 %, 64
2026/10/10 07:38:02.206, 12949 MiB, 348.51 W, 93 %, 63
2026/10/10 07:38:03.221, 12949 MiB, 349.53 W, 94 %, 63
2026/10/10 07:38:04.236, 12949 MiB, 349.53 W, 96 %, 64
2026/10/10 07:38:05.249, 12949 MiB, 349.05 W, 96 %, 63
2026/10/10 07:38:06.264, 12949 MiB, 350.81 W, 94 %, 63
2026/10/10 07:38:07.276, 12949 MiB, 349.79 W, 95 %, 64
2026/10/10 07:38:08.280, 12949 MiB, 350.00 W, 96 %, 63
2026/10/10 07:38:09.290, 12949 MiB, 349.92 W, 95 %, 64
2026/10/10 07:38:10.295, 12949 MiB, 351.37 W, 96 %, 63
2026/10/10 07:38:11.303, 12949 MiB, 350.76 W, 95 %, 63
2026/10/10 07:38:12.312, 12949 MiB, 352.07 W, 96 %, 64
2026/10/10 07:38:13.325, 12949 MiB, 351.60 W, 96 %, 63
2026/10/10 07:38:14.334, 12949 MiB, 350.94 W, 96 %, 63
2026/10/10 07:38:15.343, 12949 MiB, 352.71 W, 96 %, 64
2026/10/10 07:38:16.353, 12949 MiB, 351.09 W, 95 %, 63
2026/10/10 07:38:17.364, 12949 MiB, 351.77 W, 96 %, 63
2026/10/10 07:38:18.377, 12949 MiB, 350.21 W, 95 %, 64
2026/10/10 07:38:19.391, 12949 MiB, 352.66 W, 95 %, 64
2026/10/10 07:38:20.402, 12949 MiB, 352.17 W, 95 %, 63
2026/10/10 07:38:21.413, 12949 MiB, 352.48 W, 96 %, 63
2026/10/10 07:38:22.420, 12949 MiB, 353.42 W, 96 %, 63
2026/10/10 07:38:23.433, 12949 MiB, 353.06 W, 96 %, 64
2026/10/10 07:38:24.442, 12949 MiB, 353.69 W, 96 %, 63
2026/10/10 07:38:25.452, 12949 MiB, 353.43 W, 96 %, 64
2026/10/10 07:38:26.458, 12949 MiB, 353.85 W, 96 %, 63
2026/10/10 07:38:27.464, 12949 MiB, 353.14 W, 96 %, 64
2026/10/10 07:38:28.471, 12949 MiB, 354.64 W, 96 %, 63
2026/10/10 07:38:29.478, 12949 MiB, 353.36 W, 95 %, 63
2026/10/10 07:38:30.483, 12949 MiB, 352.69 W, 96 %, 63
2026/10/10 07:38:31.491, 12949 MiB, 354.44 W, 96 %, 63
2026/10/10 07:38:32.500, 12949 MiB, 354.26 W, 96 %, 63
2026/10/10 07:38:33.504, 12949 MiB, 355.42 W, 96 %, 63
2026/10/10 07:38:34.516, 12949 MiB, 353.89 W, 96 %, 63
2026/10/10 07:38:35.529, 12949 MiB, 355.55 W, 96 %, 63
2026/10/10 07:38:36.542, 12949 MiB, 355.05 W, 94 %, 63
2026/10/10 07:38:37.544, 12949 MiB, 354.36 W, 96 %, 63
2026/10/10 07:38:38.556, 12949 MiB, 356.13 W, 96 %, 64
2026/10/10 07:38:39.556, 12949 MiB, 354.99 W, 96 %, 63
2026/10/10 07:38:40.569, 12949 MiB, 355.80 W, 95 %, 63
2026/10/10 07:38:41.581, 12949 MiB, 354.46 W, 95 %, 63
2026/10/10 07:38:42.595, 12949 MiB, 356.74 W, 96 %, 64
2026/10/10 07:38:43.606, 12949 MiB, 354.99 W, 96 %, 64
2026/10/10 07:38:44.610, 12949 MiB, 356.08 W, 96 %, 64
2026/10/10 07:38:45.613, 12949 MiB, 355.89 W, 95 %, 64
2026/10/10 07:38:46.620, 12949 MiB, 356.39 W, 96 %, 64
2026/10/10 07:38:47.622, 12949 MiB, 358.33 W, 96 %, 64
2026/10/10 07:38:48.630, 12949 MiB, 356.87 W, 96 %, 64
2026/10/10 07:38:49.640, 12949 MiB, 357.76 W, 96 %, 64
2026/10/10 07:38:50.651, 12949 MiB, 356.69 W, 93 %, 63
2026/10/10 07:38:51.660, 12949 MiB, 357.04 W, 96 %, 64
2026/10/10 07:38:52.673, 12949 MiB, 358.86 W, 96 %, 64
2026/10/10 07:38:53.681, 12949 MiB, 356.93 W, 94 %, 64
2026/10/10 07:38:54.690, 12949 MiB, 358.13 W, 96 %, 64
2026/10/10 07:38:55.697, 12949 MiB, 357.67 W, 96 %, 64
2026/10/10 07:38:56.704, 12949 MiB, 359.53 W, 96 %, 64
2026/10/10 07:38:57.712, 12949 MiB, 358.92 W, 96 %, 64
2026/10/10 07:38:58.720, 12949 MiB, 357.42 W, 95 %, 64
2026/10/10 07:38:59.733, 12949 MiB, 356.47 W, 96 %, 64
2026/10/10 07:39:00.743, 12949 MiB, 357.18 W, 96 %, 64
2026/10/10 07:39:01.750, 12949 MiB, 358.71 W, 95 %, 64
2026/10/10 07:39:02.755, 12949 MiB, 359.38 W, 96 %, 64
2026/10/10 07:39:03.757, 12949 MiB, 358.16 W, 96 %, 64
2026/10/10 07:39:04.767, 12949 MiB, 358.92 W, 95 %, 64
2026/10/10 07:39:05.768, 12949 MiB, 357.08 W, 95 %, 64
2026/10/10 07:39:06.781, 12949 MiB, 359.14 W, 96 %, 64
2026/10/10 07:39:07.794, 12949 MiB, 359.09 W, 96 %, 64
2026/10/10 07:39:08.806, 12949 MiB, 358.64 W, 96 %, 64
2026/10/10 07:39:09.815, 12949 MiB, 359.67 W, 96 %, 64
2026/10/10 07:39:10.821, 12949 MiB, 355.63 W, 96 %, 64
2026/10/10 07:39:11.826, 12949 MiB, 356.45 W, 95 %, 64
2026/10/10 07:39:12.834, 12949 MiB, 354.29 W, 94 %, 64
2026/10/10 07:39:13.843, 12949 MiB, 353.67 W, 96 %, 64
2026/10/10 07:39:14.851, 12949 MiB, 356.16 W, 95 %, 64
2026/10/10 07:39:15.864, 12949 MiB, 351.04 W, 95 %, 64
2026/10/10 07:39:16.873, 12949 MiB, 353.53 W, 94 %, 64
2026/10/10 07:39:17.881, 12949 MiB, 353.83 W, 93 %, 64
2026/10/10 07:39:18.895, 12949 MiB, 355.72 W, 96 %, 64
2026/10/10 07:39:19.906, 12949 MiB, 359.23 W, 94 %, 64
2026/10/10 07:39:20.918, 12949 MiB, 354.24 W, 90 %, 63
2026/10/10 07:39:21.929, 12949 MiB, 354.46 W, 96 %, 64
2026/10/10 07:39:22.934, 12949 MiB, 349.27 W, 92 %, 63
2026/10/10 07:39:23.935, 12949 MiB, 346.27 W, 92 %, 63
2026/10/10 07:39:24.955, 12949 MiB, 345.72 W, 91 %, 63
2026/10/10 07:39:25.970, 12949 MiB, 346.30 W, 92 %, 63
2026/10/10 07:39:26.987, 12949 MiB, 345.27 W, 91 %, 63
2026/10/10 07:39:27.991, 12949 MiB, 347.15 W, 91 %, 63
2026/10/10 07:39:29.004, 12949 MiB, 345.87 W, 86 %, 63
2026/10/10 07:39:30.012, 12949 MiB, 345.40 W, 92 %, 63
2026/10/10 07:39:31.028, 12949 MiB, 346.54 W, 91 %, 63
2026/10/10 07:39:32.042, 12949 MiB, 344.95 W, 92 %, 63
2026/10/10 07:39:33.051, 12949 MiB, 347.29 W, 91 %, 63
2026/10/10 07:39:34.074, 12949 MiB, 346.25 W, 91 %, 63
2026/10/10 07:39:35.077, 12949 MiB, 345.84 W, 91 %, 63
2026/10/10 07:39:36.095, 12949 MiB, 347.13 W, 90 %, 63
2026/10/10 07:39:37.109, 12949 MiB, 346.35 W, 91 %, 63
2026/10/10 07:39:38.125, 12949 MiB, 347.66 W, 92 %, 63
2026/10/10 07:39:39.134, 12949 MiB, 347.74 W, 91 %, 63
2026/10/10 07:39:40.139, 12949 MiB, 346.19 W, 91 %, 63
2026/10/10 07:39:41.150, 12949 MiB, 347.73 W, 91 %, 63
2026/10/10 07:39:42.163, 12949 MiB, 347.34 W, 92 %, 63
2026/10/10 07:39:43.178, 12949 MiB, 346.86 W, 91 %, 63
2026/10/10 07:39:44.192, 12949 MiB, 347.84 W, 91 %, 63
2026/10/10 07:39:45.213, 12949 MiB, 346.63 W, 87 %, 63
2026/10/10 07:39:46.221, 12949 MiB, 347.30 W, 91 %, 63
2026/10/10 07:39:47.234, 12949 MiB, 347.95 W, 91 %, 63
2026/10/10 07:39:48.250, 12949 MiB, 347.15 W, 91 %, 63
2026/10/10 07:39:49.282, 12949 MiB, 349.08 W, 90 %, 63
2026/10/10 07:39:50.298, 12949 MiB, 347.66 W, 91 %, 63
2026/10/10 07:39:51.323, 12949 MiB, 346.85 W, 91 %, 63
2026/10/10 07:39:52.338, 12949 MiB, 348.91 W, 91 %, 63
2026/10/10 07:39:53.351, 12949 MiB, 348.44 W, 91 %, 63
2026/10/10 07:39:54.365, 12949 MiB, 346.23 W, 91 %, 63
2026/10/10 07:39:55.376, 12949 MiB, 348.08 W, 91 %, 63
2026/10/10 07:39:56.418, 12949 MiB, 348.29 W, 90 %, 63
2026/10/10 07:39:57.441, 12949 MiB, 345.68 W, 89 %, 63
2026/10/10 07:39:58.453, 12949 MiB, 349.10 W, 92 %, 64
2026/10/10 07:39:59.484, 12949 MiB, 349.81 W, 91 %, 63
2026/10/10 07:40:00.493, 12949 MiB, 348.24 W, 91 %, 63
2026/10/10 07:40:01.506, 12949 MiB, 350.78 W, 92 %, 63
2026/10/10 07:40:02.522, 12949 MiB, 349.10 W, 92 %, 63
2026/10/10 07:40:03.543, 12949 MiB, 350.58 W, 92 %, 64
2026/10/10 07:40:04.557, 12949 MiB, 350.16 W, 92 %, 63
2026/10/10 07:40:05.581, 12949 MiB, 348.16 W, 92 %, 63
2026/10/10 07:40:06.600, 12949 MiB, 350.60 W, 92 %, 64
2026/10/10 07:40:07.610, 12949 MiB, 351.35 W, 92 %, 64
2026/10/10 07:40:08.617, 12949 MiB, 350.00 W, 92 %, 63
2026/10/10 07:40:09.637, 12949 MiB, 351.59 W, 91 %, 63
2026/10/10 07:40:10.646, 12949 MiB, 347.92 W, 87 %, 63
2026/10/10 07:40:11.670, 12949 MiB, 349.21 W, 91 %, 63
2026/10/10 07:40:12.691, 12949 MiB, 351.45 W, 91 %, 63
2026/10/10 07:40:13.700, 12949 MiB, 349.05 W, 92 %, 64
2026/10/10 07:40:14.716, 12949 MiB, 352.02 W, 91 %, 64
2026/10/10 07:40:15.748, 12949 MiB, 351.76 W, 91 %, 64
2026/10/10 07:40:16.756, 12949 MiB, 349.60 W, 91 %, 64
2026/10/10 07:40:17.766, 12949 MiB, 351.18 W, 93 %, 64
2026/10/10 07:40:18.825, 12949 MiB, 352.09 W, 92 %, 64
2026/10/10 07:40:19.842, 12949 MiB, 350.65 W, 92 %, 63
2026/10/10 07:40:20.854, 12949 MiB, 352.85 W, 92 %, 64
2026/10/10 07:40:21.864, 12949 MiB, 352.07 W, 92 %, 64
2026/10/10 07:40:22.873, 12949 MiB, 350.92 W, 92 %, 64
2026/10/10 07:40:23.881, 12949 MiB, 352.75 W, 91 %, 63
2026/10/10 07:40:24.905, 12949 MiB, 351.28 W, 91 %, 64
2026/10/10 07:40:25.926, 12949 MiB, 350.89 W, 92 %, 64
2026/10/10 07:40:26.936, 12949 MiB, 352.75 W, 91 %, 64
2026/10/10 07:40:27.948, 12949 MiB, 352.73 W, 92 %, 64
2026/10/10 07:40:28.958, 12949 MiB, 352.12 W, 92 %, 64
2026/10/10 07:40:29.976, 12949 MiB, 353.67 W, 91 %, 64
2026/10/10 07:40:30.995, 12949 MiB, 352.64 W, 92 %, 63
2026/10/10 07:40:32.019, 12949 MiB, 352.04 W, 92 %, 64
2026/10/10 07:40:33.046, 12949 MiB, 354.53 W, 92 %, 63
2026/10/10 07:40:34.062, 12949 MiB, 353.59 W, 91 %, 64
2026/10/10 07:40:35.099, 12949 MiB, 353.02 W, 93 %, 64
2026/10/10 07:40:36.118, 12949 MiB, 352.92 W, 91 %, 64
2026/10/10 07:40:37.134, 12949 MiB, 353.52 W, 92 %, 64
2026/10/10 07:40:38.151, 12949 MiB, 354.17 W, 92 %, 64
2026/10/10 07:40:39.179, 12949 MiB, 354.14 W, 92 %, 64
2026/10/10 07:40:40.191, 12949 MiB, 352.63 W, 93 %, 64
2026/10/10 07:40:41.232, 12949 MiB, 354.23 W, 92 %, 64
2026/10/10 07:40:42.254, 12949 MiB, 354.36 W, 93 %, 64
2026/10/10 07:40:43.275, 12949 MiB, 353.25 W, 91 %, 64
2026/10/10 07:40:44.293, 12949 MiB, 355.61 W, 91 %, 64
2026/10/10 07:40:45.304, 12949 MiB, 354.94 W, 92 %, 64
2026/10/10 07:40:46.310, 12949 MiB, 353.71 W, 93 %, 64
2026/10/10 07:40:47.328, 12949 MiB, 355.37 W, 91 %, 64
2026/10/10 07:40:48.329, 12949 MiB, 355.62 W, 92 %, 64
2026/10/10 07:40:49.354, 12949 MiB, 354.58 W, 93 %, 64
2026/10/10 07:40:50.372, 12949 MiB, 355.43 W, 92 %, 64
2026/10/10 07:40:51.377, 12949 MiB, 356.19 W, 92 %, 64
2026/10/10 07:40:52.397, 12949 MiB, 353.75 W, 91 %, 64
2026/10/10 07:40:53.416, 12949 MiB, 355.14 W, 91 %, 64
2026/10/10 07:40:54.435, 12949 MiB, 355.38 W, 92 %, 64
2026/10/10 07:40:55.444, 12949 MiB, 354.49 W, 91 %, 64
2026/10/10 07:40:56.457, 12949 MiB, 355.62 W, 93 %, 64
2026/10/10 07:40:57.491, 12949 MiB, 355.70 W, 91 %, 64
2026/10/10 07:40:58.528, 12949 MiB, 354.58 W, 91 %, 64
2026/10/10 07:40:59.586, 12949 MiB, 356.05 W, 92 %, 64
2026/10/10 07:41:00.616, 12949 MiB, 356.36 W, 92 %, 64
2026/10/10 07:41:01.632, 12949 MiB, 355.80 W, 92 %, 64
2026/10/10 07:41:02.648, 12949 MiB, 356.90 W, 93 %, 64
2026/10/10 07:41:03.665, 12949 MiB, 356.79 W, 92 %, 64
2026/10/10 07:41:04.673, 12949 MiB, 356.06 W, 91 %, 64
2026/10/10 07:41:05.687, 12949 MiB, 357.39 W, 92 %, 64
2026/10/10 07:41:06.699, 12949 MiB, 357.05 W, 92 %, 64
2026/10/10 07:41:07.722, 12949 MiB, 356.36 W, 92 %, 64
2026/10/10 07:41:08.732, 12949 MiB, 358.33 W, 92 %, 65
2026/10/10 07:41:09.749, 12949 MiB, 358.47 W, 92 %, 64
2026/10/10 07:41:10.755, 12949 MiB, 357.42 W, 93 %, 64
2026/10/10 07:41:11.771, 12949 MiB, 358.91 W, 93 %, 64
2026/10/10 07:41:12.787, 12949 MiB, 358.76 W, 92 %, 64
2026/10/10 07:41:13.795, 12949 MiB, 356.96 W, 91 %, 64
2026/10/10 07:41:14.802, 12949 MiB, 357.87 W, 93 %, 64
2026/10/10 07:41:15.814, 12949 MiB, 359.02 W, 93 %, 64
2026/10/10 07:41:16.825, 12949 MiB, 358.18 W, 93 %, 64
2026/10/10 07:41:17.831, 12949 MiB, 359.64 W, 93 %, 65
2026/10/10 07:41:18.848, 12949 MiB, 359.80 W, 93 %, 65
2026/10/10 07:41:19.853, 12949 MiB, 358.09 W, 93 %, 64
2026/10/10 07:41:20.865, 12949 MiB, 359.49 W, 93 %, 64
2026/10/10 07:41:21.872, 12949 MiB, 359.42 W, 92 %, 64
2026/10/10 07:41:22.876, 12949 MiB, 356.19 W, 93 %, 64
2026/10/10 07:41:23.888, 12949 MiB, 359.79 W, 92 %, 64
2026/10/10 07:41:24.899, 12949 MiB, 359.35 W, 91 %, 65
2026/10/10 07:41:25.910, 12949 MiB, 358.82 W, 88 %, 64
2026/10/10 07:41:26.919, 12949 MiB, 359.34 W, 93 %, 65
2026/10/10 07:41:27.930, 12949 MiB, 359.38 W, 93 %, 65
2026/10/10 07:41:28.941, 12949 MiB, 360.19 W, 89 %, 65
2026/10/10 07:41:29.948, 12949 MiB, 359.95 W, 91 %, 64
2026/10/10 07:41:30.969, 12949 MiB, 359.78 W, 92 %, 65
2026/10/10 07:41:31.983, 12949 MiB, 359.79 W, 93 %, 64
2026/10/10 07:41:33.008, 12949 MiB, 358.27 W, 92 %, 64
2026/10/10 07:41:34.024, 12949 MiB, 359.91 W, 92 %, 65
2026/10/10 07:41:35.039, 12949 MiB, 359.80 W, 93 %, 65
2026/10/10 07:41:36.045, 12949 MiB, 358.26 W, 93 %, 65
2026/10/10 07:41:37.053, 12949 MiB, 360.25 W, 92 %, 65
2026/10/10 07:41:38.080, 12949 MiB, 361.25 W, 93 %, 64
2026/10/10 07:41:39.095, 12949 MiB, 212.59 W, 0 %, 54
2026/10/10 07:41:40.099, 12949 MiB, 76.61 W, 48 %, 53
2026/10/10 07:41:41.103, 12949 MiB, 258.53 W, 91 %, 63
2026/10/10 07:41:42.115, 12949 MiB, 328.18 W, 92 %, 63
2026/10/10 07:41:43.130, 12949 MiB, 329.82 W, 92 %, 64
2026/10/10 07:41:44.140, 12949 MiB, 328.14 W, 91 %, 64
2026/10/10 07:41:45.152, 12949 MiB, 327.29 W, 89 %, 64
2026/10/10 07:41:46.162, 12949 MiB, 329.24 W, 91 %, 64
2026/10/10 07:41:47.173, 12949 MiB, 328.58 W, 90 %, 64
2026/10/10 07:41:48.182, 12949 MiB, 329.29 W, 91 %, 64
2026/10/10 07:41:49.195, 12949 MiB, 327.36 W, 90 %, 63
2026/10/10 07:41:50.205, 12949 MiB, 329.07 W, 91 %, 64
2026/10/10 07:41:51.216, 12949 MiB, 329.85 W, 90 %, 64
2026/10/10 07:41:52.226, 12949 MiB, 331.45 W, 92 %, 64
2026/10/10 07:41:53.237, 12949 MiB, 331.74 W, 92 %, 64
2026/10/10 07:41:54.248, 12949 MiB, 334.06 W, 92 %, 64
2026/10/10 07:41:55.262, 12949 MiB, 331.92 W, 86 %, 64
2026/10/10 07:41:56.271, 12949 MiB, 332.14 W, 92 %, 64
2026/10/10 07:41:57.279, 12949 MiB, 334.24 W, 92 %, 64
2026/10/10 07:41:58.288, 12949 MiB, 332.82 W, 92 %, 64
2026/10/10 07:41:59.300, 12949 MiB, 334.26 W, 91 %, 63
2026/10/10 07:42:00.311, 12949 MiB, 333.31 W, 91 %, 64
2026/10/10 07:42:01.322, 12949 MiB, 334.41 W, 91 %, 63
2026/10/10 07:42:02.337, 12949 MiB, 333.64 W, 91 %, 63
2026/10/10 07:42:03.348, 12949 MiB, 335.73 W, 92 %, 64
2026/10/10 07:42:04.361, 12949 MiB, 333.89 W, 90 %, 63
2026/10/10 07:42:05.371, 12949 MiB, 334.86 W, 92 %, 64
2026/10/10 07:42:06.399, 12949 MiB, 332.97 W, 90 %, 63
2026/10/10 07:42:07.413, 12949 MiB, 331.62 W, 90 %, 63
2026/10/10 07:42:08.419, 12949 MiB, 333.58 W, 90 %, 63
2026/10/10 07:42:09.429, 12949 MiB, 332.39 W, 91 %, 64
2026/10/10 07:42:10.447, 12949 MiB, 333.21 W, 90 %, 64
2026/10/10 07:42:11.455, 12949 MiB, 332.15 W, 90 %, 63
2026/10/10 07:42:12.457, 12949 MiB, 332.79 W, 90 %, 63
2026/10/10 07:42:13.468, 12949 MiB, 332.65 W, 87 %, 63
2026/10/10 07:42:14.482, 12949 MiB, 332.56 W, 90 %, 63
2026/10/10 07:42:15.493, 12949 MiB, 334.41 W, 89 %, 63
2026/10/10 07:42:16.506, 12949 MiB, 334.92 W, 92 %, 64
2026/10/10 07:42:17.519, 12949 MiB, 337.18 W, 91 %, 64
2026/10/10 07:42:18.532, 12949 MiB, 337.60 W, 93 %, 64
2026/10/10 07:42:19.545, 12949 MiB, 335.75 W, 90 %, 63
2026/10/10 07:42:20.557, 12949 MiB, 332.36 W, 91 %, 63
2026/10/10 07:42:21.571, 12949 MiB, 336.16 W, 91 %, 63
2026/10/10 07:42:22.583, 12949 MiB, 336.40 W, 91 %, 64
2026/10/10 07:42:23.599, 12949 MiB, 334.90 W, 90 %, 63
2026/10/10 07:42:24.612, 12949 MiB, 335.59 W, 90 %, 63
2026/10/10 07:42:25.622, 12949 MiB, 334.55 W, 90 %, 64
2026/10/10 07:42:26.624, 12949 MiB, 336.33 W, 91 %, 64
2026/10/10 07:42:27.636, 12949 MiB, 335.01 W, 91 %, 64
2026/10/10 07:42:28.648, 12949 MiB, 336.44 W, 91 %, 63
2026/10/10 07:42:29.659, 12949 MiB, 335.69 W, 91 %, 64
2026/10/10 07:42:30.672, 12949 MiB, 338.00 W, 91 %, 63
2026/10/10 07:42:31.675, 12949 MiB, 338.46 W, 92 %, 64
2026/10/10 07:42:32.688, 12949 MiB, 338.64 W, 91 %, 64
2026/10/10 07:42:33.700, 12949 MiB, 338.15 W, 90 %, 64
2026/10/10 07:42:34.709, 12949 MiB, 337.53 W, 91 %, 64
2026/10/10 07:42:35.725, 12949 MiB, 339.23 W, 91 %, 64
2026/10/10 07:42:36.737, 12949 MiB, 336.78 W, 87 %, 63
2026/10/10 07:42:37.749, 12949 MiB, 337.55 W, 91 %, 64
2026/10/10 07:42:38.763, 12949 MiB, 338.56 W, 91 %, 64
2026/10/10 07:42:39.778, 12949 MiB, 336.07 W, 90 %, 64
2026/10/10 07:42:40.790, 12949 MiB, 336.05 W, 89 %, 64
2026/10/10 07:42:41.811, 12949 MiB, 336.08 W, 90 %, 64
2026/10/10 07:42:42.816, 12949 MiB, 338.26 W, 91 %, 64
2026/10/10 07:42:43.827, 12949 MiB, 339.54 W, 91 %, 64
2026/10/10 07:42:44.836, 12949 MiB, 339.05 W, 91 %, 64
2026/10/10 07:42:45.846, 12949 MiB, 340.83 W, 91 %, 64
2026/10/10 07:42:46.859, 12949 MiB, 342.78 W, 93 %, 64
2026/10/10 07:42:47.868, 12949 MiB, 344.39 W, 92 %, 64
2026/10/10 07:42:48.878, 12949 MiB, 343.78 W, 92 %, 64
2026/10/10 07:42:49.895, 12949 MiB, 340.57 W, 91 %, 64
2026/10/10 07:42:50.907, 12949 MiB, 340.58 W, 90 %, 64
2026/10/10 07:42:51.918, 12949 MiB, 338.86 W, 91 %, 63
2026/10/10 07:42:52.928, 12949 MiB, 340.75 W, 91 %, 64
2026/10/10 07:42:53.941, 12949 MiB, 342.35 W, 92 %, 64
2026/10/10 07:42:54.947, 12949 MiB, 343.96 W, 93 %, 64
2026/10/10 07:42:55.956, 12949 MiB, 349.17 W, 94 %, 64
2026/10/10 07:42:56.957, 12949 MiB, 340.96 W, 92 %, 64
2026/10/10 07:42:57.965, 12949 MiB, 341.71 W, 90 %, 64
2026/10/10 07:42:58.976, 12949 MiB, 339.38 W, 87 %, 64
2026/10/10 07:42:59.985, 12949 MiB, 340.76 W, 92 %, 64
2026/10/10 07:43:00.996, 12949 MiB, 342.90 W, 90 %, 64
2026/10/10 07:43:02.011, 12949 MiB, 340.49 W, 93 %, 64
2026/10/10 07:43:03.025, 12949 MiB, 342.75 W, 90 %, 64
2026/10/10 07:43:04.039, 12949 MiB, 339.82 W, 87 %, 64
2026/10/10 07:43:05.045, 12949 MiB, 341.62 W, 91 %, 64
2026/10/10 07:43:06.056, 12949 MiB, 342.91 W, 91 %, 64
2026/10/10 07:43:07.069, 12949 MiB, 343.10 W, 93 %, 64
2026/10/10 07:43:08.082, 12949 MiB, 346.84 W, 93 %, 64
2026/10/10 07:43:09.095, 12949 MiB, 346.90 W, 93 %, 63
2026/10/10 07:43:10.107, 12949 MiB, 346.19 W, 93 %, 64
2026/10/10 07:43:11.119, 12949 MiB, 345.59 W, 91 %, 64
2026/10/10 07:43:12.128, 12949 MiB, 347.22 W, 92 %, 64
2026/10/10 07:43:13.139, 12949 MiB, 353.72 W, 94 %, 64
2026/10/10 07:43:14.145, 12949 MiB, 353.23 W, 95 %, 64
2026/10/10 07:43:15.158, 12949 MiB, 353.62 W, 93 %, 64
2026/10/10 07:43:16.167, 12949 MiB, 347.70 W, 92 %, 63
2026/10/10 07:43:17.177, 12949 MiB, 346.38 W, 93 %, 64
2026/10/10 07:43:18.187, 12949 MiB, 346.68 W, 92 %, 64
2026/10/10 07:43:19.198, 12949 MiB, 345.80 W, 94 %, 64
2026/10/10 07:43:20.207, 12949 MiB, 349.24 W, 92 %, 64
2026/10/10 07:43:21.215, 12949 MiB, 347.81 W, 92 %, 64
2026/10/10 07:43:22.227, 12949 MiB, 343.71 W, 92 %, 64
2026/10/10 07:43:23.237, 12949 MiB, 345.92 W, 91 %, 64
2026/10/10 07:43:24.245, 12949 MiB, 344.80 W, 93 %, 64
2026/10/10 07:43:25.253, 12949 MiB, 343.63 W, 90 %, 64
2026/10/10 07:43:26.270, 12949 MiB, 344.37 W, 92 %, 64
2026/10/10 07:43:27.281, 12949 MiB, 344.70 W, 91 %, 64
2026/10/10 07:43:28.295, 12949 MiB, 345.57 W, 91 %, 64
2026/10/10 07:43:29.306, 12949 MiB, 345.07 W, 90 %, 64
2026/10/10 07:43:30.316, 12949 MiB, 343.59 W, 92 %, 64
2026/10/10 07:43:31.326, 12949 MiB, 344.04 W, 91 %, 64
2026/10/10 07:43:32.337, 12949 MiB, 340.66 W, 87 %, 64
2026/10/10 07:43:33.351, 12949 MiB, 342.53 W, 92 %, 64
2026/10/10 07:43:34.358, 12949 MiB, 343.75 W, 91 %, 64
2026/10/10 07:43:35.390, 12949 MiB, 341.21 W, 91 %, 64
2026/10/10 07:43:36.410, 12949 MiB, 343.52 W, 90 %, 64
2026/10/10 07:43:37.423, 12949 MiB, 344.12 W, 90 %, 63
2026/10/10 07:43:38.435, 12949 MiB, 342.82 W, 91 %, 64
2026/10/10 07:43:39.449, 12949 MiB, 343.59 W, 91 %, 64
2026/10/10 07:43:40.463, 12949 MiB, 342.26 W, 90 %, 64
2026/10/10 07:43:41.476, 12949 MiB, 344.68 W, 91 %, 64
2026/10/10 07:43:42.501, 12949 MiB, 344.87 W, 90 %, 64
2026/10/10 07:43:43.530, 12949 MiB, 342.95 W, 91 %, 64
2026/10/10 07:43:44.546, 12949 MiB, 345.07 W, 90 %, 64
2026/10/10 07:43:45.563, 12949 MiB, 345.05 W, 92 %, 64
2026/10/10 07:43:46.576, 12949 MiB, 344.27 W, 92 %, 64
2026/10/10 07:43:47.589, 12949 MiB, 345.27 W, 89 %, 64
2026/10/10 07:43:48.592, 12949 MiB, 343.19 W, 90 %, 64
2026/10/10 07:43:49.605, 12949 MiB, 345.13 W, 91 %, 64
2026/10/10 07:43:50.643, 12949 MiB, 345.23 W, 91 %, 64
2026/10/10 07:43:51.662, 12949 MiB, 345.89 W, 91 %, 64
2026/10/10 07:43:52.675, 12949 MiB, 347.22 W, 91 %, 64
2026/10/10 07:43:53.678, 12949 MiB, 345.16 W, 91 %, 64
2026/10/10 07:43:54.696, 12949 MiB, 347.21 W, 91 %, 64
2026/10/10 07:43:55.712, 12949 MiB, 346.20 W, 91 %, 64
2026/10/10 07:43:56.717, 12949 MiB, 344.51 W, 91 %, 64
2026/10/10 07:43:57.745, 12949 MiB, 348.57 W, 91 %, 64
2026/10/10 07:43:58.762, 12949 MiB, 346.89 W, 91 %, 64
2026/10/10 07:43:59.766, 12949 MiB, 345.16 W, 91 %, 64
2026/10/10 07:44:00.812, 12949 MiB, 346.66 W, 91 %, 64
2026/10/10 07:44:01.829, 12949 MiB, 345.58 W, 91 %, 64
2026/10/10 07:44:02.835, 12949 MiB, 345.31 W, 91 %, 64
2026/10/10 07:44:03.853, 12949 MiB, 348.27 W, 91 %, 64
2026/10/10 07:44:04.863, 12949 MiB, 346.38 W, 87 %, 64
2026/10/10 07:44:05.884, 12949 MiB, 345.52 W, 91 %, 64
2026/10/10 07:44:06.894, 12949 MiB, 346.94 W, 91 %, 64
2026/10/10 07:44:07.904, 12949 MiB, 345.23 W, 91 %, 64
2026/10/10 07:44:08.920, 12949 MiB, 349.79 W, 91 %, 64
2026/10/10 07:44:09.928, 12949 MiB, 349.27 W, 91 %, 64
2026/10/10 07:44:10.941, 12949 MiB, 348.46 W, 91 %, 64
2026/10/10 07:44:11.957, 12949 MiB, 349.47 W, 91 %, 64
2026/10/10 07:44:12.968, 12949 MiB, 349.45 W, 92 %, 64
2026/10/10 07:44:13.982, 12949 MiB, 348.23 W, 91 %, 64
2026/10/10 07:44:14.992, 12949 MiB, 349.43 W, 90 %, 64
2026/10/10 07:44:16.007, 12949 MiB, 349.47 W, 91 %, 65
2026/10/10 07:44:17.021, 12949 MiB, 347.03 W, 91 %, 64
2026/10/10 07:44:18.032, 12949 MiB, 349.43 W, 91 %, 64
2026/10/10 07:44:19.042, 12949 MiB, 349.14 W, 86 %, 64
2026/10/10 07:44:20.056, 12949 MiB, 349.80 W, 91 %, 64
2026/10/10 07:44:21.077, 12949 MiB, 350.79 W, 91 %, 64
2026/10/10 07:44:22.091, 12949 MiB, 348.67 W, 92 %, 64
2026/10/10 07:44:23.098, 12949 MiB, 349.55 W, 89 %, 64
2026/10/10 07:44:24.107, 12949 MiB, 348.75 W, 91 %, 64
2026/10/10 07:44:25.115, 12949 MiB, 348.96 W, 91 %, 64
2026/10/10 07:44:26.124, 12949 MiB, 351.86 W, 92 %, 65
2026/10/10 07:44:27.134, 12949 MiB, 352.78 W, 92 %, 65
2026/10/10 07:44:28.145, 12949 MiB, 352.75 W, 91 %, 65
2026/10/10 07:44:29.154, 12949 MiB, 354.12 W, 91 %, 65
2026/10/10 07:44:30.165, 12949 MiB, 352.88 W, 93 %, 65
2026/10/10 07:44:31.177, 12949 MiB, 355.19 W, 92 %, 65
2026/10/10 07:44:32.184, 12949 MiB, 355.95 W, 93 %, 65
2026/10/10 07:44:33.199, 12949 MiB, 354.96 W, 92 %, 65
2026/10/10 07:44:34.217, 12949 MiB, 356.12 W, 92 %, 65
2026/10/10 07:44:35.224, 12949 MiB, 356.12 W, 92 %, 65
2026/10/10 07:44:36.231, 12949 MiB, 352.71 W, 93 %, 65
2026/10/10 07:44:37.231, 12949 MiB, 354.71 W, 92 %, 65
2026/10/10 07:44:38.241, 12949 MiB, 354.46 W, 92 %, 65
2026/10/10 07:44:39.257, 12949 MiB, 353.87 W, 92 %, 65
2026/10/10 07:44:40.285, 12949 MiB, 355.57 W, 92 %, 65
2026/10/10 07:44:41.298, 12949 MiB, 355.10 W, 92 %, 65
2026/10/10 07:44:42.307, 12949 MiB, 354.00 W, 92 %, 65
2026/10/10 07:44:43.322, 12949 MiB, 355.22 W, 92 %, 65
2026/10/10 07:44:44.330, 12949 MiB, 355.88 W, 92 %, 65
2026/10/10 07:44:45.340, 12949 MiB, 354.45 W, 92 %, 65
2026/10/10 07:44:46.349, 12949 MiB, 356.12 W, 93 %, 65
2026/10/10 07:44:47.360, 12949 MiB, 355.41 W, 93 %, 65
2026/10/10 07:44:48.366, 12949 MiB, 354.56 W, 92 %, 65
2026/10/10 07:44:49.375, 12949 MiB, 355.72 W, 92 %, 65
2026/10/10 07:44:50.387, 12949 MiB, 355.18 W, 92 %, 65
2026/10/10 07:44:51.391, 12949 MiB, 353.17 W, 92 %, 65
2026/10/10 07:44:52.402, 12949 MiB, 356.97 W, 93 %, 65
2026/10/10 07:44:53.413, 12949 MiB, 355.47 W, 92 %, 64
2026/10/10 07:44:54.418, 12949 MiB, 355.80 W, 93 %, 65
2026/10/10 07:44:55.427, 12949 MiB, 359.50 W, 94 %, 65
2026/10/10 07:44:56.442, 12949 MiB, 359.63 W, 91 %, 65
2026/10/10 07:44:57.452, 12949 MiB, 357.74 W, 92 %, 65
2026/10/10 07:44:58.464, 12949 MiB, 358.31 W, 94 %, 65
2026/10/10 07:44:59.479, 12949 MiB, 357.25 W, 91 %, 65
2026/10/10 07:45:00.491, 12949 MiB, 356.74 W, 93 %, 65
2026/10/10 07:45:01.504, 12949 MiB, 357.30 W, 91 %, 65
2026/10/10 07:45:02.516, 12949 MiB, 352.17 W, 92 %, 65
2026/10/10 07:45:03.527, 12949 MiB, 361.04 W, 93 %, 65
2026/10/10 07:45:04.537, 12949 MiB, 360.88 W, 94 %, 65
2026/10/10 07:45:05.549, 12949 MiB, 359.90 W, 93 %, 65
2026/10/10 07:45:06.561, 12949 MiB, 361.90 W, 93 %, 65
2026/10/10 07:45:07.571, 12949 MiB, 361.45 W, 93 %, 65
2026/10/10 07:45:08.582, 12949 MiB, 359.25 W, 94 %, 65
2026/10/10 07:45:09.593, 12949 MiB, 363.84 W, 94 %, 65
2026/10/10 07:45:10.602, 12949 MiB, 365.69 W, 94 %, 65
2026/10/10 07:45:11.603, 12949 MiB, 362.84 W, 95 %, 65
2026/10/10 07:45:12.616, 12949 MiB, 365.15 W, 94 %, 66
2026/10/10 07:45:13.623, 12949 MiB, 362.32 W, 94 %, 65
2026/10/10 07:45:14.624, 12949 MiB, 359.70 W, 94 %, 65
2026/10/10 07:45:15.639, 12949 MiB, 362.30 W, 93 %, 65
2026/10/10 07:45:16.648, 12949 MiB, 362.74 W, 94 %, 65
2026/10/10 07:45:17.656, 12949 MiB, 362.18 W, 93 %, 65
2026/10/10 07:45:18.678, 12949 MiB, 358.57 W, 89 %, 65
2026/10/10 07:45:19.695, 12949 MiB, 356.10 W, 91 %, 65
2026/10/10 07:45:20.706, 12949 MiB, 354.22 W, 91 %, 65
2026/10/10 07:45:21.712, 12949 MiB, 355.91 W, 91 %, 65
2026/10/10 07:45:22.723, 12949 MiB, 355.32 W, 92 %, 65
2026/10/10 07:45:23.739, 12949 MiB, 354.38 W, 92 %, 65
2026/10/10 07:45:24.754, 12949 MiB, 355.35 W, 91 %, 65
2026/10/10 07:45:25.763, 12949 MiB, 354.03 W, 91 %, 65
2026/10/10 07:45:26.778, 12949 MiB, 354.20 W, 91 %, 65
2026/10/10 07:45:27.791, 12949 MiB, 354.78 W, 91 %, 65
2026/10/10 07:45:28.801, 12949 MiB, 354.62 W, 92 %, 65
2026/10/10 07:45:29.819, 12949 MiB, 349.65 W, 90 %, 64
2026/10/10 07:45:30.850, 12949 MiB, 351.47 W, 89 %, 65
2026/10/10 07:45:31.854, 12949 MiB, 349.56 W, 90 %, 65
2026/10/10 07:45:32.865, 12949 MiB, 350.30 W, 90 %, 65
2026/10/10 07:45:33.872, 12949 MiB, 359.77 W, 93 %, 65
2026/10/10 07:45:34.884, 12949 MiB, 357.87 W, 92 %, 65
2026/10/10 07:45:35.898, 12949 MiB, 360.39 W, 94 %, 65
2026/10/10 07:45:36.908, 12949 MiB, 363.31 W, 93 %, 65
2026/10/10 07:45:37.920, 12949 MiB, 361.09 W, 92 %, 65
2026/10/10 07:45:38.932, 12949 MiB, 359.07 W, 93 %, 65
2026/10/10 07:45:39.941, 12949 MiB, 362.81 W, 94 %, 65
2026/10/10 07:45:40.955, 12949 MiB, 364.60 W, 95 %, 65
2026/10/10 07:45:41.963, 12949 MiB, 363.80 W, 94 %, 65
2026/10/10 07:45:42.976, 12949 MiB, 365.06 W, 93 %, 65
2026/10/10 07:45:43.984, 12949 MiB, 365.41 W, 94 %, 65
2026/10/10 07:45:44.990, 12949 MiB, 365.70 W, 95 %, 65
2026/10/10 07:45:46.002, 12949 MiB, 370.20 W, 95 %, 65
2026/10/10 07:45:47.016, 12949 MiB, 369.00 W, 94 %, 65
2026/10/10 07:45:48.031, 12949 MiB, 368.75 W, 96 %, 66
2026/10/10 07:45:49.044, 12949 MiB, 370.70 W, 95 %, 66
2026/10/10 07:45:50.058, 12949 MiB, 369.40 W, 95 %, 65
2026/10/10 07:45:51.068, 12949 MiB, 366.73 W, 93 %, 65
2026/10/10 07:45:52.071, 12949 MiB, 361.73 W, 93 %, 65
2026/10/10 07:45:53.074, 12949 MiB, 364.25 W, 94 %, 65
2026/10/10 07:45:54.076, 12949 MiB, 363.97 W, 92 %, 65
2026/10/10 07:45:55.085, 12949 MiB, 362.35 W, 93 %, 65
2026/10/10 07:45:56.092, 12949 MiB, 364.37 W, 93 %, 65
2026/10/10 07:45:57.102, 12949 MiB, 363.04 W, 93 %, 65
2026/10/10 07:45:58.115, 12949 MiB, 134.37 W, 0 %, 54
2026/10/10 07:45:59.128, 12949 MiB, 162.84 W, 99 %, 70
2026/10/10 07:46:00.130, 12949 MiB, 459.49 W, 99 %, 75
2026/10/10 07:46:01.145, 12949 MiB, 394.14 W, 99 %, 78
2026/10/10 07:46:02.154, 12949 MiB, 418.13 W, 96 %, 74
2026/10/10 07:46:03.164, 12949 MiB, 342.40 W, 91 %, 65
2026/10/10 07:46:04.178, 12949 MiB, 333.02 W, 91 %, 64
2026/10/10 07:46:05.188, 12949 MiB, 333.45 W, 92 %, 64
2026/10/10 07:46:06.199, 12949 MiB, 337.06 W, 92 %, 64
2026/10/10 07:46:07.210, 12949 MiB, 330.10 W, 91 %, 64
2026/10/10 07:46:08.221, 12949 MiB, 334.40 W, 93 %, 64
2026/10/10 07:46:09.234, 12949 MiB, 331.58 W, 91 %, 64
2026/10/10 07:46:10.246, 12949 MiB, 335.17 W, 91 %, 64
2026/10/10 07:46:11.260, 12949 MiB, 337.69 W, 93 %, 64
2026/10/10 07:46:12.268, 12949 MiB, 340.83 W, 93 %, 64
2026/10/10 07:46:13.279, 12949 MiB, 339.57 W, 93 %, 64
2026/10/10 07:46:14.288, 12949 MiB, 341.20 W, 94 %, 64
2026/10/10 07:46:15.299, 12949 MiB, 340.49 W, 89 %, 63
2026/10/10 07:46:16.308, 12949 MiB, 342.08 W, 94 %, 64
2026/10/10 07:46:17.322, 12949 MiB, 343.59 W, 94 %, 64
2026/10/10 07:46:18.333, 12949 MiB, 342.29 W, 94 %, 64
2026/10/10 07:46:19.334, 12949 MiB, 343.87 W, 94 %, 64
2026/10/10 07:46:20.344, 12949 MiB, 342.99 W, 93 %, 63
2026/10/10 07:46:21.355, 12949 MiB, 344.62 W, 94 %, 64
2026/10/10 07:46:22.368, 12949 MiB, 343.38 W, 94 %, 64
2026/10/10 07:46:23.379, 12949 MiB, 344.12 W, 93 %, 63
2026/10/10 07:46:24.384, 12949 MiB, 337.59 W, 92 %, 63
2026/10/10 07:46:25.391, 12949 MiB, 337.59 W, 92 %, 63
2026/10/10 07:46:26.397, 12949 MiB, 336.38 W, 91 %, 63
2026/10/10 07:46:27.401, 12949 MiB, 338.72 W, 93 %, 63
2026/10/10 07:46:28.413, 12949 MiB, 336.55 W, 88 %, 62
2026/10/10 07:46:29.425, 12949 MiB, 336.26 W, 91 %, 63
2026/10/10 07:46:30.438, 12949 MiB, 336.84 W, 93 %, 63
2026/10/10 07:46:31.446, 12949 MiB, 335.92 W, 92 %, 63
2026/10/10 07:46:32.461, 12949 MiB, 338.93 W, 92 %, 63
2026/10/10 07:46:33.474, 12949 MiB, 336.25 W, 92 %, 63
2026/10/10 07:46:34.484, 12949 MiB, 337.27 W, 92 %, 63
2026/10/10 07:46:35.496, 12949 MiB, 336.98 W, 92 %, 63
2026/10/10 07:46:36.505, 12949 MiB, 338.43 W, 91 %, 63
2026/10/10 07:46:37.516, 12949 MiB, 336.74 W, 87 %, 63
2026/10/10 07:46:38.523, 12949 MiB, 337.04 W, 92 %, 63
2026/10/10 07:46:39.534, 12949 MiB, 337.94 W, 92 %, 63
2026/10/10 07:46:40.545, 12949 MiB, 338.53 W, 92 %, 63
2026/10/10 07:46:41.553, 12949 MiB, 339.27 W, 91 %, 63
2026/10/10 07:46:42.562, 12949 MiB, 338.34 W, 92 %, 63
2026/10/10 07:46:43.575, 12949 MiB, 340.25 W, 93 %, 63
2026/10/10 07:46:44.586, 12949 MiB, 338.30 W, 92 %, 63
2026/10/10 07:46:45.593, 12949 MiB, 340.12 W, 91 %, 63
2026/10/10 07:46:46.601, 12949 MiB, 340.71 W, 92 %, 63
2026/10/10 07:46:47.612, 12949 MiB, 340.49 W, 91 %, 63
2026/10/10 07:46:48.624, 12949 MiB, 341.02 W, 94 %, 63
2026/10/10 07:46:49.632, 12949 MiB, 343.86 W, 95 %, 63
2026/10/10 07:46:50.639, 12949 MiB, 348.06 W, 94 %, 63
2026/10/10 07:46:51.645, 12949 MiB, 341.68 W, 92 %, 63
2026/10/10 07:46:52.651, 12949 MiB, 341.54 W, 94 %, 63
2026/10/10 07:46:53.666, 12949 MiB, 348.22 W, 94 %, 63
2026/10/10 07:46:54.675, 12949 MiB, 347.79 W, 94 %, 63
2026/10/10 07:46:55.683, 12949 MiB, 347.17 W, 94 %, 63
2026/10/10 07:46:56.693, 12949 MiB, 349.21 W, 95 %, 63
2026/10/10 07:46:57.704, 12949 MiB, 348.18 W, 93 %, 63
2026/10/10 07:46:58.712, 12949 MiB, 347.81 W, 94 %, 63
2026/10/10 07:46:59.715, 12949 MiB, 348.28 W, 94 %, 63
2026/10/10 07:47:00.728, 12949 MiB, 347.45 W, 93 %, 63
2026/10/10 07:47:01.735, 12949 MiB, 348.19 W, 95 %, 63
2026/10/10 07:47:02.741, 12949 MiB, 348.86 W, 94 %, 63
2026/10/10 07:47:03.757, 12949 MiB, 350.03 W, 95 %, 63
2026/10/10 07:47:04.770, 12949 MiB, 350.18 W, 95 %, 63
2026/10/10 07:47:05.778, 12949 MiB, 347.68 W, 94 %, 63
2026/10/10 07:47:06.790, 12949 MiB, 347.91 W, 92 %, 63
2026/10/10 07:47:07.798, 12949 MiB, 343.97 W, 93 %, 63
2026/10/10 07:47:08.808, 12949 MiB, 344.75 W, 92 %, 63
2026/10/10 07:47:09.811, 12949 MiB, 346.13 W, 90 %, 63
2026/10/10 07:47:10.821, 12949 MiB, 348.47 W, 95 %, 63
2026/10/10 07:47:11.835, 12949 MiB, 350.77 W, 95 %, 63
2026/10/10 07:47:12.845, 12949 MiB, 350.93 W, 94 %, 63
2026/10/10 07:47:13.856, 12949 MiB, 349.75 W, 94 %, 63
2026/10/10 07:47:14.866, 12949 MiB, 349.59 W, 95 %, 63
2026/10/10 07:47:15.881, 12949 MiB, 351.93 W, 94 %, 63
2026/10/10 07:47:16.890, 12949 MiB, 351.29 W, 94 %, 63
2026/10/10 07:47:17.900, 12949 MiB, 347.14 W, 92 %, 63
2026/10/10 07:47:18.907, 12949 MiB, 345.01 W, 92 %, 63
2026/10/10 07:47:19.915, 12949 MiB, 346.62 W, 94 %, 63
2026/10/10 07:47:20.926, 12949 MiB, 349.12 W, 92 %, 63
2026/10/10 07:47:21.932, 12949 MiB, 347.27 W, 89 %, 63
2026/10/10 07:47:22.945, 12949 MiB, 347.54 W, 94 %, 63
2026/10/10 07:47:23.955, 12949 MiB, 349.08 W, 94 %, 63
2026/10/10 07:47:24.963, 12949 MiB, 350.99 W, 94 %, 63
2026/10/10 07:47:25.968, 12949 MiB, 351.76 W, 94 %, 63
2026/10/10 07:47:26.975, 12949 MiB, 350.03 W, 93 %, 63
2026/10/10 07:47:27.982, 12949 MiB, 348.91 W, 93 %, 63
2026/10/10 07:47:28.989, 12949 MiB, 346.51 W, 90 %, 63
2026/10/10 07:47:29.999, 12949 MiB, 340.74 W, 91 %, 63
2026/10/10 07:47:31.009, 12949 MiB, 344.96 W, 92 %, 63
2026/10/10 07:47:32.023, 12949 MiB, 345.23 W, 90 %, 63
2026/10/10 07:47:33.032, 12949 MiB, 344.07 W, 90 %, 63
2026/10/10 07:47:34.042, 12949 MiB, 342.82 W, 91 %, 63
2026/10/10 07:47:35.056, 12949 MiB, 344.76 W, 92 %, 63
2026/10/10 07:47:36.065, 12949 MiB, 343.27 W, 91 %, 63
2026/10/10 07:47:37.079, 12949 MiB, 342.25 W, 91 %, 62
2026/10/10 07:47:38.086, 12949 MiB, 342.54 W, 91 %, 63
2026/10/10 07:47:39.094, 12949 MiB, 342.60 W, 90 %, 63
2026/10/10 07:47:40.103, 12949 MiB, 341.85 W, 92 %, 63
2026/10/10 07:47:41.114, 12949 MiB, 345.49 W, 91 %, 63
2026/10/10 07:47:42.122, 12949 MiB, 344.52 W, 92 %, 63
2026/10/10 07:47:43.128, 12949 MiB, 345.23 W, 92 %, 63
2026/10/10 07:47:44.131, 12949 MiB, 347.42 W, 92 %, 63
2026/10/10 07:47:45.142, 12949 MiB, 347.15 W, 92 %, 63
2026/10/10 07:47:46.152, 12949 MiB, 347.95 W, 91 %, 63
2026/10/10 07:47:47.159, 12949 MiB, 351.33 W, 95 %, 63
2026/10/10 07:47:48.170, 12949 MiB, 352.82 W, 95 %, 63
2026/10/10 07:47:49.181, 12949 MiB, 353.60 W, 94 %, 63
2026/10/10 07:47:50.192, 12949 MiB, 347.15 W, 93 %, 63
2026/10/10 07:47:51.203, 12949 MiB, 348.27 W, 92 %, 63
2026/10/10 07:47:52.217, 12949 MiB, 350.04 W, 91 %, 63
2026/10/10 07:47:53.229, 12949 MiB, 346.61 W, 92 %, 63
2026/10/10 07:47:54.244, 12949 MiB, 348.34 W, 92 %, 63
2026/10/10 07:47:55.254, 12949 MiB, 346.56 W, 93 %, 63
2026/10/10 07:47:56.258, 12949 MiB, 349.08 W, 92 %, 63
2026/10/10 07:47:57.272, 12949 MiB, 348.47 W, 92 %, 63
2026/10/10 07:47:58.287, 12949 MiB, 347.18 W, 92 %, 63
2026/10/10 07:47:59.295, 12949 MiB, 348.48 W, 92 %, 63
2026/10/10 07:48:00.295, 12949 MiB, 346.21 W, 86 %, 63
2026/10/10 07:48:01.302, 12949 MiB, 346.77 W, 93 %, 63
2026/10/10 07:48:02.308, 12949 MiB, 349.15 W, 92 %, 63
2026/10/10 07:48:03.317, 12949 MiB, 346.80 W, 92 %, 63
2026/10/10 07:48:04.331, 12949 MiB, 349.73 W, 93 %, 63
2026/10/10 07:48:05.340, 12949 MiB, 354.91 W, 95 %, 63
2026/10/10 07:48:06.352, 12949 MiB, 354.98 W, 93 %, 63
2026/10/10 07:48:07.364, 12949 MiB, 350.59 W, 93 %, 63
2026/10/10 07:48:08.365, 12949 MiB, 348.71 W, 92 %, 63
2026/10/10 07:48:09.374, 12949 MiB, 350.40 W, 93 %, 63
2026/10/10 07:48:10.380, 12949 MiB, 349.66 W, 92 %, 63
2026/10/10 07:48:11.383, 12949 MiB, 349.41 W, 93 %, 63
2026/10/10 07:48:12.391, 12949 MiB, 350.40 W, 93 %, 63
2026/10/10 07:48:13.392, 12949 MiB, 351.17 W, 91 %, 63
2026/10/10 07:48:14.402, 12949 MiB, 347.51 W, 91 %, 63
2026/10/10 07:48:15.404, 12949 MiB, 350.10 W, 93 %, 63
2026/10/10 07:48:16.414, 12949 MiB, 349.02 W, 89 %, 63
2026/10/10 07:48:17.427, 12949 MiB, 351.05 W, 94 %, 63
2026/10/10 07:48:18.439, 12949 MiB, 351.48 W, 93 %, 63
2026/10/10 07:48:19.451, 12949 MiB, 349.88 W, 89 %, 63
2026/10/10 07:48:20.465, 12949 MiB, 350.18 W, 93 %, 63
2026/10/10 07:48:21.480, 12949 MiB, 351.78 W, 91 %, 63
2026/10/10 07:48:22.494, 12949 MiB, 349.91 W, 93 %, 63
2026/10/10 07:48:23.507, 12949 MiB, 350.75 W, 92 %, 63
2026/10/10 07:48:24.523, 12949 MiB, 351.32 W, 93 %, 64
2026/10/10 07:48:25.536, 12949 MiB, 350.71 W, 92 %, 63
2026/10/10 07:48:26.551, 12949 MiB, 352.25 W, 93 %, 63
2026/10/10 07:48:27.563, 12949 MiB, 351.90 W, 93 %, 63
2026/10/10 07:48:28.579, 12949 MiB, 353.84 W, 93 %, 64
2026/10/10 07:48:29.590, 12949 MiB, 354.11 W, 93 %, 63
2026/10/10 07:48:30.601, 12949 MiB, 352.54 W, 93 %, 63
2026/10/10 07:48:31.616, 12949 MiB, 353.69 W, 94 %, 64
2026/10/10 07:48:32.629, 12949 MiB, 355.09 W, 93 %, 64
2026/10/10 07:48:33.631, 12949 MiB, 352.74 W, 94 %, 64
2026/10/10 07:48:34.646, 12949 MiB, 354.47 W, 93 %, 64
2026/10/10 07:48:35.657, 12949 MiB, 354.24 W, 93 %, 64
2026/10/10 07:48:36.667, 12949 MiB, 353.19 W, 93 %, 64
2026/10/10 07:48:37.682, 12949 MiB, 354.47 W, 93 %, 64
2026/10/10 07:48:38.692, 12949 MiB, 353.91 W, 93 %, 64
2026/10/10 07:48:39.693, 12949 MiB, 354.98 W, 93 %, 64
2026/10/10 07:48:40.695, 12949 MiB, 356.14 W, 94 %, 64
2026/10/10 07:48:41.705, 12949 MiB, 353.48 W, 92 %, 64
2026/10/10 07:48:42.718, 12949 MiB, 354.05 W, 93 %, 64
2026/10/10 07:48:43.731, 12949 MiB, 356.55 W, 94 %, 63
2026/10/10 07:48:44.742, 12949 MiB, 355.84 W, 94 %, 64
2026/10/10 07:48:45.755, 12949 MiB, 354.69 W, 93 %, 64
2026/10/10 07:48:46.768, 12949 MiB, 354.86 W, 93 %, 64
2026/10/10 07:48:47.776, 12949 MiB, 356.79 W, 92 %, 64
2026/10/10 07:48:48.791, 12949 MiB, 354.89 W, 93 %, 64
2026/10/10 07:48:49.803, 12949 MiB, 354.52 W, 93 %, 64
2026/10/10 07:48:50.812, 12949 MiB, 357.48 W, 93 %, 64
2026/10/10 07:48:51.825, 12949 MiB, 356.08 W, 92 %, 64
2026/10/10 07:48:52.838, 12949 MiB, 355.78 W, 93 %, 64
2026/10/10 07:48:53.846, 12949 MiB, 357.16 W, 93 %, 64
2026/10/10 07:48:54.861, 12949 MiB, 356.57 W, 92 %, 64
2026/10/10 07:48:55.871, 12949 MiB, 355.31 W, 93 %, 64
2026/10/10 07:48:56.884, 12949 MiB, 359.15 W, 94 %, 64
2026/10/10 07:48:57.895, 12949 MiB, 358.07 W, 93 %, 64
2026/10/10 07:48:58.896, 12949 MiB, 356.67 W, 94 %, 64
2026/10/10 07:48:59.910, 12949 MiB, 358.67 W, 93 %, 64
2026/10/10 07:49:00.923, 12949 MiB, 358.06 W, 94 %, 63
2026/10/10 07:49:01.934, 12949 MiB, 357.60 W, 92 %, 64
2026/10/10 07:49:02.945, 12949 MiB, 357.82 W, 93 %, 64
2026/10/10 07:49:03.954, 12949 MiB, 357.08 W, 93 %, 64
2026/10/10 07:49:04.958, 12949 MiB, 358.08 W, 93 %, 64
2026/10/10 07:49:05.968, 12949 MiB, 358.26 W, 93 %, 64
2026/10/10 07:49:06.982, 12949 MiB, 356.39 W, 93 %, 64
2026/10/10 07:49:07.990, 12949 MiB, 358.74 W, 93 %, 64
2026/10/10 07:49:09.003, 12949 MiB, 358.89 W, 92 %, 64
2026/10/10 07:49:10.017, 12949 MiB, 357.47 W, 93 %, 64
2026/10/10 07:49:11.018, 12949 MiB, 359.22 W, 93 %, 64
2026/10/10 07:49:12.019, 12949 MiB, 359.86 W, 93 %, 64
2026/10/10 07:49:13.032, 12949 MiB, 356.84 W, 93 %, 64
2026/10/10 07:49:14.037, 12949 MiB, 358.10 W, 92 %, 64
2026/10/10 07:49:15.049, 12949 MiB, 358.57 W, 93 %, 64
2026/10/10 07:49:16.061, 12949 MiB, 356.85 W, 93 %, 64
2026/10/10 07:49:17.071, 12949 MiB, 358.35 W, 93 %, 64
2026/10/10 07:49:18.084, 12949 MiB, 358.36 W, 94 %, 64
2026/10/10 07:49:19.092, 12949 MiB, 357.39 W, 92 %, 64
2026/10/10 07:49:20.096, 12949 MiB, 358.18 W, 92 %, 64
2026/10/10 07:49:21.106, 12949 MiB, 358.61 W, 93 %, 64
2026/10/10 07:49:22.114, 12949 MiB, 357.06 W, 92 %, 64
2026/10/10 07:49:23.126, 12949 MiB, 358.01 W, 94 %, 64
2026/10/10 07:49:24.140, 12949 MiB, 358.57 W, 93 %, 64
2026/10/10 07:49:25.151, 12949 MiB, 357.70 W, 93 %, 64
2026/10/10 07:49:26.165, 12949 MiB, 359.28 W, 92 %, 64
2026/10/10 07:49:27.176, 12949 MiB, 358.52 W, 93 %, 64
2026/10/10 07:49:28.183, 12949 MiB, 357.92 W, 91 %, 64
2026/10/10 07:49:29.197, 12949 MiB, 357.67 W, 93 %, 64
2026/10/10 07:49:30.207, 12949 MiB, 356.81 W, 93 %, 64
2026/10/10 07:49:31.219, 12949 MiB, 359.94 W, 94 %, 64
2026/10/10 07:49:32.229, 12949 MiB, 359.17 W, 92 %, 64
2026/10/10 07:49:33.238, 12949 MiB, 358.39 W, 94 %, 64
2026/10/10 07:49:34.239, 12949 MiB, 358.71 W, 92 %, 64
2026/10/10 07:49:35.251, 12949 MiB, 358.63 W, 92 %, 64
2026/10/10 07:49:36.261, 12949 MiB, 357.26 W, 93 %, 64
2026/10/10 07:49:37.273, 12949 MiB, 360.08 W, 92 %, 64
2026/10/10 07:49:38.276, 12949 MiB, 360.08 W, 92 %, 64
2026/10/10 07:49:39.283, 12949 MiB, 358.06 W, 93 %, 64
2026/10/10 07:49:40.294, 12949 MiB, 359.31 W, 93 %, 64
2026/10/10 07:49:41.303, 12949 MiB, 360.02 W, 92 %, 64
2026/10/10 07:49:42.311, 12949 MiB, 358.68 W, 93 %, 64
2026/10/10 07:49:43.314, 12949 MiB, 361.09 W, 91 %, 64
2026/10/10 07:49:44.329, 12949 MiB, 360.47 W, 94 %, 64
2026/10/10 07:49:45.343, 12949 MiB, 360.99 W, 93 %, 64
2026/10/10 07:49:46.354, 12949 MiB, 362.37 W, 93 %, 64
2026/10/10 07:49:47.365, 12949 MiB, 361.56 W, 93 %, 64
2026/10/10 07:49:48.369, 12949 MiB, 360.07 W, 93 %, 64
2026/10/10 07:49:49.379, 12949 MiB, 360.68 W, 93 %, 64
2026/10/10 07:49:50.387, 12949 MiB, 361.44 W, 93 %, 64
2026/10/10 07:49:51.402, 12949 MiB, 360.06 W, 94 %, 64
2026/10/10 07:49:52.407, 12949 MiB, 363.89 W, 94 %, 64
2026/10/10 07:49:53.419, 12949 MiB, 368.10 W, 95 %, 65
2026/10/10 07:49:54.423, 12949 MiB, 365.94 W, 94 %, 64
2026/10/10 07:49:55.424, 12949 MiB, 361.61 W, 92 %, 64
2026/10/10 07:49:56.432, 12949 MiB, 362.80 W, 93 %, 64
2026/10/10 07:49:57.442, 12949 MiB, 361.96 W, 91 %, 64
2026/10/10 07:49:58.455, 12949 MiB, 362.02 W, 94 %, 64
2026/10/10 07:49:59.463, 12949 MiB, 365.62 W, 95 %, 64
2026/10/10 07:50:00.470, 12949 MiB, 363.75 W, 91 %, 64
2026/10/10 07:50:01.475, 12949 MiB, 362.61 W, 94 %, 64
2026/10/10 07:50:02.476, 12949 MiB, 362.02 W, 92 %, 64
2026/10/10 07:50:03.488, 12949 MiB, 361.69 W, 91 %, 64
2026/10/10 07:50:04.492, 12949 MiB, 359.85 W, 94 %, 64
2026/10/10 07:50:05.500, 12949 MiB, 362.36 W, 93 %, 64
2026/10/10 07:50:06.515, 12949 MiB, 361.92 W, 94 %, 64
2026/10/10 07:50:07.525, 12949 MiB, 359.00 W, 93 %, 64
2026/10/10 07:50:08.528, 12949 MiB, 362.72 W, 93 %, 64
2026/10/10 07:50:09.538, 12949 MiB, 361.12 W, 92 %, 64
2026/10/10 07:50:10.546, 12949 MiB, 361.57 W, 94 %, 64
2026/10/10 07:50:11.554, 12949 MiB, 363.80 W, 94 %, 64
2026/10/10 07:50:12.562, 12949 MiB, 364.34 W, 94 %, 64
2026/10/10 07:50:13.573, 12949 MiB, 366.67 W, 96 %, 64
2026/10/10 07:50:14.582, 12949 MiB, 368.44 W, 94 %, 64
2026/10/10 07:50:15.591, 12949 MiB, 367.47 W, 95 %, 65
2026/10/10 07:50:16.601, 12949 MiB, 222.59 W, 0 %, 54
2026/10/10 07:50:17.615, 12949 MiB, 159.13 W, 91 %, 62
2026/10/10 07:50:18.621, 12949 MiB, 334.48 W, 93 %, 64
2026/10/10 07:50:19.633, 12949 MiB, 332.08 W, 92 %, 64
2026/10/10 07:50:20.639, 12949 MiB, 333.86 W, 92 %, 64
2026/10/10 07:50:21.646, 12949 MiB, 335.17 W, 89 %, 64
2026/10/10 07:50:22.653, 12949 MiB, 331.22 W, 90 %, 64
2026/10/10 07:50:23.663, 12949 MiB, 331.13 W, 91 %, 64
2026/10/10 07:50:24.670, 12949 MiB, 330.18 W, 90 %, 64
2026/10/10 07:50:25.683, 12949 MiB, 330.17 W, 90 %, 63
2026/10/10 07:50:26.689, 12949 MiB, 331.24 W, 90 %, 64
2026/10/10 07:50:27.701, 12949 MiB, 328.33 W, 85 %, 63
2026/10/10 07:50:28.709, 12949 MiB, 329.43 W, 91 %, 63
2026/10/10 07:50:29.719, 12949 MiB, 330.44 W, 91 %, 64
2026/10/10 07:50:30.726, 12949 MiB, 330.54 W, 90 %, 64
2026/10/10 07:50:31.733, 12949 MiB, 331.01 W, 91 %, 64
2026/10/10 07:50:32.744, 12949 MiB, 329.77 W, 90 %, 64
2026/10/10 07:50:33.754, 12949 MiB, 332.33 W, 92 %, 63
2026/10/10 07:50:34.766, 12949 MiB, 328.45 W, 91 %, 63
2026/10/10 07:50:35.770, 12949 MiB, 333.19 W, 91 %, 64
2026/10/10 07:50:36.785, 12949 MiB, 331.54 W, 90 %, 63
2026/10/10 07:50:37.794, 12949 MiB, 330.66 W, 90 %, 63
2026/10/10 07:50:38.801, 12949 MiB, 333.40 W, 93 %, 64
2026/10/10 07:50:39.810, 12949 MiB, 335.38 W, 91 %, 64
2026/10/10 07:50:40.819, 12949 MiB, 331.38 W, 90 %, 63
2026/10/10 07:50:41.833, 12949 MiB, 332.94 W, 90 %, 64
2026/10/10 07:50:42.835, 12949 MiB, 334.21 W, 90 %, 63
2026/10/10 07:50:43.846, 12949 MiB, 332.48 W, 92 %, 63
2026/10/10 07:50:44.854, 12949 MiB, 336.98 W, 92 %, 64
2026/10/10 07:50:45.862, 12949 MiB, 336.74 W, 93 %, 64
2026/10/10 07:50:46.872, 12949 MiB, 337.39 W, 93 %, 64
2026/10/10 07:50:47.882, 12949 MiB, 337.15 W, 92 %, 64
2026/10/10 07:50:48.892, 12949 MiB, 336.53 W, 92 %, 64
2026/10/10 07:50:49.903, 12949 MiB, 337.33 W, 91 %, 63
2026/10/10 07:50:50.907, 12949 MiB, 335.88 W, 92 %, 64
2026/10/10 07:50:51.920, 12949 MiB, 336.05 W, 93 %, 64
2026/10/10 07:50:52.931, 12949 MiB, 338.73 W, 93 %, 64
2026/10/10 07:50:53.943, 12949 MiB, 342.85 W, 93 %, 64
2026/10/10 07:50:54.955, 12949 MiB, 340.42 W, 91 %, 63
2026/10/10 07:50:55.959, 12949 MiB, 340.91 W, 95 %, 64
2026/10/10 07:50:56.973, 12949 MiB, 342.15 W, 93 %, 64
2026/10/10 07:50:57.974, 12949 MiB, 345.61 W, 95 %, 64
2026/10/10 07:50:58.974, 12949 MiB, 341.71 W, 94 %, 64
2026/10/10 07:50:59.975, 12949 MiB, 301.88 W, 1 %, 57
2026/10/10 07:51:00.983, 12949 MiB, 253.72 W, 100 %, 76
2026/10/10 07:51:01.994, 12949 MiB, 422.30 W, 93 %, 71
2026/10/10 07:51:03.009, 12949 MiB, 439.02 W, 99 %, 77
2026/10/10 07:51:04.015, 12949 MiB, 421.94 W, 88 %, 68
2026/10/10 07:51:05.020, 12949 MiB, 437.56 W, 99 %, 77
2026/10/10 07:51:06.030, 12949 MiB, 417.73 W, 97 %, 71
2026/10/10 07:51:07.037, 12949 MiB, 351.33 W, 90 %, 64
2026/10/10 07:51:08.043, 12949 MiB, 335.63 W, 90 %, 63
2026/10/10 07:51:09.048, 12949 MiB, 334.27 W, 88 %, 62
2026/10/10 07:51:10.062, 12949 MiB, 335.19 W, 89 %, 63
2026/10/10 07:51:11.072, 12949 MiB, 335.34 W, 91 %, 63
2026/10/10 07:51:12.082, 12949 MiB, 336.63 W, 93 %, 64
2026/10/10 07:51:13.092, 12949 MiB, 338.95 W, 92 %, 63
2026/10/10 07:51:14.101, 12949 MiB, 337.12 W, 90 %, 63
2026/10/10 07:51:15.116, 12949 MiB, 337.85 W, 91 %, 63
2026/10/10 07:51:16.129, 12949 MiB, 337.08 W, 92 %, 63
2026/10/10 07:51:17.139, 12949 MiB, 341.14 W, 94 %, 63
2026/10/10 07:51:18.143, 12949 MiB, 341.73 W, 91 %, 63
2026/10/10 07:51:19.154, 12949 MiB, 338.05 W, 91 %, 63
2026/10/10 07:51:20.163, 12949 MiB, 340.65 W, 92 %, 63
2026/10/10 07:51:21.172, 12949 MiB, 338.27 W, 92 %, 63
2026/10/10 07:51:22.174, 12949 MiB, 340.03 W, 92 %, 63
2026/10/10 07:51:23.186, 12949 MiB, 341.44 W, 92 %, 63
2026/10/10 07:51:24.196, 12949 MiB, 342.30 W, 92 %, 63
2026/10/10 07:51:25.204, 12949 MiB, 340.68 W, 92 %, 63
2026/10/10 07:51:26.217, 12949 MiB, 342.17 W, 93 %, 63
2026/10/10 07:51:27.231, 12949 MiB, 343.84 W, 90 %, 63
2026/10/10 07:51:28.244, 12949 MiB, 342.58 W, 93 %, 63
2026/10/10 07:51:29.251, 12949 MiB, 344.90 W, 92 %, 63
2026/10/10 07:51:30.262, 12949 MiB, 344.21 W, 94 %, 63
2026/10/10 07:51:31.270, 12949 MiB, 345.76 W, 93 %, 63
2026/10/10 07:51:32.278, 12949 MiB, 345.01 W, 93 %, 63
2026/10/10 07:51:33.287, 12949 MiB, 346.14 W, 94 %, 63
2026/10/10 07:51:34.302, 12949 MiB, 345.22 W, 91 %, 63
2026/10/10 07:51:35.317, 12949 MiB, 344.69 W, 94 %, 63
2026/10/10 07:51:36.329, 12949 MiB, 345.05 W, 92 %, 63
2026/10/10 07:51:37.339, 12949 MiB, 343.47 W, 93 %, 63
2026/10/10 07:51:38.343, 12949 MiB, 346.44 W, 94 %, 63
2026/10/10 07:51:39.357, 12949 MiB, 345.87 W, 93 %, 63
2026/10/10 07:51:40.358, 12949 MiB, 346.03 W, 94 %, 63
2026/10/10 07:51:41.363, 12949 MiB, 346.75 W, 94 %, 63
2026/10/10 07:51:42.378, 12949 MiB, 345.55 W, 93 %, 63
2026/10/10 07:51:43.393, 12949 MiB, 347.36 W, 95 %, 63
2026/10/10 07:51:44.406, 12949 MiB, 347.74 W, 94 %, 63
2026/10/10 07:51:45.415, 12949 MiB, 347.10 W, 93 %, 63
2026/10/10 07:51:46.427, 12949 MiB, 346.28 W, 94 %, 62
2026/10/10 07:51:47.441, 12949 MiB, 344.62 W, 92 %, 63
2026/10/10 07:51:48.452, 12949 MiB, 350.18 W, 95 %, 63
2026/10/10 07:51:49.465, 12949 MiB, 351.02 W, 94 %, 63
2026/10/10 07:51:50.477, 12949 MiB, 351.56 W, 95 %, 63
2026/10/10 07:51:51.487, 12949 MiB, 351.62 W, 95 %, 63
2026/10/10 07:51:52.497, 12949 MiB, 353.40 W, 95 %, 63
2026/10/10 07:51:53.509, 12949 MiB, 353.33 W, 95 %, 63
2026/10/10 07:51:54.520, 12949 MiB, 351.77 W, 95 %, 63
2026/10/10 07:51:55.532, 12949 MiB, 353.19 W, 95 %, 63
2026/10/10 07:51:56.543, 12949 MiB, 351.46 W, 93 %, 63
2026/10/10 07:51:57.551, 12949 MiB, 353.58 W, 95 %, 63
2026/10/10 07:51:58.559, 12949 MiB, 355.05 W, 96 %, 63
2026/10/10 07:51:59.572, 12949 MiB, 353.29 W, 95 %, 63
2026/10/10 07:52:00.585, 12949 MiB, 352.96 W, 95 %, 63
2026/10/10 07:52:01.591, 12949 MiB, 353.28 W, 95 %, 63
2026/10/10 07:52:02.593, 12949 MiB, 354.98 W, 96 %, 63
2026/10/10 07:52:03.601, 12949 MiB, 353.90 W, 93 %, 63
2026/10/10 07:52:04.615, 12949 MiB, 354.03 W, 94 %, 63
2026/10/10 07:52:05.624, 12949 MiB, 355.21 W, 96 %, 63
2026/10/10 07:52:06.635, 12949 MiB, 353.87 W, 96 %, 63
2026/10/10 07:52:07.646, 12949 MiB, 355.25 W, 95 %, 63
2026/10/10 07:52:08.660, 12949 MiB, 354.80 W, 96 %, 63
2026/10/10 07:52:09.663, 12949 MiB, 354.97 W, 95 %, 63
2026/10/10 07:52:10.676, 12949 MiB, 354.67 W, 94 %, 63
2026/10/10 07:52:11.691, 12949 MiB, 355.97 W, 95 %, 63
2026/10/10 07:52:12.694, 12949 MiB, 355.50 W, 96 %, 63
2026/10/10 07:52:13.706, 12949 MiB, 354.94 W, 95 %, 63
2026/10/10 07:52:14.717, 12949 MiB, 356.62 W, 95 %, 63
2026/10/10 07:52:15.728, 12949 MiB, 355.36 W, 95 %, 63
2026/10/10 07:52:16.737, 12949 MiB, 355.19 W, 93 %, 63
2026/10/10 07:52:17.738, 12949 MiB, 355.94 W, 95 %, 63
2026/10/10 07:52:18.750, 12949 MiB, 355.94 W, 96 %, 63
2026/10/10 07:52:19.760, 12949 MiB, 356.82 W, 95 %, 64
2026/10/10 07:52:20.772, 12949 MiB, 356.67 W, 95 %, 63
2026/10/10 07:52:21.784, 12949 MiB, 357.46 W, 95 %, 63
2026/10/10 07:52:22.794, 12949 MiB, 357.31 W, 95 %, 63
2026/10/10 07:52:23.803, 12949 MiB, 357.17 W, 95 %, 63
2026/10/10 07:52:24.813, 12949 MiB, 357.25 W, 94 %, 63
2026/10/10 07:52:25.822, 12949 MiB, 355.76 W, 95 %, 63
2026/10/10 07:52:26.831, 12949 MiB, 358.36 W, 95 %, 64
2026/10/10 07:52:27.839, 12949 MiB, 358.58 W, 95 %, 64
2026/10/10 07:52:28.847, 12949 MiB, 357.20 W, 96 %, 64
2026/10/10 07:52:29.853, 12949 MiB, 357.06 W, 95 %, 63
2026/10/10 07:52:30.858, 12949 MiB, 356.84 W, 91 %, 64
2026/10/10 07:52:31.864, 12949 MiB, 357.43 W, 96 %, 63
2026/10/10 07:52:32.870, 12949 MiB, 358.44 W, 95 %, 64
2026/10/10 07:52:33.881, 12949 MiB, 357.19 W, 94 %, 64
2026/10/10 07:52:34.890, 12949 MiB, 358.74 W, 95 %, 64
2026/10/10 07:52:35.903, 12949 MiB, 359.14 W, 95 %, 64
2026/10/10 07:52:36.913, 12949 MiB, 357.42 W, 95 %, 64
2026/10/10 07:52:37.922, 12949 MiB, 359.08 W, 95 %, 64
2026/10/10 07:52:38.936, 12949 MiB, 358.81 W, 95 %, 64
2026/10/10 07:52:39.946, 12949 MiB, 359.97 W, 95 %, 64
2026/10/10 07:52:40.958, 12949 MiB, 359.39 W, 95 %, 64
2026/10/10 07:52:41.968, 12949 MiB, 357.92 W, 95 %, 64
2026/10/10 07:52:42.978, 12949 MiB, 359.46 W, 95 %, 64
2026/10/10 07:52:43.992, 12949 MiB, 357.99 W, 93 %, 64
2026/10/10 07:52:45.002, 12949 MiB, 359.32 W, 95 %, 64
2026/10/10 07:52:46.013, 12949 MiB, 359.70 W, 96 %, 64
2026/10/10 07:52:47.023, 12949 MiB, 359.30 W, 95 %, 64
2026/10/10 07:52:48.034, 12949 MiB, 360.25 W, 95 %, 64
2026/10/10 07:52:49.043, 12949 MiB, 361.50 W, 95 %, 64
2026/10/10 07:52:50.054, 12949 MiB, 361.22 W, 95 %, 64
2026/10/10 07:52:51.068, 12949 MiB, 362.57 W, 95 %, 64
2026/10/10 07:52:52.078, 12949 MiB, 360.96 W, 95 %, 64
2026/10/10 07:52:53.087, 12949 MiB, 361.34 W, 95 %, 64
2026/10/10 07:52:54.095, 12949 MiB, 360.96 W, 95 %, 64
2026/10/10 07:52:55.100, 12949 MiB, 359.35 W, 95 %, 64
2026/10/10 07:52:56.107, 12949 MiB, 360.68 W, 95 %, 64
2026/10/10 07:52:57.116, 12949 MiB, 359.38 W, 95 %, 64
2026/10/10 07:52:58.123, 12949 MiB, 359.23 W, 96 %, 64
2026/10/10 07:52:59.132, 12949 MiB, 361.20 W, 94 %, 64
2026/10/10 07:53:00.138, 12949 MiB, 358.93 W, 96 %, 64
2026/10/10 07:53:01.145, 12949 MiB, 361.90 W, 95 %, 64
2026/10/10 07:53:02.153, 12949 MiB, 361.29 W, 95 %, 64
2026/10/10 07:53:03.162, 12949 MiB, 359.90 W, 93 %, 64
2026/10/10 07:53:04.171, 12949 MiB, 361.72 W, 96 %, 64
2026/10/10 07:53:05.173, 12949 MiB, 362.11 W, 95 %, 64
2026/10/10 07:53:06.184, 12949 MiB, 360.15 W, 93 %, 64
2026/10/10 07:53:07.196, 12949 MiB, 361.80 W, 95 %, 64
2026/10/10 07:53:08.204, 12949 MiB, 361.15 W, 95 %, 64
2026/10/10 07:53:09.217, 12949 MiB, 362.08 W, 96 %, 64
2026/10/10 07:53:10.229, 12949 MiB, 363.18 W, 95 %, 64
2026/10/10 07:53:11.238, 12949 MiB, 362.38 W, 96 %, 64
2026/10/10 07:53:12.249, 12949 MiB, 363.66 W, 96 %, 64
2026/10/10 07:53:13.257, 12949 MiB, 362.42 W, 95 %, 64
2026/10/10 07:53:14.268, 12949 MiB, 362.99 W, 93 %, 64
2026/10/10 07:53:15.279, 12949 MiB, 358.04 W, 94 %, 64
2026/10/10 07:53:16.289, 12949 MiB, 361.66 W, 95 %, 64
2026/10/10 07:53:17.289, 12949 MiB, 363.14 W, 95 %, 64
2026/10/10 07:53:18.302, 12949 MiB, 363.52 W, 96 %, 64
2026/10/10 07:53:19.318, 12949 MiB, 364.51 W, 95 %, 64
2026/10/10 07:53:20.322, 12949 MiB, 364.90 W, 96 %, 64
2026/10/10 07:53:21.337, 12949 MiB, 365.28 W, 96 %, 64
2026/10/10 07:53:22.338, 12949 MiB, 363.70 W, 96 %, 64
2026/10/10 07:53:23.353, 12949 MiB, 364.50 W, 96 %, 64
2026/10/10 07:53:24.368, 12949 MiB, 363.54 W, 96 %, 64
2026/10/10 07:53:25.382, 12949 MiB, 365.37 W, 96 %, 64
2026/10/10 07:53:26.393, 12949 MiB, 365.06 W, 96 %, 64
2026/10/10 07:53:27.407, 12949 MiB, 363.44 W, 96 %, 64
2026/10/10 07:53:28.419, 12949 MiB, 365.19 W, 95 %, 64
2026/10/10 07:53:29.432, 12949 MiB, 364.86 W, 96 %, 64
2026/10/10 07:53:30.441, 12949 MiB, 362.82 W, 96 %, 64
2026/10/10 07:53:31.455, 12949 MiB, 365.46 W, 96 %, 64
2026/10/10 07:53:32.464, 12949 MiB, 365.54 W, 95 %, 64
2026/10/10 07:53:33.475, 12949 MiB, 363.70 W, 96 %, 64
2026/10/10 07:53:34.476, 12949 MiB, 365.43 W, 96 %, 64
2026/10/10 07:53:35.484, 12949 MiB, 364.68 W, 93 %, 64
2026/10/10 07:53:36.498, 12949 MiB, 364.66 W, 96 %, 64
2026/10/10 07:53:37.518, 12949 MiB, 365.58 W, 95 %, 64
2026/10/10 07:53:38.530, 12949 MiB, 364.01 W, 94 %, 64
2026/10/10 07:53:39.539, 12949 MiB, 364.99 W, 95 %, 64
2026/10/10 07:53:40.540, 12949 MiB, 364.98 W, 95 %, 64
2026/10/10 07:53:41.550, 12949 MiB, 364.80 W, 95 %, 64
2026/10/10 07:53:42.563, 12949 MiB, 365.89 W, 96 %, 64
2026/10/10 07:53:43.576, 12949 MiB, 366.02 W, 95 %, 64
2026/10/10 07:53:44.588, 12949 MiB, 365.89 W, 95 %, 64
2026/10/10 07:53:45.601, 12949 MiB, 365.73 W, 95 %, 64
2026/10/10 07:53:46.609, 12949 MiB, 365.24 W, 96 %, 64
2026/10/10 07:53:47.611, 12949 MiB, 364.85 W, 95 %, 64
2026/10/10 07:53:48.623, 12949 MiB, 366.78 W, 96 %, 64
2026/10/10 07:53:49.635, 12949 MiB, 366.95 W, 96 %, 64
2026/10/10 07:53:50.636, 12949 MiB, 365.92 W, 96 %, 64
2026/10/10 07:53:51.648, 12949 MiB, 366.89 W, 95 %, 64
2026/10/10 07:53:52.649, 12949 MiB, 365.57 W, 92 %, 64
2026/10/10 07:53:53.651, 12949 MiB, 365.64 W, 96 %, 64
2026/10/10 07:53:54.656, 12949 MiB, 367.18 W, 96 %, 64
2026/10/10 07:53:55.669, 12949 MiB, 366.07 W, 96 %, 64
2026/10/10 07:53:56.682, 12949 MiB, 368.10 W, 96 %, 64
2026/10/10 07:53:57.683, 12949 MiB, 367.55 W, 96 %, 64
2026/10/10 07:53:58.695, 12949 MiB, 366.73 W, 95 %, 65
2026/10/10 07:53:59.708, 12949 MiB, 366.05 W, 96 %, 64
2026/10/10 07:54:00.724, 12949 MiB, 366.61 W, 94 %, 64
2026/10/10 07:54:01.738, 12949 MiB, 365.85 W, 96 %, 65
2026/10/10 07:54:02.749, 12949 MiB, 363.20 W, 94 %, 64
2026/10/10 07:54:03.751, 12949 MiB, 365.51 W, 96 %, 64
2026/10/10 07:54:04.765, 12949 MiB, 367.09 W, 96 %, 64
2026/10/10 07:54:05.766, 12949 MiB, 367.81 W, 95 %, 64
2026/10/10 07:54:06.776, 12949 MiB, 366.12 W, 92 %, 64
2026/10/10 07:54:07.790, 12949 MiB, 367.13 W, 96 %, 64
2026/10/10 07:54:08.804, 12949 MiB, 368.95 W, 96 %, 64
2026/10/10 07:54:09.814, 12949 MiB, 367.15 W, 96 %, 64
2026/10/10 07:54:10.828, 12949 MiB, 369.83 W, 96 %, 64
2026/10/10 07:54:11.834, 12949 MiB, 369.73 W, 96 %, 65
2026/10/10 07:54:12.843, 12949 MiB, 367.39 W, 96 %, 65
2026/10/10 07:54:13.856, 12949 MiB, 369.17 W, 96 %, 65
2026/10/10 07:54:14.865, 12949 MiB, 368.98 W, 95 %, 64
2026/10/10 07:54:15.879, 12949 MiB, 368.51 W, 96 %, 65
2026/10/10 07:54:16.890, 12949 MiB, 370.09 W, 96 %, 65
2026/10/10 07:54:17.895, 12949 MiB, 369.93 W, 96 %, 65
2026/10/10 07:54:18.900, 12949 MiB, 367.90 W, 96 %, 65
2026/10/10 07:54:19.910, 12949 MiB, 368.86 W, 95 %, 65
2026/10/10 07:54:20.920, 12949 MiB, 368.54 W, 93 %, 65
2026/10/10 07:54:21.933, 12949 MiB, 367.23 W, 96 %, 65
2026/10/10 07:54:22.947, 12949 MiB, 368.60 W, 96 %, 65
2026/10/10 07:54:23.959, 12949 MiB, 369.30 W, 96 %, 65
2026/10/10 07:54:24.971, 12949 MiB, 368.33 W, 95 %, 65
2026/10/10 07:54:25.984, 12949 MiB, 368.66 W, 95 %, 65
2026/10/10 07:54:26.998, 12949 MiB, 369.11 W, 96 %, 65
2026/10/10 07:54:28.008, 12949 MiB, 368.71 W, 96 %, 65
2026/10/10 07:54:29.022, 12949 MiB, 369.29 W, 93 %, 65
2026/10/10 07:54:30.032, 12949 MiB, 367.78 W, 96 %, 65
2026/10/10 07:54:31.033, 12949 MiB, 368.71 W, 96 %, 65
2026/10/10 07:54:32.047, 12949 MiB, 370.11 W, 96 %, 65
2026/10/10 07:54:33.047, 12949 MiB, 370.39 W, 94 %, 65
2026/10/10 07:54:34.059, 12949 MiB, 368.49 W, 96 %, 65
2026/10/10 07:54:35.072, 12949 MiB, 371.15 W, 96 %, 65
2026/10/10 07:54:36.084, 12949 MiB, 371.07 W, 96 %, 65
2026/10/10 07:54:37.098, 12949 MiB, 369.06 W, 96 %, 65
2026/10/10 07:54:38.110, 12949 MiB, 370.97 W, 96 %, 65
2026/10/10 07:54:39.122, 12949 MiB, 372.03 W, 96 %, 65
2026/10/10 07:54:40.135, 12949 MiB, 370.21 W, 96 %, 65
2026/10/10 07:54:41.141, 12949 MiB, 371.47 W, 95 %, 65
2026/10/10 07:54:42.152, 12949 MiB, 370.78 W, 96 %, 65
2026/10/10 07:54:43.167, 12949 MiB, 330.01 W, 0 %, 57
2026/10/10 07:54:44.167, 12949 MiB, 77.77 W, 63 %, 53
2026/10/10 07:54:45.177, 12949 MiB, 267.22 W, 95 %, 64
2026/10/10 07:54:46.184, 12949 MiB, 347.86 W, 95 %, 64
2026/10/10 07:54:47.195, 12949 MiB, 347.25 W, 93 %, 64
2026/10/10 07:54:48.204, 12949 MiB, 350.24 W, 95 %, 64
2026/10/10 07:54:49.212, 12949 MiB, 349.52 W, 96 %, 64
2026/10/10 07:54:50.225, 12949 MiB, 351.04 W, 95 %, 64
2026/10/10 07:54:51.233, 12949 MiB, 349.33 W, 94 %, 64
2026/10/10 07:54:52.243, 12949 MiB, 351.02 W, 95 %, 64
2026/10/10 07:54:53.254, 12949 MiB, 351.42 W, 95 %, 64
2026/10/10 07:54:54.267, 12949 MiB, 351.26 W, 95 %, 64
2026/10/10 07:54:55.282, 12949 MiB, 352.45 W, 95 %, 64
2026/10/10 07:54:56.295, 12949 MiB, 350.81 W, 94 %, 64
2026/10/10 07:54:57.307, 12949 MiB, 351.91 W, 95 %, 64
2026/10/10 07:54:58.317, 12949 MiB, 351.55 W, 96 %, 64
2026/10/10 07:54:59.327, 12949 MiB, 352.67 W, 95 %, 64
2026/10/10 07:55:00.338, 12949 MiB, 351.66 W, 96 %, 64
2026/10/10 07:55:01.342, 12949 MiB, 353.11 W, 96 %, 64
2026/10/10 07:55:02.349, 12949 MiB, 353.32 W, 96 %, 64
2026/10/10 07:55:03.353, 12949 MiB, 351.00 W, 95 %, 64
2026/10/10 07:55:04.357, 12949 MiB, 352.38 W, 96 %, 64
2026/10/10 07:55:05.362, 12949 MiB, 351.75 W, 96 %, 64
2026/10/10 07:55:06.367, 12949 MiB, 353.57 W, 96 %, 64
2026/10/10 07:55:07.382, 12949 MiB, 352.71 W, 96 %, 64
2026/10/10 07:55:08.396, 12949 MiB, 353.49 W, 96 %, 64
2026/10/10 07:55:09.405, 12949 MiB, 353.42 W, 96 %, 64
2026/10/10 07:55:10.415, 12949 MiB, 353.67 W, 95 %, 64
2026/10/10 07:55:11.423, 12949 MiB, 353.90 W, 96 %, 64
2026/10/10 07:55:12.433, 12949 MiB, 352.98 W, 96 %, 64
2026/10/10 07:55:13.446, 12949 MiB, 354.02 W, 96 %, 64
2026/10/10 07:55:14.451, 12949 MiB, 353.82 W, 95 %, 64
2026/10/10 07:55:15.452, 12949 MiB, 354.69 W, 96 %, 64
2026/10/10 07:55:16.456, 12949 MiB, 353.81 W, 96 %, 64
2026/10/10 07:55:17.470, 12949 MiB, 355.22 W, 96 %, 64
2026/10/10 07:55:18.479, 12949 MiB, 352.69 W, 96 %, 64
2026/10/10 07:55:19.487, 12949 MiB, 354.15 W, 96 %, 64
2026/10/10 07:55:20.496, 12949 MiB, 354.63 W, 95 %, 64
2026/10/10 07:55:21.500, 12949 MiB, 354.49 W, 96 %, 65
2026/10/10 07:55:22.514, 12949 MiB, 355.30 W, 95 %, 64
2026/10/10 07:55:23.517, 12949 MiB, 354.89 W, 96 %, 64
2026/10/10 07:55:24.520, 12949 MiB, 356.09 W, 96 %, 64
2026/10/10 07:55:25.535, 12949 MiB, 356.67 W, 96 %, 65
2026/10/10 07:55:26.541, 12949 MiB, 356.31 W, 96 %, 65
2026/10/10 07:55:27.550, 12949 MiB, 357.04 W, 95 %, 65
2026/10/10 07:55:28.556, 12949 MiB, 356.08 W, 94 %, 65
2026/10/10 07:55:29.565, 12949 MiB, 356.20 W, 96 %, 65
2026/10/10 07:55:30.572, 12949 MiB, 355.19 W, 93 %, 65
2026/10/10 07:55:31.577, 12949 MiB, 355.37 W, 96 %, 65
2026/10/10 07:55:32.583, 12949 MiB, 356.18 W, 95 %, 64
2026/10/10 07:55:33.589, 12949 MiB, 356.05 W, 96 %, 65
2026/10/10 07:55:34.589, 12949 MiB, 357.65 W, 96 %, 65
2026/10/10 07:55:35.598, 12949 MiB, 356.15 W, 96 %, 65
2026/10/10 07:55:36.609, 12949 MiB, 353.15 W, 96 %, 65
2026/10/10 07:55:37.623, 12949 MiB, 351.00 W, 96 %, 63
2026/10/10 07:55:38.638, 12949 MiB, 180.95 W, 100 %, 73
2026/10/10 07:55:39.649, 12949 MiB, 460.35 W, 100 %, 73
2026/10/10 07:55:40.660, 12949 MiB, 409.70 W, 100 %, 77
2026/10/10 07:55:41.670, 12949 MiB, 436.88 W, 77 %, 73
2026/10/10 07:55:42.684, 12949 MiB, 429.43 W, 96 %, 75
2026/10/10 07:55:43.688, 12949 MiB, 430.28 W, 92 %, 74
2026/10/10 07:55:44.696, 12949 MiB, 381.93 W, 96 %, 65
2026/10/10 07:55:45.702, 12949 MiB, 351.32 W, 95 %, 64
2026/10/10 07:55:46.712, 12949 MiB, 350.00 W, 95 %, 64
2026/10/10 07:55:47.724, 12949 MiB, 351.14 W, 96 %, 64
2026/10/10 07:55:48.732, 12949 MiB, 350.51 W, 96 %, 64
2026/10/10 07:55:49.747, 12949 MiB, 350.63 W, 94 %, 64
2026/10/10 07:55:50.761, 12949 MiB, 349.68 W, 92 %, 64
2026/10/10 07:55:51.773, 12949 MiB, 350.42 W, 96 %, 64
2026/10/10 07:55:52.784, 12949 MiB, 351.97 W, 94 %, 64
2026/10/10 07:55:53.796, 12949 MiB, 350.22 W, 96 %, 64
2026/10/10 07:55:54.798, 12949 MiB, 352.37 W, 96 %, 64
2026/10/10 07:55:55.812, 12949 MiB, 351.50 W, 96 %, 64
2026/10/10 07:55:56.822, 12949 MiB, 352.08 W, 95 %, 64
2026/10/10 07:55:57.835, 12949 MiB, 351.64 W, 96 %, 64
2026/10/10 07:55:58.846, 12949 MiB, 352.67 W, 95 %, 64
2026/10/10 07:55:59.855, 12949 MiB, 351.52 W, 95 %, 64
2026/10/10 07:56:00.865, 12949 MiB, 353.07 W, 96 %, 64
2026/10/10 07:56:01.868, 12949 MiB, 353.50 W, 96 %, 64
2026/10/10 07:56:02.878, 12949 MiB, 352.68 W, 95 %, 64
2026/10/10 07:56:03.888, 12949 MiB, 352.77 W, 96 %, 64
2026/10/10 07:56:04.899, 12949 MiB, 352.68 W, 95 %, 64
2026/10/10 07:56:05.909, 12949 MiB, 352.73 W, 95 %, 64
2026/10/10 07:56:06.919, 12949 MiB, 352.00 W, 95 %, 64
2026/10/10 07:56:07.931, 12949 MiB, 354.12 W, 96 %, 64
2026/10/10 07:56:08.942, 12949 MiB, 352.97 W, 94 %, 64
2026/10/10 07:56:09.954, 12949 MiB, 353.47 W, 95 %, 64
2026/10/10 07:56:10.965, 12949 MiB, 353.99 W, 96 %, 64
2026/10/10 07:56:11.975, 12949 MiB, 353.67 W, 96 %, 64
2026/10/10 07:56:12.987, 12949 MiB, 354.92 W, 96 %, 64
2026/10/10 07:56:13.999, 12949 MiB, 353.58 W, 95 %, 64
2026/10/10 07:56:15.010, 12949 MiB, 354.66 W, 96 %, 64
2026/10/10 07:56:16.022, 12949 MiB, 353.87 W, 94 %, 64
2026/10/10 07:56:17.036, 12949 MiB, 352.79 W, 96 %, 64
2026/10/10 07:56:18.046, 12949 MiB, 353.96 W, 96 %, 64
2026/10/10 07:56:19.061, 12949 MiB, 354.35 W, 96 %, 64
2026/10/10 07:56:20.076, 12949 MiB, 355.67 W, 96 %, 64
2026/10/10 07:56:21.089, 12949 MiB, 354.95 W, 96 %, 64
2026/10/10 07:56:22.091, 12949 MiB, 354.33 W, 92 %, 64
2026/10/10 07:56:23.105, 12949 MiB, 353.60 W, 94 %, 64
2026/10/10 07:56:24.106, 12949 MiB, 354.61 W, 96 %, 64
2026/10/10 07:56:25.110, 12949 MiB, 356.02 W, 96 %, 64
2026/10/10 07:56:26.122, 12949 MiB, 354.44 W, 96 %, 64
2026/10/10 07:56:27.122, 12949 MiB, 356.88 W, 95 %, 64
2026/10/10 07:56:28.135, 12949 MiB, 355.17 W, 95 %, 63
2026/10/10 07:56:29.144, 12949 MiB, 356.22 W, 96 %, 63
2026/10/10 07:56:30.159, 12949 MiB, 355.39 W, 96 %, 64
2026/10/10 07:56:31.168, 12949 MiB, 355.77 W, 96 %, 64
2026/10/10 07:56:32.177, 12949 MiB, 356.32 W, 96 %, 64
2026/10/10 07:56:33.189, 12949 MiB, 356.24 W, 96 %, 64
2026/10/10 07:56:34.197, 12949 MiB, 357.37 W, 96 %, 64
2026/10/10 07:56:35.212, 12949 MiB, 355.30 W, 94 %, 63
2026/10/10 07:56:36.223, 12949 MiB, 356.54 W, 95 %, 64
2026/10/10 07:56:37.233, 12949 MiB, 356.08 W, 96 %, 63
2026/10/10 07:56:38.247, 12949 MiB, 357.17 W, 96 %, 64
2026/10/10 07:56:39.260, 12949 MiB, 357.97 W, 96 %, 64
2026/10/10 07:56:40.271, 12949 MiB, 356.06 W, 94 %, 64
2026/10/10 07:56:41.282, 12949 MiB, 357.36 W, 96 %, 64
2026/10/10 07:56:42.291, 12949 MiB, 356.37 W, 96 %, 64
2026/10/10 07:56:43.298, 12949 MiB, 358.12 W, 96 %, 64
2026/10/10 07:56:44.306, 12949 MiB, 357.97 W, 96 %, 64
2026/10/10 07:56:45.314, 12949 MiB, 356.39 W, 95 %, 64
2026/10/10 07:56:46.329, 12949 MiB, 356.70 W, 95 %, 63
2026/10/10 07:56:47.341, 12949 MiB, 355.02 W, 95 %, 63
2026/10/10 07:56:48.350, 12949 MiB, 357.87 W, 96 %, 63
2026/10/10 07:56:49.358, 12949 MiB, 356.75 W, 96 %, 63
2026/10/10 07:56:50.373, 12949 MiB, 356.09 W, 95 %, 64
2026/10/10 07:56:51.385, 12949 MiB, 357.48 W, 96 %, 63
2026/10/10 07:56:52.399, 12949 MiB, 357.00 W, 95 %, 64
2026/10/10 07:56:53.411, 12949 MiB, 358.77 W, 96 %, 64
2026/10/10 07:56:54.411, 12949 MiB, 357.57 W, 94 %, 63
2026/10/10 07:56:55.426, 12949 MiB, 357.58 W, 96 %, 64
2026/10/10 07:56:56.440, 12949 MiB, 359.18 W, 96 %, 64
2026/10/10 07:56:57.453, 12949 MiB, 358.72 W, 95 %, 64
2026/10/10 07:56:58.462, 12949 MiB, 359.68 W, 96 %, 64
2026/10/10 07:56:59.464, 12949 MiB, 358.22 W, 95 %, 63
2026/10/10 07:57:00.473, 12949 MiB, 357.72 W, 96 %, 64
2026/10/10 07:57:01.483, 12949 MiB, 359.56 W, 96 %, 64
2026/10/10 07:57:02.492, 12949 MiB, 358.71 W, 96 %, 64
2026/10/10 07:57:03.500, 12949 MiB, 360.94 W, 96 %, 64
2026/10/10 07:57:04.506, 12949 MiB, 360.43 W, 95 %, 64
2026/10/10 07:57:05.515, 12949 MiB, 359.68 W, 96 %, 64
2026/10/10 07:57:06.522, 12949 MiB, 360.13 W, 96 %, 64
2026/10/10 07:57:07.535, 12949 MiB, 359.45 W, 96 %, 64
2026/10/10 07:57:08.543, 12949 MiB, 361.14 W, 95 %, 64
2026/10/10 07:57:09.550, 12949 MiB, 360.00 W, 96 %, 64
2026/10/10 07:57:10.556, 12949 MiB, 360.53 W, 96 %, 64
2026/10/10 07:57:11.564, 12949 MiB, 361.23 W, 96 %, 64
2026/10/10 07:57:12.577, 12949 MiB, 360.58 W, 96 %, 64
2026/10/10 07:57:13.585, 12949 MiB, 362.77 W, 96 %, 64
2026/10/10 07:57:14.587, 12949 MiB, 361.62 W, 96 %, 64
2026/10/10 07:57:15.592, 12949 MiB, 360.11 W, 96 %, 64
2026/10/10 07:57:16.605, 12949 MiB, 361.12 W, 96 %, 63
2026/10/10 07:57:17.613, 12949 MiB, 360.60 W, 96 %, 64
2026/10/10 07:57:18.622, 12949 MiB, 362.90 W, 96 %, 64
2026/10/10 07:57:19.632, 12949 MiB, 361.49 W, 96 %, 64
2026/10/10 07:57:20.643, 12949 MiB, 360.27 W, 96 %, 64
2026/10/10 07:57:21.644, 12949 MiB, 361.69 W, 96 %, 64
2026/10/10 07:57:22.659, 12949 MiB, 362.48 W, 96 %, 64
2026/10/10 07:57:23.666, 12949 MiB, 361.87 W, 95 %, 64
2026/10/10 07:57:24.678, 12949 MiB, 362.01 W, 95 %, 64
2026/10/10 07:57:25.688, 12949 MiB, 362.12 W, 96 %, 64
2026/10/10 07:57:26.701, 12949 MiB, 363.64 W, 96 %, 64
2026/10/10 07:57:27.715, 12949 MiB, 361.89 W, 96 %, 64
2026/10/10 07:57:28.719, 12949 MiB, 363.14 W, 95 %, 64
2026/10/10 07:57:29.731, 12949 MiB, 362.24 W, 96 %, 64
2026/10/10 07:57:30.737, 12949 MiB, 362.30 W, 96 %, 64
2026/10/10 07:57:31.741, 12949 MiB, 363.56 W, 96 %, 64
2026/10/10 07:57:32.750, 12949 MiB, 361.97 W, 96 %, 64
2026/10/10 07:57:33.750, 12949 MiB, 362.39 W, 95 %, 64
2026/10/10 07:57:34.752, 12949 MiB, 364.22 W, 96 %, 64
2026/10/10 07:57:35.761, 12949 MiB, 362.69 W, 96 %, 64
2026/10/10 07:57:36.768, 12949 MiB, 364.32 W, 96 %, 64
2026/10/10 07:57:37.771, 12949 MiB, 363.14 W, 96 %, 63
2026/10/10 07:57:38.790, 12949 MiB, 363.62 W, 96 %, 64
2026/10/10 07:57:39.798, 12949 MiB, 363.54 W, 96 %, 64
2026/10/10 07:57:40.805, 12949 MiB, 364.59 W, 95 %, 64
2026/10/10 07:57:41.813, 12949 MiB, 363.47 W, 96 %, 64
2026/10/10 07:57:42.819, 12949 MiB, 364.90 W, 96 %, 64
2026/10/10 07:57:43.824, 12949 MiB, 363.24 W, 96 %, 64
2026/10/10 07:57:44.828, 12949 MiB, 365.01 W, 96 %, 64
2026/10/10 07:57:45.834, 12949 MiB, 365.05 W, 96 %, 64
2026/10/10 07:57:46.839, 12949 MiB, 362.49 W, 96 %, 64
2026/10/10 07:57:47.847, 12949 MiB, 363.93 W, 96 %, 64
2026/10/10 07:57:48.858, 12949 MiB, 364.51 W, 95 %, 64
2026/10/10 07:57:49.867, 12949 MiB, 363.17 W, 96 %, 64
2026/10/10 07:57:50.879, 12949 MiB, 365.28 W, 96 %, 64
2026/10/10 07:57:51.888, 12949 MiB, 364.87 W, 93 %, 64
2026/10/10 07:57:52.898, 12949 MiB, 364.66 W, 96 %, 64
2026/10/10 07:57:53.907, 12949 MiB, 365.60 W, 96 %, 64
2026/10/10 07:57:54.923, 12949 MiB, 361.28 W, 93 %, 63
2026/10/10 07:57:55.932, 12949 MiB, 363.28 W, 96 %, 64
2026/10/10 07:57:56.945, 12949 MiB, 365.87 W, 96 %, 63
2026/10/10 07:57:57.950, 12949 MiB, 365.01 W, 95 %, 64
2026/10/10 07:57:58.956, 12949 MiB, 366.40 W, 96 %, 64
2026/10/10 07:57:59.965, 12949 MiB, 365.12 W, 96 %, 64
2026/10/10 07:58:00.974, 12949 MiB, 364.58 W, 95 %, 64
2026/10/10 07:58:01.987, 12949 MiB, 366.77 W, 96 %, 64
2026/10/10 07:58:03.002, 12949 MiB, 365.64 W, 93 %, 64
2026/10/10 07:58:04.012, 12949 MiB, 366.10 W, 96 %, 64
2026/10/10 07:58:05.026, 12949 MiB, 364.69 W, 95 %, 64
2026/10/10 07:58:06.035, 12949 MiB, 364.82 W, 96 %, 64
2026/10/10 07:58:07.049, 12949 MiB, 366.51 W, 95 %, 64
2026/10/10 07:58:08.057, 12949 MiB, 366.17 W, 96 %, 64
2026/10/10 07:58:09.066, 12949 MiB, 365.28 W, 96 %, 64
2026/10/10 07:58:10.071, 12949 MiB, 366.89 W, 96 %, 64
2026/10/10 07:58:11.078, 12949 MiB, 366.46 W, 96 %, 64
2026/10/10 07:58:12.088, 12949 MiB, 365.34 W, 96 %, 64
2026/10/10 07:58:13.098, 12949 MiB, 368.06 W, 96 %, 64
2026/10/10 07:58:14.103, 12949 MiB, 367.32 W, 94 %, 64
2026/10/10 07:58:15.111, 12949 MiB, 367.21 W, 96 %, 64
2026/10/10 07:58:16.126, 12949 MiB, 368.28 W, 96 %, 64
2026/10/10 07:58:17.134, 12949 MiB, 367.24 W, 96 %, 64
2026/10/10 07:58:18.144, 12949 MiB, 367.85 W, 96 %, 64
2026/10/10 07:58:19.154, 12949 MiB, 367.56 W, 96 %, 64
2026/10/10 07:58:20.165, 12949 MiB, 366.31 W, 96 %, 64
2026/10/10 07:58:21.171, 12949 MiB, 367.47 W, 96 %, 64
2026/10/10 07:58:22.181, 12949 MiB, 367.44 W, 97 %, 64
2026/10/10 07:58:23.195, 12949 MiB, 367.27 W, 96 %, 64
2026/10/10 07:58:24.207, 12949 MiB, 368.77 W, 96 %, 64
2026/10/10 07:58:25.220, 12949 MiB, 367.19 W, 96 %, 64
2026/10/10 07:58:26.221, 12949 MiB, 367.82 W, 96 %, 64
2026/10/10 07:58:27.236, 12949 MiB, 368.53 W, 96 %, 64
2026/10/10 07:58:28.248, 12949 MiB, 367.93 W, 96 %, 64
2026/10/10 07:58:29.252, 12949 MiB, 368.15 W, 95 %, 64
2026/10/10 07:58:30.255, 12949 MiB, 368.46 W, 96 %, 64
2026/10/10 07:58:31.257, 12949 MiB, 367.94 W, 96 %, 64
2026/10/10 07:58:32.259, 12949 MiB, 369.01 W, 96 %, 64
2026/10/10 07:58:33.260, 12949 MiB, 369.51 W, 96 %, 64
2026/10/10 07:58:34.264, 12949 MiB, 368.22 W, 96 %, 64
2026/10/10 07:58:35.268, 12949 MiB, 368.09 W, 94 %, 64
2026/10/10 07:58:36.269, 12949 MiB, 365.75 W, 95 %, 64
2026/10/10 07:58:37.284, 12949 MiB, 368.25 W, 96 %, 64
2026/10/10 07:58:38.299, 12949 MiB, 369.00 W, 97 %, 64
2026/10/10 07:58:39.301, 12949 MiB, 368.74 W, 95 %, 64
2026/10/10 07:58:40.302, 12949 MiB, 368.11 W, 96 %, 64
2026/10/10 07:58:41.315, 12949 MiB, 369.69 W, 96 %, 64
2026/10/10 07:58:42.330, 12949 MiB, 370.02 W, 96 %, 64
2026/10/10 07:58:43.341, 12949 MiB, 369.09 W, 94 %, 64
2026/10/10 07:58:44.355, 12949 MiB, 369.68 W, 97 %, 64
2026/10/10 07:58:45.361, 12949 MiB, 370.61 W, 97 %, 64
2026/10/10 07:58:46.367, 12949 MiB, 369.37 W, 96 %, 64
2026/10/10 07:58:47.376, 12949 MiB, 369.65 W, 96 %, 64
2026/10/10 07:58:48.386, 12949 MiB, 369.21 W, 94 %, 64
2026/10/10 07:58:49.390, 12949 MiB, 369.66 W, 96 %, 64
2026/10/10 07:58:50.396, 12949 MiB, 370.49 W, 96 %, 64
2026/10/10 07:58:51.408, 12949 MiB, 369.34 W, 94 %, 64
2026/10/10 07:58:52.421, 12949 MiB, 370.13 W, 96 %, 64
2026/10/10 07:58:53.436, 12949 MiB, 370.88 W, 96 %, 64
2026/10/10 07:58:54.448, 12949 MiB, 369.55 W, 97 %, 64
2026/10/10 07:58:55.464, 12949 MiB, 369.87 W, 96 %, 64
2026/10/10 07:58:56.475, 12949 MiB, 369.89 W, 96 %, 64
2026/10/10 07:58:57.486, 12949 MiB, 369.37 W, 96 %, 64
2026/10/10 07:58:58.500, 12949 MiB, 370.05 W, 94 %, 64
2026/10/10 07:58:59.510, 12949 MiB, 368.98 W, 95 %, 64
2026/10/10 07:59:00.526, 12949 MiB, 368.10 W, 96 %, 64
2026/10/10 07:59:01.537, 12949 MiB, 370.75 W, 96 %, 64
2026/10/10 07:59:02.552, 12949 MiB, 369.97 W, 96 %, 64
2026/10/10 07:59:03.552, 12949 MiB, 369.88 W, 96 %, 64
2026/10/10 07:59:04.566, 12949 MiB, 371.18 W, 97 %, 64
2026/10/10 07:59:05.579, 12949 MiB, 371.50 W, 96 %, 64
2026/10/10 07:59:06.591, 12949 MiB, 369.62 W, 97 %, 64
2026/10/10 07:59:07.607, 12949 MiB, 370.87 W, 96 %, 64
2026/10/10 07:59:08.622, 12949 MiB, 371.42 W, 96 %, 64
2026/10/10 07:59:09.637, 12949 MiB, 370.46 W, 96 %, 64
2026/10/10 07:59:10.641, 12949 MiB, 371.35 W, 96 %, 64
2026/10/10 07:59:11.643, 12949 MiB, 371.20 W, 96 %, 64
2026/10/10 07:59:12.655, 12949 MiB, 371.32 W, 96 %, 64
2026/10/10 07:59:13.664, 12949 MiB, 372.55 W, 96 %, 64
2026/10/10 07:59:14.672, 12949 MiB, 371.69 W, 96 %, 64
2026/10/10 07:59:15.674, 12949 MiB, 370.60 W, 96 %, 64
2026/10/10 07:59:16.682, 12949 MiB, 372.63 W, 97 %, 64
2026/10/10 07:59:17.692, 12949 MiB, 372.95 W, 96 %, 64
2026/10/10 07:59:18.695, 12949 MiB, 324.42 W, 0 %, 56
2026/10/10 07:59:19.703, 12949 MiB, 78.31 W, 63 %, 53
2026/10/10 07:59:20.710, 12949 MiB, 303.55 W, 96 %, 63
2026/10/10 07:59:21.722, 12949 MiB, 348.94 W, 96 %, 64
2026/10/10 07:59:22.732, 12949 MiB, 349.85 W, 95 %, 64
2026/10/10 07:59:23.743, 12949 MiB, 349.63 W, 95 %, 64
2026/10/10 07:59:24.752, 12949 MiB, 348.83 W, 95 %, 64
2026/10/10 07:59:25.757, 12949 MiB, 349.80 W, 94 %, 63
2026/10/10 07:59:26.769, 12949 MiB, 348.81 W, 96 %, 64
2026/10/10 07:59:27.778, 12949 MiB, 351.27 W, 96 %, 64
2026/10/10 07:59:28.786, 12949 MiB, 350.46 W, 95 %, 64
2026/10/10 07:59:29.796, 12949 MiB, 350.44 W, 95 %, 64
2026/10/10 07:59:30.796, 12949 MiB, 350.76 W, 96 %, 64
2026/10/10 07:59:31.798, 12949 MiB, 349.48 W, 96 %, 64
2026/10/10 07:59:32.807, 12949 MiB, 351.23 W, 91 %, 64
2026/10/10 07:59:33.819, 12949 MiB, 350.08 W, 95 %, 64
2026/10/10 07:59:34.829, 12949 MiB, 352.18 W, 96 %, 64
2026/10/10 07:59:35.841, 12949 MiB, 351.34 W, 96 %, 64
2026/10/10 07:59:36.847, 12949 MiB, 351.83 W, 95 %, 64
2026/10/10 07:59:37.848, 12949 MiB, 351.07 W, 96 %, 64
2026/10/10 07:59:38.853, 12949 MiB, 351.94 W, 96 %, 64
2026/10/10 07:59:39.864, 12949 MiB, 351.83 W, 96 %, 64
2026/10/10 07:59:40.874, 12949 MiB, 351.26 W, 96 %, 64
2026/10/10 07:59:41.885, 12949 MiB, 352.76 W, 95 %, 64
2026/10/10 07:59:42.893, 12949 MiB, 351.93 W, 96 %, 64
2026/10/10 07:59:43.898, 12949 MiB, 352.69 W, 96 %, 64
2026/10/10 07:59:44.902, 12949 MiB, 350.94 W, 96 %, 64
2026/10/10 07:59:45.914, 12949 MiB, 352.60 W, 95 %, 64
2026/10/10 07:59:46.927, 12949 MiB, 352.73 W, 93 %, 64
2026/10/10 07:59:47.932, 12949 MiB, 351.78 W, 95 %, 64
2026/10/10 07:59:48.934, 12949 MiB, 353.70 W, 95 %, 64
2026/10/10 07:59:49.946, 12949 MiB, 352.68 W, 95 %, 64
2026/10/10 07:59:50.954, 12949 MiB, 353.85 W, 96 %, 64
2026/10/10 07:59:51.964, 12949 MiB, 353.90 W, 96 %, 64
2026/10/10 07:59:52.970, 12949 MiB, 353.03 W, 96 %, 64
2026/10/10 07:59:53.974, 12949 MiB, 353.18 W, 93 %, 64
2026/10/10 07:59:54.983, 12949 MiB, 354.21 W, 96 %, 64
2026/10/10 07:59:55.993, 12949 MiB, 355.24 W, 96 %, 64
2026/10/10 07:59:57.008, 12949 MiB, 353.76 W, 96 %, 64
2026/10/10 07:59:58.009, 12949 MiB, 355.31 W, 96 %, 64
2026/10/10 07:59:59.018, 12949 MiB, 354.14 W, 96 %, 64
2026/10/10 08:00:00.028, 12949 MiB, 354.54 W, 95 %, 64
2026/10/10 08:00:01.042, 12949 MiB, 355.59 W, 95 %, 63
2026/10/10 08:00:02.054, 12949 MiB, 355.02 W, 95 %, 64
2026/10/10 08:00:03.065, 12949 MiB, 356.41 W, 96 %, 64
2026/10/10 08:00:04.076, 12949 MiB, 355.91 W, 96 %, 64
2026/10/10 08:00:05.086, 12949 MiB, 356.34 W, 96 %, 64
2026/10/10 08:00:06.095, 12949 MiB, 356.26 W, 96 %, 64
2026/10/10 08:00:07.104, 12949 MiB, 356.25 W, 96 %, 64
2026/10/10 08:00:08.114, 12949 MiB, 355.33 W, 95 %, 64
2026/10/10 08:00:09.123, 12949 MiB, 356.16 W, 96 %, 64
2026/10/10 08:00:10.125, 12949 MiB, 357.63 W, 96 %, 64
2026/10/10 08:00:11.133, 12949 MiB, 355.91 W, 96 %, 64
2026/10/10 08:00:12.142, 12949 MiB, 358.39 W, 96 %, 64
2026/10/10 08:00:13.152, 12949 MiB, 356.99 W, 94 %, 64
2026/10/10 08:00:14.161, 12949 MiB, 357.21 W, 96 %, 64
2026/10/10 08:00:15.173, 12949 MiB, 357.57 W, 94 %, 64
2026/10/10 08:00:16.185, 12949 MiB, 356.70 W, 94 %, 64
2026/10/10 08:00:17.191, 12949 MiB, 357.47 W, 96 %, 64
2026/10/10 08:00:18.196, 12949 MiB, 357.21 W, 96 %, 64
2026/10/10 08:00:19.204, 12949 MiB, 359.24 W, 96 %, 64
2026/10/10 08:00:20.217, 12949 MiB, 359.10 W, 95 %, 64
2026/10/10 08:00:21.229, 12949 MiB, 359.22 W, 96 %, 64
2026/10/10 08:00:22.236, 12949 MiB, 358.67 W, 96 %, 64
2026/10/10 08:00:23.249, 12949 MiB, 357.99 W, 96 %, 64
2026/10/10 08:00:24.261, 12949 MiB, 359.84 W, 96 %, 64
2026/10/10 08:00:25.272, 12949 MiB, 358.85 W, 96 %, 64
2026/10/10 08:00:26.280, 12949 MiB, 358.63 W, 94 %, 64
2026/10/10 08:00:27.294, 12949 MiB, 358.69 W, 96 %, 64
2026/10/10 08:00:28.307, 12949 MiB, 358.18 W, 94 %, 64
2026/10/10 08:00:29.321, 12949 MiB, 358.51 W, 95 %, 64
2026/10/10 08:00:30.333, 12949 MiB, 358.85 W, 95 %, 64
2026/10/10 08:00:31.344, 12949 MiB, 359.54 W, 95 %, 64
2026/10/10 08:00:32.355, 12949 MiB, 360.23 W, 96 %, 64
2026/10/10 08:00:33.369, 12949 MiB, 359.55 W, 96 %, 64
2026/10/10 08:00:34.382, 12949 MiB, 360.57 W, 96 %, 64
2026/10/10 08:00:35.392, 12949 MiB, 358.77 W, 96 %, 64
2026/10/10 08:00:36.402, 12949 MiB, 360.11 W, 96 %, 64
2026/10/10 08:00:37.414, 12949 MiB, 360.75 W, 96 %, 64
2026/10/10 08:00:38.422, 12949 MiB, 360.13 W, 96 %, 64
2026/10/10 08:00:39.429, 12949 MiB, 360.45 W, 95 %, 64
2026/10/10 08:00:40.438, 12949 MiB, 360.28 W, 96 %, 64
2026/10/10 08:00:41.460, 12949 MiB, 360.88 W, 96 %, 64
2026/10/10 08:00:42.471, 12949 MiB, 360.83 W, 96 %, 64
2026/10/10 08:00:43.483, 12949 MiB, 360.82 W, 96 %, 64
2026/10/10 08:00:44.495, 12949 MiB, 360.66 W, 96 %, 64
2026/10/10 08:00:45.503, 12949 MiB, 360.74 W, 96 %, 64
2026/10/10 08:00:46.513, 12949 MiB, 362.38 W, 94 %, 64
2026/10/10 08:00:47.526, 12949 MiB, 362.12 W, 96 %, 64
2026/10/10 08:00:48.529, 12949 MiB, 361.84 W, 96 %, 64
2026/10/10 08:00:49.543, 12949 MiB, 363.02 W, 96 %, 64
2026/10/10 08:00:50.556, 12949 MiB, 362.56 W, 93 %, 64
2026/10/10 08:00:51.569, 12949 MiB, 361.40 W, 96 %, 64
2026/10/10 08:00:52.578, 12949 MiB, 363.07 W, 96 %, 64
2026/10/10 08:00:53.590, 12949 MiB, 361.97 W, 96 %, 64
2026/10/10 08:00:54.604, 12949 MiB, 363.54 W, 96 %, 64
2026/10/10 08:00:55.614, 12949 MiB, 363.01 W, 96 %, 64
2026/10/10 08:00:56.618, 12949 MiB, 362.24 W, 96 %, 64
2026/10/10 08:00:57.631, 12949 MiB, 364.09 W, 96 %, 64
2026/10/10 08:00:58.634, 12949 MiB, 363.23 W, 96 %, 64
2026/10/10 08:00:59.647, 12949 MiB, 362.88 W, 95 %, 64
2026/10/10 08:01:00.661, 12949 MiB, 363.87 W, 96 %, 64
2026/10/10 08:01:01.662, 12949 MiB, 361.92 W, 97 %, 64
2026/10/10 08:01:02.672, 12949 MiB, 362.11 W, 95 %, 64
2026/10/10 08:01:03.687, 12949 MiB, 360.03 W, 96 %, 64
2026/10/10 08:01:04.703, 12949 MiB, 362.83 W, 96 %, 64
2026/10/10 08:01:05.715, 12949 MiB, 364.31 W, 96 %, 64
2026/10/10 08:01:06.724, 12949 MiB, 362.70 W, 96 %, 64
2026/10/10 08:01:07.736, 12949 MiB, 363.90 W, 96 %, 64
2026/10/10 08:01:08.745, 12949 MiB, 363.90 W, 96 %, 64
2026/10/10 08:01:09.756, 12949 MiB, 365.21 W, 96 %, 64
2026/10/10 08:01:10.768, 12949 MiB, 364.80 W, 96 %, 64
2026/10/10 08:01:11.779, 12949 MiB, 363.58 W, 96 %, 64
2026/10/10 08:01:12.782, 12949 MiB, 364.89 W, 96 %, 64
2026/10/10 08:01:13.790, 12949 MiB, 364.43 W, 96 %, 64
2026/10/10 08:01:14.803, 12949 MiB, 364.08 W, 95 %, 64
2026/10/10 08:01:15.813, 12949 MiB, 365.98 W, 96 %, 65
2026/10/10 08:01:16.823, 12949 MiB, 364.02 W, 94 %, 64
2026/10/10 08:01:17.838, 12949 MiB, 364.84 W, 95 %, 64
2026/10/10 08:01:18.853, 12949 MiB, 365.98 W, 96 %, 64
2026/10/10 08:01:19.867, 12949 MiB, 365.08 W, 96 %, 64
2026/10/10 08:01:20.880, 12949 MiB, 365.91 W, 96 %, 64
2026/10/10 08:01:21.889, 12949 MiB, 366.41 W, 96 %, 64
2026/10/10 08:01:22.900, 12949 MiB, 364.35 W, 96 %, 64
2026/10/10 08:01:23.912, 12949 MiB, 366.41 W, 96 %, 64
2026/10/10 08:01:24.924, 12949 MiB, 365.46 W, 96 %, 64
2026/10/10 08:01:25.938, 12949 MiB, 367.63 W, 96 %, 65
2026/10/10 08:01:26.951, 12949 MiB, 366.83 W, 96 %, 65
2026/10/10 08:01:27.964, 12949 MiB, 366.02 W, 96 %, 64
2026/10/10 08:01:28.980, 12949 MiB, 367.12 W, 95 %, 64
2026/10/10 08:01:29.991, 12949 MiB, 364.80 W, 96 %, 65
2026/10/10 08:01:31.004, 12949 MiB, 365.29 W, 95 %, 64
2026/10/10 08:01:32.006, 12949 MiB, 367.07 W, 96 %, 65
2026/10/10 08:01:33.008, 12949 MiB, 367.57 W, 96 %, 64
2026/10/10 08:01:34.008, 12949 MiB, 366.47 W, 96 %, 64
2026/10/10 08:01:35.022, 12949 MiB, 367.83 W, 96 %, 65
2026/10/10 08:01:36.037, 12949 MiB, 366.78 W, 96 %, 64
2026/10/10 08:01:37.039, 12949 MiB, 367.34 W, 94 %, 65
2026/10/10 08:01:38.053, 12949 MiB, 367.17 W, 96 %, 64
2026/10/10 08:01:39.066, 12949 MiB, 366.27 W, 95 %, 64
2026/10/10 08:01:40.074, 12949 MiB, 367.64 W, 96 %, 64
2026/10/10 08:01:41.085, 12949 MiB, 363.32 W, 93 %, 64
2026/10/10 08:01:42.097, 12949 MiB, 363.67 W, 95 %, 64
2026/10/10 08:01:43.109, 12949 MiB, 367.88 W, 96 %, 65
2026/10/10 08:01:44.120, 12949 MiB, 367.67 W, 96 %, 64
2026/10/10 08:01:45.122, 12949 MiB, 367.26 W, 96 %, 65
2026/10/10 08:01:46.127, 12949 MiB, 367.60 W, 96 %, 65
2026/10/10 08:01:47.139, 12949 MiB, 366.83 W, 93 %, 65
2026/10/10 08:01:48.147, 12949 MiB, 367.62 W, 96 %, 65
2026/10/10 08:01:49.157, 12949 MiB, 367.80 W, 96 %, 65
2026/10/10 08:01:50.169, 12949 MiB, 366.64 W, 95 %, 64
2026/10/10 08:01:51.177, 12949 MiB, 367.60 W, 95 %, 64
2026/10/10 08:01:52.188, 12949 MiB, 367.62 W, 96 %, 64
2026/10/10 08:01:53.200, 12949 MiB, 367.52 W, 96 %, 64
2026/10/10 08:01:54.211, 12949 MiB, 368.35 W, 95 %, 64
2026/10/10 08:01:55.224, 12949 MiB, 369.07 W, 96 %, 64
2026/10/10 08:01:56.237, 12949 MiB, 369.10 W, 96 %, 64
2026/10/10 08:01:57.244, 12949 MiB, 368.15 W, 96 %, 65
2026/10/10 08:01:58.252, 12949 MiB, 367.46 W, 96 %, 65
2026/10/10 08:01:59.266, 12949 MiB, 367.91 W, 96 %, 65
2026/10/10 08:02:00.273, 12949 MiB, 368.76 W, 96 %, 65
2026/10/10 08:02:01.284, 12949 MiB, 367.52 W, 96 %, 65
2026/10/10 08:02:02.298, 12949 MiB, 369.27 W, 96 %, 65
2026/10/10 08:02:03.304, 12949 MiB, 369.53 W, 96 %, 65
2026/10/10 08:02:04.316, 12949 MiB, 368.43 W, 96 %, 65
2026/10/10 08:02:05.325, 12949 MiB, 369.35 W, 96 %, 65
2026/10/10 08:02:06.338, 12949 MiB, 369.63 W, 96 %, 65
2026/10/10 08:02:07.351, 12949 MiB, 368.90 W, 96 %, 65
2026/10/10 08:02:08.363, 12949 MiB, 370.36 W, 96 %, 65
2026/10/10 08:02:09.374, 12949 MiB, 370.89 W, 96 %, 65
2026/10/10 08:02:10.386, 12949 MiB, 368.96 W, 96 %, 65
2026/10/10 08:02:11.394, 12949 MiB, 369.30 W, 96 %, 65
2026/10/10 08:02:12.406, 12949 MiB, 370.29 W, 96 %, 65
2026/10/10 08:02:13.419, 12949 MiB, 369.02 W, 95 %, 65
2026/10/10 08:02:14.429, 12949 MiB, 369.77 W, 96 %, 65
2026/10/10 08:02:15.439, 12949 MiB, 369.59 W, 93 %, 65
2026/10/10 08:02:16.448, 12949 MiB, 370.31 W, 96 %, 65
2026/10/10 08:02:17.458, 12949 MiB, 371.38 W, 96 %, 65
2026/10/10 08:02:18.469, 12949 MiB, 369.65 W, 96 %, 65
2026/10/10 08:02:19.477, 12949 MiB, 371.23 W, 96 %, 65
2026/10/10 08:02:20.483, 12949 MiB, 371.40 W, 96 %, 65
2026/10/10 08:02:21.493, 12949 MiB, 369.73 W, 96 %, 65
2026/10/10 08:02:22.498, 12949 MiB, 371.67 W, 96 %, 65
2026/10/10 08:02:23.506, 12949 MiB, 371.35 W, 96 %, 65
2026/10/10 08:02:24.511, 12949 MiB, 369.06 W, 95 %, 65
2026/10/10 08:02:25.517, 12949 MiB, 368.33 W, 95 %, 65
2026/10/10 08:02:26.524, 12949 MiB, 371.22 W, 96 %, 65
2026/10/10 08:02:27.527, 12949 MiB, 370.07 W, 95 %, 65
2026/10/10 08:02:28.531, 12949 MiB, 372.11 W, 96 %, 65
2026/10/10 08:02:29.534, 12949 MiB, 370.25 W, 96 %, 65
2026/10/10 08:02:30.541, 12949 MiB, 370.26 W, 96 %, 65
2026/10/10 08:02:31.548, 12949 MiB, 371.01 W, 96 %, 65
2026/10/10 08:02:32.556, 12949 MiB, 371.77 W, 97 %, 65
2026/10/10 08:02:33.563, 12949 MiB, 370.76 W, 97 %, 65
2026/10/10 08:02:34.571, 12949 MiB, 372.65 W, 96 %, 65
2026/10/10 08:02:35.579, 12949 MiB, 372.07 W, 96 %, 65
2026/10/10 08:02:36.584, 12949 MiB, 370.76 W, 96 %, 65
2026/10/10 08:02:37.593, 12949 MiB, 372.74 W, 97 %, 65
2026/10/10 08:02:38.603, 12949 MiB, 373.10 W, 96 %, 65
2026/10/10 08:02:39.604, 12949 MiB, 371.33 W, 96 %, 65
2026/10/10 08:02:40.615, 12949 MiB, 372.72 W, 96 %, 65
2026/10/10 08:02:41.625, 12949 MiB, 371.82 W, 96 %, 65
2026/10/10 08:02:42.631, 12949 MiB, 371.95 W, 96 %, 65
2026/10/10 08:02:43.639, 12949 MiB, 372.92 W, 96 %, 65
2026/10/10 08:02:44.653, 12949 MiB, 373.56 W, 97 %, 65
2026/10/10 08:02:45.655, 12949 MiB, 372.65 W, 97 %, 65
2026/10/10 08:02:46.667, 12949 MiB, 373.52 W, 96 %, 65
2026/10/10 08:02:47.682, 12949 MiB, 371.87 W, 95 %, 65
2026/10/10 08:02:48.696, 12949 MiB, 371.79 W, 96 %, 65
2026/10/10 08:02:49.710, 12949 MiB, 373.19 W, 96 %, 65
2026/10/10 08:02:50.722, 12949 MiB, 373.19 W, 97 %, 65
2026/10/10 08:02:51.731, 12949 MiB, 371.64 W, 97 %, 65
2026/10/10 08:02:52.739, 12949 MiB, 373.45 W, 96 %, 65
2026/10/10 08:02:53.751, 12949 MiB, 370.61 W, 83 %, 65
2026/10/10 08:02:54.761, 12949 MiB, 101.52 W, 0 %, 53
2026/10/10 08:02:55.774, 12949 MiB, 232.18 W, 100 %, 76
2026/10/10 08:02:56.784, 12949 MiB, 432.84 W, 67 %, 71
2026/10/10 08:02:57.798, 12949 MiB, 419.14 W, 99 %, 77
2026/10/10 08:02:58.811, 12949 MiB, 430.87 W, 96 %, 72
2026/10/10 08:02:59.824, 12949 MiB, 441.54 W, 100 %, 75
2026/10/10 08:03:00.836, 12949 MiB, 426.76 W, 99 %, 74
2026/10/10 08:03:01.852, 12949 MiB, 447.94 W, 99 %, 76
2026/10/10 08:03:02.858, 12949 MiB, 430.82 W, 99 %, 74
2026/10/10 08:03:03.872, 12949 MiB, 445.15 W, 100 %, 74
2026/10/10 08:03:04.884, 12955 MiB, 425.55 W, 98 %, 74
2026/10/10 08:03:05.896, 12955 MiB, 376.61 W, 96 %, 65
2026/10/10 08:03:06.909, 12955 MiB, 360.47 W, 96 %, 65
2026/10/10 08:03:07.924, 12955 MiB, 361.89 W, 95 %, 64
2026/10/10 08:03:08.938, 12955 MiB, 359.20 W, 92 %, 64
2026/10/10 08:03:09.948, 12955 MiB, 360.42 W, 96 %, 64
2026/10/10 08:03:10.956, 12955 MiB, 358.42 W, 96 %, 64
2026/10/10 08:03:11.966, 12955 MiB, 359.67 W, 96 %, 64
2026/10/10 08:03:12.973, 12955 MiB, 361.20 W, 96 %, 64
2026/10/10 08:03:13.984, 12955 MiB, 360.42 W, 93 %, 64
2026/10/10 08:03:14.993, 12955 MiB, 360.75 W, 96 %, 64
2026/10/10 08:03:16.002, 12955 MiB, 361.38 W, 96 %, 64
2026/10/10 08:03:17.014, 12955 MiB, 360.17 W, 96 %, 64
2026/10/10 08:03:18.029, 12955 MiB, 361.32 W, 96 %, 64
2026/10/10 08:03:19.042, 12955 MiB, 360.71 W, 95 %, 64
2026/10/10 08:03:20.055, 12955 MiB, 360.61 W, 96 %, 64
2026/10/10 08:03:21.069, 12955 MiB, 360.88 W, 95 %, 64
2026/10/10 08:03:22.083, 12955 MiB, 360.42 W, 96 %, 64
2026/10/10 08:03:23.095, 12955 MiB, 361.35 W, 95 %, 63
2026/10/10 08:03:24.108, 12955 MiB, 361.80 W, 96 %, 64
2026/10/10 08:03:25.121, 12955 MiB, 360.17 W, 95 %, 63
2026/10/10 08:03:26.133, 12955 MiB, 361.47 W, 96 %, 64
2026/10/10 08:03:27.146, 12955 MiB, 361.52 W, 96 %, 63
2026/10/10 08:03:28.157, 12955 MiB, 361.91 W, 95 %, 63
2026/10/10 08:03:29.171, 12955 MiB, 362.14 W, 95 %, 63
2026/10/10 08:03:30.184, 12955 MiB, 359.05 W, 96 %, 63
2026/10/10 08:03:31.198, 12955 MiB, 362.46 W, 96 %, 63
2026/10/10 08:03:32.209, 12955 MiB, 360.37 W, 94 %, 63
2026/10/10 08:03:33.225, 12955 MiB, 361.72 W, 96 %, 63
2026/10/10 08:03:34.240, 12955 MiB, 362.41 W, 95 %, 63
2026/10/10 08:03:35.240, 12955 MiB, 360.52 W, 96 %, 63
2026/10/10 08:03:36.254, 12955 MiB, 362.80 W, 96 %, 63
2026/10/10 08:03:37.260, 12955 MiB, 361.78 W, 96 %, 63
2026/10/10 08:03:38.260, 12955 MiB, 362.86 W, 96 %, 63
2026/10/10 08:03:39.263, 12955 MiB, 362.74 W, 96 %, 63
2026/10/10 08:03:40.275, 12955 MiB, 361.25 W, 96 %, 63
2026/10/10 08:03:41.289, 12955 MiB, 362.51 W, 96 %, 63
2026/10/10 08:03:42.299, 12955 MiB, 361.44 W, 93 %, 63
2026/10/10 08:03:43.311, 12955 MiB, 361.39 W, 96 %, 63
2026/10/10 08:03:44.320, 12955 MiB, 361.94 W, 96 %, 63
2026/10/10 08:03:45.331, 12955 MiB, 362.14 W, 96 %, 63
2026/10/10 08:03:46.339, 12955 MiB, 363.53 W, 97 %, 63
2026/10/10 08:03:47.347, 12955 MiB, 363.23 W, 95 %, 63
2026/10/10 08:03:48.357, 12955 MiB, 361.86 W, 96 %, 63
2026/10/10 08:03:49.367, 12955 MiB, 360.21 W, 96 %, 63
2026/10/10 08:03:50.374, 12955 MiB, 355.94 W, 93 %, 62
2026/10/10 08:03:51.388, 12955 MiB, 175.73 W, 99 %, 67
2026/10/10 08:03:52.403, 12955 MiB, 461.22 W, 100 %, 70
2026/10/10 08:03:53.418, 12955 MiB, 414.11 W, 100 %, 76
2026/10/10 08:03:54.428, 12955 MiB, 444.29 W, 96 %, 74
2026/10/10 08:03:55.443, 12955 MiB, 425.95 W, 99 %, 75
2026/10/10 08:03:56.449, 12955 MiB, 431.50 W, 93 %, 72
2026/10/10 08:03:57.453, 12955 MiB, 387.35 W, 96 %, 63
2026/10/10 08:03:58.465, 12955 MiB, 349.69 W, 96 %, 63
2026/10/10 08:03:59.471, 12955 MiB, 348.71 W, 95 %, 63
2026/10/10 08:04:00.479, 12955 MiB, 348.31 W, 96 %, 63
2026/10/10 08:04:01.487, 12955 MiB, 347.06 W, 95 %, 63
2026/10/10 08:04:02.501, 12955 MiB, 347.58 W, 96 %, 63
2026/10/10 08:04:03.510, 12955 MiB, 348.68 W, 96 %, 63
2026/10/10 08:04:04.521, 12955 MiB, 348.98 W, 96 %, 63
2026/10/10 08:04:05.530, 12955 MiB, 349.91 W, 96 %, 63
2026/10/10 08:04:06.543, 12955 MiB, 348.90 W, 96 %, 63
2026/10/10 08:04:07.545, 12955 MiB, 350.48 W, 96 %, 63
2026/10/10 08:04:08.549, 12955 MiB, 349.02 W, 93 %, 62
2026/10/10 08:04:09.549, 12955 MiB, 349.12 W, 96 %, 63
2026/10/10 08:04:10.560, 12955 MiB, 350.14 W, 95 %, 63
2026/10/10 08:04:11.570, 12955 MiB, 349.79 W, 95 %, 63
2026/10/10 08:04:12.580, 12955 MiB, 350.48 W, 96 %, 63
2026/10/10 08:04:13.586, 12955 MiB, 350.16 W, 96 %, 63
2026/10/10 08:04:14.597, 12955 MiB, 351.07 W, 96 %, 63
2026/10/10 08:04:15.605, 12955 MiB, 350.02 W, 94 %, 62
2026/10/10 08:04:16.616, 12955 MiB, 350.58 W, 96 %, 63
2026/10/10 08:04:17.625, 12955 MiB, 349.52 W, 94 %, 62
2026/10/10 08:04:18.636, 12955 MiB, 350.71 W, 96 %, 63
2026/10/10 08:04:19.643, 12955 MiB, 351.39 W, 95 %, 62
2026/10/10 08:04:20.644, 12955 MiB, 349.95 W, 96 %, 63
2026/10/10 08:04:21.659, 12955 MiB, 351.91 W, 96 %, 63
2026/10/10 08:04:22.664, 12955 MiB, 350.31 W, 95 %, 62
2026/10/10 08:04:23.671, 12955 MiB, 351.50 W, 96 %, 63
2026/10/10 08:04:24.679, 12955 MiB, 350.89 W, 96 %, 63
2026/10/10 08:04:25.689, 12955 MiB, 353.04 W, 96 %, 63
2026/10/10 08:04:26.692, 12955 MiB, 351.44 W, 94 %, 63
2026/10/10 08:04:27.702, 12955 MiB, 350.47 W, 95 %, 63
2026/10/10 08:04:28.709, 12955 MiB, 352.09 W, 95 %, 62
2026/10/10 08:04:29.719, 12955 MiB, 350.93 W, 95 %, 62
2026/10/10 08:04:30.733, 12955 MiB, 351.79 W, 96 %, 62
2026/10/10 08:04:31.743, 12955 MiB, 351.22 W, 94 %, 62
2026/10/10 08:04:32.753, 12955 MiB, 352.86 W, 95 %, 63
2026/10/10 08:04:33.767, 12955 MiB, 352.45 W, 96 %, 62
2026/10/10 08:04:34.777, 12955 MiB, 354.36 W, 96 %, 62
2026/10/10 08:04:35.787, 12955 MiB, 352.71 W, 93 %, 63
2026/10/10 08:04:36.799, 12955 MiB, 352.70 W, 96 %, 62
2026/10/10 08:04:37.814, 12955 MiB, 354.44 W, 96 %, 63
2026/10/10 08:04:38.824, 12955 MiB, 352.56 W, 96 %, 62
2026/10/10 08:04:39.838, 12955 MiB, 353.56 W, 96 %, 62
2026/10/10 08:04:40.854, 12955 MiB, 353.52 W, 96 %, 62
2026/10/10 08:04:41.868, 12955 MiB, 354.40 W, 96 %, 63
2026/10/10 08:04:42.872, 12955 MiB, 354.42 W, 96 %, 62
2026/10/10 08:04:43.880, 12955 MiB, 354.18 W, 96 %, 63
2026/10/10 08:04:44.885, 12955 MiB, 355.03 W, 96 %, 62
2026/10/10 08:04:45.891, 12955 MiB, 353.36 W, 96 %, 63
2026/10/10 08:04:46.906, 12955 MiB, 354.62 W, 96 %, 63
2026/10/10 08:04:47.908, 12955 MiB, 353.32 W, 96 %, 63
2026/10/10 08:04:48.917, 12955 MiB, 354.39 W, 96 %, 63
2026/10/10 08:04:49.924, 12955 MiB, 354.98 W, 96 %, 63
2026/10/10 08:04:50.931, 12955 MiB, 354.55 W, 96 %, 63
2026/10/10 08:04:51.942, 12955 MiB, 355.56 W, 96 %, 62
2026/10/10 08:04:52.952, 12955 MiB, 354.05 W, 96 %, 63
2026/10/10 08:04:53.957, 12955 MiB, 355.81 W, 95 %, 63
2026/10/10 08:04:54.968, 12955 MiB, 356.10 W, 96 %, 63
2026/10/10 08:04:55.974, 12955 MiB, 354.96 W, 96 %, 63
2026/10/10 08:04:56.984, 12955 MiB, 355.71 W, 96 %, 63
2026/10/10 08:04:57.995, 12955 MiB, 355.17 W, 96 %, 63
2026/10/10 08:04:59.008, 12955 MiB, 356.48 W, 96 %, 63
2026/10/10 08:05:00.012, 12955 MiB, 355.69 W, 96 %, 62
2026/10/10 08:05:01.017, 12955 MiB, 354.95 W, 95 %, 63
2026/10/10 08:05:02.025, 12955 MiB, 357.51 W, 96 %, 63
2026/10/10 08:05:03.041, 12955 MiB, 355.80 W, 96 %, 63
2026/10/10 08:05:04.051, 12955 MiB, 357.18 W, 96 %, 63
2026/10/10 08:05:05.058, 12955 MiB, 356.22 W, 91 %, 62
2026/10/10 08:05:06.069, 12955 MiB, 356.61 W, 96 %, 63
2026/10/10 08:05:07.076, 12955 MiB, 358.27 W, 95 %, 63
2026/10/10 08:05:08.085, 12955 MiB, 357.32 W, 96 %, 63
2026/10/10 08:05:09.095, 12955 MiB, 357.79 W, 96 %, 63
2026/10/10 08:05:10.105, 12955 MiB, 357.12 W, 94 %, 63
2026/10/10 08:05:11.120, 12955 MiB, 357.86 W, 96 %, 63
2026/10/10 08:05:12.125, 12955 MiB, 359.42 W, 96 %, 63
2026/10/10 08:05:13.135, 12955 MiB, 357.56 W, 96 %, 63
2026/10/10 08:05:14.145, 12955 MiB, 359.20 W, 96 %, 63
2026/10/10 08:05:15.145, 12955 MiB, 358.09 W, 94 %, 63
2026/10/10 08:05:16.153, 12955 MiB, 357.45 W, 96 %, 63
2026/10/10 08:05:17.159, 12955 MiB, 358.92 W, 94 %, 63
2026/10/10 08:05:18.168, 12955 MiB, 357.79 W, 96 %, 63
2026/10/10 08:05:19.178, 12955 MiB, 359.62 W, 96 %, 63
2026/10/10 08:05:20.186, 12955 MiB, 359.35 W, 96 %, 62
2026/10/10 08:05:21.199, 12955 MiB, 359.05 W, 96 %, 63
2026/10/10 08:05:22.212, 12955 MiB, 359.40 W, 96 %, 63
2026/10/10 08:05:23.225, 12955 MiB, 358.70 W, 96 %, 63
2026/10/10 08:05:24.235, 12955 MiB, 360.43 W, 96 %, 63
2026/10/10 08:05:25.249, 12955 MiB, 360.71 W, 96 %, 63
2026/10/10 08:05:26.259, 12955 MiB, 361.03 W, 96 %, 63
2026/10/10 08:05:27.268, 12955 MiB, 360.64 W, 95 %, 63
2026/10/10 08:05:28.278, 12955 MiB, 359.47 W, 96 %, 63
2026/10/10 08:05:29.290, 12955 MiB, 359.72 W, 96 %, 63
2026/10/10 08:05:30.297, 12955 MiB, 358.93 W, 96 %, 63
2026/10/10 08:05:31.311, 12955 MiB, 360.78 W, 96 %, 63
2026/10/10 08:05:32.322, 12955 MiB, 360.43 W, 96 %, 63
2026/10/10 08:05:33.335, 12955 MiB, 360.47 W, 96 %, 63
2026/10/10 08:05:34.350, 12955 MiB, 361.94 W, 96 %, 63
2026/10/10 08:05:35.361, 12955 MiB, 360.66 W, 93 %, 63
2026/10/10 08:05:36.365, 12955 MiB, 360.76 W, 96 %, 63
2026/10/10 08:05:37.368, 12955 MiB, 362.27 W, 96 %, 63
2026/10/10 08:05:38.381, 12955 MiB, 361.44 W, 95 %, 63
2026/10/10 08:05:39.394, 12955 MiB, 361.80 W, 96 %, 63
2026/10/10 08:05:40.407, 12955 MiB, 362.08 W, 95 %, 63
2026/10/10 08:05:41.418, 12955 MiB, 360.98 W, 96 %, 63
2026/10/10 08:05:42.433, 12955 MiB, 361.14 W, 96 %, 63
2026/10/10 08:05:43.447, 12955 MiB, 360.94 W, 96 %, 63
2026/10/10 08:05:44.462, 12955 MiB, 361.71 W, 96 %, 63
2026/10/10 08:05:45.473, 12955 MiB, 361.58 W, 96 %, 63
2026/10/10 08:05:46.481, 12955 MiB, 361.54 W, 96 %, 63
2026/10/10 08:05:47.492, 12955 MiB, 363.69 W, 96 %, 63
2026/10/10 08:05:48.497, 12955 MiB, 363.24 W, 97 %, 63
2026/10/10 08:05:49.521, 12955 MiB, 362.75 W, 96 %, 63
2026/10/10 08:05:50.528, 12955 MiB, 362.69 W, 96 %, 63
2026/10/10 08:05:51.539, 12955 MiB, 361.36 W, 94 %, 63
2026/10/10 08:05:52.552, 12955 MiB, 361.80 W, 96 %, 63
2026/10/10 08:05:53.560, 12955 MiB, 362.14 W, 96 %, 63
2026/10/10 08:05:54.574, 12955 MiB, 362.48 W, 96 %, 63
2026/10/10 08:05:55.584, 12955 MiB, 363.82 W, 97 %, 63
2026/10/10 08:05:56.595, 12955 MiB, 363.85 W, 96 %, 63
2026/10/10 08:05:57.595, 12955 MiB, 362.47 W, 96 %, 63
2026/10/10 08:05:58.606, 12955 MiB, 363.46 W, 96 %, 63
2026/10/10 08:05:59.616, 12955 MiB, 362.92 W, 96 %, 63
2026/10/10 08:06:00.628, 12955 MiB, 362.02 W, 96 %, 63
2026/10/10 08:06:01.639, 12955 MiB, 363.48 W, 96 %, 63
2026/10/10 08:06:02.654, 12955 MiB, 362.52 W, 96 %, 63
2026/10/10 08:06:03.667, 12955 MiB, 362.26 W, 95 %, 63
2026/10/10 08:06:04.670, 12955 MiB, 359.57 W, 95 %, 63
2026/10/10 08:06:05.684, 12955 MiB, 362.77 W, 96 %, 63
2026/10/10 08:06:06.698, 12955 MiB, 363.86 W, 96 %, 63
2026/10/10 08:06:07.708, 12955 MiB, 364.25 W, 96 %, 63
2026/10/10 08:06:08.709, 12955 MiB, 362.96 W, 96 %, 63
2026/10/10 08:06:09.710, 12955 MiB, 363.99 W, 96 %, 63
2026/10/10 08:06:10.721, 12955 MiB, 363.56 W, 96 %, 63
2026/10/10 08:06:11.736, 12955 MiB, 365.11 W, 96 %, 63
2026/10/10 08:06:12.737, 12955 MiB, 364.76 W, 96 %, 63
2026/10/10 08:06:13.751, 12955 MiB, 362.62 W, 97 %, 63
2026/10/10 08:06:14.753, 12955 MiB, 364.60 W, 96 %, 63
2026/10/10 08:06:15.764, 12955 MiB, 363.68 W, 96 %, 63
2026/10/10 08:06:16.773, 12955 MiB, 364.98 W, 96 %, 63
2026/10/10 08:06:17.782, 12955 MiB, 365.12 W, 96 %, 63
2026/10/10 08:06:18.793, 12955 MiB, 364.12 W, 96 %, 63
2026/10/10 08:06:19.806, 12955 MiB, 366.29 W, 96 %, 63
2026/10/10 08:06:20.822, 12955 MiB, 366.43 W, 96 %, 63
2026/10/10 08:06:21.830, 12955 MiB, 365.29 W, 97 %, 63
2026/10/10 08:06:22.838, 12955 MiB, 365.37 W, 96 %, 63
2026/10/10 08:06:23.846, 12955 MiB, 365.41 W, 96 %, 63
2026/10/10 08:06:24.856, 12955 MiB, 364.98 W, 96 %, 63
2026/10/10 08:06:25.870, 12955 MiB, 366.22 W, 96 %, 63
2026/10/10 08:06:26.879, 12955 MiB, 364.54 W, 94 %, 63
2026/10/10 08:06:27.893, 12955 MiB, 364.75 W, 96 %, 63
2026/10/10 08:06:28.902, 12955 MiB, 366.74 W, 96 %, 63
2026/10/10 08:06:29.909, 12955 MiB, 363.70 W, 96 %, 63
2026/10/10 08:06:30.919, 12955 MiB, 366.80 W, 96 %, 64
2026/10/10 08:06:31.928, 12955 MiB, 367.40 W, 97 %, 64
2026/10/10 08:06:32.938, 12955 MiB, 366.06 W, 96 %, 63
2026/10/10 08:06:33.948, 12955 MiB, 365.65 W, 96 %, 64
2026/10/10 08:06:34.956, 12955 MiB, 367.11 W, 96 %, 64
2026/10/10 08:06:35.961, 12955 MiB, 365.99 W, 96 %, 63
2026/10/10 08:06:36.974, 12955 MiB, 363.28 W, 93 %, 63
2026/10/10 08:06:37.981, 12955 MiB, 364.24 W, 96 %, 64
2026/10/10 08:06:38.993, 12955 MiB, 366.38 W, 96 %, 64
2026/10/10 08:06:40.006, 12955 MiB, 367.40 W, 96 %, 64
2026/10/10 08:06:41.018, 12955 MiB, 367.31 W, 96 %, 64
2026/10/10 08:06:42.029, 12955 MiB, 365.48 W, 95 %, 64
2026/10/10 08:06:43.040, 12955 MiB, 367.42 W, 96 %, 64
2026/10/10 08:06:44.052, 12955 MiB, 365.94 W, 92 %, 63
2026/10/10 08:06:45.064, 12955 MiB, 367.73 W, 94 %, 64
2026/10/10 08:06:46.078, 12955 MiB, 368.74 W, 96 %, 64
2026/10/10 08:06:47.091, 12955 MiB, 366.34 W, 96 %, 64
2026/10/10 08:06:48.106, 12955 MiB, 368.62 W, 95 %, 64
2026/10/10 08:06:49.106, 12955 MiB, 368.03 W, 96 %, 63
2026/10/10 08:06:50.122, 12955 MiB, 366.58 W, 96 %, 64
2026/10/10 08:06:51.135, 12955 MiB, 368.14 W, 96 %, 64
2026/10/10 08:06:52.144, 12955 MiB, 368.00 W, 96 %, 64
2026/10/10 08:06:53.153, 12955 MiB, 367.19 W, 95 %, 64
2026/10/10 08:06:54.162, 12955 MiB, 367.81 W, 97 %, 64
2026/10/10 08:06:55.167, 12955 MiB, 367.94 W, 97 %, 64
2026/10/10 08:06:56.175, 12955 MiB, 366.85 W, 96 %, 64
2026/10/10 08:06:57.181, 12955 MiB, 368.38 W, 96 %, 64
2026/10/10 08:06:58.191, 12955 MiB, 368.61 W, 96 %, 64
2026/10/10 08:06:59.195, 12955 MiB, 367.74 W, 95 %, 64
2026/10/10 08:07:00.201, 12955 MiB, 367.36 W, 96 %, 64
2026/10/10 08:07:01.210, 12955 MiB, 367.78 W, 97 %, 64
2026/10/10 08:07:02.213, 12955 MiB, 367.70 W, 96 %, 64
2026/10/10 08:07:03.214, 12955 MiB, 369.54 W, 96 %, 64
2026/10/10 08:07:04.215, 12955 MiB, 369.37 W, 97 %, 64
2026/10/10 08:07:05.223, 12955 MiB, 368.43 W, 96 %, 64
2026/10/10 08:07:06.236, 12955 MiB, 369.56 W, 96 %, 64
2026/10/10 08:07:07.245, 12955 MiB, 368.47 W, 96 %, 64
2026/10/10 08:07:08.251, 12955 MiB, 368.65 W, 96 %, 64
2026/10/10 08:07:09.254, 12955 MiB, 368.69 W, 96 %, 64
2026/10/10 08:07:10.259, 12955 MiB, 369.93 W, 97 %, 64
2026/10/10 08:07:11.263, 12955 MiB, 369.30 W, 96 %, 64
2026/10/10 08:07:12.272, 12955 MiB, 369.95 W, 96 %, 64
2026/10/10 08:07:13.281, 12955 MiB, 368.82 W, 96 %, 64
2026/10/10 08:07:14.288, 12955 MiB, 369.54 W, 93 %, 64
2026/10/10 08:07:15.297, 12955 MiB, 368.99 W, 96 %, 64
2026/10/10 08:07:16.303, 12955 MiB, 368.71 W, 96 %, 64
2026/10/10 08:07:17.313, 12955 MiB, 370.19 W, 96 %, 64
2026/10/10 08:07:18.323, 12955 MiB, 370.87 W, 96 %, 64
2026/10/10 08:07:19.338, 12955 MiB, 370.31 W, 97 %, 64
2026/10/10 08:07:20.351, 12955 MiB, 371.30 W, 96 %, 64
2026/10/10 08:07:21.364, 12955 MiB, 370.82 W, 96 %, 64
2026/10/10 08:07:22.376, 12955 MiB, 368.41 W, 96 %, 64
2026/10/10 08:07:23.376, 12955 MiB, 370.64 W, 97 %, 64
2026/10/10 08:07:24.388, 12955 MiB, 370.72 W, 97 %, 64
2026/10/10 08:07:25.401, 12955 MiB, 368.47 W, 95 %, 64
2026/10/10 08:07:26.412, 12955 MiB, 366.74 W, 96 %, 64
2026/10/10 08:07:27.421, 12955 MiB, 370.82 W, 97 %, 64
2026/10/10 08:07:28.433, 12955 MiB, 370.41 W, 97 %, 64
2026/10/10 08:07:29.443, 12955 MiB, 371.17 W, 96 %, 64
2026/10/10 08:07:30.445, 12955 MiB, 370.25 W, 96 %, 64
2026/10/10 08:07:31.453, 12955 MiB, 279.15 W, 0 %, 54
2026/10/10 08:07:32.462, 12955 MiB, 78.28 W, 62 %, 52
2026/10/10 08:07:33.468, 12955 MiB, 313.19 W, 94 %, 63
2026/10/10 08:07:34.490, 12955 MiB, 348.61 W, 96 %, 63
2026/10/10 08:07:35.496, 12955 MiB, 347.33 W, 95 %, 63
2026/10/10 08:07:36.502, 12955 MiB, 349.39 W, 96 %, 63
2026/10/10 08:07:37.514, 12955 MiB, 347.85 W, 93 %, 63
2026/10/10 08:07:38.523, 12955 MiB, 348.96 W, 95 %, 63
2026/10/10 08:07:39.535, 12955 MiB, 348.87 W, 94 %, 63
2026/10/10 08:07:40.548, 12955 MiB, 348.26 W, 95 %, 63
2026/10/10 08:07:41.560, 12955 MiB, 349.79 W, 96 %, 63
2026/10/10 08:07:42.570, 12955 MiB, 349.60 W, 95 %, 63
2026/10/10 08:07:43.585, 12955 MiB, 351.03 W, 96 %, 63
2026/10/10 08:07:44.594, 12955 MiB, 349.76 W, 94 %, 63
2026/10/10 08:07:45.610, 12955 MiB, 351.38 W, 96 %, 63
2026/10/10 08:07:46.621, 12955 MiB, 351.15 W, 96 %, 63
2026/10/10 08:07:47.632, 12955 MiB, 352.18 W, 95 %, 64
2026/10/10 08:07:48.637, 12955 MiB, 351.23 W, 95 %, 64
2026/10/10 08:07:49.639, 12955 MiB, 350.61 W, 96 %, 63
2026/10/10 08:07:50.646, 12955 MiB, 352.00 W, 96 %, 64
2026/10/10 08:07:51.659, 12955 MiB, 349.82 W, 96 %, 63
2026/10/10 08:07:52.668, 12955 MiB, 350.78 W, 95 %, 63
2026/10/10 08:07:53.681, 12955 MiB, 350.78 W, 96 %, 63
2026/10/10 08:07:54.693, 12955 MiB, 352.52 W, 96 %, 64
2026/10/10 08:07:55.709, 12955 MiB, 351.86 W, 94 %, 63
2026/10/10 08:07:56.723, 12955 MiB, 352.87 W, 96 %, 63
2026/10/10 08:07:57.738, 12955 MiB, 352.52 W, 95 %, 63
2026/10/10 08:07:58.748, 12955 MiB, 351.27 W, 96 %, 64
2026/10/10 08:07:59.763, 12955 MiB, 350.15 W, 93 %, 63
2026/10/10 08:08:00.773, 12955 MiB, 350.62 W, 96 %, 64
2026/10/10 08:08:01.782, 12955 MiB, 350.34 W, 96 %, 64
2026/10/10 08:08:02.791, 12955 MiB, 299.03 W, 0 %, 55
2026/10/10 08:08:03.801, 12955 MiB, 193.75 W, 100 %, 74
2026/10/10 08:08:04.813, 12955 MiB, 452.66 W, 98 %, 71
2026/10/10 08:08:05.825, 12955 MiB, 420.08 W, 100 %, 77
2026/10/10 08:08:06.837, 12955 MiB, 429.85 W, 93 %, 67
2026/10/10 08:08:07.838, 12955 MiB, 439.44 W, 99 %, 74
2026/10/10 08:08:08.849, 12955 MiB, 426.77 W, 92 %, 71
2026/10/10 08:08:09.854, 12955 MiB, 370.01 W, 96 %, 64
2026/10/10 08:08:10.864, 12955 MiB, 350.41 W, 95 %, 63
2026/10/10 08:08:11.876, 12955 MiB, 348.71 W, 95 %, 63
2026/10/10 08:08:12.889, 12955 MiB, 349.97 W, 96 %, 63
2026/10/10 08:08:13.897, 12955 MiB, 349.56 W, 96 %, 63
2026/10/10 08:08:14.898, 12955 MiB, 349.38 W, 95 %, 63
2026/10/10 08:08:15.906, 12955 MiB, 350.44 W, 96 %, 63
2026/10/10 08:08:16.908, 12955 MiB, 349.83 W, 95 %, 63
2026/10/10 08:08:17.911, 12955 MiB, 351.31 W, 96 %, 63
2026/10/10 08:08:18.926, 12955 MiB, 350.14 W, 96 %, 63
2026/10/10 08:08:19.940, 12955 MiB, 351.15 W, 95 %, 63
2026/10/10 08:08:20.954, 12955 MiB, 349.04 W, 94 %, 63
2026/10/10 08:08:21.954, 12955 MiB, 350.80 W, 95 %, 63
2026/10/10 08:08:22.969, 12955 MiB, 350.46 W, 93 %, 63
2026/10/10 08:08:23.984, 12955 MiB, 350.34 W, 95 %, 63
2026/10/10 08:08:24.995, 12955 MiB, 350.11 W, 95 %, 63
2026/10/10 08:08:26.008, 12955 MiB, 350.83 W, 96 %, 63
2026/10/10 08:08:27.017, 12955 MiB, 352.74 W, 96 %, 63
2026/10/10 08:08:28.027, 12955 MiB, 352.02 W, 96 %, 63
2026/10/10 08:08:29.033, 12955 MiB, 351.98 W, 96 %, 63
2026/10/10 08:08:30.048, 12955 MiB, 350.22 W, 96 %, 63
2026/10/10 08:08:31.059, 12955 MiB, 352.78 W, 95 %, 63
2026/10/10 08:08:32.072, 12955 MiB, 352.42 W, 95 %, 63
2026/10/10 08:08:33.086, 12955 MiB, 351.75 W, 96 %, 63
2026/10/10 08:08:34.102, 12955 MiB, 352.93 W, 95 %, 63
2026/10/10 08:08:35.114, 12955 MiB, 351.12 W, 96 %, 63
2026/10/10 08:08:36.128, 12955 MiB, 353.70 W, 95 %, 63
2026/10/10 08:08:37.143, 12955 MiB, 352.23 W, 95 %, 63
2026/10/10 08:08:38.156, 12955 MiB, 353.14 W, 95 %, 63
2026/10/10 08:08:39.167, 12955 MiB, 352.26 W, 93 %, 63
2026/10/10 08:08:40.176, 12955 MiB, 353.12 W, 95 %, 63
2026/10/10 08:08:41.188, 12955 MiB, 354.12 W, 95 %, 63
2026/10/10 08:08:42.199, 12955 MiB, 352.58 W, 96 %, 63
2026/10/10 08:08:43.201, 12955 MiB, 353.47 W, 96 %, 62
2026/10/10 08:08:44.213, 12955 MiB, 353.19 W, 96 %, 63
2026/10/10 08:08:45.225, 12955 MiB, 354.65 W, 96 %, 63
2026/10/10 08:08:46.226, 12955 MiB, 353.19 W, 93 %, 62
2026/10/10 08:08:47.229, 12955 MiB, 353.57 W, 96 %, 63
2026/10/10 08:08:48.231, 12955 MiB, 353.80 W, 95 %, 62
2026/10/10 08:08:49.246, 12955 MiB, 353.93 W, 95 %, 62
2026/10/10 08:08:50.260, 12955 MiB, 356.31 W, 96 %, 62
2026/10/10 08:08:51.272, 12955 MiB, 355.33 W, 96 %, 63
2026/10/10 08:08:52.273, 12955 MiB, 356.55 W, 96 %, 63
2026/10/10 08:08:53.283, 12955 MiB, 355.32 W, 96 %, 63
2026/10/10 08:08:54.293, 12955 MiB, 355.94 W, 96 %, 62
2026/10/10 08:08:55.301, 12955 MiB, 354.49 W, 95 %, 62
2026/10/10 08:08:56.311, 12955 MiB, 354.93 W, 95 %, 62
2026/10/10 08:08:57.322, 12955 MiB, 355.58 W, 96 %, 62
2026/10/10 08:08:58.325, 12955 MiB, 355.27 W, 96 %, 63
2026/10/10 08:08:59.330, 12955 MiB, 355.68 W, 95 %, 62
2026/10/10 08:09:00.342, 12955 MiB, 354.31 W, 96 %, 63
2026/10/10 08:09:01.357, 12955 MiB, 357.48 W, 96 %, 63
2026/10/10 08:09:02.368, 12955 MiB, 357.09 W, 96 %, 63
2026/10/10 08:09:03.377, 12955 MiB, 356.45 W, 95 %, 63
2026/10/10 08:09:04.386, 12955 MiB, 357.34 W, 96 %, 62
2026/10/10 08:09:05.398, 12955 MiB, 356.55 W, 96 %, 63
2026/10/10 08:09:06.403, 12955 MiB, 356.75 W, 96 %, 63
2026/10/10 08:09:07.413, 12955 MiB, 356.53 W, 93 %, 62
2026/10/10 08:09:08.420, 12955 MiB, 355.76 W, 96 %, 62
2026/10/10 08:09:09.426, 12955 MiB, 357.60 W, 96 %, 62
2026/10/10 08:09:10.435, 12955 MiB, 357.05 W, 96 %, 62
2026/10/10 08:09:11.441, 12955 MiB, 358.02 W, 96 %, 62
2026/10/10 08:09:12.455, 12955 MiB, 356.58 W, 96 %, 62
2026/10/10 08:09:13.466, 12955 MiB, 357.42 W, 96 %, 63
2026/10/10 08:09:14.478, 12955 MiB, 359.10 W, 96 %, 63
2026/10/10 08:09:15.489, 12955 MiB, 357.51 W, 96 %, 63
2026/10/10 08:09:16.495, 12955 MiB, 358.43 W, 96 %, 63
2026/10/10 08:09:17.506, 12955 MiB, 358.13 W, 95 %, 63
2026/10/10 08:09:18.519, 12955 MiB, 359.03 W, 96 %, 63
2026/10/10 08:09:19.521, 12955 MiB, 359.26 W, 96 %, 63
2026/10/10 08:09:20.532, 12955 MiB, 357.94 W, 96 %, 63
2026/10/10 08:09:21.542, 12955 MiB, 359.17 W, 96 %, 63
2026/10/10 08:09:22.557, 12955 MiB, 358.59 W, 96 %, 63
2026/10/10 08:09:23.565, 12955 MiB, 359.27 W, 95 %, 62
2026/10/10 08:09:24.572, 12955 MiB, 358.97 W, 96 %, 63
2026/10/10 08:09:25.575, 12955 MiB, 359.05 W, 96 %, 63
2026/10/10 08:09:26.581, 12955 MiB, 359.10 W, 96 %, 63
2026/10/10 08:09:27.585, 12955 MiB, 358.46 W, 96 %, 63
2026/10/10 08:09:28.591, 12955 MiB, 359.69 W, 96 %, 63
2026/10/10 08:09:29.599, 12955 MiB, 359.15 W, 94 %, 63
2026/10/10 08:09:30.608, 12955 MiB, 357.63 W, 95 %, 63
2026/10/10 08:09:31.610, 12955 MiB, 359.60 W, 96 %, 63
2026/10/10 08:09:32.617, 12955 MiB, 359.13 W, 96 %, 63
2026/10/10 08:09:33.629, 12955 MiB, 360.51 W, 96 %, 63
2026/10/10 08:09:34.635, 12955 MiB, 360.51 W, 95 %, 63
2026/10/10 08:09:35.641, 12955 MiB, 359.52 W, 96 %, 63
2026/10/10 08:09:36.646, 12955 MiB, 361.42 W, 96 %, 63
2026/10/10 08:09:37.659, 12955 MiB, 360.44 W, 93 %, 63
2026/10/10 08:09:38.661, 12955 MiB, 360.46 W, 96 %, 63
2026/10/10 08:09:39.669, 12955 MiB, 361.30 W, 96 %, 63
2026/10/10 08:09:40.676, 12955 MiB, 361.26 W, 96 %, 63
2026/10/10 08:09:41.678, 12955 MiB, 361.66 W, 96 %, 63
2026/10/10 08:09:42.683, 12955 MiB, 362.00 W, 96 %, 63
2026/10/10 08:09:43.688, 12955 MiB, 361.11 W, 96 %, 63
2026/10/10 08:09:44.692, 12955 MiB, 361.30 W, 95 %, 63
2026/10/10 08:09:45.705, 12955 MiB, 359.03 W, 96 %, 63
2026/10/10 08:09:46.707, 12955 MiB, 361.05 W, 96 %, 63
2026/10/10 08:09:47.720, 12955 MiB, 360.72 W, 96 %, 63
2026/10/10 08:09:48.733, 12955 MiB, 360.57 W, 96 %, 63
2026/10/10 08:09:49.735, 12955 MiB, 362.11 W, 96 %, 63
2026/10/10 08:09:50.735, 12955 MiB, 360.09 W, 94 %, 63
2026/10/10 08:09:51.750, 12955 MiB, 361.00 W, 95 %, 63
2026/10/10 08:09:52.764, 12955 MiB, 362.42 W, 95 %, 63
2026/10/10 08:09:53.774, 12955 MiB, 361.57 W, 96 %, 63
2026/10/10 08:09:54.783, 12955 MiB, 360.95 W, 95 %, 63
2026/10/10 08:09:55.791, 12955 MiB, 361.66 W, 96 %, 63
2026/10/10 08:09:56.795, 12955 MiB, 362.95 W, 96 %, 63
2026/10/10 08:09:57.800, 12955 MiB, 362.57 W, 96 %, 63
2026/10/10 08:09:58.802, 12955 MiB, 361.92 W, 96 %, 63
2026/10/10 08:09:59.807, 12955 MiB, 362.54 W, 96 %, 63
2026/10/10 08:10:00.818, 12955 MiB, 362.28 W, 94 %, 63
2026/10/10 08:10:01.822, 12955 MiB, 362.36 W, 96 %, 63
2026/10/10 08:10:02.824, 12955 MiB, 363.95 W, 96 %, 63
2026/10/10 08:10:03.830, 12955 MiB, 362.60 W, 95 %, 63
2026/10/10 08:10:04.842, 12955 MiB, 363.46 W, 96 %, 63
2026/10/10 08:10:05.848, 12955 MiB, 363.54 W, 96 %, 63
2026/10/10 08:10:06.856, 12955 MiB, 363.36 W, 96 %, 63
2026/10/10 08:10:07.867, 12955 MiB, 365.03 W, 96 %, 63
2026/10/10 08:10:08.878, 12955 MiB, 364.39 W, 97 %, 63
2026/10/10 08:10:09.889, 12955 MiB, 363.55 W, 95 %, 63
2026/10/10 08:10:10.894, 12955 MiB, 364.25 W, 96 %, 63
2026/10/10 08:10:11.904, 12955 MiB, 364.12 W, 96 %, 63
2026/10/10 08:10:12.912, 12955 MiB, 363.96 W, 94 %, 63
2026/10/10 08:10:13.923, 12955 MiB, 364.16 W, 96 %, 63
2026/10/10 08:10:14.934, 12955 MiB, 363.43 W, 96 %, 63
2026/10/10 08:10:15.940, 12955 MiB, 364.02 W, 95 %, 63
2026/10/10 08:10:16.949, 12955 MiB, 363.75 W, 94 %, 63
2026/10/10 08:10:17.950, 12955 MiB, 362.92 W, 96 %, 63
2026/10/10 08:10:18.961, 12955 MiB, 365.49 W, 96 %, 63
2026/10/10 08:10:19.962, 12955 MiB, 363.98 W, 96 %, 63
2026/10/10 08:10:20.975, 12955 MiB, 365.17 W, 94 %, 63
2026/10/10 08:10:21.990, 12955 MiB, 365.64 W, 96 %, 63
2026/10/10 08:10:23.006, 12955 MiB, 364.75 W, 96 %, 63
2026/10/10 08:10:24.010, 12955 MiB, 366.61 W, 96 %, 63
2026/10/10 08:10:25.014, 12955 MiB, 365.07 W, 96 %, 63
2026/10/10 08:10:26.023, 12955 MiB, 365.03 W, 96 %, 63
2026/10/10 08:10:27.037, 12955 MiB, 366.48 W, 96 %, 63
2026/10/10 08:10:28.048, 12955 MiB, 365.87 W, 96 %, 63
2026/10/10 08:10:29.060, 12955 MiB, 364.69 W, 96 %, 63
2026/10/10 08:10:30.069, 12955 MiB, 365.75 W, 96 %, 63
2026/10/10 08:10:31.078, 12955 MiB, 366.11 W, 95 %, 63
2026/10/10 08:10:32.089, 12955 MiB, 366.87 W, 96 %, 63
2026/10/10 08:10:33.101, 12955 MiB, 366.66 W, 95 %, 63
2026/10/10 08:10:34.103, 12955 MiB, 365.32 W, 96 %, 63
2026/10/10 08:10:35.115, 12955 MiB, 366.10 W, 96 %, 63
2026/10/10 08:10:36.125, 12955 MiB, 367.01 W, 96 %, 63
2026/10/10 08:10:37.149, 12955 MiB, 366.30 W, 96 %, 63
2026/10/10 08:10:38.159, 12955 MiB, 367.48 W, 96 %, 63
2026/10/10 08:10:39.171, 12955 MiB, 367.92 W, 96 %, 63
2026/10/10 08:10:40.180, 12955 MiB, 366.75 W, 96 %, 63
2026/10/10 08:10:41.193, 12955 MiB, 368.42 W, 96 %, 63
2026/10/10 08:10:42.207, 12955 MiB, 365.75 W, 95 %, 63
2026/10/10 08:10:43.208, 12955 MiB, 364.92 W, 96 %, 63
2026/10/10 08:10:44.220, 12955 MiB, 368.10 W, 96 %, 63
2026/10/10 08:10:45.231, 12955 MiB, 367.31 W, 92 %, 63
2026/10/10 08:10:46.242, 12955 MiB, 366.47 W, 95 %, 63
2026/10/10 08:10:47.248, 12955 MiB, 368.36 W, 96 %, 63
2026/10/10 08:10:48.262, 12955 MiB, 367.93 W, 96 %, 63
2026/10/10 08:10:49.263, 12955 MiB, 367.95 W, 96 %, 63
2026/10/10 08:10:50.275, 12955 MiB, 369.03 W, 96 %, 63
2026/10/10 08:10:51.276, 12955 MiB, 368.25 W, 96 %, 63
2026/10/10 08:10:52.291, 12955 MiB, 368.60 W, 96 %, 63
2026/10/10 08:10:53.304, 12955 MiB, 368.62 W, 94 %, 63
2026/10/10 08:10:54.319, 12955 MiB, 368.19 W, 96 %, 63
2026/10/10 08:10:55.320, 12955 MiB, 367.86 W, 96 %, 63
2026/10/10 08:10:56.335, 12955 MiB, 368.53 W, 96 %, 63
2026/10/10 08:10:57.340, 12955 MiB, 370.02 W, 96 %, 63
2026/10/10 08:10:58.341, 12955 MiB, 369.46 W, 96 %, 63
2026/10/10 08:10:59.343, 12955 MiB, 367.97 W, 96 %, 63
2026/10/10 08:11:00.359, 12955 MiB, 368.80 W, 96 %, 64
2026/10/10 08:11:01.365, 12955 MiB, 369.34 W, 96 %, 63
2026/10/10 08:11:02.370, 12955 MiB, 368.51 W, 96 %, 63
2026/10/10 08:11:03.384, 12955 MiB, 369.21 W, 96 %, 63
2026/10/10 08:11:04.399, 12955 MiB, 368.54 W, 96 %, 63
2026/10/10 08:11:05.410, 12955 MiB, 367.75 W, 96 %, 63
2026/10/10 08:11:06.411, 12955 MiB, 369.49 W, 96 %, 64
2026/10/10 08:11:07.424, 12955 MiB, 369.89 W, 96 %, 64
2026/10/10 08:11:08.434, 12955 MiB, 368.96 W, 96 %, 64
2026/10/10 08:11:09.434, 12955 MiB, 369.01 W, 96 %, 64
2026/10/10 08:11:10.447, 12955 MiB, 369.50 W, 96 %, 64
2026/10/10 08:11:11.458, 12955 MiB, 368.91 W, 96 %, 63
2026/10/10 08:11:12.465, 12955 MiB, 369.78 W, 96 %, 64
2026/10/10 08:11:13.472, 12955 MiB, 370.48 W, 96 %, 64
2026/10/10 08:11:14.480, 12955 MiB, 369.13 W, 96 %, 64
2026/10/10 08:11:15.489, 12955 MiB, 368.95 W, 94 %, 64
2026/10/10 08:11:16.498, 12955 MiB, 370.99 W, 97 %, 64
2026/10/10 08:11:17.508, 12955 MiB, 370.61 W, 96 %, 63
2026/10/10 08:11:18.517, 12955 MiB, 370.73 W, 96 %, 64
2026/10/10 08:11:19.525, 12955 MiB, 370.13 W, 96 %, 64
2026/10/10 08:11:20.534, 12955 MiB, 370.21 W, 96 %, 64
2026/10/10 08:11:21.550, 12955 MiB, 371.52 W, 96 %, 64
2026/10/10 08:11:22.556, 12955 MiB, 370.69 W, 94 %, 64
2026/10/10 08:11:23.568, 12955 MiB, 371.01 W, 96 %, 64
2026/10/10 08:11:24.580, 12955 MiB, 371.86 W, 96 %, 64
2026/10/10 08:11:25.590, 12955 MiB, 369.66 W, 94 %, 64
2026/10/10 08:11:26.603, 12955 MiB, 369.46 W, 96 %, 64
2026/10/10 08:11:27.617, 12955 MiB, 369.49 W, 96 %, 64
2026/10/10 08:11:28.629, 12955 MiB, 366.19 W, 93 %, 64
2026/10/10 08:11:29.644, 12955 MiB, 369.48 W, 96 %, 64
2026/10/10 08:11:30.653, 12955 MiB, 370.24 W, 96 %, 64
2026/10/10 08:11:31.669, 12955 MiB, 370.55 W, 94 %, 64
2026/10/10 08:11:32.681, 12955 MiB, 370.91 W, 97 %, 64
2026/10/10 08:11:33.693, 12955 MiB, 372.57 W, 96 %, 64
2026/10/10 08:11:34.696, 12955 MiB, 371.38 W, 94 %, 64
2026/10/10 08:11:35.709, 12955 MiB, 371.40 W, 97 %, 64
2026/10/10 08:11:36.721, 12955 MiB, 372.23 W, 96 %, 64
2026/10/10 08:11:37.735, 12955 MiB, 371.20 W, 93 %, 64
2026/10/10 08:11:38.749, 12955 MiB, 370.50 W, 97 %, 64
2026/10/10 08:11:39.763, 12955 MiB, 371.85 W, 96 %, 64
2026/10/10 08:11:40.774, 12955 MiB, 370.45 W, 93 %, 64
2026/10/10 08:11:41.788, 12955 MiB, 373.49 W, 96 %, 64
2026/10/10 08:11:42.796, 12955 MiB, 372.73 W, 97 %, 64
2026/10/10 08:11:43.811, 12955 MiB, 237.06 W, 0 %, 53
2026/10/10 08:11:44.821, 12955 MiB, 128.10 W, 94 %, 61
2026/10/10 08:11:45.830, 12955 MiB, 343.44 W, 93 %, 63
2026/10/10 08:11:46.839, 12955 MiB, 347.99 W, 95 %, 63
2026/10/10 08:11:47.844, 12955 MiB, 348.55 W, 95 %, 63
2026/10/10 08:11:48.854, 12955 MiB, 349.71 W, 95 %, 63
2026/10/10 08:11:49.866, 12955 MiB, 348.09 W, 95 %, 63
2026/10/10 08:11:50.875, 12955 MiB, 349.82 W, 96 %, 63
2026/10/10 08:11:51.880, 12955 MiB, 349.80 W, 94 %, 63
2026/10/10 08:11:52.887, 12955 MiB, 350.06 W, 96 %, 64
2026/10/10 08:11:53.893, 12955 MiB, 350.99 W, 96 %, 63
2026/10/10 08:11:54.907, 12955 MiB, 349.87 W, 96 %, 63
2026/10/10 08:11:55.916, 12955 MiB, 350.06 W, 96 %, 63
2026/10/10 08:11:56.926, 12955 MiB, 350.05 W, 96 %, 64
2026/10/10 08:11:57.942, 12955 MiB, 351.24 W, 96 %, 63
2026/10/10 08:11:58.942, 12955 MiB, 349.59 W, 96 %, 63
2026/10/10 08:11:59.950, 12955 MiB, 351.39 W, 96 %, 64
2026/10/10 08:12:00.959, 12955 MiB, 350.62 W, 95 %, 63
2026/10/10 08:12:01.964, 12955 MiB, 351.68 W, 96 %, 64
2026/10/10 08:12:02.972, 12955 MiB, 351.80 W, 96 %, 64
2026/10/10 08:12:03.982, 12955 MiB, 350.45 W, 96 %, 63
2026/10/10 08:12:04.985, 12955 MiB, 351.95 W, 96 %, 64
2026/10/10 08:12:05.994, 12955 MiB, 350.84 W, 96 %, 64
2026/10/10 08:12:06.999, 12955 MiB, 352.85 W, 96 %, 63
2026/10/10 08:12:08.007, 12955 MiB, 351.34 W, 96 %, 63
2026/10/10 08:12:09.015, 12955 MiB, 352.90 W, 96 %, 64
2026/10/10 08:12:10.022, 12955 MiB, 352.44 W, 93 %, 63
2026/10/10 08:12:11.031, 12955 MiB, 352.48 W, 96 %, 64
2026/10/10 08:12:12.041, 12955 MiB, 352.64 W, 94 %, 64
2026/10/10 08:12:13.048, 12955 MiB, 351.28 W, 94 %, 64
2026/10/10 08:12:14.058, 12955 MiB, 352.78 W, 96 %, 64
2026/10/10 08:12:15.065, 12955 MiB, 352.64 W, 95 %, 64
2026/10/10 08:12:16.068, 12955 MiB, 353.28 W, 96 %, 64
2026/10/10 08:12:17.078, 12955 MiB, 352.25 W, 96 %, 63
2026/10/10 08:12:18.082, 12955 MiB, 352.97 W, 96 %, 64
2026/10/10 08:12:19.093, 12955 MiB, 354.02 W, 96 %, 64
2026/10/10 08:12:20.099, 12955 MiB, 353.48 W, 96 %, 64
2026/10/10 08:12:21.109, 12955 MiB, 354.88 W, 96 %, 64
2026/10/10 08:12:22.120, 12955 MiB, 354.08 W, 96 %, 64
2026/10/10 08:12:23.130, 12955 MiB, 354.62 W, 96 %, 64
2026/10/10 08:12:24.141, 12955 MiB, 354.33 W, 96 %, 64
2026/10/10 08:12:25.156, 12955 MiB, 351.51 W, 96 %, 64
2026/10/10 08:12:26.158, 12955 MiB, 314.90 W, 1 %, 56
2026/10/10 08:12:27.162, 12955 MiB, 228.34 W, 100 %, 75
2026/10/10 08:12:28.172, 12955 MiB, 431.26 W, 64 %, 60
2026/10/10 08:12:29.184, 12955 MiB, 421.51 W, 100 %, 78
2026/10/10 08:12:30.199, 12955 MiB, 424.74 W, 91 %, 72
2026/10/10 08:12:31.208, 12955 MiB, 444.73 W, 100 %, 74
2026/10/10 08:12:32.210, 12955 MiB, 422.42 W, 99 %, 72
2026/10/10 08:12:33.219, 12955 MiB, 363.08 W, 95 %, 64
2026/10/10 08:12:34.227, 12955 MiB, 348.25 W, 96 %, 63
2026/10/10 08:12:35.238, 12955 MiB, 346.93 W, 95 %, 63
2026/10/10 08:12:36.248, 12955 MiB, 347.43 W, 96 %, 63
2026/10/10 08:12:37.260, 12955 MiB, 347.51 W, 93 %, 63
2026/10/10 08:12:38.272, 12955 MiB, 346.87 W, 96 %, 63
2026/10/10 08:12:39.285, 12955 MiB, 349.02 W, 96 %, 63
2026/10/10 08:12:40.297, 12955 MiB, 350.65 W, 96 %, 63
2026/10/10 08:12:41.312, 12955 MiB, 348.38 W, 94 %, 63
2026/10/10 08:12:42.327, 12955 MiB, 348.56 W, 95 %, 63
2026/10/10 08:12:43.330, 12955 MiB, 349.48 W, 95 %, 63
2026/10/10 08:12:44.339, 12955 MiB, 348.46 W, 95 %, 63
2026/10/10 08:12:45.354, 12955 MiB, 349.80 W, 95 %, 63
2026/10/10 08:12:46.365, 12955 MiB, 348.28 W, 96 %, 63
2026/10/10 08:12:47.375, 12955 MiB, 349.79 W, 95 %, 63
2026/10/10 08:12:48.386, 12955 MiB, 350.25 W, 96 %, 63
2026/10/10 08:12:49.397, 12955 MiB, 350.95 W, 96 %, 63
2026/10/10 08:12:50.405, 12955 MiB, 349.64 W, 96 %, 63
2026/10/10 08:12:51.415, 12955 MiB, 351.30 W, 96 %, 63
2026/10/10 08:12:52.426, 12955 MiB, 349.01 W, 96 %, 63
2026/10/10 08:12:53.431, 12955 MiB, 349.47 W, 96 %, 63
2026/10/10 08:12:54.439, 12955 MiB, 351.99 W, 93 %, 63
2026/10/10 08:12:55.452, 12955 MiB, 350.28 W, 96 %, 63
2026/10/10 08:12:56.464, 12955 MiB, 351.25 W, 96 %, 63
2026/10/10 08:12:57.478, 12955 MiB, 350.59 W, 95 %, 63
2026/10/10 08:12:58.485, 12955 MiB, 351.92 W, 96 %, 63
2026/10/10 08:12:59.499, 12955 MiB, 351.17 W, 95 %, 62
2026/10/10 08:13:00.508, 12955 MiB, 350.12 W, 95 %, 63
2026/10/10 08:13:01.514, 12955 MiB, 352.45 W, 96 %, 63
2026/10/10 08:13:02.524, 12955 MiB, 351.38 W, 96 %, 63
2026/10/10 08:13:03.534, 12955 MiB, 352.17 W, 95 %, 63
2026/10/10 08:13:04.541, 12955 MiB, 347.45 W, 96 %, 63
2026/10/10 08:13:05.556, 12955 MiB, 247.57 W, 0 %, 52
2026/10/10 08:13:06.561, 12955 MiB, 343.24 W, 100 %, 74
2026/10/10 08:13:07.571, 12955 MiB, 422.64 W, 99 %, 61
2026/10/10 08:13:08.577, 12955 MiB, 444.56 W, 100 %, 72
2026/10/10 08:13:09.583, 12955 MiB, 412.24 W, 99 %, 70
2026/10/10 08:13:10.586, 12955 MiB, 457.61 W, 98 %, 74
2026/10/10 08:13:11.599, 12955 MiB, 407.32 W, 96 %, 64
2026/10/10 08:13:12.607, 12955 MiB, 347.52 W, 95 %, 63
2026/10/10 08:13:13.621, 12955 MiB, 348.47 W, 95 %, 63
2026/10/10 08:13:14.629, 12955 MiB, 347.02 W, 94 %, 63
2026/10/10 08:13:15.638, 12955 MiB, 348.32 W, 95 %, 63
2026/10/10 08:13:16.649, 12955 MiB, 347.71 W, 96 %, 63
2026/10/10 08:13:17.663, 12955 MiB, 345.77 W, 96 %, 63
2026/10/10 08:13:18.674, 12955 MiB, 346.85 W, 95 %, 62
2026/10/10 08:13:19.687, 12955 MiB, 348.62 W, 95 %, 63
2026/10/10 08:13:20.699, 12955 MiB, 348.73 W, 95 %, 62
2026/10/10 08:13:21.700, 12955 MiB, 348.67 W, 96 %, 63
2026/10/10 08:13:22.705, 12955 MiB, 350.27 W, 96 %, 62
2026/10/10 08:13:23.716, 12955 MiB, 349.10 W, 96 %, 63
2026/10/10 08:13:24.718, 12955 MiB, 350.37 W, 95 %, 63
2026/10/10 08:13:25.725, 12955 MiB, 348.19 W, 95 %, 63
2026/10/10 08:13:26.738, 12955 MiB, 349.94 W, 96 %, 62
2026/10/10 08:13:27.749, 12955 MiB, 349.35 W, 95 %, 62
2026/10/10 08:13:28.758, 12955 MiB, 348.15 W, 96 %, 62
2026/10/10 08:13:29.770, 12955 MiB, 349.90 W, 95 %, 62
2026/10/10 08:13:30.782, 12955 MiB, 348.53 W, 96 %, 63
2026/10/10 08:13:31.795, 12955 MiB, 349.43 W, 95 %, 62
2026/10/10 08:13:32.808, 12955 MiB, 350.47 W, 96 %, 62
2026/10/10 08:13:33.820, 12955 MiB, 351.64 W, 95 %, 62
2026/10/10 08:13:34.835, 12955 MiB, 351.01 W, 95 %, 62
2026/10/10 08:13:35.846, 12955 MiB, 350.95 W, 96 %, 62
2026/10/10 08:13:36.861, 12955 MiB, 350.28 W, 96 %, 62
2026/10/10 08:13:37.873, 12955 MiB, 350.89 W, 96 %, 63
2026/10/10 08:13:38.882, 12955 MiB, 349.96 W, 96 %, 63
2026/10/10 08:13:39.894, 12955 MiB, 352.02 W, 96 %, 62
2026/10/10 08:13:40.907, 12955 MiB, 351.70 W, 95 %, 62
2026/10/10 08:13:41.916, 12955 MiB, 350.17 W, 96 %, 62
2026/10/10 08:13:42.922, 12955 MiB, 351.64 W, 96 %, 63
2026/10/10 08:13:43.935, 12955 MiB, 351.03 W, 96 %, 62
2026/10/10 08:13:44.947, 12955 MiB, 350.90 W, 96 %, 62
2026/10/10 08:13:45.962, 12955 MiB, 351.13 W, 95 %, 62
2026/10/10 08:13:46.963, 12955 MiB, 353.02 W, 96 %, 63
2026/10/10 08:13:47.990, 12955 MiB, 353.13 W, 95 %, 62
2026/10/10 08:13:48.990, 12955 MiB, 351.09 W, 94 %, 62
2026/10/10 08:13:49.994, 12955 MiB, 352.43 W, 96 %, 62
2026/10/10 08:13:50.997, 12955 MiB, 352.36 W, 96 %, 63
2026/10/10 08:13:52.003, 12955 MiB, 353.60 W, 96 %, 63
2026/10/10 08:13:53.007, 12955 MiB, 352.32 W, 96 %, 63
2026/10/10 08:13:54.020, 12955 MiB, 354.42 W, 96 %, 63
2026/10/10 08:13:55.021, 12955 MiB, 354.64 W, 96 %, 63
2026/10/10 08:13:56.035, 12955 MiB, 353.11 W, 96 %, 63
2026/10/10 08:13:57.045, 12955 MiB, 354.44 W, 96 %, 63
2026/10/10 08:13:58.052, 12955 MiB, 353.22 W, 96 %, 62
2026/10/10 08:13:59.057, 12955 MiB, 354.21 W, 96 %, 62
2026/10/10 08:14:00.065, 12955 MiB, 351.54 W, 95 %, 62
2026/10/10 08:14:01.078, 12955 MiB, 353.90 W, 96 %, 62
2026/10/10 08:14:02.085, 12955 MiB, 354.93 W, 96 %, 63
2026/10/10 08:14:03.094, 12955 MiB, 354.20 W, 96 %, 63
2026/10/10 08:14:04.109, 12955 MiB, 355.01 W, 96 %, 63
2026/10/10 08:14:05.112, 12955 MiB, 353.80 W, 96 %, 63
2026/10/10 08:14:06.128, 12955 MiB, 354.99 W, 96 %, 63
2026/10/10 08:14:07.138, 12955 MiB, 354.98 W, 96 %, 63
2026/10/10 08:14:08.150, 12955 MiB, 354.48 W, 96 %, 63
2026/10/10 08:14:09.161, 12955 MiB, 355.49 W, 96 %, 62
2026/10/10 08:14:10.170, 12955 MiB, 354.37 W, 95 %, 63
2026/10/10 08:14:11.180, 12955 MiB, 355.84 W, 96 %, 63
2026/10/10 08:14:12.194, 12955 MiB, 355.75 W, 94 %, 62
2026/10/10 08:14:13.208, 12955 MiB, 354.60 W, 94 %, 63
2026/10/10 08:14:14.215, 12955 MiB, 355.41 W, 96 %, 63
2026/10/10 08:14:15.226, 12955 MiB, 354.86 W, 96 %, 63
2026/10/10 08:14:16.239, 12955 MiB, 356.42 W, 94 %, 63
2026/10/10 08:14:17.252, 12955 MiB, 355.75 W, 94 %, 63
2026/10/10 08:14:18.266, 12955 MiB, 355.83 W, 96 %, 63
2026/10/10 08:14:19.281, 12955 MiB, 355.96 W, 96 %, 63
2026/10/10 08:14:20.291, 12955 MiB, 356.43 W, 96 %, 63
2026/10/10 08:14:21.304, 12955 MiB, 357.01 W, 96 %, 63
2026/10/10 08:14:22.317, 12955 MiB, 355.82 W, 95 %, 63
2026/10/10 08:14:23.330, 12955 MiB, 356.68 W, 94 %, 63
2026/10/10 08:14:24.343, 12955 MiB, 355.29 W, 96 %, 63
2026/10/10 08:14:25.354, 12955 MiB, 357.82 W, 96 %, 63
2026/10/10 08:14:26.361, 12955 MiB, 358.33 W, 96 %, 63
2026/10/10 08:14:27.371, 12955 MiB, 356.42 W, 95 %, 63
2026/10/10 08:14:28.374, 12955 MiB, 357.74 W, 95 %, 63
2026/10/10 08:14:29.383, 12955 MiB, 355.99 W, 92 %, 63
2026/10/10 08:14:30.396, 12955 MiB, 356.99 W, 96 %, 63
2026/10/10 08:14:31.404, 12955 MiB, 358.83 W, 96 %, 63
2026/10/10 08:14:32.408, 12955 MiB, 358.55 W, 96 %, 63
2026/10/10 08:14:33.418, 12955 MiB, 359.18 W, 96 %, 63
2026/10/10 08:14:34.424, 12955 MiB, 358.41 W, 94 %, 63
2026/10/10 08:14:35.434, 12955 MiB, 357.75 W, 96 %, 63
2026/10/10 08:14:36.442, 12955 MiB, 359.53 W, 96 %, 63
2026/10/10 08:14:37.455, 12955 MiB, 358.35 W, 96 %, 63
2026/10/10 08:14:38.462, 12955 MiB, 359.96 W, 96 %, 63
2026/10/10 08:14:39.466, 12955 MiB, 359.67 W, 94 %, 63
2026/10/10 08:14:40.476, 12955 MiB, 358.53 W, 96 %, 63
2026/10/10 08:14:41.486, 12955 MiB, 359.52 W, 96 %, 63
2026/10/10 08:14:42.510, 12955 MiB, 358.29 W, 96 %, 63
2026/10/10 08:14:43.515, 12955 MiB, 359.80 W, 96 %, 63
2026/10/10 08:14:44.520, 12955 MiB, 360.10 W, 96 %, 63
2026/10/10 08:14:45.529, 12955 MiB, 359.52 W, 96 %, 63
2026/10/10 08:14:46.537, 12955 MiB, 360.85 W, 96 %, 63
2026/10/10 08:14:47.545, 12955 MiB, 359.34 W, 96 %, 63
2026/10/10 08:14:48.557, 12955 MiB, 360.26 W, 95 %, 63
2026/10/10 08:14:49.572, 12955 MiB, 360.32 W, 96 %, 63
2026/10/10 08:14:50.587, 12955 MiB, 359.54 W, 95 %, 63
2026/10/10 08:14:51.600, 12955 MiB, 360.90 W, 96 %, 63
2026/10/10 08:14:52.614, 12955 MiB, 360.86 W, 96 %, 63
2026/10/10 08:14:53.623, 12955 MiB, 360.05 W, 96 %, 63
2026/10/10 08:14:54.637, 12955 MiB, 360.35 W, 96 %, 63
2026/10/10 08:14:55.647, 12955 MiB, 360.39 W, 95 %, 63
2026/10/10 08:14:56.657, 12955 MiB, 361.58 W, 96 %, 63
2026/10/10 08:14:57.665, 12955 MiB, 360.80 W, 96 %, 63
2026/10/10 08:14:58.673, 12955 MiB, 359.81 W, 96 %, 63
2026/10/10 08:14:59.684, 12955 MiB, 360.37 W, 95 %, 63
2026/10/10 08:15:00.694, 12955 MiB, 359.23 W, 93 %, 63
2026/10/10 08:15:01.703, 12955 MiB, 361.09 W, 95 %, 63
2026/10/10 08:15:02.711, 12955 MiB, 361.81 W, 96 %, 63
2026/10/10 08:15:03.723, 12955 MiB, 361.82 W, 96 %, 63
2026/10/10 08:15:04.727, 12955 MiB, 362.12 W, 96 %, 63
2026/10/10 08:15:05.735, 12955 MiB, 361.85 W, 96 %, 63
2026/10/10 08:15:06.745, 12955 MiB, 360.07 W, 96 %, 63
2026/10/10 08:15:07.753, 12955 MiB, 362.37 W, 96 %, 63
2026/10/10 08:15:08.763, 12955 MiB, 362.06 W, 93 %, 63
2026/10/10 08:15:09.779, 12955 MiB, 362.39 W, 96 %, 63
2026/10/10 08:15:10.786, 12955 MiB, 363.54 W, 96 %, 63
2026/10/10 08:15:11.795, 12955 MiB, 361.89 W, 95 %, 63
2026/10/10 08:15:12.807, 12955 MiB, 363.11 W, 96 %, 63
2026/10/10 08:15:13.819, 12955 MiB, 362.93 W, 96 %, 63
2026/10/10 08:15:14.833, 12955 MiB, 363.70 W, 96 %, 63
2026/10/10 08:15:15.847, 12955 MiB, 363.84 W, 96 %, 63
2026/10/10 08:15:16.857, 12955 MiB, 362.63 W, 96 %, 63
2026/10/10 08:15:17.867, 12955 MiB, 364.30 W, 95 %, 63
2026/10/10 08:15:18.877, 12955 MiB, 364.76 W, 96 %, 63
2026/10/10 08:15:19.888, 12955 MiB, 363.02 W, 95 %, 63
2026/10/10 08:15:20.898, 12955 MiB, 364.01 W, 94 %, 63
2026/10/10 08:15:21.914, 12955 MiB, 362.71 W, 96 %, 63
2026/10/10 08:15:22.916, 12955 MiB, 363.45 W, 96 %, 63
2026/10/10 08:15:23.931, 12955 MiB, 364.37 W, 96 %, 63
2026/10/10 08:15:24.933, 12955 MiB, 363.93 W, 96 %, 63
2026/10/10 08:15:25.935, 12955 MiB, 364.53 W, 96 %, 63
2026/10/10 08:15:26.950, 12955 MiB, 365.29 W, 96 %, 63
2026/10/10 08:15:27.961, 12955 MiB, 363.12 W, 96 %, 63
2026/10/10 08:15:28.963, 12955 MiB, 365.75 W, 96 %, 63
2026/10/10 08:15:29.975, 12955 MiB, 364.18 W, 96 %, 63
2026/10/10 08:15:30.987, 12955 MiB, 363.83 W, 96 %, 64
2026/10/10 08:15:31.999, 12955 MiB, 364.73 W, 96 %, 63
2026/10/10 08:15:33.009, 12955 MiB, 364.11 W, 93 %, 63
2026/10/10 08:15:34.023, 12955 MiB, 364.34 W, 96 %, 64
2026/10/10 08:15:35.034, 12955 MiB, 365.60 W, 96 %, 64
2026/10/10 08:15:36.045, 12955 MiB, 364.71 W, 96 %, 64
2026/10/10 08:15:37.054, 12955 MiB, 364.48 W, 96 %, 64
2026/10/10 08:15:38.066, 12955 MiB, 364.52 W, 96 %, 64
2026/10/10 08:15:39.075, 12955 MiB, 363.96 W, 96 %, 64
2026/10/10 08:15:40.088, 12955 MiB, 365.45 W, 96 %, 64
2026/10/10 08:15:41.102, 12955 MiB, 364.53 W, 95 %, 64
2026/10/10 08:15:42.115, 12955 MiB, 364.12 W, 96 %, 64
2026/10/10 08:15:43.128, 12955 MiB, 365.65 W, 96 %, 64
2026/10/10 08:15:44.139, 12955 MiB, 366.34 W, 96 %, 64
2026/10/10 08:15:45.150, 12955 MiB, 364.42 W, 96 %, 64
2026/10/10 08:15:46.163, 12955 MiB, 366.65 W, 96 %, 64
2026/10/10 08:15:47.173, 12955 MiB, 365.35 W, 93 %, 64
2026/10/10 08:15:48.182, 12955 MiB, 364.56 W, 96 %, 64
2026/10/10 08:15:49.190, 12955 MiB, 366.60 W, 95 %, 64
2026/10/10 08:15:50.204, 12955 MiB, 365.59 W, 96 %, 64
2026/10/10 08:15:51.215, 12955 MiB, 367.31 W, 96 %, 64
2026/10/10 08:15:52.229, 12955 MiB, 366.74 W, 96 %, 64
2026/10/10 08:15:53.243, 12955 MiB, 365.34 W, 96 %, 64
2026/10/10 08:15:54.259, 12955 MiB, 366.56 W, 96 %, 64
2026/10/10 08:15:55.273, 12955 MiB, 367.04 W, 96 %, 64
2026/10/10 08:15:56.276, 12955 MiB, 365.62 W, 96 %, 64
2026/10/10 08:15:57.291, 12955 MiB, 366.91 W, 96 %, 64
2026/10/10 08:15:58.306, 12955 MiB, 366.76 W, 96 %, 64
2026/10/10 08:15:59.321, 12955 MiB, 367.19 W, 96 %, 64
2026/10/10 08:16:00.336, 12955 MiB, 366.37 W, 96 %, 64
2026/10/10 08:16:01.349, 12955 MiB, 367.20 W, 96 %, 64
2026/10/10 08:16:02.364, 12955 MiB, 368.43 W, 96 %, 64
2026/10/10 08:16:03.375, 12955 MiB, 367.73 W, 96 %, 64
2026/10/10 08:16:04.388, 12955 MiB, 367.77 W, 96 %, 64
2026/10/10 08:16:05.398, 12955 MiB, 368.97 W, 96 %, 64
2026/10/10 08:16:06.412, 12955 MiB, 368.01 W, 96 %, 64
2026/10/10 08:16:07.425, 12955 MiB, 367.85 W, 96 %, 64
2026/10/10 08:16:08.429, 12955 MiB, 369.03 W, 96 %, 64
2026/10/10 08:16:09.441, 12955 MiB, 368.92 W, 96 %, 64
2026/10/10 08:16:10.452, 12955 MiB, 367.24 W, 96 %, 64
2026/10/10 08:16:11.461, 12955 MiB, 368.17 W, 96 %, 64
2026/10/10 08:16:12.476, 12955 MiB, 368.06 W, 96 %, 64
2026/10/10 08:16:13.483, 12955 MiB, 368.06 W, 96 %, 64
2026/10/10 08:16:14.492, 12955 MiB, 368.67 W, 96 %, 64
2026/10/10 08:16:15.503, 12955 MiB, 369.38 W, 96 %, 64
2026/10/10 08:16:16.515, 12955 MiB, 368.52 W, 96 %, 64
2026/10/10 08:16:17.529, 12955 MiB, 369.16 W, 95 %, 64
2026/10/10 08:16:18.541, 12955 MiB, 368.90 W, 96 %, 64
2026/10/10 08:16:19.551, 12955 MiB, 368.88 W, 97 %, 64
2026/10/10 08:16:20.559, 12955 MiB, 370.42 W, 97 %, 64
2026/10/10 08:16:21.570, 12955 MiB, 370.20 W, 96 %, 64
2026/10/10 08:16:22.571, 12955 MiB, 369.20 W, 96 %, 64
2026/10/10 08:16:23.572, 12955 MiB, 369.68 W, 96 %, 64
2026/10/10 08:16:24.582, 12955 MiB, 370.02 W, 96 %, 64
2026/10/10 08:16:25.596, 12955 MiB, 369.88 W, 97 %, 64
2026/10/10 08:16:26.611, 12955 MiB, 371.15 W, 96 %, 64
2026/10/10 08:16:27.612, 12955 MiB, 368.40 W, 94 %, 64
2026/10/10 08:16:28.624, 12955 MiB, 365.62 W, 96 %, 64
2026/10/10 08:16:29.639, 12955 MiB, 370.42 W, 95 %, 64
2026/10/10 08:16:30.647, 12955 MiB, 370.68 W, 96 %, 64
2026/10/10 08:16:31.649, 12955 MiB, 370.38 W, 96 %, 64
2026/10/10 08:16:32.663, 12955 MiB, 370.93 W, 96 %, 64
2026/10/10 08:16:33.664, 12955 MiB, 370.98 W, 97 %, 64
2026/10/10 08:16:34.668, 12955 MiB, 370.95 W, 96 %, 64
2026/10/10 08:16:35.669, 12955 MiB, 370.73 W, 96 %, 64
2026/10/10 08:16:36.683, 12955 MiB, 371.34 W, 96 %, 64
2026/10/10 08:16:37.686, 12955 MiB, 370.71 W, 96 %, 64
2026/10/10 08:16:38.697, 12955 MiB, 370.80 W, 96 %, 64
2026/10/10 08:16:39.710, 12955 MiB, 370.80 W, 96 %, 64
2026/10/10 08:16:40.721, 12955 MiB, 370.03 W, 96 %, 64
2026/10/10 08:16:41.722, 12955 MiB, 371.70 W, 96 %, 64
2026/10/10 08:16:42.731, 12955 MiB, 371.64 W, 96 %, 64
2026/10/10 08:16:43.746, 12955 MiB, 371.08 W, 96 %, 64
2026/10/10 08:16:44.756, 12955 MiB, 372.10 W, 96 %, 64
2026/10/10 08:16:45.767, 12955 MiB, 371.70 W, 96 %, 64
2026/10/10 08:16:46.768, 12955 MiB, 155.62 W, 0 %, 53
2026/10/10 08:16:47.778, 12955 MiB, 241.98 W, 95 %, 63
2026/10/10 08:16:48.786, 12955 MiB, 348.41 W, 95 %, 64
2026/10/10 08:16:49.795, 12955 MiB, 349.75 W, 95 %, 64
2026/10/10 08:16:50.803, 12955 MiB, 348.25 W, 95 %, 64
2026/10/10 08:16:51.813, 12955 MiB, 348.70 W, 95 %, 64
2026/10/10 08:16:52.823, 12955 MiB, 349.36 W, 96 %, 64
2026/10/10 08:16:53.833, 12955 MiB, 348.55 W, 92 %, 63
2026/10/10 08:16:54.844, 12955 MiB, 348.92 W, 96 %, 64
2026/10/10 08:16:55.854, 12955 MiB, 351.24 W, 96 %, 64
2026/10/10 08:16:56.867, 12955 MiB, 350.95 W, 96 %, 64
2026/10/10 08:16:57.881, 12955 MiB, 351.75 W, 96 %, 64
2026/10/10 08:16:58.893, 12955 MiB, 351.22 W, 96 %, 64
2026/10/10 08:16:59.897, 12955 MiB, 350.68 W, 95 %, 64
2026/10/10 08:17:00.910, 12955 MiB, 350.43 W, 96 %, 64
2026/10/10 08:17:01.917, 12955 MiB, 351.11 W, 95 %, 64
2026/10/10 08:17:02.922, 12955 MiB, 350.12 W, 96 %, 64
2026/10/10 08:17:03.930, 12955 MiB, 352.61 W, 96 %, 64
2026/10/10 08:17:04.933, 12955 MiB, 352.71 W, 96 %, 64
2026/10/10 08:17:05.943, 12955 MiB, 351.80 W, 96 %, 64
2026/10/10 08:17:06.955, 12955 MiB, 349.85 W, 95 %, 64
2026/10/10 08:17:07.961, 12955 MiB, 350.09 W, 95 %, 64
2026/10/10 08:17:08.965, 12955 MiB, 351.83 W, 95 %, 63
2026/10/10 08:17:09.967, 12955 MiB, 351.72 W, 96 %, 64
2026/10/10 08:17:10.978, 12955 MiB, 352.28 W, 96 %, 64
2026/10/10 08:17:11.990, 12955 MiB, 352.06 W, 93 %, 64
2026/10/10 08:17:12.999, 12955 MiB, 352.02 W, 94 %, 64
2026/10/10 08:17:14.009, 12955 MiB, 353.35 W, 95 %, 64
2026/10/10 08:17:15.017, 12955 MiB, 351.48 W, 96 %, 64
2026/10/10 08:17:16.029, 12955 MiB, 353.01 W, 95 %, 64
2026/10/10 08:17:17.033, 12955 MiB, 352.15 W, 96 %, 64
2026/10/10 08:17:18.041, 12955 MiB, 352.46 W, 93 %, 64
2026/10/10 08:17:19.048, 12955 MiB, 352.08 W, 93 %, 64
2026/10/10 08:17:20.055, 12955 MiB, 351.29 W, 96 %, 64
2026/10/10 08:17:21.063, 12955 MiB, 353.26 W, 95 %, 64
2026/10/10 08:17:22.069, 12955 MiB, 353.42 W, 96 %, 64
2026/10/10 08:17:23.077, 12955 MiB, 354.36 W, 96 %, 64
2026/10/10 08:17:24.091, 12955 MiB, 353.46 W, 95 %, 64
2026/10/10 08:17:25.103, 12955 MiB, 354.21 W, 95 %, 64
2026/10/10 08:17:26.116, 12955 MiB, 353.04 W, 93 %, 64
2026/10/10 08:17:27.131, 12955 MiB, 354.19 W, 95 %, 64
2026/10/10 08:17:28.139, 12955 MiB, 355.59 W, 96 %, 64
2026/10/10 08:17:29.154, 12955 MiB, 354.24 W, 95 %, 64
2026/10/10 08:17:30.164, 12955 MiB, 353.41 W, 95 %, 64
2026/10/10 08:17:31.175, 12955 MiB, 354.48 W, 96 %, 64
2026/10/10 08:17:32.189, 12955 MiB, 355.36 W, 96 %, 64
2026/10/10 08:17:33.198, 12955 MiB, 355.37 W, 96 %, 64
2026/10/10 08:17:34.205, 12955 MiB, 354.46 W, 96 %, 64
2026/10/10 08:17:35.214, 12955 MiB, 356.12 W, 96 %, 64
2026/10/10 08:17:36.220, 12955 MiB, 356.18 W, 96 %, 64
2026/10/10 08:17:37.225, 12955 MiB, 355.71 W, 94 %, 64
2026/10/10 08:17:38.234, 12955 MiB, 355.89 W, 95 %, 64
2026/10/10 08:17:39.243, 12955 MiB, 357.14 W, 96 %, 64
2026/10/10 08:17:40.249, 12955 MiB, 356.75 W, 95 %, 64
2026/10/10 08:17:41.260, 12955 MiB, 354.92 W, 95 %, 64
2026/10/10 08:17:42.274, 12955 MiB, 357.01 W, 95 %, 64
2026/10/10 08:17:43.281, 12955 MiB, 355.64 W, 96 %, 64
2026/10/10 08:17:44.292, 12955 MiB, 357.40 W, 96 %, 64
2026/10/10 08:17:45.305, 12955 MiB, 357.85 W, 96 %, 64
2026/10/10 08:17:46.315, 12955 MiB, 357.28 W, 96 %, 64
2026/10/10 08:17:47.321, 12955 MiB, 357.46 W, 95 %, 64
2026/10/10 08:17:48.328, 12955 MiB, 356.20 W, 96 %, 64
2026/10/10 08:17:49.338, 12955 MiB, 358.12 W, 96 %, 64
2026/10/10 08:17:50.350, 12955 MiB, 357.05 W, 95 %, 64
2026/10/10 08:17:51.360, 12955 MiB, 357.84 W, 96 %, 64
2026/10/10 08:17:52.374, 12955 MiB, 357.47 W, 96 %, 63
2026/10/10 08:17:53.388, 12955 MiB, 356.82 W, 96 %, 64
2026/10/10 08:17:54.395, 12955 MiB, 357.57 W, 96 %, 64
2026/10/10 08:17:55.410, 12955 MiB, 357.18 W, 96 %, 64
2026/10/10 08:17:56.413, 12955 MiB, 357.52 W, 96 %, 64
2026/10/10 08:17:57.428, 12955 MiB, 357.30 W, 96 %, 64
2026/10/10 08:17:58.429, 12955 MiB, 357.62 W, 96 %, 64
2026/10/10 08:17:59.440, 12955 MiB, 359.08 W, 96 %, 64
2026/10/10 08:18:00.449, 12955 MiB, 357.59 W, 94 %, 64
2026/10/10 08:18:01.462, 12955 MiB, 359.20 W, 96 %, 64
2026/10/10 08:18:02.470, 12955 MiB, 359.93 W, 96 %, 64
2026/10/10 08:18:03.478, 12955 MiB, 357.95 W, 96 %, 64
2026/10/10 08:18:04.490, 12955 MiB, 359.78 W, 96 %, 64
2026/10/10 08:18:05.498, 12955 MiB, 358.90 W, 96 %, 64
2026/10/10 08:18:06.507, 12955 MiB, 360.32 W, 96 %, 64
2026/10/10 08:18:07.515, 12955 MiB, 360.44 W, 96 %, 64
2026/10/10 08:18:08.529, 12955 MiB, 358.91 W, 95 %, 64
2026/10/10 08:18:09.541, 12955 MiB, 360.20 W, 96 %, 64
2026/10/10 08:18:10.553, 12955 MiB, 359.28 W, 96 %, 64
2026/10/10 08:18:11.568, 12955 MiB, 361.14 W, 96 %, 64
2026/10/10 08:18:12.577, 12955 MiB, 360.92 W, 96 %, 64
2026/10/10 08:18:13.587, 12955 MiB, 360.06 W, 96 %, 64
2026/10/10 08:18:14.588, 12955 MiB, 360.77 W, 96 %, 64
2026/10/10 08:18:15.603, 12955 MiB, 359.69 W, 96 %, 64
2026/10/10 08:18:16.618, 12955 MiB, 361.55 W, 96 %, 64
2026/10/10 08:18:17.631, 12955 MiB, 361.32 W, 96 %, 64
2026/10/10 08:18:18.646, 12955 MiB, 359.70 W, 95 %, 64
2026/10/10 08:18:19.657, 12955 MiB, 360.73 W, 96 %, 65
2026/10/10 08:18:20.670, 12955 MiB, 360.46 W, 96 %, 64
2026/10/10 08:18:21.684, 12955 MiB, 362.24 W, 96 %, 65
2026/10/10 08:18:22.699, 12955 MiB, 362.64 W, 96 %, 64
2026/10/10 08:18:23.712, 12955 MiB, 361.01 W, 96 %, 65
2026/10/10 08:18:24.723, 12955 MiB, 362.52 W, 96 %, 65
2026/10/10 08:18:25.724, 12955 MiB, 362.52 W, 96 %, 65
2026/10/10 08:18:26.729, 12955 MiB, 361.85 W, 96 %, 65
2026/10/10 08:18:27.743, 12955 MiB, 361.99 W, 94 %, 65
2026/10/10 08:18:28.757, 12955 MiB, 361.11 W, 96 %, 64
2026/10/10 08:18:29.768, 12955 MiB, 361.74 W, 96 %, 64
2026/10/10 08:18:30.769, 12955 MiB, 360.59 W, 94 %, 65
2026/10/10 08:18:31.782, 12955 MiB, 361.16 W, 95 %, 65
2026/10/10 08:18:32.797, 12955 MiB, 362.70 W, 96 %, 65
2026/10/10 08:18:33.811, 12955 MiB, 362.26 W, 93 %, 65
2026/10/10 08:18:34.822, 12955 MiB, 361.73 W, 96 %, 64
2026/10/10 08:18:35.834, 12955 MiB, 362.60 W, 96 %, 65
2026/10/10 08:18:36.836, 12955 MiB, 362.59 W, 96 %, 65
2026/10/10 08:18:37.842, 12955 MiB, 363.47 W, 96 %, 65
2026/10/10 08:18:38.849, 12955 MiB, 362.43 W, 96 %, 65
2026/10/10 08:18:39.858, 12955 MiB, 364.42 W, 96 %, 65
2026/10/10 08:18:40.871, 12955 MiB, 364.37 W, 96 %, 65
2026/10/10 08:18:41.881, 12955 MiB, 362.83 W, 96 %, 65
2026/10/10 08:18:42.892, 12955 MiB, 364.24 W, 96 %, 65
2026/10/10 08:18:43.902, 12955 MiB, 364.29 W, 96 %, 65
2026/10/10 08:18:44.914, 12955 MiB, 363.38 W, 96 %, 65
2026/10/10 08:18:45.929, 12955 MiB, 364.82 W, 94 %, 65
2026/10/10 08:18:46.940, 12955 MiB, 363.17 W, 96 %, 65
2026/10/10 08:18:47.950, 12955 MiB, 364.94 W, 96 %, 65
2026/10/10 08:18:48.962, 12955 MiB, 364.18 W, 96 %, 65
2026/10/10 08:18:49.971, 12955 MiB, 363.53 W, 96 %, 65
2026/10/10 08:18:50.982, 12955 MiB, 365.23 W, 96 %, 65
2026/10/10 08:18:51.994, 12955 MiB, 363.89 W, 96 %, 65
2026/10/10 08:18:53.005, 12955 MiB, 363.00 W, 94 %, 65
2026/10/10 08:18:54.019, 12955 MiB, 364.96 W, 96 %, 65
2026/10/10 08:18:55.030, 12955 MiB, 364.15 W, 93 %, 65
2026/10/10 08:18:56.045, 12955 MiB, 363.77 W, 96 %, 65
2026/10/10 08:18:57.046, 12955 MiB, 365.77 W, 96 %, 65
2026/10/10 08:18:58.059, 12955 MiB, 364.45 W, 96 %, 65
2026/10/10 08:18:59.060, 12955 MiB, 366.62 W, 95 %, 65
2026/10/10 08:19:00.073, 12955 MiB, 364.34 W, 95 %, 65
2026/10/10 08:19:01.076, 12955 MiB, 364.39 W, 96 %, 65
2026/10/10 08:19:02.082, 12955 MiB, 366.09 W, 96 %, 65
2026/10/10 08:19:03.097, 12955 MiB, 366.12 W, 96 %, 65
2026/10/10 08:19:04.110, 12955 MiB, 365.60 W, 96 %, 64
2026/10/10 08:19:05.125, 12955 MiB, 366.37 W, 96 %, 65
2026/10/10 08:19:06.138, 12955 MiB, 364.80 W, 92 %, 65
2026/10/10 08:19:07.148, 12955 MiB, 365.12 W, 96 %, 65
2026/10/10 08:19:08.157, 12955 MiB, 365.82 W, 96 %, 65
2026/10/10 08:19:09.157, 12955 MiB, 361.95 W, 94 %, 65
2026/10/10 08:19:10.165, 12955 MiB, 365.18 W, 96 %, 65
2026/10/10 08:19:11.175, 12955 MiB, 367.21 W, 96 %, 65
2026/10/10 08:19:12.183, 12955 MiB, 365.29 W, 96 %, 65
2026/10/10 08:19:13.193, 12955 MiB, 367.54 W, 96 %, 65
2026/10/10 08:19:14.207, 12955 MiB, 367.24 W, 95 %, 65
2026/10/10 08:19:15.212, 12955 MiB, 365.70 W, 96 %, 65
2026/10/10 08:19:16.221, 12955 MiB, 368.00 W, 96 %, 65
2026/10/10 08:19:17.231, 12955 MiB, 367.88 W, 96 %, 65
2026/10/10 08:19:18.242, 12955 MiB, 366.46 W, 96 %, 65
2026/10/10 08:19:19.252, 12955 MiB, 366.77 W, 95 %, 65
2026/10/10 08:19:20.267, 12955 MiB, 366.64 W, 93 %, 65
2026/10/10 08:19:21.275, 12955 MiB, 366.68 W, 96 %, 65
2026/10/10 08:19:22.281, 12955 MiB, 367.84 W, 96 %, 65
2026/10/10 08:19:23.290, 12955 MiB, 367.48 W, 96 %, 65
2026/10/10 08:19:24.297, 12955 MiB, 367.87 W, 96 %, 65
2026/10/10 08:19:25.305, 12955 MiB, 367.29 W, 95 %, 65
2026/10/10 08:19:26.317, 12955 MiB, 366.53 W, 94 %, 65
2026/10/10 08:19:27.324, 12955 MiB, 368.69 W, 96 %, 65
2026/10/10 08:19:28.329, 12955 MiB, 368.41 W, 93 %, 65
2026/10/10 08:19:29.341, 12955 MiB, 366.73 W, 95 %, 65
2026/10/10 08:19:30.345, 12955 MiB, 368.55 W, 96 %, 65
2026/10/10 08:19:31.359, 12955 MiB, 367.95 W, 96 %, 65
2026/10/10 08:19:32.371, 12955 MiB, 368.74 W, 96 %, 65
2026/10/10 08:19:33.383, 12955 MiB, 368.67 W, 96 %, 65
2026/10/10 08:19:34.391, 12955 MiB, 367.88 W, 96 %, 65
2026/10/10 08:19:35.403, 12955 MiB, 368.34 W, 96 %, 65
2026/10/10 08:19:36.417, 12955 MiB, 370.71 W, 96 %, 65
2026/10/10 08:19:37.431, 12955 MiB, 369.29 W, 97 %, 65
2026/10/10 08:19:38.443, 12955 MiB, 369.09 W, 96 %, 65
2026/10/10 08:19:39.459, 12955 MiB, 368.70 W, 95 %, 65
2026/10/10 08:19:40.471, 12955 MiB, 368.48 W, 96 %, 65
2026/10/10 08:19:41.479, 12955 MiB, 369.67 W, 96 %, 65
2026/10/10 08:19:42.479, 12955 MiB, 369.65 W, 95 %, 65
2026/10/10 08:19:43.489, 12955 MiB, 368.03 W, 96 %, 65
2026/10/10 08:19:44.499, 12955 MiB, 370.31 W, 96 %, 65
2026/10/10 08:19:45.503, 12955 MiB, 370.34 W, 95 %, 65
2026/10/10 08:19:46.509, 12955 MiB, 368.66 W, 97 %, 65
2026/10/10 08:19:47.519, 12955 MiB, 369.90 W, 96 %, 65
2026/10/10 08:19:48.530, 12955 MiB, 369.20 W, 96 %, 65
2026/10/10 08:19:49.540, 12955 MiB, 369.37 W, 96 %, 65
2026/10/10 08:19:50.545, 12955 MiB, 371.11 W, 96 %, 65
2026/10/10 08:19:51.555, 12955 MiB, 370.44 W, 94 %, 65
2026/10/10 08:19:52.564, 12955 MiB, 369.50 W, 96 %, 65
2026/10/10 08:19:53.579, 12955 MiB, 371.05 W, 96 %, 65
2026/10/10 08:19:54.586, 12955 MiB, 369.25 W, 94 %, 65
2026/10/10 08:19:55.596, 12955 MiB, 370.63 W, 96 %, 65
2026/10/10 08:19:56.602, 12955 MiB, 371.57 W, 97 %, 65
2026/10/10 08:19:57.616, 12955 MiB, 368.58 W, 95 %, 65
2026/10/10 08:19:58.628, 12955 MiB, 368.26 W, 95 %, 65
2026/10/10 08:19:59.628, 12955 MiB, 366.41 W, 96 %, 65
2026/10/10 08:20:00.640, 12955 MiB, 369.80 W, 97 %, 65
2026/10/10 08:20:01.646, 12955 MiB, 371.87 W, 96 %, 65
2026/10/10 08:20:02.653, 12955 MiB, 371.56 W, 96 %, 65
2026/10/10 08:20:03.660, 12955 MiB, 370.71 W, 96 %, 65
2026/10/10 08:20:04.667, 12955 MiB, 371.01 W, 97 %, 65
2026/10/10 08:20:05.674, 12955 MiB, 371.43 W, 96 %, 65
2026/10/10 08:20:06.680, 12955 MiB, 369.89 W, 96 %, 65
2026/10/10 08:20:07.690, 12955 MiB, 370.87 W, 96 %, 65
2026/10/10 08:20:08.704, 12955 MiB, 372.26 W, 97 %, 65
2026/10/10 08:20:09.718, 12955 MiB, 370.55 W, 96 %, 65
2026/10/10 08:20:10.731, 12955 MiB, 373.32 W, 96 %, 65
2026/10/10 08:20:11.736, 12955 MiB, 372.48 W, 94 %, 65
2026/10/10 08:20:12.746, 12955 MiB, 371.10 W, 96 %, 65
2026/10/10 08:20:13.749, 12955 MiB, 372.65 W, 96 %, 65
2026/10/10 08:20:14.762, 12955 MiB, 373.35 W, 97 %, 65
2026/10/10 08:20:15.775, 12955 MiB, 370.75 W, 96 %, 65
2026/10/10 08:20:16.777, 12955 MiB, 373.18 W, 96 %, 65
2026/10/10 08:20:17.790, 12955 MiB, 373.70 W, 96 %, 65
2026/10/10 08:20:18.802, 12955 MiB, 372.05 W, 97 %, 65
2026/10/10 08:20:19.815, 12955 MiB, 373.71 W, 96 %, 65
2026/10/10 08:20:20.829, 12955 MiB, 373.59 W, 96 %, 65
2026/10/10 08:20:21.845, 12955 MiB, 201.06 W, 1 %, 54
2026/10/10 08:20:22.860, 12955 MiB, 143.28 W, 99 %, 73
2026/10/10 08:20:23.862, 12955 MiB, 458.96 W, 100 %, 74
2026/10/10 08:20:24.876, 12955 MiB, 413.04 W, 100 %, 78
2026/10/10 08:20:25.890, 12955 MiB, 432.05 W, 79 %, 70
2026/10/10 08:20:26.900, 12955 MiB, 432.05 W, 99 %, 77
2026/10/10 08:20:27.912, 12955 MiB, 431.97 W, 92 %, 69
2026/10/10 08:20:28.913, 12955 MiB, 379.48 W, 96 %, 65
2026/10/10 08:20:29.920, 12955 MiB, 349.93 W, 95 %, 65
2026/10/10 08:20:30.930, 12955 MiB, 351.36 W, 96 %, 64
2026/10/10 08:20:31.932, 12955 MiB, 350.59 W, 96 %, 65
2026/10/10 08:20:32.942, 12955 MiB, 351.54 W, 96 %, 64
2026/10/10 08:20:33.951, 12955 MiB, 350.95 W, 96 %, 64
2026/10/10 08:20:34.952, 12955 MiB, 352.44 W, 96 %, 64
2026/10/10 08:20:35.962, 12955 MiB, 352.02 W, 96 %, 64
2026/10/10 08:20:36.973, 12955 MiB, 352.72 W, 96 %, 64
2026/10/10 08:20:37.978, 12955 MiB, 352.02 W, 96 %, 64
2026/10/10 08:20:38.992, 12955 MiB, 352.62 W, 96 %, 64
2026/10/10 08:20:40.008, 12955 MiB, 352.16 W, 96 %, 64
2026/10/10 08:20:41.010, 12955 MiB, 352.73 W, 95 %, 64
2026/10/10 08:20:42.024, 12955 MiB, 353.59 W, 96 %, 64
2026/10/10 08:20:43.035, 12955 MiB, 353.50 W, 95 %, 64
2026/10/10 08:20:44.042, 12955 MiB, 352.51 W, 95 %, 64
2026/10/10 08:20:45.043, 12955 MiB, 351.38 W, 94 %, 64
2026/10/10 08:20:46.056, 12955 MiB, 353.35 W, 96 %, 64
2026/10/10 08:20:47.067, 12955 MiB, 351.47 W, 95 %, 63
2026/10/10 08:20:48.081, 12955 MiB, 352.49 W, 94 %, 63
2026/10/10 08:20:49.094, 12955 MiB, 351.75 W, 95 %, 63
2026/10/10 08:20:50.106, 12955 MiB, 354.35 W, 95 %, 63
2026/10/10 08:20:51.120, 12955 MiB, 355.01 W, 96 %, 63
2026/10/10 08:20:52.131, 12955 MiB, 353.13 W, 96 %, 64
2026/10/10 08:20:53.145, 12955 MiB, 354.53 W, 96 %, 63
2026/10/10 08:20:54.159, 12955 MiB, 353.03 W, 95 %, 63
2026/10/10 08:20:55.174, 12955 MiB, 354.62 W, 96 %, 63
2026/10/10 08:20:56.186, 12955 MiB, 353.57 W, 95 %, 63
2026/10/10 08:20:57.196, 12955 MiB, 354.39 W, 96 %, 63
2026/10/10 08:20:58.210, 12955 MiB, 355.30 W, 95 %, 63
2026/10/10 08:20:59.215, 12955 MiB, 354.70 W, 96 %, 63
2026/10/10 08:21:00.227, 12955 MiB, 353.98 W, 95 %, 63
2026/10/10 08:21:01.242, 12955 MiB, 354.51 W, 96 %, 63
2026/10/10 08:21:02.250, 12955 MiB, 355.47 W, 96 %, 63
2026/10/10 08:21:03.266, 12955 MiB, 353.82 W, 96 %, 63
2026/10/10 08:21:04.279, 12955 MiB, 354.95 W, 96 %, 63
2026/10/10 08:21:05.294, 12955 MiB, 354.73 W, 96 %, 63
2026/10/10 08:21:06.308, 12955 MiB, 354.06 W, 96 %, 63
2026/10/10 08:21:07.323, 12955 MiB, 354.95 W, 95 %, 63
2026/10/10 08:21:08.327, 12955 MiB, 354.49 W, 96 %, 63
2026/10/10 08:21:09.339, 12955 MiB, 356.14 W, 96 %, 63
2026/10/10 08:21:10.339, 12955 MiB, 354.02 W, 95 %, 63
2026/10/10 08:21:11.350, 12955 MiB, 356.20 W, 96 %, 63
2026/10/10 08:21:12.362, 12955 MiB, 355.45 W, 96 %, 63
2026/10/10 08:21:13.371, 12955 MiB, 355.95 W, 95 %, 63
2026/10/10 08:21:14.374, 12955 MiB, 356.30 W, 95 %, 63
2026/10/10 08:21:15.387, 12955 MiB, 354.58 W, 95 %, 63
2026/10/10 08:21:16.398, 12955 MiB, 355.89 W, 95 %, 63
2026/10/10 08:21:17.408, 12955 MiB, 354.76 W, 96 %, 63
2026/10/10 08:21:18.420, 12955 MiB, 356.31 W, 94 %, 63
2026/10/10 08:21:19.427, 12955 MiB, 355.94 W, 96 %, 63
2026/10/10 08:21:20.440, 12955 MiB, 357.08 W, 95 %, 63
2026/10/10 08:21:21.452, 12955 MiB, 356.96 W, 95 %, 63
2026/10/10 08:21:22.462, 12955 MiB, 355.57 W, 96 %, 63
2026/10/10 08:21:23.470, 12955 MiB, 357.56 W, 95 %, 63
2026/10/10 08:21:24.479, 12955 MiB, 356.64 W, 96 %, 63
2026/10/10 08:21:25.488, 12955 MiB, 356.94 W, 96 %, 63
2026/10/10 08:21:26.496, 12955 MiB, 357.57 W, 96 %, 63
2026/10/10 08:21:27.508, 12955 MiB, 357.71 W, 96 %, 63
2026/10/10 08:21:28.514, 12955 MiB, 358.42 W, 96 %, 63
2026/10/10 08:21:29.523, 12955 MiB, 357.30 W, 96 %, 63
2026/10/10 08:21:30.528, 12955 MiB, 357.29 W, 96 %, 63
2026/10/10 08:21:31.539, 12955 MiB, 356.45 W, 92 %, 63
2026/10/10 08:21:32.550, 12955 MiB, 357.76 W, 96 %, 63
2026/10/10 08:21:33.562, 12955 MiB, 358.73 W, 96 %, 63
2026/10/10 08:21:34.575, 12955 MiB, 357.64 W, 96 %, 63
2026/10/10 08:21:35.579, 12955 MiB, 359.56 W, 96 %, 63
2026/10/10 08:21:36.579, 12955 MiB, 358.51 W, 93 %, 63
2026/10/10 08:21:37.593, 12955 MiB, 358.19 W, 96 %, 63
2026/10/10 08:21:38.605, 12955 MiB, 359.08 W, 94 %, 63
2026/10/10 08:21:39.629, 12955 MiB, 357.52 W, 96 %, 63
2026/10/10 08:21:40.638, 12955 MiB, 357.61 W, 95 %, 63
2026/10/10 08:21:41.653, 12955 MiB, 356.06 W, 94 %, 63
2026/10/10 08:21:42.663, 12955 MiB, 356.78 W, 95 %, 63
2026/10/10 08:21:43.669, 12955 MiB, 358.52 W, 96 %, 63
2026/10/10 08:21:44.672, 12955 MiB, 358.65 W, 96 %, 63
2026/10/10 08:21:45.681, 12955 MiB, 359.58 W, 96 %, 63
2026/10/10 08:21:46.687, 12955 MiB, 359.01 W, 94 %, 63
2026/10/10 08:21:47.691, 12955 MiB, 359.28 W, 96 %, 63
2026/10/10 08:21:48.695, 12955 MiB, 360.50 W, 96 %, 63
2026/10/10 08:21:49.702, 12955 MiB, 359.61 W, 96 %, 63
2026/10/10 08:21:50.710, 12955 MiB, 360.61 W, 96 %, 63
2026/10/10 08:21:51.719, 12955 MiB, 360.53 W, 96 %, 63
2026/10/10 08:21:52.725, 12955 MiB, 359.24 W, 96 %, 63
2026/10/10 08:21:53.732, 12955 MiB, 360.51 W, 96 %, 63
2026/10/10 08:21:54.740, 12955 MiB, 360.11 W, 96 %, 63
2026/10/10 08:21:55.748, 12955 MiB, 361.58 W, 96 %, 63
2026/10/10 08:21:56.756, 12955 MiB, 361.59 W, 96 %, 63
2026/10/10 08:21:57.765, 12955 MiB, 360.41 W, 96 %, 63
2026/10/10 08:21:58.768, 12955 MiB, 362.06 W, 96 %, 63
2026/10/10 08:21:59.777, 12955 MiB, 360.20 W, 95 %, 63
2026/10/10 08:22:00.782, 12955 MiB, 360.01 W, 96 %, 63
2026/10/10 08:22:01.790, 12955 MiB, 360.74 W, 96 %, 63
2026/10/10 08:22:02.800, 12955 MiB, 360.25 W, 96 %, 63
2026/10/10 08:22:03.804, 12955 MiB, 361.32 W, 96 %, 63
2026/10/10 08:22:04.810, 12955 MiB, 361.39 W, 96 %, 63
2026/10/10 08:22:05.814, 12955 MiB, 362.17 W, 96 %, 63
2026/10/10 08:22:06.825, 12955 MiB, 362.26 W, 95 %, 63
2026/10/10 08:22:07.832, 12955 MiB, 360.98 W, 95 %, 63
2026/10/10 08:22:08.846, 12955 MiB, 363.05 W, 96 %, 63
2026/10/10 08:22:09.860, 12955 MiB, 361.63 W, 96 %, 63
2026/10/10 08:22:10.871, 12955 MiB, 362.35 W, 96 %, 63
2026/10/10 08:22:11.887, 12955 MiB, 362.10 W, 96 %, 63
2026/10/10 08:22:12.896, 12955 MiB, 361.17 W, 95 %, 63
2026/10/10 08:22:13.910, 12955 MiB, 362.84 W, 96 %, 63
2026/10/10 08:22:14.911, 12955 MiB, 361.42 W, 95 %, 63
2026/10/10 08:22:15.921, 12955 MiB, 361.96 W, 95 %, 63
2026/10/10 08:22:16.924, 12955 MiB, 361.67 W, 96 %, 63
2026/10/10 08:22:17.935, 12955 MiB, 362.10 W, 96 %, 63
2026/10/10 08:22:18.942, 12955 MiB, 363.53 W, 95 %, 63
2026/10/10 08:22:19.951, 12955 MiB, 363.73 W, 96 %, 63
2026/10/10 08:22:20.959, 12955 MiB, 362.51 W, 97 %, 64
2026/10/10 08:22:21.970, 12955 MiB, 364.33 W, 96 %, 63
2026/10/10 08:22:22.977, 12955 MiB, 362.52 W, 96 %, 64
2026/10/10 08:22:23.984, 12955 MiB, 364.62 W, 96 %, 64
2026/10/10 08:22:24.991, 12955 MiB, 363.49 W, 95 %, 63
2026/10/10 08:22:26.003, 12955 MiB, 363.25 W, 95 %, 64
2026/10/10 08:22:27.012, 12955 MiB, 364.29 W, 96 %, 64
2026/10/10 08:22:28.018, 12955 MiB, 363.66 W, 96 %, 64
2026/10/10 08:22:29.019, 12955 MiB, 363.84 W, 96 %, 64
2026/10/10 08:22:30.024, 12955 MiB, 363.99 W, 95 %, 63
2026/10/10 08:22:31.036, 12955 MiB, 364.15 W, 96 %, 63
2026/10/10 08:22:32.047, 12955 MiB, 365.01 W, 96 %, 64
2026/10/10 08:22:33.055, 12955 MiB, 365.31 W, 96 %, 64
2026/10/10 08:22:34.065, 12955 MiB, 364.53 W, 96 %, 64
2026/10/10 08:22:35.078, 12955 MiB, 365.36 W, 96 %, 64
2026/10/10 08:22:36.082, 12955 MiB, 365.35 W, 96 %, 64
2026/10/10 08:22:37.094, 12955 MiB, 364.73 W, 96 %, 64
2026/10/10 08:22:38.094, 12955 MiB, 365.74 W, 96 %, 64
2026/10/10 08:22:39.106, 12955 MiB, 364.42 W, 96 %, 63
2026/10/10 08:22:40.117, 12955 MiB, 365.07 W, 96 %, 64
2026/10/10 08:22:41.128, 12955 MiB, 365.59 W, 96 %, 64
2026/10/10 08:22:42.142, 12955 MiB, 365.10 W, 97 %, 64
2026/10/10 08:22:43.145, 12955 MiB, 365.96 W, 96 %, 64
2026/10/10 08:22:44.159, 12955 MiB, 365.85 W, 96 %, 64
2026/10/10 08:22:45.174, 12955 MiB, 365.04 W, 96 %, 64
2026/10/10 08:22:46.176, 12955 MiB, 365.66 W, 95 %, 64
2026/10/10 08:22:47.176, 12955 MiB, 366.55 W, 96 %, 64
2026/10/10 08:22:48.184, 12955 MiB, 364.83 W, 96 %, 64
2026/10/10 08:22:49.192, 12955 MiB, 366.06 W, 96 %, 64
2026/10/10 08:22:50.202, 12955 MiB, 365.79 W, 96 %, 64
2026/10/10 08:22:51.203, 12955 MiB, 364.77 W, 96 %, 64
2026/10/10 08:22:52.217, 12955 MiB, 365.76 W, 96 %, 64
2026/10/10 08:22:53.227, 12955 MiB, 364.60 W, 96 %, 64
2026/10/10 08:22:54.239, 12955 MiB, 366.38 W, 96 %, 64
2026/10/10 08:22:55.245, 12955 MiB, 366.74 W, 96 %, 64
2026/10/10 08:22:56.253, 12955 MiB, 365.42 W, 96 %, 64
2026/10/10 08:22:57.263, 12955 MiB, 366.92 W, 96 %, 64
2026/10/10 08:22:58.269, 12955 MiB, 366.15 W, 96 %, 64
2026/10/10 08:22:59.282, 12955 MiB, 365.63 W, 96 %, 64
2026/10/10 08:23:00.296, 12955 MiB, 366.11 W, 95 %, 64
2026/10/10 08:23:01.307, 12955 MiB, 366.02 W, 96 %, 64
2026/10/10 08:23:02.321, 12955 MiB, 366.04 W, 96 %, 64
2026/10/10 08:23:03.335, 12955 MiB, 367.67 W, 96 %, 64
2026/10/10 08:23:04.349, 12955 MiB, 367.34 W, 96 %, 64
2026/10/10 08:23:05.363, 12955 MiB, 367.82 W, 96 %, 64
2026/10/10 08:23:06.376, 12955 MiB, 368.36 W, 96 %, 64
2026/10/10 08:23:07.390, 12955 MiB, 366.88 W, 96 %, 64
2026/10/10 08:23:08.399, 12955 MiB, 368.35 W, 96 %, 64
2026/10/10 08:23:09.414, 12955 MiB, 368.86 W, 96 %, 64
2026/10/10 08:23:10.427, 12955 MiB, 366.97 W, 96 %, 64
2026/10/10 08:23:11.428, 12955 MiB, 368.37 W, 96 %, 64
2026/10/10 08:23:12.430, 12955 MiB, 368.78 W, 96 %, 64
2026/10/10 08:23:13.442, 12955 MiB, 369.23 W, 96 %, 64
2026/10/10 08:23:14.455, 12955 MiB, 369.81 W, 96 %, 64
2026/10/10 08:23:15.457, 12955 MiB, 368.54 W, 93 %, 64
2026/10/10 08:23:16.465, 12955 MiB, 368.49 W, 96 %, 64
2026/10/10 08:23:17.481, 12955 MiB, 370.00 W, 96 %, 64
2026/10/10 08:23:18.489, 12955 MiB, 368.28 W, 96 %, 64
2026/10/10 08:23:19.501, 12955 MiB, 369.60 W, 96 %, 64
2026/10/10 08:23:20.502, 12955 MiB, 369.37 W, 96 %, 64
2026/10/10 08:23:21.503, 12955 MiB, 368.25 W, 95 %, 64
2026/10/10 08:23:22.520, 12955 MiB, 369.28 W, 96 %, 64
2026/10/10 08:23:23.520, 12955 MiB, 369.83 W, 96 %, 64
2026/10/10 08:23:24.532, 12955 MiB, 368.19 W, 96 %, 64
2026/10/10 08:23:25.546, 12955 MiB, 369.31 W, 96 %, 64
2026/10/10 08:23:26.553, 12955 MiB, 368.70 W, 96 %, 64
2026/10/10 08:23:27.564, 12955 MiB, 368.73 W, 96 %, 64
2026/10/10 08:23:28.576, 12955 MiB, 370.32 W, 96 %, 64
2026/10/10 08:23:29.588, 12955 MiB, 370.10 W, 94 %, 64
2026/10/10 08:23:30.597, 12955 MiB, 367.76 W, 97 %, 64
2026/10/10 08:23:31.601, 12955 MiB, 369.74 W, 96 %, 64
2026/10/10 08:23:32.612, 12955 MiB, 369.75 W, 96 %, 64
2026/10/10 08:23:33.622, 12955 MiB, 369.09 W, 96 %, 64
2026/10/10 08:23:34.636, 12955 MiB, 370.86 W, 96 %, 64
2026/10/10 08:23:35.645, 12955 MiB, 370.68 W, 96 %, 64
2026/10/10 08:23:36.651, 12955 MiB, 369.46 W, 96 %, 64
2026/10/10 08:23:37.661, 12955 MiB, 370.84 W, 96 %, 64
2026/10/10 08:23:38.675, 12955 MiB, 369.54 W, 94 %, 64
2026/10/10 08:23:39.676, 12955 MiB, 365.80 W, 96 %, 64
2026/10/10 08:23:40.686, 12955 MiB, 371.05 W, 96 %, 64
2026/10/10 08:23:41.699, 12955 MiB, 370.85 W, 96 %, 64
2026/10/10 08:23:42.707, 12955 MiB, 370.30 W, 96 %, 64
2026/10/10 08:23:43.722, 12955 MiB, 371.97 W, 97 %, 64
2026/10/10 08:23:44.728, 12955 MiB, 371.69 W, 96 %, 64
2026/10/10 08:23:45.739, 12955 MiB, 371.19 W, 96 %, 64
2026/10/10 08:23:46.751, 12955 MiB, 371.92 W, 96 %, 64
2026/10/10 08:23:47.763, 12955 MiB, 371.95 W, 96 %, 64
2026/10/10 08:23:48.775, 12955 MiB, 370.62 W, 96 %, 64
2026/10/10 08:23:49.789, 12955 MiB, 372.44 W, 97 %, 64
2026/10/10 08:23:50.800, 12955 MiB, 371.79 W, 96 %, 65
2026/10/10 08:23:51.815, 12955 MiB, 370.33 W, 96 %, 65
2026/10/10 08:23:52.827, 12955 MiB, 372.59 W, 96 %, 65
2026/10/10 08:23:53.841, 12955 MiB, 371.53 W, 96 %, 65
2026/10/10 08:23:54.855, 12955 MiB, 372.40 W, 96 %, 64
2026/10/10 08:23:55.856, 12955 MiB, 372.87 W, 96 %, 65
2026/10/10 08:23:56.856, 12955 MiB, 371.69 W, 96 %, 65
2026/10/10 08:23:57.869, 12955 MiB, 373.23 W, 96 %, 65
2026/10/10 08:23:58.883, 12955 MiB, 373.57 W, 96 %, 65
2026/10/10 08:23:59.883, 12955 MiB, 370.72 W, 96 %, 64
2026/10/10 08:24:00.894, 12955 MiB, 373.15 W, 97 %, 65
2026/10/10 08:24:01.909, 12955 MiB, 372.79 W, 96 %, 65
2026/10/10 08:24:02.924, 12955 MiB, 279.62 W, 1 %, 55
2026/10/10 08:24:03.932, 12955 MiB, 121.30 W, 94 %, 61
2026/10/10 08:24:04.945, 12955 MiB, 346.50 W, 95 %, 64
2026/10/10 08:24:05.954, 12955 MiB, 349.26 W, 95 %, 64
2026/10/10 08:24:06.965, 12955 MiB, 349.08 W, 95 %, 64
2026/10/10 08:24:07.973, 12955 MiB, 350.78 W, 96 %, 64
2026/10/10 08:24:08.981, 12955 MiB, 349.42 W, 95 %, 64
2026/10/10 08:24:09.993, 12955 MiB, 350.56 W, 96 %, 64
2026/10/10 08:24:11.002, 12955 MiB, 349.33 W, 93 %, 63
2026/10/10 08:24:12.017, 12955 MiB, 349.46 W, 95 %, 64
2026/10/10 08:24:13.030, 12955 MiB, 351.84 W, 96 %, 64
2026/10/10 08:24:14.044, 12955 MiB, 351.03 W, 95 %, 64
2026/10/10 08:24:15.059, 12955 MiB, 351.75 W, 96 %, 64
2026/10/10 08:24:16.071, 12955 MiB, 350.66 W, 95 %, 64
2026/10/10 08:24:17.084, 12955 MiB, 352.30 W, 95 %, 64
2026/10/10 08:24:18.096, 12955 MiB, 351.63 W, 95 %, 64
2026/10/10 08:24:19.106, 12955 MiB, 352.77 W, 96 %, 64
2026/10/10 08:24:20.116, 12955 MiB, 352.05 W, 96 %, 64
2026/10/10 08:24:21.124, 12955 MiB, 353.80 W, 96 %, 64
2026/10/10 08:24:22.128, 12955 MiB, 352.08 W, 96 %, 64
2026/10/10 08:24:23.137, 12955 MiB, 351.42 W, 96 %, 64
2026/10/10 08:24:24.149, 12955 MiB, 352.89 W, 96 %, 64
2026/10/10 08:24:25.156, 12955 MiB, 351.72 W, 96 %, 64
2026/10/10 08:24:26.166, 12955 MiB, 353.83 W, 96 %, 64
2026/10/10 08:24:27.178, 12955 MiB, 352.39 W, 96 %, 64
2026/10/10 08:24:28.189, 12955 MiB, 352.85 W, 95 %, 64
2026/10/10 08:24:29.196, 12955 MiB, 352.60 W, 93 %, 64
2026/10/10 08:24:30.204, 12955 MiB, 352.24 W, 95 %, 64
2026/10/10 08:24:31.219, 12955 MiB, 353.85 W, 95 %, 64
2026/10/10 08:24:32.227, 12955 MiB, 351.99 W, 94 %, 64
2026/10/10 08:24:33.235, 12955 MiB, 354.30 W, 95 %, 64
2026/10/10 08:24:34.240, 12955 MiB, 349.11 W, 96 %, 64
2026/10/10 08:24:35.250, 12955 MiB, 345.49 W, 70 %, 64
2026/10/10 08:24:36.261, 12955 MiB, 250.03 W, 99 %, 76
2026/10/10 08:24:37.264, 12955 MiB, 435.65 W, 70 %, 61
2026/10/10 08:24:38.279, 12955 MiB, 420.40 W, 100 %, 77
2026/10/10 08:24:39.284, 12955 MiB, 421.95 W, 87 %, 73
2026/10/10 08:24:40.299, 12955 MiB, 442.03 W, 100 %, 73
2026/10/10 08:24:41.311, 12955 MiB, 425.73 W, 99 %, 74
2026/10/10 08:24:42.315, 12955 MiB, 363.77 W, 96 %, 64
2026/10/10 08:24:43.323, 12955 MiB, 349.89 W, 96 %, 64
2026/10/10 08:24:44.326, 12955 MiB, 348.64 W, 96 %, 64
2026/10/10 08:24:45.335, 12955 MiB, 350.04 W, 95 %, 64
2026/10/10 08:24:46.345, 12955 MiB, 347.26 W, 94 %, 64
2026/10/10 08:24:47.354, 12955 MiB, 349.23 W, 96 %, 64
2026/10/10 08:24:48.364, 12955 MiB, 349.38 W, 96 %, 64
2026/10/10 08:24:49.372, 12955 MiB, 351.33 W, 96 %, 64
2026/10/10 08:24:50.374, 12955 MiB, 350.40 W, 93 %, 63
2026/10/10 08:24:51.386, 12955 MiB, 350.26 W, 95 %, 64
2026/10/10 08:24:52.400, 12955 MiB, 351.11 W, 96 %, 64
2026/10/10 08:24:53.400, 12955 MiB, 350.03 W, 95 %, 64
2026/10/10 08:24:54.413, 12955 MiB, 350.05 W, 94 %, 63
2026/10/10 08:24:55.424, 12955 MiB, 350.01 W, 96 %, 64
2026/10/10 08:24:56.433, 12955 MiB, 351.19 W, 96 %, 64
2026/10/10 08:24:57.440, 12955 MiB, 350.64 W, 96 %, 64
2026/10/10 08:24:58.449, 12955 MiB, 351.98 W, 95 %, 63
2026/10/10 08:24:59.455, 12955 MiB, 349.85 W, 95 %, 63
2026/10/10 08:25:00.467, 12955 MiB, 350.53 W, 96 %, 64
2026/10/10 08:25:01.478, 12955 MiB, 350.93 W, 94 %, 63
2026/10/10 08:25:02.489, 12955 MiB, 350.90 W, 96 %, 64
2026/10/10 08:25:03.500, 12955 MiB, 352.09 W, 96 %, 64
2026/10/10 08:25:04.501, 12955 MiB, 350.74 W, 95 %, 63
2026/10/10 08:25:05.513, 12955 MiB, 351.62 W, 95 %, 63
2026/10/10 08:25:06.525, 12955 MiB, 351.30 W, 96 %, 63
2026/10/10 08:25:07.534, 12955 MiB, 351.63 W, 95 %, 63
2026/10/10 08:25:08.543, 12955 MiB, 352.23 W, 96 %, 64
2026/10/10 08:25:09.552, 12955 MiB, 351.11 W, 95 %, 63
2026/10/10 08:25:10.563, 12955 MiB, 348.60 W, 94 %, 63
2026/10/10 08:25:11.576, 12955 MiB, 347.21 W, 78 %, 63
2026/10/10 08:25:12.585, 12955 MiB, 176.77 W, 69 %, 58
2026/10/10 08:25:13.598, 12955 MiB, 455.08 W, 100 %, 72
2026/10/10 08:25:14.605, 12955 MiB, 414.67 W, 100 %, 76
2026/10/10 08:25:15.617, 12955 MiB, 450.80 W, 100 %, 73
2026/10/10 08:25:16.628, 12955 MiB, 386.21 W, 95 %, 64
2026/10/10 08:25:17.639, 12955 MiB, 342.46 W, 95 %, 63
2026/10/10 08:25:18.652, 12955 MiB, 341.10 W, 95 %, 63
2026/10/10 08:25:19.661, 12955 MiB, 342.11 W, 95 %, 63
2026/10/10 08:25:20.665, 12955 MiB, 341.35 W, 95 %, 63
2026/10/10 08:25:21.675, 12955 MiB, 340.33 W, 86 %, 63
2026/10/10 08:25:22.686, 12955 MiB, 338.46 W, 95 %, 63
2026/10/10 08:25:23.693, 12955 MiB, 343.15 W, 96 %, 63
2026/10/10 08:25:24.707, 12955 MiB, 342.24 W, 95 %, 63
2026/10/10 08:25:25.717, 12955 MiB, 344.35 W, 95 %, 63
2026/10/10 08:25:26.730, 12955 MiB, 343.65 W, 93 %, 63
2026/10/10 08:25:27.742, 12955 MiB, 343.11 W, 94 %, 63
2026/10/10 08:25:28.754, 12955 MiB, 344.07 W, 95 %, 63
2026/10/10 08:25:29.765, 12955 MiB, 343.52 W, 94 %, 63
2026/10/10 08:25:30.778, 12955 MiB, 343.55 W, 95 %, 63
2026/10/10 08:25:31.790, 12955 MiB, 338.32 W, 95 %, 63
2026/10/10 08:25:32.799, 12955 MiB, 233.26 W, 21 %, 53
2026/10/10 08:25:33.814, 12955 MiB, 400.74 W, 100 %, 76
2026/10/10 08:25:34.814, 12955 MiB, 407.05 W, 99 %, 72
2026/10/10 08:25:35.827, 12955 MiB, 454.39 W, 100 %, 75
2026/10/10 08:25:36.842, 12955 MiB, 422.28 W, 100 %, 77
2026/10/10 08:25:37.858, 12955 MiB, 425.89 W, 99 %, 74
2026/10/10 08:25:38.871, 12955 MiB, 445.35 W, 100 %, 75
2026/10/10 08:25:39.880, 12955 MiB, 426.57 W, 98 %, 73
2026/10/10 08:25:40.891, 12955 MiB, 363.51 W, 91 %, 64
2026/10/10 08:25:41.903, 12955 MiB, 351.76 W, 95 %, 64
2026/10/10 08:25:42.903, 12955 MiB, 354.35 W, 96 %, 64
2026/10/10 08:25:43.916, 12955 MiB, 352.48 W, 96 %, 64
2026/10/10 08:25:44.917, 12955 MiB, 353.48 W, 93 %, 64
2026/10/10 08:25:45.930, 12955 MiB, 352.47 W, 96 %, 64
2026/10/10 08:25:46.932, 12955 MiB, 354.41 W, 95 %, 64
2026/10/10 08:25:47.942, 12955 MiB, 355.04 W, 96 %, 64
2026/10/10 08:25:48.956, 12955 MiB, 354.49 W, 96 %, 64
2026/10/10 08:25:49.970, 12955 MiB, 354.24 W, 96 %, 64
2026/10/10 08:25:50.985, 12955 MiB, 354.20 W, 96 %, 63
2026/10/10 08:25:51.994, 12955 MiB, 354.84 W, 95 %, 63
2026/10/10 08:25:53.003, 12955 MiB, 353.40 W, 95 %, 63
2026/10/10 08:25:54.013, 12955 MiB, 354.01 W, 95 %, 63
2026/10/10 08:25:55.021, 12955 MiB, 354.44 W, 96 %, 63
2026/10/10 08:25:56.036, 12955 MiB, 353.65 W, 94 %, 63
2026/10/10 08:25:57.048, 12955 MiB, 354.41 W, 96 %, 63
2026/10/10 08:25:58.063, 12955 MiB, 354.01 W, 95 %, 63
2026/10/10 08:25:59.078, 12955 MiB, 355.87 W, 95 %, 63
2026/10/10 08:26:00.090, 12955 MiB, 354.41 W, 95 %, 63
2026/10/10 08:26:01.101, 12955 MiB, 354.13 W, 95 %, 63
2026/10/10 08:26:02.112, 12955 MiB, 354.80 W, 94 %, 63
2026/10/10 08:26:03.120, 12955 MiB, 353.88 W, 96 %, 63
2026/10/10 08:26:04.131, 12955 MiB, 355.98 W, 96 %, 63
2026/10/10 08:26:05.139, 12955 MiB, 355.29 W, 94 %, 63
2026/10/10 08:26:06.150, 12955 MiB, 355.56 W, 96 %, 63
2026/10/10 08:26:07.161, 12955 MiB, 355.53 W, 96 %, 63
2026/10/10 08:26:08.176, 12955 MiB, 355.40 W, 96 %, 63
2026/10/10 08:26:09.182, 12955 MiB, 356.02 W, 95 %, 63
2026/10/10 08:26:10.192, 12955 MiB, 354.69 W, 95 %, 63
2026/10/10 08:26:11.204, 12955 MiB, 356.45 W, 96 %, 63
2026/10/10 08:26:12.218, 12955 MiB, 355.88 W, 96 %, 63
2026/10/10 08:26:13.230, 12955 MiB, 354.91 W, 95 %, 63
2026/10/10 08:26:14.232, 12955 MiB, 355.64 W, 96 %, 63
2026/10/10 08:26:15.243, 12955 MiB, 355.21 W, 96 %, 63
2026/10/10 08:26:16.257, 12955 MiB, 355.60 W, 92 %, 63
2026/10/10 08:26:17.270, 12955 MiB, 356.54 W, 95 %, 63
2026/10/10 08:26:18.284, 12955 MiB, 356.56 W, 96 %, 63
2026/10/10 08:26:19.295, 12955 MiB, 357.86 W, 95 %, 63
2026/10/10 08:26:20.306, 12955 MiB, 356.20 W, 95 %, 63
2026/10/10 08:26:21.314, 12955 MiB, 358.56 W, 95 %, 63
2026/10/10 08:26:22.324, 12955 MiB, 358.04 W, 96 %, 63
2026/10/10 08:26:23.334, 12955 MiB, 356.39 W, 95 %, 63
2026/10/10 08:26:24.348, 12955 MiB, 358.26 W, 95 %, 63
2026/10/10 08:26:25.356, 12955 MiB, 356.31 W, 96 %, 63
2026/10/10 08:26:26.365, 12955 MiB, 359.03 W, 96 %, 63
2026/10/10 08:26:27.373, 12955 MiB, 357.34 W, 96 %, 63
2026/10/10 08:26:28.388, 12955 MiB, 358.49 W, 96 %, 63
2026/10/10 08:26:29.400, 12955 MiB, 358.26 W, 95 %, 63
2026/10/10 08:26:30.410, 12955 MiB, 355.01 W, 95 %, 63
2026/10/10 08:26:31.421, 12955 MiB, 357.81 W, 95 %, 63
2026/10/10 08:26:32.429, 12955 MiB, 358.06 W, 96 %, 63
2026/10/10 08:26:33.442, 12955 MiB, 358.94 W, 96 %, 63
2026/10/10 08:26:34.448, 12955 MiB, 359.40 W, 95 %, 63
2026/10/10 08:26:35.456, 12955 MiB, 359.24 W, 95 %, 63
2026/10/10 08:26:36.467, 12955 MiB, 360.34 W, 96 %, 63
2026/10/10 08:26:37.479, 12955 MiB, 360.01 W, 96 %, 63
2026/10/10 08:26:38.487, 12955 MiB, 359.38 W, 95 %, 63
2026/10/10 08:26:39.495, 12955 MiB, 359.56 W, 96 %, 63
2026/10/10 08:26:40.499, 12955 MiB, 359.01 W, 96 %, 63
2026/10/10 08:26:41.504, 12955 MiB, 361.00 W, 96 %, 63
2026/10/10 08:26:42.516, 12955 MiB, 360.86 W, 95 %, 63
2026/10/10 08:26:43.528, 12955 MiB, 359.68 W, 96 %, 63
2026/10/10 08:26:44.538, 12955 MiB, 361.52 W, 95 %, 63
2026/10/10 08:26:45.541, 12955 MiB, 360.36 W, 94 %, 63
2026/10/10 08:26:46.547, 12955 MiB, 358.36 W, 95 %, 63
2026/10/10 08:26:47.556, 12955 MiB, 361.16 W, 96 %, 63
2026/10/10 08:26:48.564, 12955 MiB, 359.96 W, 94 %, 63
2026/10/10 08:26:49.575, 12955 MiB, 359.77 W, 96 %, 63
2026/10/10 08:26:50.586, 12955 MiB, 361.10 W, 94 %, 63
2026/10/10 08:26:51.595, 12955 MiB, 360.25 W, 96 %, 63
2026/10/10 08:26:52.608, 12955 MiB, 361.71 W, 96 %, 63
2026/10/10 08:26:53.616, 12955 MiB, 360.69 W, 96 %, 64
2026/10/10 08:26:54.627, 12955 MiB, 362.05 W, 95 %, 63
2026/10/10 08:26:55.636, 12955 MiB, 360.82 W, 95 %, 64
2026/10/10 08:26:56.644, 12955 MiB, 360.21 W, 95 %, 63
2026/10/10 08:26:57.655, 12955 MiB, 361.73 W, 96 %, 64
2026/10/10 08:26:58.660, 12955 MiB, 361.19 W, 95 %, 64
2026/10/10 08:26:59.667, 12955 MiB, 359.82 W, 95 %, 64
2026/10/10 08:27:00.675, 12955 MiB, 360.61 W, 96 %, 64
2026/10/10 08:27:01.685, 12955 MiB, 361.38 W, 96 %, 64
2026/10/10 08:27:02.694, 12955 MiB, 361.78 W, 93 %, 64
2026/10/10 08:27:03.699, 12955 MiB, 362.31 W, 95 %, 64
2026/10/10 08:27:04.704, 12955 MiB, 361.32 W, 96 %, 64
2026/10/10 08:27:05.709, 12955 MiB, 362.43 W, 95 %, 64
2026/10/10 08:27:06.715, 12955 MiB, 361.85 W, 96 %, 64
2026/10/10 08:27:07.722, 12955 MiB, 361.31 W, 95 %, 64
2026/10/10 08:27:08.729, 12955 MiB, 362.73 W, 96 %, 64
2026/10/10 08:27:09.737, 12955 MiB, 362.33 W, 93 %, 64
2026/10/10 08:27:10.739, 12955 MiB, 361.98 W, 96 %, 64
2026/10/10 08:27:11.745, 12955 MiB, 363.65 W, 96 %, 64
2026/10/10 08:27:12.754, 12955 MiB, 362.74 W, 95 %, 64
2026/10/10 08:27:13.761, 12955 MiB, 363.41 W, 95 %, 64
2026/10/10 08:27:14.769, 12955 MiB, 363.15 W, 96 %, 64
2026/10/10 08:27:15.781, 12955 MiB, 362.79 W, 96 %, 64
2026/10/10 08:27:16.796, 12955 MiB, 363.78 W, 95 %, 64
2026/10/10 08:27:17.806, 12955 MiB, 363.91 W, 96 %, 64
2026/10/10 08:27:18.815, 12955 MiB, 363.60 W, 96 %, 64
2026/10/10 08:27:19.828, 12955 MiB, 364.34 W, 95 %, 64
2026/10/10 08:27:20.842, 12955 MiB, 363.60 W, 94 %, 64
2026/10/10 08:27:21.857, 12955 MiB, 364.60 W, 95 %, 64
2026/10/10 08:27:22.872, 12955 MiB, 364.62 W, 96 %, 64
2026/10/10 08:27:23.883, 12955 MiB, 363.82 W, 95 %, 64
2026/10/10 08:27:24.896, 12955 MiB, 364.48 W, 96 %, 64
2026/10/10 08:27:25.911, 12955 MiB, 363.27 W, 93 %, 64
2026/10/10 08:27:26.921, 12955 MiB, 363.77 W, 95 %, 64
2026/10/10 08:27:27.932, 12955 MiB, 364.40 W, 95 %, 64
2026/10/10 08:27:28.947, 12955 MiB, 363.81 W, 95 %, 64
2026/10/10 08:27:29.956, 12955 MiB, 364.45 W, 93 %, 64
2026/10/10 08:27:30.967, 12955 MiB, 364.52 W, 96 %, 64
2026/10/10 08:27:31.978, 12955 MiB, 365.36 W, 96 %, 64
2026/10/10 08:27:32.983, 12955 MiB, 365.19 W, 96 %, 64
2026/10/10 08:27:33.992, 12955 MiB, 364.60 W, 96 %, 64
2026/10/10 08:27:35.007, 12955 MiB, 363.68 W, 96 %, 64
2026/10/10 08:27:36.016, 12955 MiB, 365.64 W, 96 %, 64
2026/10/10 08:27:37.029, 12955 MiB, 365.44 W, 96 %, 64
2026/10/10 08:27:38.037, 12955 MiB, 364.83 W, 95 %, 64
2026/10/10 08:27:39.042, 12955 MiB, 365.96 W, 96 %, 64
2026/10/10 08:27:40.055, 12955 MiB, 366.09 W, 93 %, 64
2026/10/10 08:27:41.069, 12955 MiB, 364.61 W, 94 %, 64
2026/10/10 08:27:42.083, 12955 MiB, 365.66 W, 96 %, 64
2026/10/10 08:27:43.092, 12955 MiB, 364.97 W, 95 %, 64
2026/10/10 08:27:44.105, 12955 MiB, 366.31 W, 94 %, 64
2026/10/10 08:27:45.113, 12955 MiB, 366.13 W, 96 %, 64
2026/10/10 08:27:46.122, 12955 MiB, 365.92 W, 96 %, 64
2026/10/10 08:27:47.124, 12955 MiB, 368.02 W, 96 %, 64
2026/10/10 08:27:48.139, 12955 MiB, 368.00 W, 96 %, 64
2026/10/10 08:27:49.153, 12955 MiB, 367.12 W, 96 %, 64
2026/10/10 08:27:50.166, 12955 MiB, 366.28 W, 96 %, 64
2026/10/10 08:27:51.166, 12955 MiB, 367.18 W, 95 %, 64
2026/10/10 08:27:52.181, 12955 MiB, 366.37 W, 94 %, 64
2026/10/10 08:27:53.183, 12955 MiB, 366.08 W, 95 %, 64
2026/10/10 08:27:54.184, 12955 MiB, 367.73 W, 96 %, 64
2026/10/10 08:27:55.187, 12955 MiB, 366.62 W, 96 %, 64
2026/10/10 08:27:56.192, 12955 MiB, 367.72 W, 95 %, 64
2026/10/10 08:27:57.206, 12955 MiB, 367.75 W, 94 %, 64
2026/10/10 08:27:58.217, 12955 MiB, 366.49 W, 96 %, 64
2026/10/10 08:27:59.230, 12955 MiB, 367.20 W, 97 %, 64
2026/10/10 08:28:00.244, 12955 MiB, 366.80 W, 95 %, 64
2026/10/10 08:28:01.257, 12955 MiB, 365.91 W, 96 %, 64
2026/10/10 08:28:02.270, 12955 MiB, 366.20 W, 96 %, 64
2026/10/10 08:28:03.281, 12955 MiB, 366.68 W, 93 %, 64
2026/10/10 08:28:04.291, 12955 MiB, 366.27 W, 96 %, 64
2026/10/10 08:28:05.306, 12955 MiB, 367.43 W, 95 %, 64
2026/10/10 08:28:06.319, 12955 MiB, 366.86 W, 96 %, 64
2026/10/10 08:28:07.328, 12955 MiB, 366.83 W, 96 %, 64
2026/10/10 08:28:08.339, 12955 MiB, 368.45 W, 96 %, 64
2026/10/10 08:28:09.348, 12955 MiB, 367.61 W, 95 %, 64
2026/10/10 08:28:10.354, 12955 MiB, 368.63 W, 95 %, 64
2026/10/10 08:28:11.368, 12955 MiB, 368.12 W, 95 %, 64
2026/10/10 08:28:12.376, 12955 MiB, 367.20 W, 96 %, 64
2026/10/10 08:28:13.390, 12955 MiB, 368.34 W, 96 %, 65
2026/10/10 08:28:14.404, 12955 MiB, 369.32 W, 96 %, 64
2026/10/10 08:28:15.418, 12955 MiB, 364.93 W, 94 %, 64
2026/10/10 08:28:16.432, 12955 MiB, 364.19 W, 96 %, 64
2026/10/10 08:28:17.445, 12955 MiB, 369.27 W, 96 %, 64
2026/10/10 08:28:18.460, 12955 MiB, 368.65 W, 96 %, 64
2026/10/10 08:28:19.473, 12955 MiB, 368.46 W, 96 %, 64
2026/10/10 08:28:20.475, 12955 MiB, 369.46 W, 96 %, 64
2026/10/10 08:28:21.491, 12955 MiB, 368.67 W, 97 %, 64
2026/10/10 08:28:22.506, 12955 MiB, 370.64 W, 95 %, 64
2026/10/10 08:28:23.520, 12955 MiB, 370.09 W, 96 %, 64
2026/10/10 08:28:24.529, 12955 MiB, 369.93 W, 96 %, 65
2026/10/10 08:28:25.543, 12955 MiB, 371.12 W, 97 %, 65
2026/10/10 08:28:26.556, 12955 MiB, 370.17 W, 93 %, 64
2026/10/10 08:28:27.568, 12955 MiB, 369.41 W, 96 %, 64
2026/10/10 08:28:28.580, 12955 MiB, 370.11 W, 96 %, 64
2026/10/10 08:28:29.582, 12955 MiB, 369.78 W, 95 %, 64
2026/10/10 08:28:30.596, 12955 MiB, 369.47 W, 97 %, 64
2026/10/10 08:28:31.612, 12955 MiB, 370.56 W, 97 %, 64
2026/10/10 08:28:32.624, 12955 MiB, 371.19 W, 96 %, 64
2026/10/10 08:28:33.638, 12955 MiB, 368.68 W, 96 %, 64
2026/10/10 08:28:34.653, 12955 MiB, 370.23 W, 95 %, 64
2026/10/10 08:28:35.669, 12955 MiB, 371.32 W, 96 %, 65
2026/10/10 08:28:36.670, 12955 MiB, 370.20 W, 96 %, 64
2026/10/10 08:28:37.684, 12955 MiB, 370.55 W, 96 %, 64
2026/10/10 08:28:38.695, 12955 MiB, 370.38 W, 95 %, 64
2026/10/10 08:28:39.708, 12955 MiB, 369.55 W, 94 %, 64
2026/10/10 08:28:40.720, 12955 MiB, 370.83 W, 96 %, 65
2026/10/10 08:28:41.733, 12955 MiB, 370.20 W, 96 %, 64
2026/10/10 08:28:42.741, 12955 MiB, 135.05 W, 1 %, 53
2026/10/10 08:28:43.750, 12955 MiB, 242.73 W, 96 %, 63
2026/10/10 08:28:44.760, 12955 MiB, 352.89 W, 96 %, 64
2026/10/10 08:28:45.774, 12955 MiB, 354.51 W, 96 %, 64
2026/10/10 08:28:46.789, 12955 MiB, 353.77 W, 95 %, 64
2026/10/10 08:28:47.798, 12955 MiB, 355.57 W, 96 %, 64
2026/10/10 08:28:48.813, 12955 MiB, 354.45 W, 93 %, 64
2026/10/10 08:28:49.827, 12955 MiB, 354.92 W, 95 %, 64
2026/10/10 08:28:50.842, 12955 MiB, 354.43 W, 94 %, 64
2026/10/10 08:28:51.854, 12955 MiB, 354.26 W, 96 %, 64
2026/10/10 08:28:52.867, 12955 MiB, 354.68 W, 95 %, 64
2026/10/10 08:28:53.878, 12955 MiB, 355.27 W, 96 %, 64
2026/10/10 08:28:54.886, 12955 MiB, 355.74 W, 95 %, 64
2026/10/10 08:28:55.894, 12955 MiB, 355.01 W, 96 %, 64
2026/10/10 08:28:56.899, 12955 MiB, 355.86 W, 96 %, 64
2026/10/10 08:28:57.910, 12955 MiB, 355.94 W, 95 %, 64
2026/10/10 08:28:58.919, 12955 MiB, 355.11 W, 95 %, 64
2026/10/10 08:28:59.930, 12955 MiB, 355.66 W, 95 %, 64
2026/10/10 08:29:00.942, 12955 MiB, 354.29 W, 93 %, 64
2026/10/10 08:29:01.952, 12955 MiB, 356.34 W, 95 %, 64
2026/10/10 08:29:02.962, 12955 MiB, 355.72 W, 95 %, 64
2026/10/10 08:29:03.971, 12955 MiB, 356.75 W, 96 %, 64
2026/10/10 08:29:04.985, 12955 MiB, 357.03 W, 95 %, 64
2026/10/10 08:29:06.000, 12955 MiB, 355.93 W, 95 %, 64
2026/10/10 08:29:07.012, 12955 MiB, 356.64 W, 94 %, 64
2026/10/10 08:29:08.025, 12955 MiB, 349.14 W, 91 %, 64
2026/10/10 08:29:09.039, 12955 MiB, 355.86 W, 94 %, 64
2026/10/10 08:29:10.050, 12955 MiB, 356.34 W, 94 %, 64
2026/10/10 08:29:11.063, 12955 MiB, 355.94 W, 96 %, 64
2026/10/10 08:29:12.073, 12955 MiB, 357.17 W, 96 %, 64
2026/10/10 08:29:13.083, 12955 MiB, 356.00 W, 94 %, 64
2026/10/10 08:29:14.092, 12955 MiB, 357.09 W, 95 %, 64
2026/10/10 08:29:15.100, 12955 MiB, 358.76 W, 96 %, 64
2026/10/10 08:29:16.115, 12955 MiB, 357.38 W, 96 %, 64
2026/10/10 08:29:17.125, 12955 MiB, 358.49 W, 94 %, 64
2026/10/10 08:29:18.135, 12955 MiB, 356.88 W, 96 %, 65
2026/10/10 08:29:19.150, 12955 MiB, 358.76 W, 96 %, 64
2026/10/10 08:29:20.164, 12955 MiB, 358.15 W, 96 %, 64
2026/10/10 08:29:21.173, 12955 MiB, 358.22 W, 95 %, 64
2026/10/10 08:29:22.182, 12955 MiB, 359.13 W, 95 %, 64
2026/10/10 08:29:23.193, 12955 MiB, 359.07 W, 96 %, 64
2026/10/10 08:29:24.201, 12955 MiB, 360.10 W, 96 %, 64
2026/10/10 08:29:25.214, 12955 MiB, 358.65 W, 93 %, 64
2026/10/10 08:29:26.223, 12955 MiB, 358.36 W, 95 %, 64
2026/10/10 08:29:27.233, 12955 MiB, 358.55 W, 95 %, 64
2026/10/10 08:29:28.239, 12955 MiB, 359.12 W, 95 %, 64
2026/10/10 08:29:29.248, 12955 MiB, 360.19 W, 95 %, 65
2026/10/10 08:29:30.258, 12955 MiB, 358.80 W, 95 %, 65
2026/10/10 08:29:31.267, 12955 MiB, 359.81 W, 96 %, 65
2026/10/10 08:29:32.275, 12955 MiB, 360.81 W, 95 %, 65
2026/10/10 08:29:33.284, 12955 MiB, 359.05 W, 96 %, 65
2026/10/10 08:29:34.296, 12955 MiB, 360.23 W, 96 %, 65
2026/10/10 08:29:35.302, 12955 MiB, 361.16 W, 96 %, 65
2026/10/10 08:29:36.309, 12955 MiB, 359.86 W, 96 %, 65
2026/10/10 08:29:37.315, 12955 MiB, 360.57 W, 96 %, 65
2026/10/10 08:29:38.327, 12955 MiB, 360.13 W, 93 %, 65
2026/10/10 08:29:39.329, 12955 MiB, 360.53 W, 96 %, 65
2026/10/10 08:29:40.339, 12955 MiB, 362.64 W, 96 %, 65
2026/10/10 08:29:41.353, 12955 MiB, 359.95 W, 96 %, 65
2026/10/10 08:29:42.361, 12955 MiB, 361.76 W, 94 %, 65
2026/10/10 08:29:43.369, 12955 MiB, 361.04 W, 96 %, 65
2026/10/10 08:29:44.380, 12955 MiB, 362.07 W, 96 %, 65
2026/10/10 08:29:45.388, 12955 MiB, 361.69 W, 95 %, 65
2026/10/10 08:29:46.400, 12955 MiB, 361.08 W, 93 %, 65
2026/10/10 08:29:47.407, 12955 MiB, 362.32 W, 95 %, 65
2026/10/10 08:29:48.421, 12955 MiB, 361.37 W, 96 %, 65
2026/10/10 08:29:49.424, 12955 MiB, 363.48 W, 96 %, 65
2026/10/10 08:29:50.440, 12955 MiB, 363.31 W, 96 %, 65
2026/10/10 08:29:51.450, 12955 MiB, 362.23 W, 96 %, 65
2026/10/10 08:29:52.451, 12955 MiB, 363.63 W, 96 %, 65
2026/10/10 08:29:53.466, 12955 MiB, 363.30 W, 94 %, 65
2026/10/10 08:29:54.478, 12955 MiB, 361.13 W, 96 %, 65
2026/10/10 08:29:55.490, 12955 MiB, 364.10 W, 96 %, 65
2026/10/10 08:29:56.500, 12955 MiB, 362.82 W, 95 %, 65
2026/10/10 08:29:57.509, 12955 MiB, 363.45 W, 95 %, 65
2026/10/10 08:29:58.518, 12955 MiB, 362.91 W, 96 %, 65
2026/10/10 08:29:59.531, 12955 MiB, 361.69 W, 94 %, 65
2026/10/10 08:30:00.544, 12955 MiB, 362.35 W, 96 %, 65
2026/10/10 08:30:01.549, 12955 MiB, 364.14 W, 96 %, 65
2026/10/10 08:30:02.557, 12955 MiB, 363.27 W, 96 %, 65
2026/10/10 08:30:03.563, 12955 MiB, 364.40 W, 96 %, 65
2026/10/10 08:30:04.572, 12955 MiB, 363.18 W, 95 %, 65
2026/10/10 08:30:05.583, 12955 MiB, 364.40 W, 96 %, 65
2026/10/10 08:30:06.594, 12955 MiB, 365.19 W, 96 %, 65
2026/10/10 08:30:07.604, 12955 MiB, 362.94 W, 94 %, 65
2026/10/10 08:30:08.618, 12955 MiB, 364.63 W, 96 %, 65
2026/10/10 08:30:09.632, 12955 MiB, 365.63 W, 96 %, 65
2026/10/10 08:30:10.641, 12955 MiB, 363.77 W, 94 %, 65
2026/10/10 08:30:11.655, 12955 MiB, 364.51 W, 96 %, 65
2026/10/10 08:30:12.669, 12955 MiB, 364.76 W, 95 %, 65
2026/10/10 08:30:13.669, 12955 MiB, 364.82 W, 96 %, 65
2026/10/10 08:30:14.682, 12955 MiB, 365.26 W, 96 %, 65
2026/10/10 08:30:15.694, 12955 MiB, 364.29 W, 96 %, 65
2026/10/10 08:30:16.710, 12955 MiB, 364.90 W, 96 %, 65
2026/10/10 08:30:17.721, 12955 MiB, 365.53 W, 96 %, 65
2026/10/10 08:30:18.722, 12955 MiB, 365.02 W, 96 %, 65
2026/10/10 08:30:19.724, 12955 MiB, 365.84 W, 95 %, 65
2026/10/10 08:30:20.728, 12955 MiB, 366.66 W, 96 %, 65
2026/10/10 08:30:21.743, 12955 MiB, 365.36 W, 96 %, 65
2026/10/10 08:30:22.756, 12955 MiB, 365.24 W, 93 %, 65
2026/10/10 08:30:23.770, 12955 MiB, 364.88 W, 96 %, 65
2026/10/10 08:30:24.773, 12955 MiB, 367.20 W, 96 %, 65
2026/10/10 08:30:25.793, 12955 MiB, 367.19 W, 96 %, 65
2026/10/10 08:30:26.808, 12955 MiB, 365.70 W, 96 %, 65
2026/10/10 08:30:27.823, 12955 MiB, 367.52 W, 96 %, 65
2026/10/10 08:30:28.825, 12955 MiB, 367.71 W, 95 %, 65
2026/10/10 08:30:29.838, 12955 MiB, 365.84 W, 94 %, 65
2026/10/10 08:30:30.852, 12955 MiB, 365.23 W, 96 %, 65
2026/10/10 08:30:31.863, 12955 MiB, 366.56 W, 96 %, 65
2026/10/10 08:30:32.875, 12955 MiB, 367.87 W, 96 %, 65
2026/10/10 08:30:33.888, 12955 MiB, 368.04 W, 96 %, 65
2026/10/10 08:30:34.900, 12955 MiB, 367.36 W, 96 %, 65
2026/10/10 08:30:35.911, 12955 MiB, 367.00 W, 96 %, 65
2026/10/10 08:30:36.925, 12955 MiB, 367.05 W, 95 %, 65
2026/10/10 08:30:37.936, 12955 MiB, 367.05 W, 96 %, 65
2026/10/10 08:30:38.948, 12955 MiB, 368.54 W, 96 %, 65
2026/10/10 08:30:39.962, 12955 MiB, 369.08 W, 95 %, 64
2026/10/10 08:30:40.973, 12955 MiB, 366.98 W, 95 %, 65
2026/10/10 08:30:41.980, 12955 MiB, 369.65 W, 96 %, 65
2026/10/10 08:30:42.991, 12955 MiB, 367.88 W, 96 %, 65
2026/10/10 08:30:44.004, 12955 MiB, 367.43 W, 93 %, 65
2026/10/10 08:30:45.016, 12955 MiB, 368.22 W, 96 %, 65
2026/10/10 08:30:46.027, 12955 MiB, 368.30 W, 96 %, 65
2026/10/10 08:30:47.042, 12955 MiB, 367.74 W, 95 %, 65
2026/10/10 08:30:48.054, 12955 MiB, 367.16 W, 96 %, 65
2026/10/10 08:30:49.067, 12955 MiB, 367.07 W, 95 %, 65
2026/10/10 08:30:50.077, 12955 MiB, 369.96 W, 96 %, 65
2026/10/10 08:30:51.086, 12955 MiB, 369.90 W, 96 %, 65
2026/10/10 08:30:52.099, 12955 MiB, 367.76 W, 96 %, 65
2026/10/10 08:30:53.108, 12955 MiB, 368.58 W, 96 %, 65
2026/10/10 08:30:54.120, 12955 MiB, 369.86 W, 95 %, 65
2026/10/10 08:30:55.135, 12955 MiB, 368.35 W, 96 %, 65
2026/10/10 08:30:56.148, 12955 MiB, 369.47 W, 95 %, 65
2026/10/10 08:30:57.162, 12955 MiB, 369.85 W, 96 %, 65
2026/10/10 08:30:58.173, 12955 MiB, 368.91 W, 96 %, 65
2026/10/10 08:30:59.187, 12955 MiB, 370.04 W, 96 %, 65
2026/10/10 08:31:00.199, 12955 MiB, 368.42 W, 94 %, 65
2026/10/10 08:31:01.211, 12955 MiB, 368.32 W, 96 %, 66
2026/10/10 08:31:02.226, 12955 MiB, 369.87 W, 95 %, 66
2026/10/10 08:31:03.239, 12955 MiB, 369.10 W, 96 %, 65
2026/10/10 08:31:04.252, 12955 MiB, 369.39 W, 96 %, 65
2026/10/10 08:31:05.265, 12955 MiB, 368.69 W, 96 %, 65
2026/10/10 08:31:06.273, 12955 MiB, 369.52 W, 96 %, 66
2026/10/10 08:31:07.287, 12955 MiB, 370.33 W, 96 %, 66
2026/10/10 08:31:08.293, 12955 MiB, 370.56 W, 96 %, 65
2026/10/10 08:31:09.302, 12955 MiB, 369.13 W, 96 %, 66
2026/10/10 08:31:10.308, 12955 MiB, 370.71 W, 95 %, 65
2026/10/10 08:31:11.319, 12955 MiB, 370.80 W, 96 %, 66
2026/10/10 08:31:12.328, 12955 MiB, 369.91 W, 96 %, 65
2026/10/10 08:31:13.335, 12955 MiB, 370.34 W, 95 %, 65
2026/10/10 08:31:14.344, 12955 MiB, 366.02 W, 94 %, 65
2026/10/10 08:31:15.355, 12955 MiB, 368.28 W, 96 %, 65
2026/10/10 08:31:16.365, 12955 MiB, 371.25 W, 96 %, 66
2026/10/10 08:31:17.375, 12955 MiB, 371.82 W, 95 %, 66
2026/10/10 08:31:18.382, 12955 MiB, 370.88 W, 95 %, 66
2026/10/10 08:31:19.387, 12955 MiB, 371.77 W, 96 %, 66
2026/10/10 08:31:20.400, 12955 MiB, 371.63 W, 96 %, 65
2026/10/10 08:31:21.407, 12955 MiB, 370.09 W, 96 %, 66
2026/10/10 08:31:22.417, 12955 MiB, 371.01 W, 95 %, 66
2026/10/10 08:31:23.429, 12955 MiB, 371.33 W, 95 %, 65
2026/10/10 08:31:24.434, 12955 MiB, 371.12 W, 96 %, 66
2026/10/10 08:31:25.443, 12955 MiB, 371.83 W, 96 %, 66
2026/10/10 08:31:26.453, 12955 MiB, 371.13 W, 94 %, 65
2026/10/10 08:31:27.465, 12955 MiB, 370.46 W, 95 %, 66
2026/10/10 08:31:28.475, 12955 MiB, 371.64 W, 95 %, 66
2026/10/10 08:31:29.489, 12955 MiB, 369.83 W, 93 %, 65
2026/10/10 08:31:30.498, 12955 MiB, 369.70 W, 96 %, 66
2026/10/10 08:31:31.509, 12955 MiB, 372.21 W, 96 %, 66
2026/10/10 08:31:32.519, 12955 MiB, 371.31 W, 93 %, 65
2026/10/10 08:31:33.529, 12955 MiB, 371.48 W, 96 %, 65
2026/10/10 08:31:34.533, 12955 MiB, 372.43 W, 96 %, 66
2026/10/10 08:31:35.537, 12955 MiB, 372.30 W, 95 %, 65
2026/10/10 08:31:36.548, 12955 MiB, 372.21 W, 96 %, 66
2026/10/10 08:31:37.553, 12955 MiB, 374.11 W, 96 %, 66
2026/10/10 08:31:38.561, 12955 MiB, 374.38 W, 96 %, 65
2026/10/10 08:31:39.574, 12955 MiB, 372.12 W, 95 %, 66
2026/10/10 08:31:40.578, 12955 MiB, 374.26 W, 97 %, 66
2026/10/10 08:31:41.585, 12955 MiB, 374.32 W, 97 %, 65
2026/10/10 08:31:42.592, 12955 MiB, 373.58 W, 97 %, 66
2026/10/10 08:31:43.601, 12955 MiB, 374.03 W, 96 %, 66
2026/10/10 08:31:44.611, 12955 MiB, 373.72 W, 95 %, 66
2026/10/10 08:31:45.626, 12955 MiB, 125.64 W, 0 %, 54
2026/10/10 08:31:46.633, 12955 MiB, 182.16 W, 99 %, 76
2026/10/10 08:31:47.639, 12955 MiB, 455.70 W, 100 %, 69
2026/10/10 08:31:48.641, 12955 MiB, 417.36 W, 99 %, 78
2026/10/10 08:31:49.651, 12955 MiB, 432.46 W, 92 %, 74
2026/10/10 08:31:50.654, 12955 MiB, 445.46 W, 100 %, 74
2026/10/10 08:31:51.659, 12955 MiB, 417.78 W, 90 %, 74
2026/10/10 08:31:52.662, 12955 MiB, 446.13 W, 100 %, 76
2026/10/10 08:31:53.677, 12955 MiB, 426.62 W, 99 %, 71
2026/10/10 08:31:54.686, 12955 MiB, 380.27 W, 96 %, 65
2026/10/10 08:31:55.696, 12955 MiB, 354.41 W, 96 %, 65
2026/10/10 08:31:56.700, 12955 MiB, 355.86 W, 96 %, 65
2026/10/10 08:31:57.710, 12955 MiB, 354.26 W, 95 %, 65
2026/10/10 08:31:58.718, 12955 MiB, 355.96 W, 95 %, 65
2026/10/10 08:31:59.727, 12955 MiB, 354.67 W, 95 %, 64
2026/10/10 08:32:00.738, 12955 MiB, 354.04 W, 95 %, 65
2026/10/10 08:32:01.742, 12955 MiB, 356.08 W, 95 %, 65
2026/10/10 08:32:02.755, 12955 MiB, 353.84 W, 92 %, 64
2026/10/10 08:32:03.763, 12955 MiB, 354.56 W, 94 %, 64
2026/10/10 08:32:04.773, 12955 MiB, 354.69 W, 96 %, 64
2026/10/10 08:32:05.780, 12955 MiB, 355.42 W, 96 %, 64
2026/10/10 08:32:06.792, 12955 MiB, 356.33 W, 95 %, 64
2026/10/10 08:32:07.802, 12955 MiB, 355.29 W, 95 %, 64
2026/10/10 08:32:08.811, 12955 MiB, 356.58 W, 96 %, 64
2026/10/10 08:32:09.821, 12955 MiB, 355.18 W, 96 %, 64
2026/10/10 08:32:10.829, 12955 MiB, 356.22 W, 95 %, 64
2026/10/10 08:32:11.840, 12955 MiB, 354.90 W, 96 %, 64
2026/10/10 08:32:12.849, 12955 MiB, 356.68 W, 96 %, 64
2026/10/10 08:32:13.856, 12955 MiB, 356.38 W, 95 %, 64
2026/10/10 08:32:14.861, 12955 MiB, 355.62 W, 96 %, 64
2026/10/10 08:32:15.864, 12955 MiB, 355.90 W, 95 %, 64
2026/10/10 08:32:16.874, 12955 MiB, 356.13 W, 95 %, 64
2026/10/10 08:32:17.874, 12955 MiB, 357.29 W, 95 %, 64
2026/10/10 08:32:18.886, 12955 MiB, 356.07 W, 96 %, 64
2026/10/10 08:32:19.900, 12955 MiB, 356.62 W, 95 %, 64
2026/10/10 08:32:20.910, 12955 MiB, 356.19 W, 94 %, 64
2026/10/10 08:32:21.914, 12955 MiB, 355.64 W, 96 %, 64
2026/10/10 08:32:22.925, 12955 MiB, 357.66 W, 95 %, 64
2026/10/10 08:32:23.939, 12955 MiB, 356.62 W, 95 %, 64
2026/10/10 08:32:24.952, 12955 MiB, 357.48 W, 95 %, 64
2026/10/10 08:32:25.964, 12955 MiB, 357.91 W, 95 %, 63
2026/10/10 08:32:26.978, 12955 MiB, 356.80 W, 95 %, 64
2026/10/10 08:32:27.993, 12955 MiB, 357.72 W, 96 %, 64
2026/10/10 08:32:29.003, 12955 MiB, 357.62 W, 96 %, 64
2026/10/10 08:32:30.019, 12955 MiB, 356.10 W, 94 %, 64
2026/10/10 08:32:31.032, 12955 MiB, 357.70 W, 96 %, 63
2026/10/10 08:32:32.034, 12955 MiB, 357.67 W, 96 %, 64
2026/10/10 08:32:33.049, 12955 MiB, 358.59 W, 95 %, 64
2026/10/10 08:32:34.053, 12955 MiB, 358.14 W, 96 %, 64
2026/10/10 08:32:35.055, 12955 MiB, 358.83 W, 95 %, 64
2026/10/10 08:32:36.070, 12955 MiB, 359.48 W, 96 %, 63
2026/10/10 08:32:37.084, 12955 MiB, 357.29 W, 95 %, 64
2026/10/10 08:32:38.096, 12955 MiB, 359.23 W, 95 %, 63
2026/10/10 08:32:39.106, 12955 MiB, 358.36 W, 95 %, 64
2026/10/10 08:32:40.113, 12955 MiB, 359.33 W, 95 %, 63
2026/10/10 08:32:41.122, 12955 MiB, 359.73 W, 96 %, 63
2026/10/10 08:32:42.135, 12955 MiB, 358.66 W, 95 %, 63
2026/10/10 08:32:43.147, 12955 MiB, 360.09 W, 96 %, 64
2026/10/10 08:32:44.148, 12955 MiB, 358.25 W, 96 %, 63
2026/10/10 08:32:45.164, 12955 MiB, 359.76 W, 94 %, 63
2026/10/10 08:32:46.175, 12955 MiB, 359.58 W, 96 %, 64
2026/10/10 08:32:47.176, 12955 MiB, 359.29 W, 96 %, 64
2026/10/10 08:32:48.179, 12955 MiB, 360.67 W, 94 %, 64
2026/10/10 08:32:49.194, 12955 MiB, 358.81 W, 95 %, 64
2026/10/10 08:32:50.204, 12955 MiB, 360.22 W, 95 %, 64
2026/10/10 08:32:51.205, 12955 MiB, 360.41 W, 96 %, 64
2026/10/10 08:32:52.206, 12955 MiB, 359.05 W, 95 %, 64
2026/10/10 08:32:53.208, 12955 MiB, 360.73 W, 95 %, 64
2026/10/10 08:32:54.222, 12955 MiB, 359.28 W, 95 %, 64
2026/10/10 08:32:55.232, 12955 MiB, 359.68 W, 94 %, 63
2026/10/10 08:32:56.234, 12955 MiB, 361.01 W, 96 %, 64
2026/10/10 08:32:57.248, 12955 MiB, 360.48 W, 96 %, 64
2026/10/10 08:32:58.261, 12955 MiB, 361.30 W, 95 %, 64
2026/10/10 08:32:59.274, 12955 MiB, 361.07 W, 95 %, 64
2026/10/10 08:33:00.288, 12955 MiB, 359.16 W, 94 %, 64
2026/10/10 08:33:01.299, 12955 MiB, 360.95 W, 95 %, 64
2026/10/10 08:33:02.312, 12955 MiB, 360.33 W, 96 %, 64
2026/10/10 08:33:03.326, 12955 MiB, 361.26 W, 94 %, 64
2026/10/10 08:33:04.340, 12955 MiB, 361.30 W, 95 %, 64
2026/10/10 08:33:05.343, 12955 MiB, 360.66 W, 95 %, 64
2026/10/10 08:33:06.346, 12955 MiB, 362.35 W, 96 %, 64
2026/10/10 08:33:07.356, 12955 MiB, 361.69 W, 95 %, 64
2026/10/10 08:33:08.371, 12955 MiB, 361.15 W, 95 %, 64
2026/10/10 08:33:09.381, 12955 MiB, 362.10 W, 96 %, 64
2026/10/10 08:33:10.396, 12955 MiB, 361.39 W, 95 %, 64
2026/10/10 08:33:11.407, 12955 MiB, 362.01 W, 95 %, 64
2026/10/10 08:33:12.419, 12955 MiB, 361.43 W, 96 %, 64
2026/10/10 08:33:13.424, 12955 MiB, 362.59 W, 96 %, 64
2026/10/10 08:33:14.432, 12955 MiB, 363.03 W, 95 %, 64
2026/10/10 08:33:15.444, 12955 MiB, 361.23 W, 96 %, 64
2026/10/10 08:33:16.454, 12955 MiB, 363.13 W, 95 %, 64
2026/10/10 08:33:17.463, 12955 MiB, 362.72 W, 95 %, 64
2026/10/10 08:33:18.474, 12955 MiB, 362.53 W, 95 %, 64
2026/10/10 08:33:19.487, 12955 MiB, 364.05 W, 95 %, 64
2026/10/10 08:33:20.498, 12955 MiB, 363.18 W, 96 %, 64
2026/10/10 08:33:21.512, 12955 MiB, 363.37 W, 96 %, 64
2026/10/10 08:33:22.523, 12955 MiB, 364.20 W, 95 %, 64
2026/10/10 08:33:23.531, 12955 MiB, 362.23 W, 95 %, 64
2026/10/10 08:33:24.542, 12955 MiB, 362.78 W, 95 %, 64
2026/10/10 08:33:25.543, 12955 MiB, 363.27 W, 95 %, 64
2026/10/10 08:33:26.554, 12955 MiB, 362.96 W, 94 %, 64
2026/10/10 08:33:27.567, 12955 MiB, 363.54 W, 96 %, 64
2026/10/10 08:33:28.581, 12955 MiB, 363.97 W, 96 %, 64
2026/10/10 08:33:29.595, 12955 MiB, 363.66 W, 95 %, 64
2026/10/10 08:33:30.606, 12955 MiB, 364.10 W, 96 %, 64
2026/10/10 08:33:31.616, 12955 MiB, 362.56 W, 95 %, 64
2026/10/10 08:33:32.617, 12955 MiB, 364.43 W, 96 %, 64
2026/10/10 08:33:33.619, 12955 MiB, 364.57 W, 96 %, 64
2026/10/10 08:33:34.634, 12955 MiB, 363.74 W, 96 %, 64
2026/10/10 08:33:35.646, 12955 MiB, 366.13 W, 95 %, 64
2026/10/10 08:33:36.648, 12955 MiB, 366.00 W, 96 %, 64
2026/10/10 08:33:37.649, 12955 MiB, 364.44 W, 96 %, 64
2026/10/10 08:33:38.655, 12955 MiB, 365.56 W, 95 %, 64
2026/10/10 08:33:39.664, 12955 MiB, 364.94 W, 95 %, 64
2026/10/10 08:33:40.673, 12955 MiB, 364.88 W, 96 %, 64
2026/10/10 08:33:41.688, 12955 MiB, 364.96 W, 95 %, 64
2026/10/10 08:33:42.692, 12955 MiB, 364.09 W, 96 %, 64
2026/10/10 08:33:43.701, 12955 MiB, 364.86 W, 95 %, 64
2026/10/10 08:33:44.715, 12955 MiB, 365.67 W, 96 %, 64
2026/10/10 08:33:45.721, 12955 MiB, 364.19 W, 96 %, 64
2026/10/10 08:33:46.732, 12955 MiB, 365.21 W, 95 %, 64
2026/10/10 08:33:47.743, 12955 MiB, 364.49 W, 95 %, 64
2026/10/10 08:33:48.745, 12955 MiB, 365.21 W, 96 %, 64
2026/10/10 08:33:49.755, 12955 MiB, 365.71 W, 96 %, 64
2026/10/10 08:33:50.765, 12955 MiB, 365.90 W, 94 %, 64
2026/10/10 08:33:51.769, 12955 MiB, 365.69 W, 95 %, 64
2026/10/10 08:33:52.778, 12955 MiB, 367.35 W, 96 %, 64
2026/10/10 08:33:53.787, 12955 MiB, 366.03 W, 95 %, 64
2026/10/10 08:33:54.796, 12955 MiB, 365.54 W, 96 %, 64
2026/10/10 08:33:55.807, 12955 MiB, 367.14 W, 95 %, 64
2026/10/10 08:33:56.811, 12955 MiB, 366.20 W, 93 %, 64
2026/10/10 08:33:57.819, 12955 MiB, 365.94 W, 94 %, 64
2026/10/10 08:33:58.830, 12955 MiB, 366.57 W, 96 %, 64
2026/10/10 08:33:59.841, 12955 MiB, 364.48 W, 95 %, 64
2026/10/10 08:34:00.842, 12955 MiB, 366.10 W, 96 %, 64
2026/10/10 08:34:01.849, 12955 MiB, 365.21 W, 96 %, 64
2026/10/10 08:34:02.850, 12955 MiB, 366.23 W, 96 %, 64
2026/10/10 08:34:03.860, 12955 MiB, 366.81 W, 95 %, 64
2026/10/10 08:34:04.872, 12955 MiB, 366.75 W, 96 %, 64
2026/10/10 08:34:05.883, 12955 MiB, 366.99 W, 95 %, 64
2026/10/10 08:34:06.892, 12955 MiB, 368.42 W, 96 %, 64
2026/10/10 08:34:07.906, 12955 MiB, 367.05 W, 96 %, 64
2026/10/10 08:34:08.921, 12955 MiB, 368.92 W, 96 %, 64
2026/10/10 08:34:09.932, 12955 MiB, 368.72 W, 96 %, 64
2026/10/10 08:34:10.946, 12955 MiB, 366.72 W, 95 %, 64
2026/10/10 08:34:11.958, 12955 MiB, 368.26 W, 96 %, 64
2026/10/10 08:34:12.967, 12955 MiB, 368.64 W, 96 %, 64
2026/10/10 08:34:13.982, 12955 MiB, 366.78 W, 97 %, 64
2026/10/10 08:34:14.990, 12955 MiB, 368.72 W, 96 %, 64
2026/10/10 08:34:16.004, 12955 MiB, 367.80 W, 96 %, 64
2026/10/10 08:34:17.008, 12955 MiB, 367.05 W, 96 %, 64
2026/10/10 08:34:18.018, 12955 MiB, 368.19 W, 95 %, 64
2026/10/10 08:34:19.031, 12955 MiB, 367.23 W, 96 %, 64
2026/10/10 08:34:20.044, 12955 MiB, 367.62 W, 96 %, 64
2026/10/10 08:34:21.054, 12955 MiB, 369.02 W, 96 %, 64
2026/10/10 08:34:22.060, 12955 MiB, 368.75 W, 96 %, 64
2026/10/10 08:34:23.064, 12955 MiB, 368.84 W, 96 %, 64
2026/10/10 08:34:24.068, 12955 MiB, 369.36 W, 95 %, 64
2026/10/10 08:34:25.078, 12955 MiB, 368.43 W, 95 %, 64
2026/10/10 08:34:26.087, 12955 MiB, 368.40 W, 95 %, 64
2026/10/10 08:34:27.097, 12955 MiB, 370.13 W, 95 %, 64
2026/10/10 08:34:28.102, 12955 MiB, 369.66 W, 96 %, 64
2026/10/10 08:34:29.106, 12955 MiB, 368.77 W, 96 %, 64
2026/10/10 08:34:30.107, 12955 MiB, 369.00 W, 95 %, 64
2026/10/10 08:34:31.118, 12955 MiB, 369.48 W, 96 %, 64
2026/10/10 08:34:32.131, 12955 MiB, 369.57 W, 96 %, 64
2026/10/10 08:34:33.142, 12955 MiB, 370.60 W, 97 %, 64
2026/10/10 08:34:34.155, 12955 MiB, 370.77 W, 96 %, 64
2026/10/10 08:34:35.168, 12955 MiB, 369.61 W, 94 %, 64
2026/10/10 08:34:36.170, 12955 MiB, 369.24 W, 95 %, 64
2026/10/10 08:34:37.184, 12955 MiB, 369.71 W, 96 %, 64
2026/10/10 08:34:38.193, 12955 MiB, 368.14 W, 96 %, 64
2026/10/10 08:34:39.205, 12955 MiB, 369.92 W, 96 %, 64
2026/10/10 08:34:40.219, 12955 MiB, 369.73 W, 97 %, 64
2026/10/10 08:34:41.233, 12955 MiB, 369.68 W, 96 %, 64
2026/10/10 08:34:42.241, 12955 MiB, 370.59 W, 96 %, 65
2026/10/10 08:34:43.254, 12955 MiB, 370.49 W, 96 %, 64
2026/10/10 08:34:44.266, 12955 MiB, 370.22 W, 96 %, 65
2026/10/10 08:34:45.274, 12955 MiB, 370.01 W, 95 %, 65
2026/10/10 08:34:46.287, 12955 MiB, 370.57 W, 96 %, 65
2026/10/10 08:34:47.299, 12955 MiB, 370.35 W, 96 %, 65
2026/10/10 08:34:48.310, 12955 MiB, 370.36 W, 96 %, 64
2026/10/10 08:34:49.324, 12955 MiB, 370.46 W, 96 %, 65
2026/10/10 08:34:50.337, 12955 MiB, 371.23 W, 96 %, 65
2026/10/10 08:34:51.349, 12955 MiB, 370.77 W, 95 %, 65
2026/10/10 08:34:52.359, 12955 MiB, 370.82 W, 95 %, 65
2026/10/10 08:34:53.373, 12955 MiB, 370.25 W, 96 %, 65
2026/10/10 08:34:54.384, 12955 MiB, 371.22 W, 96 %, 65
2026/10/10 08:34:55.395, 12955 MiB, 330.54 W, 1 %, 55
2026/10/10 08:34:56.397, 12955 MiB, 79.72 W, 63 %, 53
2026/10/10 08:34:57.400, 12955 MiB, 312.29 W, 94 %, 64
2026/10/10 08:34:58.413, 12955 MiB, 353.97 W, 95 %, 64
2026/10/10 08:34:59.425, 12955 MiB, 355.09 W, 95 %, 64
2026/10/10 08:35:00.441, 12955 MiB, 353.65 W, 95 %, 64
2026/10/10 08:35:01.454, 12955 MiB, 355.35 W, 96 %, 64
2026/10/10 08:35:02.465, 12955 MiB, 354.90 W, 95 %, 64
2026/10/10 08:35:03.479, 12955 MiB, 355.48 W, 96 %, 64
2026/10/10 08:35:04.480, 12955 MiB, 355.96 W, 95 %, 64
2026/10/10 08:35:05.481, 12955 MiB, 354.72 W, 96 %, 64
2026/10/10 08:35:06.488, 12955 MiB, 355.81 W, 96 %, 64
2026/10/10 08:35:07.500, 12955 MiB, 355.49 W, 95 %, 64
2026/10/10 08:35:08.504, 12955 MiB, 355.87 W, 96 %, 64
2026/10/10 08:35:09.516, 12955 MiB, 354.50 W, 95 %, 64
2026/10/10 08:35:10.530, 12955 MiB, 356.26 W, 95 %, 64
2026/10/10 08:35:11.543, 12955 MiB, 355.49 W, 95 %, 64
2026/10/10 08:35:12.552, 12955 MiB, 355.34 W, 96 %, 64
2026/10/10 08:35:13.566, 12955 MiB, 356.19 W, 96 %, 64
2026/10/10 08:35:14.580, 12955 MiB, 355.79 W, 96 %, 64
2026/10/10 08:35:15.595, 12955 MiB, 356.96 W, 95 %, 64
2026/10/10 08:35:16.602, 12955 MiB, 357.20 W, 96 %, 64
2026/10/10 08:35:17.617, 12955 MiB, 356.22 W, 95 %, 64
2026/10/10 08:35:18.631, 12955 MiB, 357.02 W, 96 %, 64
2026/10/10 08:35:19.644, 12955 MiB, 356.60 W, 96 %, 64
2026/10/10 08:35:20.653, 12955 MiB, 358.67 W, 96 %, 64
2026/10/10 08:35:21.664, 12955 MiB, 357.62 W, 93 %, 64
2026/10/10 08:35:22.674, 12955 MiB, 357.22 W, 95 %, 65
2026/10/10 08:35:23.687, 12955 MiB, 357.76 W, 95 %, 64
2026/10/10 08:35:24.697, 12955 MiB, 357.59 W, 96 %, 64
2026/10/10 08:35:25.706, 12955 MiB, 358.22 W, 96 %, 65
2026/10/10 08:35:26.720, 12955 MiB, 357.78 W, 94 %, 64
2026/10/10 08:35:27.736, 12955 MiB, 358.65 W, 96 %, 65
2026/10/10 08:35:28.748, 12955 MiB, 359.23 W, 96 %, 65
2026/10/10 08:35:29.764, 12955 MiB, 358.46 W, 95 %, 64
2026/10/10 08:35:30.775, 12955 MiB, 358.39 W, 96 %, 64
2026/10/10 08:35:31.780, 12955 MiB, 358.89 W, 96 %, 65
2026/10/10 08:35:32.794, 12955 MiB, 359.48 W, 96 %, 65
2026/10/10 08:35:33.796, 12955 MiB, 358.70 W, 96 %, 65
2026/10/10 08:35:34.809, 12955 MiB, 358.97 W, 95 %, 65
2026/10/10 08:35:35.819, 12955 MiB, 358.81 W, 95 %, 65
2026/10/10 08:35:36.829, 12955 MiB, 358.19 W, 95 %, 64
2026/10/10 08:35:37.841, 12955 MiB, 360.46 W, 96 %, 65
2026/10/10 08:35:38.849, 12955 MiB, 359.07 W, 94 %, 64
2026/10/10 08:35:39.860, 12955 MiB, 354.27 W, 95 %, 65
2026/10/10 08:35:40.861, 12955 MiB, 322.28 W, 1 %, 55
2026/10/10 08:35:41.872, 12955 MiB, 176.66 W, 98 %, 75
2026/10/10 08:35:42.881, 12955 MiB, 454.18 W, 100 %, 73
2026/10/10 08:35:43.896, 12955 MiB, 418.70 W, 99 %, 78
2026/10/10 08:35:44.905, 12955 MiB, 412.77 W, 99 %, 77
2026/10/10 08:35:45.909, 12955 MiB, 453.31 W, 100 %, 74
2026/10/10 08:35:46.920, 12955 MiB, 419.33 W, 99 %, 78
2026/10/10 08:35:47.931, 12955 MiB, 454.51 W, 100 %, 74
2026/10/10 08:35:48.933, 12955 MiB, 400.39 W, 94 %, 65
2026/10/10 08:35:49.947, 12955 MiB, 350.86 W, 95 %, 64
2026/10/10 08:35:50.958, 12955 MiB, 352.09 W, 95 %, 64
2026/10/10 08:35:51.973, 12955 MiB, 352.68 W, 93 %, 64
2026/10/10 08:35:52.980, 12955 MiB, 351.55 W, 95 %, 64
2026/10/10 08:35:53.985, 12955 MiB, 353.35 W, 95 %, 64
2026/10/10 08:35:54.994, 12955 MiB, 351.95 W, 94 %, 64
2026/10/10 08:35:56.002, 12955 MiB, 352.85 W, 95 %, 64
2026/10/10 08:35:57.021, 12955 MiB, 351.61 W, 95 %, 64
2026/10/10 08:35:58.027, 12955 MiB, 352.58 W, 94 %, 64
2026/10/10 08:35:59.033, 12955 MiB, 352.76 W, 94 %, 64
2026/10/10 08:36:00.041, 12955 MiB, 351.75 W, 94 %, 64
2026/10/10 08:36:01.047, 12955 MiB, 352.36 W, 94 %, 64
2026/10/10 08:36:02.060, 12955 MiB, 351.49 W, 94 %, 64
2026/10/10 08:36:03.072, 12955 MiB, 351.85 W, 95 %, 64
2026/10/10 08:36:04.079, 12955 MiB, 353.27 W, 95 %, 64
2026/10/10 08:36:05.086, 12955 MiB, 353.43 W, 95 %, 64
2026/10/10 08:36:06.090, 12955 MiB, 353.39 W, 94 %, 64
2026/10/10 08:36:07.096, 12955 MiB, 351.98 W, 95 %, 64
2026/10/10 08:36:08.101, 12955 MiB, 353.35 W, 95 %, 64
2026/10/10 08:36:09.112, 12955 MiB, 352.57 W, 95 %, 64
2026/10/10 08:36:10.118, 12955 MiB, 353.12 W, 95 %, 64
2026/10/10 08:36:11.128, 12955 MiB, 354.23 W, 95 %, 64
2026/10/10 08:36:12.137, 12955 MiB, 353.56 W, 94 %, 64
2026/10/10 08:36:13.144, 12955 MiB, 353.57 W, 95 %, 64
2026/10/10 08:36:14.151, 12955 MiB, 353.29 W, 95 %, 64
2026/10/10 08:36:15.162, 12955 MiB, 354.67 W, 93 %, 64
2026/10/10 08:36:16.174, 12955 MiB, 352.77 W, 94 %, 63
2026/10/10 08:36:17.189, 12955 MiB, 353.00 W, 94 %, 64
2026/10/10 08:36:18.202, 12955 MiB, 353.28 W, 95 %, 63
2026/10/10 08:36:19.217, 12955 MiB, 353.03 W, 95 %, 63
2026/10/10 08:36:20.229, 12955 MiB, 354.78 W, 95 %, 64
2026/10/10 08:36:21.233, 12955 MiB, 355.75 W, 95 %, 63
2026/10/10 08:36:22.243, 12955 MiB, 354.70 W, 95 %, 64
2026/10/10 08:36:23.255, 12955 MiB, 355.17 W, 95 %, 63
2026/10/10 08:36:24.268, 12955 MiB, 355.16 W, 95 %, 63
2026/10/10 08:36:25.269, 12955 MiB, 353.91 W, 93 %, 63
2026/10/10 08:36:26.276, 12955 MiB, 354.11 W, 95 %, 63
2026/10/10 08:36:27.288, 12955 MiB, 354.31 W, 95 %, 63
2026/10/10 08:36:28.296, 12955 MiB, 355.16 W, 95 %, 63
2026/10/10 08:36:29.301, 12955 MiB, 354.44 W, 95 %, 63
2026/10/10 08:36:30.306, 12955 MiB, 356.38 W, 94 %, 63
2026/10/10 08:36:31.318, 12955 MiB, 356.43 W, 94 %, 63
2026/10/10 08:36:32.328, 12955 MiB, 355.17 W, 95 %, 63
2026/10/10 08:36:33.340, 12955 MiB, 357.49 W, 95 %, 63
2026/10/10 08:36:34.343, 12955 MiB, 355.68 W, 95 %, 63
2026/10/10 08:36:35.353, 12955 MiB, 355.86 W, 95 %, 63
2026/10/10 08:36:36.361, 12955 MiB, 355.74 W, 93 %, 63
2026/10/10 08:36:37.374, 12955 MiB, 353.81 W, 94 %, 63
2026/10/10 08:36:38.378, 12955 MiB, 355.56 W, 95 %, 63
2026/10/10 08:36:39.384, 12955 MiB, 356.42 W, 94 %, 63
2026/10/10 08:36:40.398, 12955 MiB, 356.90 W, 95 %, 64
2026/10/10 08:36:41.401, 12955 MiB, 356.67 W, 93 %, 63
2026/10/10 08:36:42.409, 12955 MiB, 356.66 W, 95 %, 64
2026/10/10 08:36:43.415, 12955 MiB, 357.88 W, 95 %, 63
2026/10/10 08:36:44.430, 12955 MiB, 355.31 W, 95 %, 64
2026/10/10 08:36:45.444, 12955 MiB, 356.79 W, 95 %, 63
2026/10/10 08:36:46.456, 12955 MiB, 356.61 W, 95 %, 63
2026/10/10 08:36:47.470, 12955 MiB, 355.47 W, 95 %, 63
2026/10/10 08:36:48.471, 12955 MiB, 357.64 W, 95 %, 64
2026/10/10 08:36:49.486, 12955 MiB, 355.93 W, 93 %, 63
2026/10/10 08:36:50.492, 12955 MiB, 358.80 W, 95 %, 64
2026/10/10 08:36:51.501, 12955 MiB, 358.33 W, 95 %, 63
2026/10/10 08:36:52.509, 12955 MiB, 356.60 W, 95 %, 63
2026/10/10 08:36:53.521, 12955 MiB, 357.45 W, 95 %, 63
2026/10/10 08:36:54.529, 12955 MiB, 356.21 W, 93 %, 63
2026/10/10 08:36:55.538, 12955 MiB, 355.36 W, 95 %, 63
2026/10/10 08:36:56.548, 12955 MiB, 357.96 W, 95 %, 64
2026/10/10 08:36:57.553, 12955 MiB, 357.55 W, 95 %, 64
2026/10/10 08:36:58.558, 12955 MiB, 359.90 W, 95 %, 64
2026/10/10 08:36:59.569, 12955 MiB, 359.64 W, 94 %, 63
2026/10/10 08:37:00.582, 12955 MiB, 357.15 W, 96 %, 64
2026/10/10 08:37:01.594, 12955 MiB, 359.68 W, 95 %, 64
2026/10/10 08:37:02.603, 12955 MiB, 359.25 W, 95 %, 64
2026/10/10 08:37:03.614, 12955 MiB, 357.40 W, 95 %, 64
2026/10/10 08:37:04.625, 12955 MiB, 358.28 W, 95 %, 64
2026/10/10 08:37:05.640, 12955 MiB, 357.79 W, 95 %, 64
2026/10/10 08:37:06.649, 12955 MiB, 358.87 W, 94 %, 64
2026/10/10 08:37:07.660, 12955 MiB, 359.68 W, 96 %, 64
2026/10/10 08:37:08.670, 12955 MiB, 358.66 W, 96 %, 64
2026/10/10 08:37:09.684, 12955 MiB, 359.78 W, 96 %, 64
2026/10/10 08:37:10.693, 12955 MiB, 359.78 W, 95 %, 64
2026/10/10 08:37:11.706, 12955 MiB, 360.21 W, 96 %, 64
2026/10/10 08:37:12.718, 12955 MiB, 360.85 W, 95 %, 64
2026/10/10 08:37:13.729, 12955 MiB, 358.81 W, 94 %, 64
2026/10/10 08:37:14.742, 12955 MiB, 359.90 W, 94 %, 64
2026/10/10 08:37:15.751, 12955 MiB, 360.02 W, 95 %, 64
2026/10/10 08:37:16.755, 12955 MiB, 359.16 W, 94 %, 64
2026/10/10 08:37:17.755, 12955 MiB, 361.20 W, 96 %, 64
2026/10/10 08:37:18.770, 12955 MiB, 361.62 W, 95 %, 64
2026/10/10 08:37:19.780, 12955 MiB, 360.12 W, 96 %, 64
2026/10/10 08:37:20.789, 12955 MiB, 360.83 W, 95 %, 64
2026/10/10 08:37:21.803, 12955 MiB, 360.26 W, 92 %, 63
2026/10/10 08:37:22.818, 12955 MiB, 359.37 W, 95 %, 64
2026/10/10 08:37:23.820, 12955 MiB, 360.35 W, 95 %, 64
2026/10/10 08:37:24.835, 12955 MiB, 360.04 W, 95 %, 64
2026/10/10 08:37:25.850, 12955 MiB, 360.46 W, 93 %, 64
2026/10/10 08:37:26.851, 12955 MiB, 360.92 W, 95 %, 64
2026/10/10 08:37:27.852, 12955 MiB, 360.83 W, 96 %, 64
2026/10/10 08:37:28.853, 12955 MiB, 363.16 W, 96 %, 64
2026/10/10 08:37:29.863, 12955 MiB, 362.49 W, 94 %, 64
2026/10/10 08:37:30.878, 12955 MiB, 360.44 W, 96 %, 64
2026/10/10 08:37:31.887, 12955 MiB, 362.01 W, 94 %, 64
2026/10/10 08:37:32.898, 12955 MiB, 360.86 W, 93 %, 64
2026/10/10 08:37:33.906, 12955 MiB, 362.01 W, 95 %, 64
2026/10/10 08:37:34.918, 12955 MiB, 361.90 W, 95 %, 64
2026/10/10 08:37:35.928, 12955 MiB, 360.34 W, 93 %, 64
2026/10/10 08:37:36.941, 12955 MiB, 361.39 W, 93 %, 64
2026/10/10 08:37:37.949, 12955 MiB, 361.34 W, 96 %, 64
2026/10/10 08:37:38.963, 12955 MiB, 362.19 W, 95 %, 64
2026/10/10 08:37:39.974, 12955 MiB, 362.73 W, 95 %, 64
2026/10/10 08:37:40.989, 12955 MiB, 361.02 W, 94 %, 64
2026/10/10 08:37:42.000, 12955 MiB, 362.95 W, 96 %, 64
2026/10/10 08:37:43.013, 12955 MiB, 362.07 W, 95 %, 64
2026/10/10 08:37:44.014, 12955 MiB, 361.71 W, 95 %, 64
2026/10/10 08:37:45.028, 12955 MiB, 363.82 W, 95 %, 64
2026/10/10 08:37:46.037, 12955 MiB, 364.62 W, 96 %, 64
2026/10/10 08:37:47.050, 12955 MiB, 362.98 W, 95 %, 64
2026/10/10 08:37:48.066, 12955 MiB, 363.58 W, 94 %, 64
2026/10/10 08:37:49.070, 12955 MiB, 361.68 W, 95 %, 64
2026/10/10 08:37:50.078, 12955 MiB, 361.27 W, 95 %, 64
2026/10/10 08:37:51.079, 12955 MiB, 363.12 W, 95 %, 64
2026/10/10 08:37:52.079, 12955 MiB, 362.88 W, 95 %, 64
2026/10/10 08:37:53.081, 12955 MiB, 362.16 W, 95 %, 64
2026/10/10 08:37:54.095, 12955 MiB, 363.62 W, 95 %, 64
2026/10/10 08:37:55.110, 12955 MiB, 362.64 W, 96 %, 64
2026/10/10 08:37:56.120, 12955 MiB, 363.44 W, 95 %, 64
2026/10/10 08:37:57.129, 12955 MiB, 364.95 W, 95 %, 64
2026/10/10 08:37:58.141, 12955 MiB, 362.02 W, 93 %, 64
2026/10/10 08:37:59.142, 12955 MiB, 363.49 W, 96 %, 64
2026/10/10 08:38:00.145, 12955 MiB, 362.44 W, 94 %, 64
2026/10/10 08:38:01.149, 12955 MiB, 362.58 W, 96 %, 64
2026/10/10 08:38:02.163, 12955 MiB, 364.75 W, 96 %, 64
2026/10/10 08:38:03.177, 12955 MiB, 364.29 W, 95 %, 64
2026/10/10 08:38:04.190, 12955 MiB, 363.29 W, 95 %, 64
2026/10/10 08:38:05.201, 12955 MiB, 366.38 W, 96 %, 64
2026/10/10 08:38:06.216, 12955 MiB, 366.31 W, 95 %, 64
2026/10/10 08:38:07.232, 12955 MiB, 365.61 W, 96 %, 64
2026/10/10 08:38:08.241, 12955 MiB, 365.54 W, 96 %, 64
2026/10/10 08:38:09.252, 12955 MiB, 366.38 W, 95 %, 64
2026/10/10 08:38:10.264, 12955 MiB, 363.80 W, 95 %, 64
2026/10/10 08:38:11.274, 12955 MiB, 365.33 W, 95 %, 64
2026/10/10 08:38:12.282, 12955 MiB, 365.19 W, 95 %, 64
2026/10/10 08:38:13.290, 12955 MiB, 363.84 W, 95 %, 64
2026/10/10 08:38:14.302, 12955 MiB, 366.56 W, 96 %, 64
2026/10/10 08:38:15.316, 12955 MiB, 366.35 W, 96 %, 64
2026/10/10 08:38:16.327, 12955 MiB, 365.92 W, 95 %, 64
2026/10/10 08:38:17.335, 12955 MiB, 366.48 W, 95 %, 64
2026/10/10 08:38:18.344, 12955 MiB, 366.53 W, 95 %, 64
2026/10/10 08:38:19.353, 12955 MiB, 365.33 W, 96 %, 64
2026/10/10 08:38:20.366, 12955 MiB, 365.58 W, 95 %, 64
2026/10/10 08:38:21.379, 12955 MiB, 366.45 W, 95 %, 64
2026/10/10 08:38:22.386, 12955 MiB, 364.42 W, 95 %, 64
2026/10/10 08:38:23.396, 12955 MiB, 366.28 W, 95 %, 64
2026/10/10 08:38:24.398, 12955 MiB, 367.08 W, 95 %, 64
2026/10/10 08:38:25.408, 12955 MiB, 366.02 W, 95 %, 64
2026/10/10 08:38:26.409, 12955 MiB, 367.84 W, 94 %, 64
2026/10/10 08:38:27.410, 12955 MiB, 363.78 W, 95 %, 64
2026/10/10 08:38:28.425, 12955 MiB, 367.34 W, 96 %, 64
2026/10/10 08:38:29.436, 12955 MiB, 366.32 W, 94 %, 64
2026/10/10 08:38:30.448, 12955 MiB, 365.48 W, 94 %, 64
2026/10/10 08:38:31.461, 12955 MiB, 366.69 W, 96 %, 64
2026/10/10 08:38:32.474, 12955 MiB, 367.27 W, 95 %, 64
2026/10/10 08:38:33.485, 12955 MiB, 366.77 W, 95 %, 64
2026/10/10 08:38:34.498, 12955 MiB, 368.37 W, 96 %, 64
2026/10/10 08:38:35.507, 12955 MiB, 368.31 W, 95 %, 64
2026/10/10 08:38:36.516, 12955 MiB, 367.61 W, 95 %, 64
2026/10/10 08:38:37.528, 12955 MiB, 367.64 W, 96 %, 64
2026/10/10 08:38:38.534, 12955 MiB, 367.77 W, 95 %, 64
2026/10/10 08:38:39.541, 12955 MiB, 366.70 W, 95 %, 64
2026/10/10 08:38:40.551, 12955 MiB, 368.19 W, 95 %, 64
2026/10/10 08:38:41.557, 12955 MiB, 367.50 W, 95 %, 64
2026/10/10 08:38:42.565, 12955 MiB, 366.98 W, 96 %, 64
2026/10/10 08:38:43.575, 12955 MiB, 368.70 W, 96 %, 64
2026/10/10 08:38:44.579, 12955 MiB, 369.52 W, 96 %, 64
2026/10/10 08:38:45.587, 12955 MiB, 367.89 W, 96 %, 64
2026/10/10 08:38:46.596, 12955 MiB, 368.98 W, 96 %, 64
2026/10/10 08:38:47.603, 12955 MiB, 367.78 W, 94 %, 64
2026/10/10 08:38:48.608, 12955 MiB, 366.09 W, 93 %, 64
2026/10/10 08:38:49.613, 12955 MiB, 367.54 W, 95 %, 64
2026/10/10 08:38:50.618, 12955 MiB, 368.65 W, 95 %, 64
2026/10/10 08:38:51.628, 12955 MiB, 361.08 W, 66 %, 64
2026/10/10 08:38:52.640, 12955 MiB, 96.70 W, 0 %, 53
2026/10/10 08:38:53.642, 12955 MiB, 230.80 W, 95 %, 63
2026/10/10 08:38:54.643, 12955 MiB, 351.76 W, 95 %, 64
2026/10/10 08:38:55.656, 12955 MiB, 353.64 W, 95 %, 64
2026/10/10 08:38:56.661, 12955 MiB, 352.58 W, 95 %, 64
2026/10/10 08:38:57.669, 12955 MiB, 351.41 W, 94 %, 64
2026/10/10 08:38:58.675, 12955 MiB, 351.99 W, 95 %, 64
2026/10/10 08:38:59.682, 12955 MiB, 351.47 W, 94 %, 64
2026/10/10 08:39:00.689, 12955 MiB, 351.77 W, 94 %, 64
2026/10/10 08:39:01.697, 12955 MiB, 352.11 W, 95 %, 64
2026/10/10 08:39:02.705, 12955 MiB, 354.18 W, 94 %, 64
2026/10/10 08:39:03.713, 12955 MiB, 353.35 W, 94 %, 64
2026/10/10 08:39:04.723, 12955 MiB, 355.05 W, 95 %, 64
2026/10/10 08:39:05.728, 12955 MiB, 355.52 W, 95 %, 64
2026/10/10 08:39:06.736, 12955 MiB, 351.34 W, 93 %, 64
2026/10/10 08:39:07.750, 12955 MiB, 353.02 W, 94 %, 64
2026/10/10 08:39:08.760, 12955 MiB, 351.83 W, 94 %, 64
2026/10/10 08:39:09.771, 12955 MiB, 354.30 W, 94 %, 64
2026/10/10 08:39:10.781, 12955 MiB, 353.91 W, 95 %, 64
2026/10/10 08:39:11.791, 12955 MiB, 354.82 W, 95 %, 64
2026/10/10 08:39:12.800, 12955 MiB, 356.50 W, 95 %, 64
2026/10/10 08:39:13.812, 12955 MiB, 355.00 W, 95 %, 64
2026/10/10 08:39:14.820, 12955 MiB, 356.52 W, 95 %, 64
2026/10/10 08:39:15.827, 12955 MiB, 356.71 W, 95 %, 64
2026/10/10 08:39:16.837, 12955 MiB, 355.62 W, 94 %, 64
2026/10/10 08:39:17.845, 12955 MiB, 355.31 W, 94 %, 64
2026/10/10 08:39:18.854, 12955 MiB, 354.32 W, 95 %, 64
2026/10/10 08:39:19.865, 12955 MiB, 356.05 W, 94 %, 64
2026/10/10 08:39:20.879, 12955 MiB, 355.50 W, 92 %, 64
2026/10/10 08:39:21.890, 12955 MiB, 355.61 W, 95 %, 64
2026/10/10 08:39:22.898, 12955 MiB, 357.44 W, 95 %, 64
2026/10/10 08:39:23.912, 12955 MiB, 356.47 W, 95 %, 64
2026/10/10 08:39:24.927, 12955 MiB, 357.40 W, 95 %, 64
2026/10/10 08:39:25.935, 12955 MiB, 355.79 W, 95 %, 64
2026/10/10 08:39:26.955, 12955 MiB, 356.62 W, 93 %, 64
2026/10/10 08:39:27.966, 12955 MiB, 355.11 W, 92 %, 64
2026/10/10 08:39:28.974, 12955 MiB, 355.53 W, 94 %, 64
2026/10/10 08:39:29.986, 12955 MiB, 355.90 W, 95 %, 64
2026/10/10 08:39:30.997, 12955 MiB, 357.00 W, 96 %, 64
2026/10/10 08:39:32.009, 12955 MiB, 359.03 W, 95 %, 64
2026/10/10 08:39:33.023, 12955 MiB, 357.98 W, 92 %, 64
2026/10/10 08:39:34.034, 12955 MiB, 358.61 W, 94 %, 64
2026/10/10 08:39:35.049, 12955 MiB, 357.34 W, 95 %, 64
2026/10/10 08:39:36.058, 12955 MiB, 356.18 W, 94 %, 64
2026/10/10 08:39:37.071, 12955 MiB, 357.40 W, 95 %, 64
2026/10/10 08:39:38.082, 12955 MiB, 357.38 W, 94 %, 64
2026/10/10 08:39:39.095, 12955 MiB, 353.45 W, 95 %, 64
2026/10/10 08:39:40.108, 12955 MiB, 353.88 W, 95 %, 64
2026/10/10 08:39:41.111, 12955 MiB, 207.21 W, 0 %, 53
2026/10/10 08:39:42.124, 12955 MiB, 268.90 W, 100 %, 76
2026/10/10 08:39:43.134, 12955 MiB, 426.41 W, 93 %, 67
2026/10/10 08:39:44.146, 12955 MiB, 440.00 W, 100 %, 76
2026/10/10 08:39:45.158, 12955 MiB, 424.17 W, 98 %, 73
2026/10/10 08:39:46.173, 12955 MiB, 444.31 W, 100 %, 72
2026/10/10 08:39:47.182, 12955 MiB, 410.23 W, 62 %, 73
2026/10/10 08:39:48.197, 12955 MiB, 445.09 W, 99 %, 74
2026/10/10 08:39:49.203, 12955 MiB, 416.59 W, 94 %, 66
2026/10/10 08:39:50.215, 12955 MiB, 355.12 W, 95 %, 64
2026/10/10 08:39:51.226, 12955 MiB, 353.51 W, 95 %, 64
2026/10/10 08:39:52.229, 12955 MiB, 353.24 W, 95 %, 64
2026/10/10 08:39:53.244, 12955 MiB, 352.77 W, 95 %, 64
2026/10/10 08:39:54.256, 12955 MiB, 353.75 W, 94 %, 64
2026/10/10 08:39:55.268, 12955 MiB, 352.38 W, 95 %, 64
2026/10/10 08:39:56.278, 12955 MiB, 353.12 W, 95 %, 64
2026/10/10 08:39:57.290, 12955 MiB, 352.70 W, 94 %, 63
2026/10/10 08:39:58.302, 12955 MiB, 351.83 W, 94 %, 64
2026/10/10 08:39:59.302, 12955 MiB, 352.56 W, 93 %, 64
2026/10/10 08:40:00.312, 12955 MiB, 352.31 W, 95 %, 64
2026/10/10 08:40:01.327, 12955 MiB, 354.13 W, 96 %, 64
2026/10/10 08:40:02.340, 12955 MiB, 353.71 W, 95 %, 64
2026/10/10 08:40:03.351, 12955 MiB, 355.60 W, 95 %, 64
2026/10/10 08:40:04.365, 12955 MiB, 354.19 W, 94 %, 64
2026/10/10 08:40:05.377, 12955 MiB, 353.85 W, 94 %, 63
2026/10/10 08:40:06.386, 12955 MiB, 354.87 W, 95 %, 63
2026/10/10 08:40:07.398, 12955 MiB, 353.58 W, 95 %, 63
2026/10/10 08:40:08.409, 12955 MiB, 354.37 W, 94 %, 63
2026/10/10 08:40:09.423, 12955 MiB, 353.60 W, 94 %, 63
2026/10/10 08:40:10.434, 12955 MiB, 355.28 W, 95 %, 63
2026/10/10 08:40:11.444, 12955 MiB, 355.21 W, 95 %, 63
2026/10/10 08:40:12.456, 12955 MiB, 355.14 W, 95 %, 63
2026/10/10 08:40:13.469, 12955 MiB, 356.15 W, 94 %, 63
2026/10/10 08:40:14.484, 12955 MiB, 353.36 W, 95 %, 63
2026/10/10 08:40:15.486, 12955 MiB, 354.97 W, 95 %, 63
2026/10/10 08:40:16.488, 12955 MiB, 355.33 W, 94 %, 63
2026/10/10 08:40:17.494, 12955 MiB, 353.31 W, 95 %, 63
2026/10/10 08:40:18.496, 12955 MiB, 355.03 W, 95 %, 63
2026/10/10 08:40:19.510, 12955 MiB, 355.41 W, 94 %, 63
2026/10/10 08:40:20.524, 12955 MiB, 356.41 W, 95 %, 63
2026/10/10 08:40:21.535, 12955 MiB, 356.60 W, 94 %, 63
2026/10/10 08:40:22.548, 12955 MiB, 356.23 W, 96 %, 63
2026/10/10 08:40:23.562, 12955 MiB, 354.17 W, 95 %, 63
2026/10/10 08:40:24.577, 12955 MiB, 281.76 W, 0 %, 53
2026/10/10 08:40:25.580, 12955 MiB, 78.23 W, 52 %, 52
2026/10/10 08:40:26.587, 12955 MiB, 67.58 W, 1 %, 53
2026/10/10 08:40:27.588, 12955 MiB, 302.75 W, 100 %, 74
2026/10/10 08:40:28.603, 12955 MiB, 428.47 W, 99 %, 62
2026/10/10 08:40:29.615, 12955 MiB, 445.43 W, 100 %, 73
2026/10/10 08:40:30.625, 12955 MiB, 401.96 W, 82 %, 74
2026/10/10 08:40:31.632, 12955 MiB, 449.07 W, 100 %, 71
2026/10/10 08:40:32.647, 12955 MiB, 410.03 W, 94 %, 64
2026/10/10 08:40:33.658, 12955 MiB, 346.86 W, 93 %, 63
2026/10/10 08:40:34.668, 12955 MiB, 346.77 W, 95 %, 63
2026/10/10 08:40:35.682, 12955 MiB, 346.63 W, 94 %, 63
2026/10/10 08:40:36.684, 12955 MiB, 346.92 W, 95 %, 63
2026/10/10 08:40:37.692, 12955 MiB, 346.29 W, 94 %, 63
2026/10/10 08:40:38.703, 12955 MiB, 346.48 W, 93 %, 63
2026/10/10 08:40:39.719, 12955 MiB, 346.46 W, 92 %, 63
2026/10/10 08:40:40.729, 12955 MiB, 347.86 W, 95 %, 63
2026/10/10 08:40:41.739, 12955 MiB, 348.94 W, 95 %, 63
2026/10/10 08:40:42.747, 12955 MiB, 348.76 W, 94 %, 63
2026/10/10 08:40:43.759, 12955 MiB, 349.51 W, 95 %, 63
2026/10/10 08:40:44.762, 12955 MiB, 347.71 W, 93 %, 63
2026/10/10 08:40:45.768, 12955 MiB, 348.59 W, 95 %, 63
2026/10/10 08:40:46.776, 12955 MiB, 347.20 W, 94 %, 63
2026/10/10 08:40:47.785, 12955 MiB, 347.80 W, 95 %, 63
2026/10/10 08:40:48.792, 12955 MiB, 347.93 W, 92 %, 63
2026/10/10 08:40:49.805, 12955 MiB, 349.44 W, 95 %, 63
2026/10/10 08:40:50.817, 12955 MiB, 349.81 W, 94 %, 63
2026/10/10 08:40:51.824, 12955 MiB, 349.48 W, 95 %, 63
2026/10/10 08:40:52.830, 12955 MiB, 350.47 W, 94 %, 63
2026/10/10 08:40:53.839, 12955 MiB, 348.60 W, 94 %, 63
2026/10/10 08:40:54.847, 12955 MiB, 349.63 W, 94 %, 63
2026/10/10 08:40:55.854, 12955 MiB, 347.90 W, 95 %, 63
2026/10/10 08:40:56.863, 12955 MiB, 349.10 W, 94 %, 63
2026/10/10 08:40:57.869, 12955 MiB, 349.60 W, 95 %, 63
2026/10/10 08:40:58.880, 12955 MiB, 349.65 W, 95 %, 63
2026/10/10 08:40:59.886, 12955 MiB, 351.27 W, 95 %, 63
2026/10/10 08:41:00.893, 12955 MiB, 349.50 W, 95 %, 63
2026/10/10 08:41:01.904, 12955 MiB, 351.54 W, 95 %, 63
2026/10/10 08:41:02.905, 12955 MiB, 349.68 W, 93 %, 63
2026/10/10 08:41:03.916, 12955 MiB, 350.09 W, 94 %, 63
2026/10/10 08:41:04.927, 12955 MiB, 336.43 W, 82 %, 62
2026/10/10 08:41:05.935, 12955 MiB, 111.08 W, 28 %, 63
2026/10/10 08:41:06.945, 12955 MiB, 423.46 W, 100 %, 72
2026/10/10 08:41:07.955, 12955 MiB, 404.95 W, 100 %, 76
2026/10/10 08:41:08.957, 12955 MiB, 460.21 W, 99 %, 72
2026/10/10 08:41:09.965, 12955 MiB, 420.49 W, 99 %, 74
2026/10/10 08:41:10.969, 12955 MiB, 443.52 W, 79 %, 70
2026/10/10 08:41:11.984, 12955 MiB, 425.40 W, 99 %, 77
2026/10/10 08:41:12.987, 12955 MiB, 432.95 W, 100 %, 68
2026/10/10 08:41:14.000, 12955 MiB, 439.66 W, 100 %, 74
2026/10/10 08:41:15.007, 12955 MiB, 427.59 W, 91 %, 74
2026/10/10 08:41:16.019, 12955 MiB, 441.15 W, 100 %, 73
2026/10/10 08:41:17.029, 12963 MiB, 425.52 W, 95 %, 73
2026/10/10 08:41:18.039, 12963 MiB, 439.45 W, 100 %, 76
2026/10/10 08:41:19.045, 12487 MiB, 436.62 W, 100 %, 67
2026/10/10 08:41:20.054, 12971 MiB, 418.53 W, 95 %, 64
2026/10/10 08:41:21.056, 12971 MiB, 365.74 W, 96 %, 64
2026/10/10 08:41:22.059, 12971 MiB, 366.33 W, 95 %, 64
2026/10/10 08:41:23.067, 12971 MiB, 364.28 W, 95 %, 64
2026/10/10 08:41:24.076, 12971 MiB, 365.30 W, 95 %, 64
2026/10/10 08:41:25.089, 12971 MiB, 364.36 W, 92 %, 64
2026/10/10 08:41:26.099, 12971 MiB, 365.15 W, 95 %, 64
2026/10/10 08:41:27.111, 12971 MiB, 365.92 W, 95 %, 64
2026/10/10 08:41:28.122, 12971 MiB, 364.74 W, 95 %, 64
2026/10/10 08:41:29.135, 12971 MiB, 365.37 W, 95 %, 64
2026/10/10 08:41:30.149, 12971 MiB, 365.49 W, 95 %, 64
2026/10/10 08:41:31.160, 12971 MiB, 364.81 W, 96 %, 64
2026/10/10 08:41:32.161, 12971 MiB, 365.23 W, 95 %, 64
2026/10/10 08:41:33.161, 12971 MiB, 366.30 W, 95 %, 64
2026/10/10 08:41:34.176, 12971 MiB, 364.97 W, 95 %, 64
2026/10/10 08:41:35.177, 12971 MiB, 365.16 W, 95 %, 64
2026/10/10 08:41:36.178, 12971 MiB, 365.06 W, 95 %, 64
2026/10/10 08:41:37.183, 12971 MiB, 364.47 W, 96 %, 64
2026/10/10 08:41:38.198, 12971 MiB, 366.60 W, 96 %, 64
2026/10/10 08:41:39.207, 12971 MiB, 366.98 W, 95 %, 64
2026/10/10 08:41:40.219, 12971 MiB, 364.37 W, 93 %, 63
2026/10/10 08:41:41.230, 12971 MiB, 365.74 W, 95 %, 64
2026/10/10 08:41:42.238, 12971 MiB, 367.15 W, 95 %, 64
2026/10/10 08:41:43.259, 12971 MiB, 366.10 W, 95 %, 64
2026/10/10 08:41:44.266, 12971 MiB, 366.28 W, 95 %, 64
2026/10/10 08:41:45.272, 12971 MiB, 366.60 W, 96 %, 64
2026/10/10 08:41:46.285, 12971 MiB, 365.25 W, 95 %, 64
2026/10/10 08:41:47.296, 12971 MiB, 366.45 W, 95 %, 64
2026/10/10 08:41:48.306, 12971 MiB, 366.03 W, 95 %, 64
2026/10/10 08:41:49.315, 12971 MiB, 366.52 W, 96 %, 63
2026/10/10 08:41:50.324, 12971 MiB, 366.80 W, 96 %, 63
2026/10/10 08:41:51.334, 12971 MiB, 366.46 W, 93 %, 63
2026/10/10 08:41:52.345, 12971 MiB, 365.58 W, 94 %, 64
2026/10/10 08:41:53.357, 12971 MiB, 366.11 W, 93 %, 63
2026/10/10 08:41:54.372, 12971 MiB, 365.00 W, 95 %, 63
2026/10/10 08:41:55.381, 12971 MiB, 366.95 W, 95 %, 64
2026/10/10 08:41:56.388, 12971 MiB, 367.68 W, 95 %, 63
2026/10/10 08:41:57.399, 12971 MiB, 367.40 W, 95 %, 63
2026/10/10 08:41:58.414, 12971 MiB, 368.56 W, 96 %, 64
2026/10/10 08:41:59.425, 12971 MiB, 367.84 W, 94 %, 64
2026/10/10 08:42:00.426, 12971 MiB, 366.87 W, 95 %, 64
2026/10/10 08:42:01.438, 12971 MiB, 368.20 W, 95 %, 64
2026/10/10 08:42:02.440, 12971 MiB, 368.17 W, 95 %, 64
2026/10/10 08:42:03.454, 12971 MiB, 366.87 W, 96 %, 64
2026/10/10 08:42:04.456, 12971 MiB, 368.03 W, 95 %, 64
2026/10/10 08:42:05.457, 12971 MiB, 367.27 W, 93 %, 64
2026/10/10 08:42:06.473, 12971 MiB, 366.90 W, 95 %, 64
2026/10/10 08:42:07.488, 12971 MiB, 369.32 W, 95 %, 64
2026/10/10 08:42:08.500, 12971 MiB, 369.24 W, 96 %, 64
2026/10/10 08:42:09.513, 12971 MiB, 367.33 W, 96 %, 64
2026/10/10 08:42:10.532, 12971 MiB, 368.95 W, 94 %, 64
2026/10/10 08:42:11.533, 12971 MiB, 367.48 W, 95 %, 63
2026/10/10 08:42:12.546, 12971 MiB, 366.79 W, 96 %, 64
2026/10/10 08:42:13.548, 12971 MiB, 368.40 W, 96 %, 64
2026/10/10 08:42:14.550, 12971 MiB, 368.39 W, 95 %, 64
2026/10/10 08:42:15.551, 12971 MiB, 368.53 W, 96 %, 64
2026/10/10 08:42:16.561, 12971 MiB, 369.15 W, 96 %, 64
2026/10/10 08:42:17.573, 12971 MiB, 369.66 W, 96 %, 64
2026/10/10 08:42:18.578, 12971 MiB, 368.14 W, 96 %, 64
2026/10/10 08:42:19.592, 12971 MiB, 368.47 W, 95 %, 64
2026/10/10 08:42:20.606, 12971 MiB, 368.04 W, 95 %, 63
2026/10/10 08:42:21.618, 12971 MiB, 366.80 W, 95 %, 64
2026/10/10 08:42:22.631, 12971 MiB, 367.79 W, 95 %, 64
2026/10/10 08:42:23.643, 12971 MiB, 368.61 W, 95 %, 63
2026/10/10 08:42:24.650, 12971 MiB, 368.38 W, 96 %, 64
2026/10/10 08:42:25.664, 12971 MiB, 370.54 W, 96 %, 64
2026/10/10 08:42:26.675, 12971 MiB, 369.33 W, 96 %, 64
2026/10/10 08:42:27.676, 12971 MiB, 226.96 W, 12 %, 53
2026/10/10 08:42:28.687, 12971 MiB, 338.50 W, 95 %, 64
2026/10/10 08:42:29.698, 12971 MiB, 365.80 W, 95 %, 64
2026/10/10 08:42:30.712, 12971 MiB, 364.21 W, 95 %, 64
2026/10/10 08:42:31.724, 12971 MiB, 365.26 W, 95 %, 64
2026/10/10 08:42:32.735, 12971 MiB, 365.86 W, 96 %, 64
2026/10/10 08:42:33.746, 12971 MiB, 364.40 W, 95 %, 64
2026/10/10 08:42:34.748, 12971 MiB, 365.89 W, 96 %, 64
2026/10/10 08:42:35.761, 12971 MiB, 366.62 W, 94 %, 64
2026/10/10 08:42:36.774, 12971 MiB, 365.68 W, 96 %, 64
2026/10/10 08:42:37.786, 12971 MiB, 366.00 W, 96 %, 64
2026/10/10 08:42:38.787, 12971 MiB, 366.81 W, 96 %, 64
2026/10/10 08:42:39.799, 12971 MiB, 365.34 W, 95 %, 64
2026/10/10 08:42:40.805, 12971 MiB, 366.39 W, 95 %, 64
2026/10/10 08:42:41.806, 12971 MiB, 365.71 W, 93 %, 63
2026/10/10 08:42:42.818, 12971 MiB, 365.81 W, 95 %, 64
2026/10/10 08:42:43.833, 12971 MiB, 366.40 W, 95 %, 64
2026/10/10 08:42:44.838, 12971 MiB, 365.62 W, 95 %, 64
2026/10/10 08:42:45.852, 12971 MiB, 367.53 W, 95 %, 64
2026/10/10 08:42:46.868, 12971 MiB, 366.76 W, 96 %, 64
2026/10/10 08:42:47.881, 12971 MiB, 367.06 W, 95 %, 64
2026/10/10 08:42:48.893, 12971 MiB, 368.07 W, 95 %, 64
2026/10/10 08:42:49.908, 12971 MiB, 366.53 W, 95 %, 64
2026/10/10 08:42:50.912, 12971 MiB, 366.25 W, 95 %, 64
2026/10/10 08:42:51.918, 12971 MiB, 366.62 W, 95 %, 64
2026/10/10 08:42:52.923, 12971 MiB, 366.83 W, 96 %, 64
2026/10/10 08:42:53.925, 12971 MiB, 366.71 W, 96 %, 64
2026/10/10 08:42:54.937, 12971 MiB, 367.94 W, 96 %, 64
2026/10/10 08:42:55.943, 12971 MiB, 367.01 W, 91 %, 64
2026/10/10 08:42:56.953, 12971 MiB, 367.58 W, 95 %, 64
2026/10/10 08:42:57.966, 12971 MiB, 368.05 W, 95 %, 64
2026/10/10 08:42:58.979, 12971 MiB, 367.15 W, 95 %, 64
2026/10/10 08:42:59.984, 12971 MiB, 366.49 W, 95 %, 64
2026/10/10 08:43:00.995, 12971 MiB, 366.40 W, 95 %, 64
2026/10/10 08:43:02.007, 12971 MiB, 366.88 W, 95 %, 64
2026/10/10 08:43:03.017, 12971 MiB, 364.47 W, 95 %, 64
2026/10/10 08:43:04.030, 12971 MiB, 362.78 W, 96 %, 64
2026/10/10 08:43:05.043, 12971 MiB, 155.97 W, 6 %, 52
2026/10/10 08:43:06.054, 12971 MiB, 322.34 W, 100 %, 75
2026/10/10 08:43:07.055, 12971 MiB, 420.87 W, 99 %, 73
2026/10/10 08:43:08.056, 12971 MiB, 449.61 W, 100 %, 74
2026/10/10 08:43:09.061, 12971 MiB, 405.17 W, 57 %, 62
2026/10/10 08:43:10.062, 12971 MiB, 444.15 W, 100 %, 75
2026/10/10 08:43:11.067, 12971 MiB, 406.04 W, 93 %, 65
2026/10/10 08:43:12.078, 12971 MiB, 345.78 W, 94 %, 64
2026/10/10 08:43:13.089, 12971 MiB, 347.30 W, 95 %, 64
2026/10/10 08:43:14.103, 12971 MiB, 346.96 W, 95 %, 64
2026/10/10 08:43:15.117, 12971 MiB, 348.22 W, 95 %, 64
2026/10/10 08:43:16.129, 12971 MiB, 347.14 W, 95 %, 63
2026/10/10 08:43:17.141, 12971 MiB, 348.52 W, 95 %, 63
2026/10/10 08:43:18.148, 12971 MiB, 347.08 W, 94 %, 63
2026/10/10 08:43:19.158, 12971 MiB, 347.11 W, 93 %, 63
2026/10/10 08:43:20.167, 12971 MiB, 347.05 W, 94 %, 63
2026/10/10 08:43:21.180, 12971 MiB, 345.78 W, 94 %, 63
2026/10/10 08:43:22.190, 12971 MiB, 347.83 W, 94 %, 63
2026/10/10 08:43:23.200, 12971 MiB, 347.87 W, 94 %, 63
2026/10/10 08:43:24.208, 12971 MiB, 349.28 W, 95 %, 63
2026/10/10 08:43:25.220, 12971 MiB, 348.18 W, 95 %, 63
2026/10/10 08:43:26.227, 12971 MiB, 349.93 W, 95 %, 63
2026/10/10 08:43:27.235, 12971 MiB, 349.43 W, 94 %, 63
2026/10/10 08:43:28.247, 12971 MiB, 348.63 W, 94 %, 63
2026/10/10 08:43:29.253, 12971 MiB, 348.05 W, 94 %, 63
2026/10/10 08:43:30.260, 12971 MiB, 346.41 W, 95 %, 63
2026/10/10 08:43:31.262, 12971 MiB, 347.88 W, 94 %, 63
2026/10/10 08:43:32.269, 12971 MiB, 347.92 W, 94 %, 63
2026/10/10 08:43:33.281, 12971 MiB, 351.07 W, 94 %, 63
2026/10/10 08:43:34.285, 12971 MiB, 349.19 W, 92 %, 63
2026/10/10 08:43:35.294, 12971 MiB, 350.64 W, 95 %, 63
2026/10/10 08:43:36.305, 12971 MiB, 350.89 W, 93 %, 63
2026/10/10 08:43:37.313, 12971 MiB, 349.70 W, 95 %, 63
2026/10/10 08:43:38.319, 12971 MiB, 350.24 W, 95 %, 63
2026/10/10 08:43:39.328, 12971 MiB, 349.86 W, 94 %, 63
2026/10/10 08:43:40.339, 12971 MiB, 350.13 W, 95 %, 63
2026/10/10 08:43:41.345, 12971 MiB, 350.05 W, 94 %, 63
2026/10/10 08:43:42.353, 12971 MiB, 351.92 W, 95 %, 63
2026/10/10 08:43:43.367, 12971 MiB, 352.04 W, 95 %, 63
2026/10/10 08:43:44.380, 12971 MiB, 350.50 W, 95 %, 63
2026/10/10 08:43:45.389, 12971 MiB, 351.48 W, 95 %, 63
2026/10/10 08:43:46.402, 12971 MiB, 351.04 W, 95 %, 63
2026/10/10 08:43:47.412, 12971 MiB, 350.87 W, 95 %, 63
2026/10/10 08:43:48.414, 12971 MiB, 350.97 W, 92 %, 63
2026/10/10 08:43:49.421, 12971 MiB, 350.06 W, 95 %, 63
2026/10/10 08:43:50.429, 12971 MiB, 350.23 W, 95 %, 63
2026/10/10 08:43:51.439, 12971 MiB, 353.34 W, 95 %, 63
2026/10/10 08:43:52.447, 12971 MiB, 353.04 W, 95 %, 63
2026/10/10 08:43:53.453, 12971 MiB, 353.31 W, 95 %, 63
2026/10/10 08:43:54.466, 12971 MiB, 354.10 W, 95 %, 63
2026/10/10 08:43:55.490, 12971 MiB, 352.88 W, 95 %, 63
2026/10/10 08:43:56.502, 12971 MiB, 352.86 W, 94 %, 63
2026/10/10 08:43:57.511, 12971 MiB, 352.60 W, 94 %, 62
2026/10/10 08:43:58.525, 12971 MiB, 351.40 W, 94 %, 63
2026/10/10 08:43:59.536, 12971 MiB, 351.54 W, 95 %, 63
2026/10/10 08:44:00.546, 12971 MiB, 350.85 W, 95 %, 63
2026/10/10 08:44:01.558, 12971 MiB, 355.30 W, 95 %, 63
2026/10/10 08:44:02.571, 12971 MiB, 353.69 W, 95 %, 63
2026/10/10 08:44:03.578, 12971 MiB, 355.19 W, 95 %, 63
2026/10/10 08:44:04.582, 12971 MiB, 354.87 W, 95 %, 63
2026/10/10 08:44:05.596, 12971 MiB, 353.17 W, 95 %, 63
2026/10/10 08:44:06.607, 12971 MiB, 352.91 W, 95 %, 63
2026/10/10 08:44:07.615, 12971 MiB, 353.85 W, 95 %, 63
2026/10/10 08:44:08.630, 12971 MiB, 353.68 W, 95 %, 63
2026/10/10 08:44:09.642, 12971 MiB, 354.85 W, 94 %, 63
2026/10/10 08:44:10.653, 12971 MiB, 354.31 W, 95 %, 63
2026/10/10 08:44:11.666, 12971 MiB, 355.14 W, 94 %, 63
2026/10/10 08:44:12.676, 12971 MiB, 354.21 W, 95 %, 63
2026/10/10 08:44:13.687, 12971 MiB, 355.83 W, 93 %, 63
2026/10/10 08:44:14.702, 12971 MiB, 356.45 W, 95 %, 63
2026/10/10 08:44:15.716, 12971 MiB, 353.97 W, 94 %, 63
2026/10/10 08:44:16.730, 12971 MiB, 354.52 W, 94 %, 63
2026/10/10 08:44:17.742, 12971 MiB, 354.28 W, 94 %, 63
2026/10/10 08:44:18.748, 12971 MiB, 355.05 W, 93 %, 63
2026/10/10 08:44:19.759, 12971 MiB, 355.54 W, 94 %, 63
2026/10/10 08:44:20.774, 12971 MiB, 354.48 W, 96 %, 63
2026/10/10 08:44:21.785, 12971 MiB, 357.11 W, 95 %, 63
2026/10/10 08:44:22.799, 12971 MiB, 355.49 W, 96 %, 63
2026/10/10 08:44:23.811, 12971 MiB, 357.44 W, 95 %, 63
2026/10/10 08:44:24.822, 12971 MiB, 355.58 W, 95 %, 63
2026/10/10 08:44:25.834, 12971 MiB, 354.95 W, 95 %, 63
2026/10/10 08:44:26.842, 12971 MiB, 356.49 W, 95 %, 63
2026/10/10 08:44:27.853, 12971 MiB, 354.72 W, 95 %, 63
2026/10/10 08:44:28.865, 12971 MiB, 355.80 W, 95 %, 63
2026/10/10 08:44:29.867, 12971 MiB, 356.64 W, 95 %, 63
2026/10/10 08:44:30.875, 12971 MiB, 355.59 W, 95 %, 63
2026/10/10 08:44:31.886, 12971 MiB, 358.35 W, 95 %, 63
2026/10/10 08:44:32.897, 12971 MiB, 357.46 W, 95 %, 63
2026/10/10 08:44:33.911, 12971 MiB, 358.61 W, 95 %, 63
2026/10/10 08:44:34.925, 12971 MiB, 357.32 W, 95 %, 63
2026/10/10 08:44:35.938, 12971 MiB, 356.18 W, 93 %, 63
2026/10/10 08:44:36.954, 12971 MiB, 357.34 W, 95 %, 63
2026/10/10 08:44:37.965, 12971 MiB, 356.37 W, 95 %, 63
2026/10/10 08:44:38.979, 12971 MiB, 358.50 W, 95 %, 63
2026/10/10 08:44:39.994, 12971 MiB, 359.31 W, 96 %, 63
2026/10/10 08:44:41.009, 12971 MiB, 358.13 W, 96 %, 63
2026/10/10 08:44:42.024, 12971 MiB, 359.10 W, 96 %, 63
2026/10/10 08:44:43.034, 12971 MiB, 358.32 W, 95 %, 63
2026/10/10 08:44:44.049, 12971 MiB, 357.64 W, 95 %, 63
2026/10/10 08:44:45.061, 12971 MiB, 358.56 W, 95 %, 63
2026/10/10 08:44:46.075, 12971 MiB, 356.90 W, 95 %, 63
2026/10/10 08:44:47.086, 12971 MiB, 359.19 W, 94 %, 63
2026/10/10 08:44:48.100, 12971 MiB, 357.57 W, 93 %, 63
2026/10/10 08:44:49.115, 12971 MiB, 358.34 W, 95 %, 64
2026/10/10 08:44:50.122, 12971 MiB, 360.21 W, 95 %, 63
2026/10/10 08:44:51.137, 12971 MiB, 358.56 W, 95 %, 64
2026/10/10 08:44:52.153, 12971 MiB, 360.20 W, 94 %, 64
2026/10/10 08:44:53.160, 12971 MiB, 359.80 W, 95 %, 63
2026/10/10 08:44:54.168, 12971 MiB, 358.34 W, 95 %, 63
2026/10/10 08:44:55.179, 12971 MiB, 359.11 W, 95 %, 64
2026/10/10 08:44:56.187, 12971 MiB, 359.20 W, 95 %, 64
2026/10/10 08:44:57.200, 12971 MiB, 360.43 W, 95 %, 64
2026/10/10 08:44:58.214, 12971 MiB, 361.33 W, 95 %, 64
2026/10/10 08:44:59.216, 12971 MiB, 360.67 W, 95 %, 64
2026/10/10 08:45:00.227, 12971 MiB, 360.35 W, 96 %, 64
2026/10/10 08:45:01.237, 12971 MiB, 360.31 W, 96 %, 64
2026/10/10 08:45:02.249, 12971 MiB, 361.31 W, 95 %, 64
2026/10/10 08:45:03.259, 12971 MiB, 361.01 W, 95 %, 64
2026/10/10 08:45:04.270, 12971 MiB, 359.78 W, 95 %, 64
2026/10/10 08:45:05.277, 12971 MiB, 360.43 W, 95 %, 63
2026/10/10 08:45:06.291, 12971 MiB, 360.36 W, 95 %, 64
2026/10/10 08:45:07.300, 12971 MiB, 360.25 W, 95 %, 64
2026/10/10 08:45:08.312, 12971 MiB, 361.92 W, 95 %, 64
2026/10/10 08:45:09.320, 12971 MiB, 361.41 W, 95 %, 64
2026/10/10 08:45:10.335, 12971 MiB, 360.65 W, 96 %, 64
2026/10/10 08:45:11.349, 12971 MiB, 363.05 W, 96 %, 64
2026/10/10 08:45:12.360, 12971 MiB, 361.22 W, 94 %, 63
2026/10/10 08:45:13.371, 12971 MiB, 360.56 W, 95 %, 64
2026/10/10 08:45:14.385, 12971 MiB, 362.06 W, 94 %, 64
2026/10/10 08:45:15.392, 12971 MiB, 359.16 W, 95 %, 64
2026/10/10 08:45:16.406, 12971 MiB, 361.41 W, 94 %, 64
2026/10/10 08:45:17.416, 12971 MiB, 362.32 W, 95 %, 64
2026/10/10 08:45:18.426, 12971 MiB, 360.06 W, 94 %, 64
2026/10/10 08:45:19.439, 12971 MiB, 363.02 W, 95 %, 64
2026/10/10 08:45:20.449, 12971 MiB, 361.85 W, 94 %, 64
2026/10/10 08:45:21.461, 12971 MiB, 362.59 W, 95 %, 64
2026/10/10 08:45:22.471, 12971 MiB, 363.29 W, 95 %, 64
2026/10/10 08:45:23.484, 12971 MiB, 362.19 W, 95 %, 64
2026/10/10 08:45:24.493, 12971 MiB, 362.90 W, 95 %, 64
2026/10/10 08:45:25.504, 12971 MiB, 362.38 W, 95 %, 64
2026/10/10 08:45:26.516, 12971 MiB, 363.05 W, 96 %, 64
2026/10/10 08:45:27.528, 12971 MiB, 364.70 W, 95 %, 64
2026/10/10 08:45:28.539, 12971 MiB, 364.93 W, 95 %, 64
2026/10/10 08:45:29.549, 12971 MiB, 363.34 W, 95 %, 64
2026/10/10 08:45:30.555, 12971 MiB, 363.56 W, 95 %, 64
2026/10/10 08:45:31.563, 12971 MiB, 362.79 W, 95 %, 64
2026/10/10 08:45:32.570, 12971 MiB, 362.90 W, 96 %, 63
2026/10/10 08:45:33.575, 12971 MiB, 362.51 W, 95 %, 64
2026/10/10 08:45:34.586, 12971 MiB, 362.81 W, 95 %, 64
2026/10/10 08:45:35.593, 12971 MiB, 364.31 W, 95 %, 64
2026/10/10 08:45:36.598, 12971 MiB, 364.61 W, 94 %, 64
2026/10/10 08:45:37.606, 12971 MiB, 364.07 W, 96 %, 64
2026/10/10 08:45:38.613, 12971 MiB, 365.37 W, 96 %, 64
2026/10/10 08:45:39.621, 12971 MiB, 364.97 W, 96 %, 64
2026/10/10 08:45:40.632, 12971 MiB, 364.46 W, 95 %, 64
2026/10/10 08:45:41.641, 12971 MiB, 363.97 W, 95 %, 64
2026/10/10 08:45:42.649, 12971 MiB, 364.65 W, 95 %, 64
2026/10/10 08:45:43.656, 12971 MiB, 363.69 W, 95 %, 64
2026/10/10 08:45:44.663, 12971 MiB, 364.81 W, 95 %, 64
2026/10/10 08:45:45.671, 12971 MiB, 364.47 W, 93 %, 64
2026/10/10 08:45:46.676, 12971 MiB, 365.41 W, 95 %, 64
2026/10/10 08:45:47.683, 12971 MiB, 366.45 W, 96 %, 64
2026/10/10 08:45:48.691, 12971 MiB, 366.08 W, 96 %, 64
2026/10/10 08:45:49.698, 12971 MiB, 366.90 W, 95 %, 64
2026/10/10 08:45:50.708, 12971 MiB, 365.39 W, 95 %, 64
2026/10/10 08:45:51.709, 12971 MiB, 363.92 W, 96 %, 64
2026/10/10 08:45:52.721, 12971 MiB, 365.64 W, 96 %, 64
2026/10/10 08:45:53.735, 12971 MiB, 365.22 W, 95 %, 64
2026/10/10 08:45:54.744, 12971 MiB, 364.89 W, 95 %, 64
2026/10/10 08:45:55.745, 12971 MiB, 367.64 W, 96 %, 64
2026/10/10 08:45:56.754, 12971 MiB, 367.29 W, 95 %, 64
2026/10/10 08:45:57.765, 12971 MiB, 366.22 W, 96 %, 64
2026/10/10 08:45:58.774, 12971 MiB, 367.35 W, 95 %, 64
2026/10/10 08:45:59.784, 12971 MiB, 367.44 W, 95 %, 64
2026/10/10 08:46:00.786, 12971 MiB, 364.88 W, 95 %, 64
2026/10/10 08:46:01.798, 12971 MiB, 365.77 W, 95 %, 64
2026/10/10 08:46:02.809, 12971 MiB, 365.09 W, 95 %, 64
2026/10/10 08:46:03.813, 12971 MiB, 365.70 W, 96 %, 64
2026/10/10 08:46:04.816, 12971 MiB, 367.03 W, 96 %, 64
2026/10/10 08:46:05.827, 12971 MiB, 367.48 W, 95 %, 64
2026/10/10 08:46:06.839, 12971 MiB, 365.13 W, 94 %, 64
2026/10/10 08:46:07.847, 12971 MiB, 367.20 W, 95 %, 64
2026/10/10 08:46:08.856, 12971 MiB, 367.00 W, 93 %, 64
2026/10/10 08:46:09.863, 12971 MiB, 367.26 W, 95 %, 64
2026/10/10 08:46:10.872, 12971 MiB, 367.83 W, 96 %, 64
2026/10/10 08:46:11.876, 12971 MiB, 365.65 W, 93 %, 64
2026/10/10 08:46:12.887, 12971 MiB, 366.49 W, 95 %, 64
2026/10/10 08:46:13.892, 12971 MiB, 367.66 W, 96 %, 64
2026/10/10 08:46:14.898, 12971 MiB, 367.61 W, 95 %, 64
2026/10/10 08:46:15.903, 12971 MiB, 368.99 W, 96 %, 64
2026/10/10 08:46:16.915, 12971 MiB, 369.61 W, 95 %, 64
2026/10/10 08:46:17.918, 12971 MiB, 367.80 W, 96 %, 64
2026/10/10 08:46:18.927, 12971 MiB, 368.66 W, 95 %, 64
2026/10/10 08:46:19.937, 12971 MiB, 368.58 W, 96 %, 64
2026/10/10 08:46:20.949, 12971 MiB, 366.98 W, 93 %, 64
2026/10/10 08:46:21.959, 12971 MiB, 368.02 W, 95 %, 64
2026/10/10 08:46:22.970, 12971 MiB, 369.15 W, 96 %, 65
2026/10/10 08:46:23.983, 12971 MiB, 368.97 W, 96 %, 65
2026/10/10 08:46:24.992, 12971 MiB, 368.78 W, 95 %, 64
2026/10/10 08:46:26.002, 12971 MiB, 369.39 W, 96 %, 65
2026/10/10 08:46:27.012, 12971 MiB, 369.12 W, 96 %, 65
2026/10/10 08:46:28.026, 12971 MiB, 369.50 W, 95 %, 65
2026/10/10 08:46:29.040, 12971 MiB, 368.51 W, 96 %, 65
2026/10/10 08:46:30.046, 12971 MiB, 367.42 W, 94 %, 65
2026/10/10 08:46:31.060, 12971 MiB, 368.91 W, 96 %, 65
2026/10/10 08:46:32.063, 12971 MiB, 368.63 W, 95 %, 65
2026/10/10 08:46:33.076, 12971 MiB, 368.59 W, 94 %, 65
2026/10/10 08:46:34.088, 12971 MiB, 370.02 W, 95 %, 65
2026/10/10 08:46:35.099, 12971 MiB, 369.93 W, 96 %, 65
2026/10/10 08:46:36.111, 12971 MiB, 369.31 W, 95 %, 65
2026/10/10 08:46:37.112, 12971 MiB, 370.46 W, 96 %, 65
2026/10/10 08:46:38.126, 12971 MiB, 370.50 W, 96 %, 65
2026/10/10 08:46:39.140, 12971 MiB, 368.98 W, 94 %, 65
2026/10/10 08:46:40.148, 12971 MiB, 369.81 W, 95 %, 65
2026/10/10 08:46:41.154, 12971 MiB, 369.55 W, 95 %, 65
2026/10/10 08:46:42.164, 12971 MiB, 369.05 W, 95 %, 65
2026/10/10 08:46:43.173, 12971 MiB, 370.72 W, 93 %, 65
2026/10/10 08:46:44.187, 12971 MiB, 370.21 W, 96 %, 65
2026/10/10 08:46:45.200, 12971 MiB, 370.52 W, 96 %, 65
2026/10/10 08:46:46.206, 12971 MiB, 371.74 W, 95 %, 65
2026/10/10 08:46:47.219, 12971 MiB, 371.25 W, 96 %, 65
2026/10/10 08:46:48.222, 12971 MiB, 218.17 W, 0 %, 54
2026/10/10 08:46:49.230, 12971 MiB, 121.12 W, 91 %, 61
2026/10/10 08:46:50.244, 12971 MiB, 343.36 W, 94 %, 64
2026/10/10 08:46:51.257, 12971 MiB, 346.89 W, 94 %, 64
2026/10/10 08:46:52.271, 12971 MiB, 346.36 W, 95 %, 64
2026/10/10 08:46:53.285, 12971 MiB, 348.30 W, 95 %, 64
2026/10/10 08:46:54.285, 12971 MiB, 347.48 W, 95 %, 64
2026/10/10 08:46:55.297, 12971 MiB, 348.27 W, 95 %, 64
2026/10/10 08:46:56.310, 12971 MiB, 346.97 W, 94 %, 64
2026/10/10 08:46:57.317, 12971 MiB, 347.62 W, 94 %, 64
2026/10/10 08:46:58.329, 12971 MiB, 348.56 W, 95 %, 64
2026/10/10 08:46:59.340, 12971 MiB, 347.56 W, 94 %, 64
2026/10/10 08:47:00.349, 12971 MiB, 348.23 W, 94 %, 64
2026/10/10 08:47:01.361, 12971 MiB, 347.98 W, 95 %, 64
2026/10/10 08:47:02.375, 12971 MiB, 350.03 W, 95 %, 64
2026/10/10 08:47:03.388, 12971 MiB, 349.36 W, 95 %, 64
2026/10/10 08:47:04.403, 12971 MiB, 349.86 W, 93 %, 64
2026/10/10 08:47:05.413, 12971 MiB, 349.91 W, 95 %, 64
2026/10/10 08:47:06.428, 12971 MiB, 349.95 W, 94 %, 64
2026/10/10 08:47:07.439, 12971 MiB, 349.66 W, 94 %, 64
2026/10/10 08:47:08.450, 12971 MiB, 349.78 W, 95 %, 64
2026/10/10 08:47:09.466, 12971 MiB, 348.50 W, 94 %, 64
2026/10/10 08:47:10.477, 12971 MiB, 348.82 W, 94 %, 64
2026/10/10 08:47:11.489, 12971 MiB, 350.84 W, 95 %, 64
2026/10/10 08:47:12.503, 12971 MiB, 350.52 W, 95 %, 64
2026/10/10 08:47:13.518, 12971 MiB, 352.08 W, 94 %, 64
2026/10/10 08:47:14.528, 12971 MiB, 350.47 W, 95 %, 64
2026/10/10 08:47:15.543, 12971 MiB, 351.44 W, 94 %, 64
2026/10/10 08:47:16.557, 12971 MiB, 350.73 W, 94 %, 64
2026/10/10 08:47:17.558, 12971 MiB, 350.36 W, 95 %, 64
2026/10/10 08:47:18.572, 12971 MiB, 351.48 W, 94 %, 64
2026/10/10 08:47:19.574, 12971 MiB, 349.94 W, 95 %, 64
2026/10/10 08:47:20.589, 12971 MiB, 352.81 W, 95 %, 64
2026/10/10 08:47:21.590, 12971 MiB, 350.74 W, 94 %, 64
2026/10/10 08:47:22.601, 12971 MiB, 352.43 W, 95 %, 64
2026/10/10 08:47:23.610, 12971 MiB, 353.81 W, 94 %, 64
2026/10/10 08:47:24.620, 12971 MiB, 352.79 W, 95 %, 64
2026/10/10 08:47:25.633, 12971 MiB, 352.66 W, 94 %, 64
2026/10/10 08:47:26.634, 12971 MiB, 351.10 W, 94 %, 64
2026/10/10 08:47:27.639, 12971 MiB, 352.29 W, 95 %, 64
2026/10/10 08:47:28.651, 12971 MiB, 351.22 W, 94 %, 64
2026/10/10 08:47:29.657, 12971 MiB, 349.39 W, 95 %, 64
2026/10/10 08:47:30.663, 12971 MiB, 246.17 W, 1 %, 54
2026/10/10 08:47:31.665, 12971 MiB, 351.35 W, 100 %, 77
2026/10/10 08:47:32.671, 12971 MiB, 423.25 W, 99 %, 73
2026/10/10 08:47:33.684, 12971 MiB, 366.72 W, 94 %, 64
2026/10/10 08:47:34.697, 12971 MiB, 346.09 W, 95 %, 64
2026/10/10 08:47:35.711, 12971 MiB, 344.89 W, 94 %, 64
2026/10/10 08:47:36.715, 12971 MiB, 345.69 W, 95 %, 64
2026/10/10 08:47:37.717, 12971 MiB, 345.57 W, 94 %, 64
2026/10/10 08:47:38.718, 12971 MiB, 343.68 W, 94 %, 64
2026/10/10 08:47:39.731, 12971 MiB, 345.22 W, 95 %, 64
2026/10/10 08:47:40.739, 12971 MiB, 346.31 W, 95 %, 64
2026/10/10 08:47:41.751, 12971 MiB, 347.92 W, 94 %, 64
2026/10/10 08:47:42.762, 12971 MiB, 345.76 W, 93 %, 64
2026/10/10 08:47:43.770, 12971 MiB, 347.61 W, 95 %, 64
2026/10/10 08:47:44.780, 12971 MiB, 347.02 W, 94 %, 64
2026/10/10 08:47:45.789, 12971 MiB, 347.10 W, 94 %, 64
2026/10/10 08:47:46.794, 12971 MiB, 347.06 W, 95 %, 63
2026/10/10 08:47:47.804, 12971 MiB, 346.67 W, 95 %, 64
2026/10/10 08:47:48.815, 12971 MiB, 348.18 W, 95 %, 64
2026/10/10 08:47:49.823, 12971 MiB, 348.33 W, 95 %, 64
2026/10/10 08:47:50.836, 12971 MiB, 350.32 W, 95 %, 64
2026/10/10 08:47:51.847, 12971 MiB, 348.69 W, 95 %, 64
2026/10/10 08:47:52.857, 12971 MiB, 348.67 W, 94 %, 64
2026/10/10 08:47:53.866, 12971 MiB, 347.83 W, 92 %, 63
2026/10/10 08:47:54.878, 12971 MiB, 347.43 W, 94 %, 64
2026/10/10 08:47:55.891, 12971 MiB, 348.45 W, 94 %, 64
2026/10/10 08:47:56.903, 12971 MiB, 348.40 W, 95 %, 64
2026/10/10 08:47:57.908, 12971 MiB, 349.92 W, 95 %, 64
2026/10/10 08:47:58.912, 12971 MiB, 349.23 W, 95 %, 64
2026/10/10 08:47:59.922, 12971 MiB, 351.06 W, 95 %, 64
2026/10/10 08:48:00.932, 12971 MiB, 348.96 W, 95 %, 64
2026/10/10 08:48:01.941, 12971 MiB, 351.21 W, 95 %, 64
2026/10/10 08:48:02.949, 12971 MiB, 351.00 W, 95 %, 64
2026/10/10 08:48:03.953, 12971 MiB, 350.69 W, 94 %, 64
2026/10/10 08:48:04.957, 12971 MiB, 350.50 W, 94 %, 63
2026/10/10 08:48:05.964, 12971 MiB, 349.22 W, 94 %, 64
2026/10/10 08:48:06.978, 12971 MiB, 350.63 W, 95 %, 64
2026/10/10 08:48:07.989, 12971 MiB, 349.86 W, 95 %, 64
2026/10/10 08:48:08.998, 12971 MiB, 352.54 W, 94 %, 64
2026/10/10 08:48:10.010, 12971 MiB, 351.58 W, 94 %, 64
2026/10/10 08:48:11.018, 12971 MiB, 353.20 W, 96 %, 64
2026/10/10 08:48:12.030, 12971 MiB, 352.19 W, 95 %, 64
2026/10/10 08:48:13.041, 12971 MiB, 351.43 W, 92 %, 63
2026/10/10 08:48:14.055, 12971 MiB, 351.49 W, 95 %, 63
2026/10/10 08:48:15.063, 12971 MiB, 350.73 W, 94 %, 63
2026/10/10 08:48:16.068, 12971 MiB, 352.01 W, 95 %, 64
2026/10/10 08:48:17.077, 12971 MiB, 351.18 W, 92 %, 64
2026/10/10 08:48:18.087, 12971 MiB, 352.22 W, 95 %, 64
2026/10/10 08:48:19.097, 12971 MiB, 353.42 W, 95 %, 64
2026/10/10 08:48:20.104, 12971 MiB, 352.10 W, 95 %, 64
2026/10/10 08:48:21.106, 12971 MiB, 352.75 W, 95 %, 64
2026/10/10 08:48:22.115, 12971 MiB, 352.68 W, 95 %, 64
2026/10/10 08:48:23.120, 12971 MiB, 353.75 W, 94 %, 64
2026/10/10 08:48:24.127, 12971 MiB, 353.25 W, 94 %, 64
2026/10/10 08:48:25.133, 12971 MiB, 352.08 W, 95 %, 64
2026/10/10 08:48:26.134, 12971 MiB, 352.78 W, 95 %, 64
2026/10/10 08:48:27.142, 12971 MiB, 351.97 W, 94 %, 64
2026/10/10 08:48:28.147, 12971 MiB, 354.41 W, 95 %, 64
2026/10/10 08:48:29.156, 12971 MiB, 354.94 W, 96 %, 64
2026/10/10 08:48:30.166, 12971 MiB, 354.03 W, 95 %, 64
2026/10/10 08:48:31.176, 12971 MiB, 354.57 W, 95 %, 64
2026/10/10 08:48:32.191, 12971 MiB, 353.27 W, 94 %, 64
2026/10/10 08:48:33.206, 12971 MiB, 354.12 W, 95 %, 64
2026/10/10 08:48:34.208, 12971 MiB, 353.83 W, 95 %, 63
2026/10/10 08:48:35.209, 12971 MiB, 353.61 W, 94 %, 64
2026/10/10 08:48:36.219, 12971 MiB, 354.54 W, 94 %, 64
2026/10/10 08:48:37.234, 12971 MiB, 354.60 W, 96 %, 64
2026/10/10 08:48:38.245, 12971 MiB, 356.95 W, 95 %, 64
2026/10/10 08:48:39.253, 12971 MiB, 355.11 W, 95 %, 64
2026/10/10 08:48:40.262, 12971 MiB, 355.92 W, 95 %, 64
2026/10/10 08:48:41.274, 12971 MiB, 356.95 W, 95 %, 64
2026/10/10 08:48:42.279, 12971 MiB, 354.68 W, 94 %, 64
2026/10/10 08:48:43.284, 12971 MiB, 355.56 W, 94 %, 64
2026/10/10 08:48:44.294, 12971 MiB, 355.12 W, 95 %, 63
2026/10/10 08:48:45.297, 12971 MiB, 354.52 W, 94 %, 64
2026/10/10 08:48:46.309, 12971 MiB, 355.47 W, 95 %, 64
2026/10/10 08:48:47.315, 12971 MiB, 356.04 W, 95 %, 64
2026/10/10 08:48:48.322, 12971 MiB, 355.27 W, 94 %, 64
2026/10/10 08:48:49.325, 12971 MiB, 353.01 W, 92 %, 64
2026/10/10 08:48:50.339, 12971 MiB, 352.88 W, 95 %, 64
2026/10/10 08:48:51.349, 12971 MiB, 356.38 W, 94 %, 64
2026/10/10 08:48:52.359, 12971 MiB, 354.03 W, 94 %, 64
2026/10/10 08:48:53.370, 12971 MiB, 356.91 W, 95 %, 64
2026/10/10 08:48:54.382, 12971 MiB, 356.48 W, 94 %, 64
2026/10/10 08:48:55.389, 12971 MiB, 355.22 W, 95 %, 64
2026/10/10 08:48:56.400, 12971 MiB, 356.14 W, 95 %, 64
2026/10/10 08:48:57.410, 12971 MiB, 357.03 W, 95 %, 64
2026/10/10 08:48:58.412, 12971 MiB, 358.85 W, 96 %, 64
2026/10/10 08:48:59.413, 12971 MiB, 358.21 W, 96 %, 64
2026/10/10 08:49:00.424, 12971 MiB, 356.49 W, 94 %, 64
2026/10/10 08:49:01.436, 12971 MiB, 357.09 W, 95 %, 64
2026/10/10 08:49:02.449, 12971 MiB, 357.00 W, 92 %, 64
2026/10/10 08:49:03.457, 12971 MiB, 356.70 W, 93 %, 64
2026/10/10 08:49:04.470, 12971 MiB, 357.14 W, 95 %, 64
2026/10/10 08:49:05.481, 12971 MiB, 357.60 W, 96 %, 64
2026/10/10 08:49:06.493, 12971 MiB, 358.54 W, 94 %, 64
2026/10/10 08:49:07.505, 12971 MiB, 358.23 W, 95 %, 64
2026/10/10 08:49:08.505, 12971 MiB, 359.19 W, 95 %, 64
2026/10/10 08:49:09.518, 12971 MiB, 358.78 W, 94 %, 64
2026/10/10 08:49:10.532, 12971 MiB, 357.87 W, 95 %, 64
2026/10/10 08:49:11.543, 12971 MiB, 358.85 W, 95 %, 64
2026/10/10 08:49:12.556, 12971 MiB, 357.96 W, 92 %, 64
2026/10/10 08:49:13.566, 12971 MiB, 357.94 W, 95 %, 64
2026/10/10 08:49:14.574, 12971 MiB, 358.67 W, 95 %, 64
2026/10/10 08:49:15.583, 12971 MiB, 359.04 W, 95 %, 64
2026/10/10 08:49:16.593, 12971 MiB, 361.06 W, 96 %, 64
2026/10/10 08:49:17.604, 12971 MiB, 360.01 W, 93 %, 64
2026/10/10 08:49:18.618, 12971 MiB, 357.96 W, 95 %, 64
2026/10/10 08:49:19.630, 12971 MiB, 360.81 W, 94 %, 64
2026/10/10 08:49:20.639, 12971 MiB, 356.15 W, 92 %, 64
2026/10/10 08:49:21.653, 12971 MiB, 357.51 W, 96 %, 64
2026/10/10 08:49:22.663, 12971 MiB, 358.21 W, 95 %, 64
2026/10/10 08:49:23.675, 12971 MiB, 358.71 W, 94 %, 64
2026/10/10 08:49:24.682, 12971 MiB, 359.67 W, 95 %, 64
2026/10/10 08:49:25.689, 12971 MiB, 361.06 W, 96 %, 64
2026/10/10 08:49:26.704, 12971 MiB, 360.45 W, 96 %, 64
2026/10/10 08:49:27.713, 12971 MiB, 361.55 W, 95 %, 64
2026/10/10 08:49:28.726, 12971 MiB, 360.81 W, 92 %, 64
2026/10/10 08:49:29.737, 12971 MiB, 360.44 W, 95 %, 64
2026/10/10 08:49:30.749, 12971 MiB, 359.60 W, 94 %, 64
2026/10/10 08:49:31.762, 12971 MiB, 359.49 W, 95 %, 64
2026/10/10 08:49:32.778, 12971 MiB, 360.36 W, 95 %, 64
2026/10/10 08:49:33.791, 12971 MiB, 360.74 W, 95 %, 64
2026/10/10 08:49:34.806, 12971 MiB, 360.91 W, 95 %, 64
2026/10/10 08:49:35.818, 12971 MiB, 363.12 W, 95 %, 64
2026/10/10 08:49:36.829, 12971 MiB, 362.31 W, 96 %, 64
2026/10/10 08:49:37.832, 12971 MiB, 361.91 W, 96 %, 64
2026/10/10 08:49:38.834, 12971 MiB, 361.84 W, 95 %, 64
2026/10/10 08:49:39.838, 12971 MiB, 360.71 W, 95 %, 64
2026/10/10 08:49:40.839, 12971 MiB, 362.09 W, 95 %, 64
2026/10/10 08:49:41.842, 12971 MiB, 361.84 W, 95 %, 64
2026/10/10 08:49:42.853, 12971 MiB, 360.12 W, 95 %, 64
2026/10/10 08:49:43.866, 12971 MiB, 362.07 W, 95 %, 64
2026/10/10 08:49:44.876, 12971 MiB, 363.21 W, 95 %, 64
2026/10/10 08:49:45.877, 12971 MiB, 361.68 W, 95 %, 64
2026/10/10 08:49:46.892, 12971 MiB, 364.27 W, 96 %, 64
2026/10/10 08:49:47.904, 12971 MiB, 364.61 W, 95 %, 64
2026/10/10 08:49:48.907, 12971 MiB, 360.28 W, 94 %, 64
2026/10/10 08:49:49.915, 12971 MiB, 359.57 W, 95 %, 64
2026/10/10 08:49:50.921, 12971 MiB, 362.35 W, 93 %, 64
2026/10/10 08:49:51.927, 12971 MiB, 362.28 W, 95 %, 64
2026/10/10 08:49:52.936, 12971 MiB, 363.07 W, 93 %, 64
2026/10/10 08:49:53.945, 12971 MiB, 361.97 W, 95 %, 65
2026/10/10 08:49:54.956, 12971 MiB, 364.20 W, 96 %, 64
2026/10/10 08:49:55.969, 12971 MiB, 363.12 W, 94 %, 64
2026/10/10 08:49:56.981, 12971 MiB, 363.58 W, 96 %, 64
2026/10/10 08:49:57.995, 12971 MiB, 365.52 W, 94 %, 64
2026/10/10 08:49:59.005, 12971 MiB, 363.17 W, 95 %, 64
2026/10/10 08:50:00.019, 12971 MiB, 363.61 W, 95 %, 65
2026/10/10 08:50:01.028, 12971 MiB, 364.33 W, 95 %, 65
2026/10/10 08:50:02.041, 12971 MiB, 363.40 W, 95 %, 65
2026/10/10 08:50:03.050, 12971 MiB, 365.54 W, 95 %, 65
2026/10/10 08:50:04.062, 12971 MiB, 365.56 W, 95 %, 65
2026/10/10 08:50:05.074, 12971 MiB, 363.10 W, 96 %, 64
2026/10/10 08:50:06.085, 12971 MiB, 365.37 W, 95 %, 64
2026/10/10 08:50:07.095, 12971 MiB, 365.61 W, 94 %, 65
2026/10/10 08:50:08.105, 12971 MiB, 363.09 W, 95 %, 64
2026/10/10 08:50:09.116, 12971 MiB, 365.10 W, 95 %, 64
2026/10/10 08:50:10.128, 12971 MiB, 364.60 W, 95 %, 64
2026/10/10 08:50:11.138, 12971 MiB, 363.99 W, 95 %, 65
2026/10/10 08:50:12.147, 12971 MiB, 364.93 W, 95 %, 65
2026/10/10 08:50:13.151, 12971 MiB, 365.03 W, 96 %, 64
2026/10/10 08:50:14.151, 12971 MiB, 365.25 W, 96 %, 65
2026/10/10 08:50:15.162, 12971 MiB, 367.32 W, 95 %, 65
2026/10/10 08:50:16.176, 12971 MiB, 365.04 W, 96 %, 65
2026/10/10 08:50:17.188, 12971 MiB, 365.28 W, 95 %, 65
2026/10/10 08:50:18.192, 12971 MiB, 365.43 W, 95 %, 65
2026/10/10 08:50:19.208, 12971 MiB, 364.89 W, 95 %, 65
2026/10/10 08:50:20.220, 12971 MiB, 365.66 W, 94 %, 65
2026/10/10 08:50:21.232, 12971 MiB, 365.85 W, 95 %, 65
2026/10/10 08:50:22.241, 12971 MiB, 366.68 W, 95 %, 65
2026/10/10 08:50:23.251, 12971 MiB, 366.86 W, 95 %, 65
2026/10/10 08:50:24.259, 12971 MiB, 366.77 W, 96 %, 65
2026/10/10 08:50:25.268, 12971 MiB, 366.57 W, 95 %, 65
2026/10/10 08:50:26.279, 12971 MiB, 368.27 W, 95 %, 65
2026/10/10 08:50:27.282, 12971 MiB, 367.06 W, 95 %, 65
2026/10/10 08:50:28.288, 12971 MiB, 365.53 W, 94 %, 65
2026/10/10 08:50:29.294, 12971 MiB, 366.46 W, 94 %, 65
2026/10/10 08:50:30.303, 12971 MiB, 365.76 W, 95 %, 65
2026/10/10 08:50:31.308, 12971 MiB, 365.82 W, 96 %, 65
2026/10/10 08:50:32.319, 12971 MiB, 365.95 W, 92 %, 65
2026/10/10 08:50:33.329, 12971 MiB, 365.08 W, 95 %, 65
2026/10/10 08:50:34.335, 12971 MiB, 366.98 W, 96 %, 65
2026/10/10 08:50:35.339, 12971 MiB, 368.28 W, 96 %, 65
2026/10/10 08:50:36.348, 12971 MiB, 367.19 W, 95 %, 65
2026/10/10 08:50:37.358, 12971 MiB, 366.48 W, 95 %, 65
2026/10/10 08:50:38.366, 12971 MiB, 368.31 W, 95 %, 65
2026/10/10 08:50:39.373, 12971 MiB, 367.13 W, 95 %, 65
2026/10/10 08:50:40.381, 12971 MiB, 366.98 W, 96 %, 65
2026/10/10 08:50:41.391, 12971 MiB, 368.80 W, 96 %, 65
2026/10/10 08:50:42.400, 12971 MiB, 368.83 W, 96 %, 65
2026/10/10 08:50:43.406, 12971 MiB, 368.05 W, 94 %, 65
2026/10/10 08:50:44.430, 12971 MiB, 368.36 W, 96 %, 65
2026/10/10 08:50:45.439, 12971 MiB, 369.42 W, 95 %, 65
2026/10/10 08:50:46.453, 12971 MiB, 367.61 W, 96 %, 65
2026/10/10 08:50:47.457, 12971 MiB, 369.05 W, 95 %, 65
2026/10/10 08:50:48.466, 12971 MiB, 367.02 W, 95 %, 65
2026/10/10 08:50:49.478, 12971 MiB, 368.26 W, 96 %, 65
2026/10/10 08:50:50.488, 12971 MiB, 369.89 W, 96 %, 65
2026/10/10 08:50:51.503, 12971 MiB, 368.45 W, 96 %, 65
2026/10/10 08:50:52.512, 12971 MiB, 369.75 W, 95 %, 65
2026/10/10 08:50:53.525, 12971 MiB, 370.35 W, 96 %, 65
2026/10/10 08:50:54.531, 12971 MiB, 368.77 W, 96 %, 65
2026/10/10 08:50:55.545, 12971 MiB, 369.67 W, 95 %, 65
2026/10/10 08:50:56.557, 12971 MiB, 368.47 W, 94 %, 65
2026/10/10 08:50:57.564, 12971 MiB, 367.45 W, 95 %, 65
2026/10/10 08:50:58.567, 12971 MiB, 368.91 W, 95 %, 65
2026/10/10 08:50:59.578, 12971 MiB, 369.89 W, 95 %, 65
2026/10/10 08:51:00.585, 12971 MiB, 368.25 W, 95 %, 65
2026/10/10 08:51:01.593, 12971 MiB, 370.88 W, 96 %, 65
2026/10/10 08:51:02.606, 12971 MiB, 370.94 W, 96 %, 65
2026/10/10 08:51:03.620, 12971 MiB, 369.08 W, 96 %, 65
2026/10/10 08:51:04.625, 12971 MiB, 369.70 W, 95 %, 65
2026/10/10 08:51:05.630, 12971 MiB, 370.07 W, 95 %, 65
2026/10/10 08:51:06.641, 12971 MiB, 368.38 W, 96 %, 65
2026/10/10 08:51:07.649, 12971 MiB, 369.92 W, 96 %, 65
2026/10/10 08:51:08.664, 12971 MiB, 370.14 W, 95 %, 65
2026/10/10 08:51:09.664, 12971 MiB, 305.74 W, 0 %, 56
2026/10/10 08:51:10.670, 12971 MiB, 79.70 W, 61 %, 54
2026/10/10 08:51:11.693, 12971 MiB, 310.68 W, 95 %, 64
2026/10/10 08:51:12.706, 12971 MiB, 347.72 W, 94 %, 65
2026/10/10 08:51:13.715, 12971 MiB, 346.58 W, 94 %, 65
2026/10/10 08:51:14.717, 12971 MiB, 347.65 W, 94 %, 65
2026/10/10 08:51:15.729, 12971 MiB, 347.96 W, 92 %, 65
2026/10/10 08:51:16.739, 12971 MiB, 347.52 W, 94 %, 64
2026/10/10 08:51:17.741, 12971 MiB, 348.32 W, 94 %, 64
2026/10/10 08:51:18.754, 12971 MiB, 348.88 W, 94 %, 64
2026/10/10 08:51:19.756, 12971 MiB, 350.11 W, 95 %, 65
2026/10/10 08:51:20.766, 12971 MiB, 348.89 W, 94 %, 65
2026/10/10 08:51:21.778, 12971 MiB, 350.27 W, 95 %, 65
2026/10/10 08:51:22.790, 12971 MiB, 349.25 W, 95 %, 65
2026/10/10 08:51:23.800, 12971 MiB, 350.28 W, 95 %, 65
2026/10/10 08:51:24.813, 12971 MiB, 348.54 W, 92 %, 65
2026/10/10 08:51:25.820, 12971 MiB, 349.02 W, 95 %, 65
2026/10/10 08:51:26.830, 12971 MiB, 349.54 W, 95 %, 64
2026/10/10 08:51:27.842, 12971 MiB, 348.65 W, 95 %, 65
2026/10/10 08:51:28.850, 12971 MiB, 351.26 W, 95 %, 65
2026/10/10 08:51:29.863, 12971 MiB, 350.54 W, 95 %, 65
2026/10/10 08:51:30.873, 12971 MiB, 349.43 W, 95 %, 64
2026/10/10 08:51:31.888, 12971 MiB, 349.92 W, 95 %, 65
2026/10/10 08:51:32.897, 12971 MiB, 352.11 W, 94 %, 64
2026/10/10 08:51:33.910, 12971 MiB, 347.30 W, 94 %, 64
2026/10/10 08:51:34.922, 12971 MiB, 347.13 W, 94 %, 64
2026/10/10 08:51:35.935, 12971 MiB, 199.92 W, 0 %, 54
2026/10/10 08:51:36.949, 12971 MiB, 340.38 W, 99 %, 77
2026/10/10 08:51:37.958, 12971 MiB, 422.27 W, 99 %, 70
2026/10/10 08:51:38.969, 12971 MiB, 437.22 W, 78 %, 62
2026/10/10 08:51:39.981, 12971 MiB, 423.25 W, 100 %, 75
2026/10/10 08:51:40.995, 12971 MiB, 431.47 W, 97 %, 72
2026/10/10 08:51:42.006, 12971 MiB, 441.39 W, 100 %, 75
2026/10/10 08:51:43.016, 12971 MiB, 422.61 W, 90 %, 73
2026/10/10 08:51:44.030, 12971 MiB, 440.99 W, 99 %, 74
2026/10/10 08:51:45.040, 12971 MiB, 425.46 W, 89 %, 71
2026/10/10 08:51:46.049, 12971 MiB, 384.76 W, 95 %, 65
2026/10/10 08:51:47.058, 12971 MiB, 359.29 W, 95 %, 65
2026/10/10 08:51:48.069, 12971 MiB, 360.78 W, 93 %, 65
2026/10/10 08:51:49.082, 12971 MiB, 360.08 W, 95 %, 65
2026/10/10 08:51:50.095, 12971 MiB, 359.68 W, 95 %, 65
2026/10/10 08:51:51.106, 12971 MiB, 360.96 W, 95 %, 65
2026/10/10 08:51:52.121, 12971 MiB, 359.12 W, 95 %, 64
2026/10/10 08:51:53.133, 12971 MiB, 359.83 W, 95 %, 64
2026/10/10 08:51:54.148, 12971 MiB, 359.11 W, 95 %, 64
2026/10/10 08:51:55.159, 12971 MiB, 358.93 W, 95 %, 64
2026/10/10 08:51:56.169, 12971 MiB, 360.17 W, 95 %, 64
2026/10/10 08:51:57.182, 12971 MiB, 359.85 W, 95 %, 64
2026/10/10 08:51:58.195, 12971 MiB, 361.64 W, 95 %, 64
2026/10/10 08:51:59.202, 12971 MiB, 361.44 W, 95 %, 64
2026/10/10 08:52:00.215, 12971 MiB, 359.15 W, 94 %, 64
2026/10/10 08:52:01.228, 12971 MiB, 360.80 W, 95 %, 64
2026/10/10 08:52:02.243, 12971 MiB, 360.52 W, 93 %, 64
2026/10/10 08:52:03.258, 12971 MiB, 359.79 W, 95 %, 64
2026/10/10 08:52:04.268, 12971 MiB, 359.82 W, 94 %, 64
2026/10/10 08:52:05.271, 12971 MiB, 358.43 W, 94 %, 64
2026/10/10 08:52:06.271, 12971 MiB, 360.04 W, 95 %, 64
2026/10/10 08:52:07.286, 12971 MiB, 360.00 W, 95 %, 64
2026/10/10 08:52:08.299, 12971 MiB, 360.20 W, 96 %, 64
2026/10/10 08:52:09.312, 12971 MiB, 360.97 W, 95 %, 64
2026/10/10 08:52:10.327, 12971 MiB, 360.20 W, 95 %, 64
2026/10/10 08:52:11.338, 12971 MiB, 362.51 W, 95 %, 64
2026/10/10 08:52:12.341, 12971 MiB, 361.53 W, 95 %, 64
2026/10/10 08:52:13.356, 12971 MiB, 360.63 W, 95 %, 64
2026/10/10 08:52:14.367, 12971 MiB, 361.00 W, 95 %, 64
2026/10/10 08:52:15.368, 12971 MiB, 360.77 W, 94 %, 64
2026/10/10 08:52:16.381, 12971 MiB, 361.10 W, 95 %, 64
2026/10/10 08:52:17.392, 12971 MiB, 362.22 W, 94 %, 64
2026/10/10 08:52:18.402, 12971 MiB, 361.68 W, 95 %, 64
2026/10/10 08:52:19.417, 12971 MiB, 362.98 W, 95 %, 64
2026/10/10 08:52:20.429, 12971 MiB, 360.01 W, 95 %, 64
2026/10/10 08:52:21.435, 12971 MiB, 361.08 W, 95 %, 64
2026/10/10 08:52:22.444, 12971 MiB, 290.50 W, 1 %, 54
2026/10/10 08:52:23.457, 12971 MiB, 184.91 W, 99 %, 74
2026/10/10 08:52:24.467, 12971 MiB, 457.27 W, 100 %, 66
2026/10/10 08:52:25.470, 12971 MiB, 446.73 W, 100 %, 73
2026/10/10 08:52:26.483, 12971 MiB, 410.61 W, 100 %, 74
2026/10/10 08:52:27.496, 12971 MiB, 454.76 W, 100 %, 76
2026/10/10 08:52:28.501, 12971 MiB, 405.57 W, 95 %, 65
2026/10/10 08:52:29.508, 12971 MiB, 346.61 W, 94 %, 64
2026/10/10 08:52:30.519, 12971 MiB, 346.85 W, 94 %, 64
2026/10/10 08:52:31.532, 12971 MiB, 345.53 W, 94 %, 64
2026/10/10 08:52:32.533, 12971 MiB, 347.48 W, 94 %, 63
2026/10/10 08:52:33.534, 12971 MiB, 346.71 W, 94 %, 64
2026/10/10 08:52:34.540, 12971 MiB, 346.59 W, 94 %, 63
2026/10/10 08:52:35.552, 12971 MiB, 347.32 W, 92 %, 64
2026/10/10 08:52:36.564, 12971 MiB, 349.66 W, 95 %, 64
2026/10/10 08:52:37.576, 12971 MiB, 349.12 W, 95 %, 64
2026/10/10 08:52:38.588, 12971 MiB, 348.61 W, 95 %, 63
2026/10/10 08:52:39.599, 12971 MiB, 349.92 W, 95 %, 63
2026/10/10 08:52:40.608, 12971 MiB, 348.64 W, 95 %, 63
2026/10/10 08:52:41.616, 12971 MiB, 348.37 W, 93 %, 63
2026/10/10 08:52:42.626, 12971 MiB, 347.50 W, 94 %, 63
2026/10/10 08:52:43.633, 12971 MiB, 348.77 W, 95 %, 63
2026/10/10 08:52:44.646, 12971 MiB, 347.23 W, 92 %, 63
2026/10/10 08:52:45.658, 12971 MiB, 350.22 W, 95 %, 63
2026/10/10 08:52:46.658, 12971 MiB, 350.86 W, 94 %, 63
2026/10/10 08:52:47.667, 12971 MiB, 349.97 W, 94 %, 63
2026/10/10 08:52:48.680, 12971 MiB, 350.25 W, 95 %, 63
2026/10/10 08:52:49.687, 12971 MiB, 350.14 W, 94 %, 63
2026/10/10 08:52:50.696, 12971 MiB, 349.97 W, 94 %, 63
2026/10/10 08:52:51.703, 12971 MiB, 349.16 W, 95 %, 63
2026/10/10 08:52:52.705, 12971 MiB, 349.60 W, 95 %, 63
2026/10/10 08:52:53.715, 12971 MiB, 349.45 W, 94 %, 63
2026/10/10 08:52:54.721, 12971 MiB, 350.72 W, 95 %, 63
2026/10/10 08:52:55.735, 12971 MiB, 351.83 W, 95 %, 63
2026/10/10 08:52:56.743, 12971 MiB, 350.62 W, 95 %, 63
2026/10/10 08:52:57.749, 12971 MiB, 352.56 W, 95 %, 63
2026/10/10 08:52:58.763, 12971 MiB, 351.25 W, 95 %, 63
2026/10/10 08:52:59.773, 12971 MiB, 352.66 W, 95 %, 63
2026/10/10 08:53:00.782, 12971 MiB, 351.82 W, 95 %, 63
2026/10/10 08:53:01.797, 12971 MiB, 350.22 W, 94 %, 63
2026/10/10 08:53:02.810, 12971 MiB, 350.26 W, 95 %, 63
2026/10/10 08:53:03.819, 12971 MiB, 351.42 W, 95 %, 63
2026/10/10 08:53:04.828, 12971 MiB, 352.27 W, 95 %, 63
2026/10/10 08:53:05.837, 12971 MiB, 352.31 W, 95 %, 63
2026/10/10 08:53:06.846, 12971 MiB, 352.96 W, 95 %, 63
2026/10/10 08:53:07.854, 12971 MiB, 353.45 W, 95 %, 63
2026/10/10 08:53:08.865, 12971 MiB, 352.13 W, 94 %, 63
2026/10/10 08:53:09.869, 12971 MiB, 351.53 W, 94 %, 63
2026/10/10 08:53:10.877, 12971 MiB, 351.29 W, 95 %, 63
2026/10/10 08:53:11.881, 12971 MiB, 352.65 W, 94 %, 63
2026/10/10 08:53:12.884, 12971 MiB, 352.69 W, 94 %, 63
2026/10/10 08:53:13.896, 12971 MiB, 351.28 W, 93 %, 63
2026/10/10 08:53:14.905, 12971 MiB, 353.50 W, 95 %, 63
2026/10/10 08:53:15.919, 12971 MiB, 353.58 W, 95 %, 63
2026/10/10 08:53:16.926, 12971 MiB, 353.40 W, 95 %, 63
2026/10/10 08:53:17.938, 12971 MiB, 352.80 W, 93 %, 63
2026/10/10 08:53:18.949, 12971 MiB, 353.27 W, 95 %, 63
2026/10/10 08:53:19.955, 12971 MiB, 353.61 W, 94 %, 63
2026/10/10 08:53:20.958, 12971 MiB, 352.88 W, 95 %, 63
2026/10/10 08:53:21.963, 12971 MiB, 354.46 W, 95 %, 63
2026/10/10 08:53:22.964, 12971 MiB, 353.01 W, 94 %, 63
2026/10/10 08:53:23.975, 12971 MiB, 355.67 W, 95 %, 63
2026/10/10 08:53:24.987, 12971 MiB, 354.74 W, 95 %, 63
2026/10/10 08:53:25.995, 12971 MiB, 356.05 W, 96 %, 63
2026/10/10 08:53:27.005, 12971 MiB, 355.64 W, 95 %, 63
2026/10/10 08:53:28.018, 12971 MiB, 353.99 W, 94 %, 63
2026/10/10 08:53:29.029, 12971 MiB, 354.42 W, 95 %, 63
2026/10/10 08:53:30.037, 12971 MiB, 354.23 W, 95 %, 63
2026/10/10 08:53:31.046, 12971 MiB, 354.45 W, 95 %, 63
2026/10/10 08:53:32.059, 12971 MiB, 354.61 W, 95 %, 63
2026/10/10 08:53:33.070, 12971 MiB, 355.06 W, 95 %, 63
2026/10/10 08:53:34.081, 12971 MiB, 355.77 W, 95 %, 63
2026/10/10 08:53:35.093, 12971 MiB, 355.21 W, 95 %, 63
2026/10/10 08:53:36.097, 12971 MiB, 355.70 W, 95 %, 63
2026/10/10 08:53:37.107, 12971 MiB, 355.99 W, 94 %, 63
2026/10/10 08:53:38.114, 12971 MiB, 355.42 W, 95 %, 63
2026/10/10 08:53:39.126, 12971 MiB, 356.16 W, 95 %, 63
2026/10/10 08:53:40.133, 12971 MiB, 356.14 W, 94 %, 63
2026/10/10 08:53:41.145, 12971 MiB, 357.03 W, 95 %, 63
2026/10/10 08:53:42.157, 12971 MiB, 357.09 W, 95 %, 63
2026/10/10 08:53:43.172, 12971 MiB, 357.20 W, 95 %, 63
2026/10/10 08:53:44.180, 12971 MiB, 357.23 W, 93 %, 63
2026/10/10 08:53:45.195, 12971 MiB, 356.23 W, 96 %, 63
2026/10/10 08:53:46.206, 12971 MiB, 357.42 W, 96 %, 63
2026/10/10 08:53:47.220, 12971 MiB, 357.70 W, 95 %, 63
2026/10/10 08:53:48.230, 12971 MiB, 356.45 W, 95 %, 63
2026/10/10 08:53:49.234, 12971 MiB, 357.39 W, 95 %, 63
2026/10/10 08:53:50.238, 12971 MiB, 356.86 W, 95 %, 64
2026/10/10 08:53:51.247, 12971 MiB, 358.61 W, 95 %, 64
2026/10/10 08:53:52.259, 12971 MiB, 358.72 W, 94 %, 64
2026/10/10 08:53:53.273, 12971 MiB, 358.48 W, 95 %, 64
2026/10/10 08:53:54.288, 12971 MiB, 359.77 W, 95 %, 64
2026/10/10 08:53:55.298, 12971 MiB, 357.70 W, 95 %, 64
2026/10/10 08:53:56.310, 12971 MiB, 360.07 W, 96 %, 64
2026/10/10 08:53:57.323, 12971 MiB, 359.36 W, 95 %, 63
2026/10/10 08:53:58.333, 12971 MiB, 357.43 W, 95 %, 63
2026/10/10 08:53:59.349, 12971 MiB, 358.46 W, 95 %, 64
2026/10/10 08:54:00.361, 12971 MiB, 358.11 W, 95 %, 64
2026/10/10 08:54:01.374, 12971 MiB, 357.24 W, 95 %, 64
2026/10/10 08:54:02.386, 12971 MiB, 359.62 W, 95 %, 63
2026/10/10 08:54:03.399, 12971 MiB, 359.68 W, 95 %, 64
2026/10/10 08:54:04.412, 12971 MiB, 360.95 W, 95 %, 64
2026/10/10 08:54:05.423, 12971 MiB, 360.02 W, 94 %, 64
2026/10/10 08:54:06.424, 12971 MiB, 359.11 W, 95 %, 64
2026/10/10 08:54:07.439, 12971 MiB, 360.45 W, 95 %, 64
2026/10/10 08:54:08.451, 12971 MiB, 357.90 W, 91 %, 64
2026/10/10 08:54:09.460, 12971 MiB, 359.81 W, 95 %, 64
2026/10/10 08:54:10.470, 12971 MiB, 361.12 W, 95 %, 64
2026/10/10 08:54:11.481, 12971 MiB, 360.77 W, 95 %, 64
2026/10/10 08:54:12.493, 12971 MiB, 361.83 W, 95 %, 64
2026/10/10 08:54:13.507, 12971 MiB, 361.14 W, 95 %, 64
2026/10/10 08:54:14.519, 12971 MiB, 362.38 W, 96 %, 64
2026/10/10 08:54:15.527, 12971 MiB, 361.43 W, 95 %, 64
2026/10/10 08:54:16.540, 12971 MiB, 360.12 W, 95 %, 64
2026/10/10 08:54:17.551, 12971 MiB, 360.30 W, 94 %, 64
2026/10/10 08:54:18.565, 12971 MiB, 360.21 W, 95 %, 64
2026/10/10 08:54:19.570, 12971 MiB, 360.69 W, 95 %, 64
2026/10/10 08:54:20.584, 12971 MiB, 362.57 W, 95 %, 64
2026/10/10 08:54:21.595, 12971 MiB, 361.83 W, 95 %, 64
2026/10/10 08:54:22.604, 12971 MiB, 362.11 W, 95 %, 64
2026/10/10 08:54:23.616, 12971 MiB, 363.08 W, 96 %, 64
2026/10/10 08:54:24.627, 12971 MiB, 361.54 W, 96 %, 64
2026/10/10 08:54:25.638, 12971 MiB, 361.49 W, 95 %, 64
2026/10/10 08:54:26.646, 12971 MiB, 361.24 W, 95 %, 64
2026/10/10 08:54:27.661, 12971 MiB, 360.87 W, 95 %, 64
2026/10/10 08:54:28.673, 12971 MiB, 361.91 W, 94 %, 64
2026/10/10 08:54:29.686, 12971 MiB, 361.20 W, 96 %, 64
2026/10/10 08:54:30.702, 12971 MiB, 362.56 W, 96 %, 64
2026/10/10 08:54:31.714, 12971 MiB, 363.90 W, 95 %, 64
2026/10/10 08:54:32.714, 12971 MiB, 362.86 W, 95 %, 64
2026/10/10 08:54:33.717, 12971 MiB, 364.14 W, 95 %, 64
2026/10/10 08:54:34.718, 12971 MiB, 363.04 W, 95 %, 64
2026/10/10 08:54:35.722, 12971 MiB, 361.14 W, 95 %, 64
2026/10/10 08:54:36.729, 12971 MiB, 362.20 W, 95 %, 64
2026/10/10 08:54:37.739, 12971 MiB, 362.82 W, 95 %, 64
2026/10/10 08:54:38.749, 12971 MiB, 362.34 W, 95 %, 64
2026/10/10 08:54:39.759, 12971 MiB, 363.61 W, 95 %, 64
2026/10/10 08:54:40.773, 12971 MiB, 362.61 W, 95 %, 64
2026/10/10 08:54:41.787, 12971 MiB, 364.14 W, 95 %, 64
2026/10/10 08:54:42.798, 12971 MiB, 364.41 W, 94 %, 64
2026/10/10 08:54:43.809, 12971 MiB, 362.99 W, 95 %, 64
2026/10/10 08:54:44.817, 12971 MiB, 363.90 W, 95 %, 64
2026/10/10 08:54:45.823, 12971 MiB, 363.77 W, 95 %, 64
2026/10/10 08:54:46.827, 12971 MiB, 363.44 W, 95 %, 64
2026/10/10 08:54:47.835, 12971 MiB, 364.28 W, 95 %, 64
2026/10/10 08:54:48.842, 12971 MiB, 364.70 W, 95 %, 64
2026/10/10 08:54:49.850, 12971 MiB, 363.55 W, 95 %, 64
2026/10/10 08:54:50.861, 12971 MiB, 365.17 W, 96 %, 64
2026/10/10 08:54:51.874, 12971 MiB, 363.96 W, 92 %, 64
2026/10/10 08:54:52.882, 12971 MiB, 366.21 W, 95 %, 64
2026/10/10 08:54:53.895, 12971 MiB, 365.48 W, 94 %, 64
2026/10/10 08:54:54.905, 12971 MiB, 363.52 W, 95 %, 64
2026/10/10 08:54:55.915, 12971 MiB, 364.48 W, 95 %, 64
2026/10/10 08:54:56.927, 12971 MiB, 363.68 W, 95 %, 64
2026/10/10 08:54:57.940, 12971 MiB, 363.99 W, 95 %, 64
2026/10/10 08:54:58.949, 12971 MiB, 365.95 W, 95 %, 64
2026/10/10 08:54:59.962, 12971 MiB, 365.92 W, 95 %, 64
2026/10/10 08:55:00.976, 12971 MiB, 363.77 W, 96 %, 65
2026/10/10 08:55:01.987, 12971 MiB, 367.03 W, 96 %, 64
2026/10/10 08:55:03.001, 12971 MiB, 364.76 W, 95 %, 64
2026/10/10 08:55:04.011, 12971 MiB, 365.17 W, 95 %, 64
2026/10/10 08:55:05.019, 12971 MiB, 365.17 W, 95 %, 64
2026/10/10 08:55:06.030, 12971 MiB, 364.53 W, 95 %, 64
2026/10/10 08:55:07.045, 12971 MiB, 366.43 W, 95 %, 64
2026/10/10 08:55:08.055, 12971 MiB, 365.68 W, 93 %, 64
2026/10/10 08:55:09.068, 12971 MiB, 365.93 W, 95 %, 64
2026/10/10 08:55:10.078, 12971 MiB, 366.43 W, 95 %, 65
2026/10/10 08:55:11.086, 12971 MiB, 366.86 W, 96 %, 65
2026/10/10 08:55:12.101, 12971 MiB, 366.25 W, 95 %, 65
2026/10/10 08:55:13.115, 12971 MiB, 366.13 W, 94 %, 64
2026/10/10 08:55:14.128, 12971 MiB, 365.93 W, 95 %, 64
2026/10/10 08:55:15.135, 12971 MiB, 363.18 W, 92 %, 64
2026/10/10 08:55:16.145, 12971 MiB, 365.37 W, 95 %, 64
2026/10/10 08:55:17.155, 12971 MiB, 366.15 W, 93 %, 64
2026/10/10 08:55:18.167, 12971 MiB, 367.39 W, 95 %, 64
2026/10/10 08:55:19.176, 12971 MiB, 368.42 W, 95 %, 65
2026/10/10 08:55:20.184, 12971 MiB, 363.53 W, 93 %, 64
2026/10/10 08:55:21.186, 12971 MiB, 367.84 W, 95 %, 64
2026/10/10 08:55:22.189, 12971 MiB, 367.69 W, 95 %, 64
2026/10/10 08:55:23.197, 12971 MiB, 366.28 W, 95 %, 64
2026/10/10 08:55:24.204, 12971 MiB, 366.98 W, 95 %, 64
2026/10/10 08:55:25.225, 12971 MiB, 366.56 W, 95 %, 65
2026/10/10 08:55:26.227, 12971 MiB, 365.78 W, 95 %, 64
2026/10/10 08:55:27.233, 12971 MiB, 368.26 W, 95 %, 65
2026/10/10 08:55:28.244, 12971 MiB, 367.84 W, 94 %, 64
2026/10/10 08:55:29.246, 12971 MiB, 367.06 W, 96 %, 65
2026/10/10 08:55:30.256, 12971 MiB, 367.46 W, 96 %, 65
2026/10/10 08:55:31.257, 12971 MiB, 367.80 W, 94 %, 65
2026/10/10 08:55:32.261, 12971 MiB, 366.13 W, 95 %, 65
2026/10/10 08:55:33.267, 12971 MiB, 368.29 W, 95 %, 65
2026/10/10 08:55:34.275, 12971 MiB, 367.90 W, 96 %, 65
2026/10/10 08:55:35.282, 12971 MiB, 367.43 W, 95 %, 65
2026/10/10 08:55:36.292, 12971 MiB, 368.43 W, 96 %, 65
2026/10/10 08:55:37.293, 12971 MiB, 369.77 W, 96 %, 65
2026/10/10 08:55:38.302, 12971 MiB, 368.64 W, 95 %, 65
2026/10/10 08:55:39.308, 12971 MiB, 368.75 W, 95 %, 65
2026/10/10 08:55:40.314, 12971 MiB, 369.54 W, 96 %, 65
2026/10/10 08:55:41.325, 12971 MiB, 367.93 W, 95 %, 65
2026/10/10 08:55:42.332, 12971 MiB, 368.45 W, 95 %, 65
2026/10/10 08:55:43.340, 12971 MiB, 369.10 W, 95 %, 65
2026/10/10 08:55:44.348, 12971 MiB, 368.05 W, 94 %, 64
2026/10/10 08:55:45.359, 12971 MiB, 368.73 W, 95 %, 65
2026/10/10 08:55:46.371, 12971 MiB, 370.16 W, 96 %, 65
2026/10/10 08:55:47.381, 12971 MiB, 368.51 W, 96 %, 65
2026/10/10 08:55:48.406, 12971 MiB, 369.67 W, 94 %, 64
2026/10/10 08:55:49.420, 12971 MiB, 369.45 W, 95 %, 65
2026/10/10 08:55:50.430, 12971 MiB, 369.23 W, 95 %, 65
2026/10/10 08:55:51.445, 12971 MiB, 370.37 W, 95 %, 65
2026/10/10 08:55:52.456, 12971 MiB, 369.91 W, 96 %, 65
2026/10/10 08:55:53.466, 12971 MiB, 369.22 W, 95 %, 65
2026/10/10 08:55:54.473, 12971 MiB, 369.67 W, 96 %, 65
2026/10/10 08:55:55.486, 12971 MiB, 370.50 W, 95 %, 65
2026/10/10 08:55:56.498, 12971 MiB, 369.62 W, 95 %, 65
2026/10/10 08:55:57.511, 12971 MiB, 371.19 W, 95 %, 65
2026/10/10 08:55:58.521, 12971 MiB, 371.07 W, 96 %, 65
2026/10/10 08:55:59.531, 12971 MiB, 370.39 W, 95 %, 65
2026/10/10 08:56:00.531, 12971 MiB, 369.01 W, 95 %, 65
2026/10/10 08:56:01.537, 12971 MiB, 369.76 W, 95 %, 65
2026/10/10 08:56:02.544, 12971 MiB, 369.79 W, 95 %, 65
2026/10/10 08:56:03.551, 12971 MiB, 371.44 W, 96 %, 65
2026/10/10 08:56:04.560, 12971 MiB, 371.35 W, 95 %, 65
2026/10/10 08:56:05.566, 12971 MiB, 160.54 W, 0 %, 54
2026/10/10 08:56:06.581, 12971 MiB, 232.39 W, 95 %, 64
2026/10/10 08:56:07.590, 12971 MiB, 347.83 W, 94 %, 64
2026/10/10 08:56:08.603, 12971 MiB, 348.53 W, 95 %, 64
2026/10/10 08:56:09.617, 12971 MiB, 348.04 W, 94 %, 64
2026/10/10 08:56:10.632, 12971 MiB, 348.02 W, 94 %, 64
2026/10/10 08:56:11.644, 12971 MiB, 345.98 W, 94 %, 64
2026/10/10 08:56:12.655, 12971 MiB, 347.67 W, 94 %, 64
2026/10/10 08:56:13.668, 12971 MiB, 346.77 W, 94 %, 64
2026/10/10 08:56:14.679, 12971 MiB, 349.26 W, 95 %, 64
2026/10/10 08:56:15.687, 12971 MiB, 348.64 W, 95 %, 64
2026/10/10 08:56:16.702, 12971 MiB, 349.50 W, 95 %, 64
2026/10/10 08:56:17.713, 12971 MiB, 349.77 W, 95 %, 64
2026/10/10 08:56:18.724, 12971 MiB, 349.27 W, 94 %, 64
2026/10/10 08:56:19.725, 12971 MiB, 349.45 W, 94 %, 64
2026/10/10 08:56:20.740, 12971 MiB, 347.57 W, 95 %, 64
2026/10/10 08:56:21.749, 12971 MiB, 348.33 W, 95 %, 64
2026/10/10 08:56:22.761, 12971 MiB, 348.36 W, 95 %, 64
2026/10/10 08:56:23.772, 12971 MiB, 349.57 W, 95 %, 64
2026/10/10 08:56:24.784, 12971 MiB, 350.75 W, 95 %, 64
2026/10/10 08:56:25.793, 12971 MiB, 350.66 W, 93 %, 64
2026/10/10 08:56:26.804, 12971 MiB, 350.52 W, 95 %, 64
2026/10/10 08:56:27.815, 12971 MiB, 350.97 W, 95 %, 64
2026/10/10 08:56:28.823, 12971 MiB, 351.47 W, 94 %, 64
2026/10/10 08:56:29.825, 12971 MiB, 346.74 W, 93 %, 64
2026/10/10 08:56:30.838, 12971 MiB, 347.01 W, 94 %, 64
2026/10/10 08:56:31.850, 12971 MiB, 349.52 W, 94 %, 64
2026/10/10 08:56:32.862, 12971 MiB, 350.89 W, 95 %, 64
2026/10/10 08:56:33.873, 12971 MiB, 352.01 W, 95 %, 65
2026/10/10 08:56:34.876, 12971 MiB, 351.95 W, 95 %, 64
2026/10/10 08:56:35.886, 12971 MiB, 352.96 W, 95 %, 64
2026/10/10 08:56:36.888, 12971 MiB, 350.49 W, 95 %, 64
2026/10/10 08:56:37.900, 12971 MiB, 352.59 W, 94 %, 64
2026/10/10 08:56:38.901, 12971 MiB, 350.99 W, 94 %, 64
2026/10/10 08:56:39.915, 12971 MiB, 351.88 W, 95 %, 64
2026/10/10 08:56:40.927, 12971 MiB, 352.09 W, 94 %, 64
2026/10/10 08:56:41.939, 12971 MiB, 352.05 W, 94 %, 65
2026/10/10 08:56:42.953, 12971 MiB, 352.93 W, 95 %, 64
2026/10/10 08:56:43.965, 12971 MiB, 352.20 W, 94 %, 65
2026/10/10 08:56:44.977, 12971 MiB, 354.37 W, 95 %, 64
2026/10/10 08:56:45.988, 12971 MiB, 352.86 W, 94 %, 64
2026/10/10 08:56:47.003, 12971 MiB, 354.30 W, 96 %, 64
2026/10/10 08:56:48.014, 12971 MiB, 353.05 W, 94 %, 65
2026/10/10 08:56:49.026, 12971 MiB, 352.92 W, 94 %, 65
2026/10/10 08:56:50.042, 12971 MiB, 353.86 W, 95 %, 64
2026/10/10 08:56:51.057, 12971 MiB, 351.64 W, 93 %, 64
2026/10/10 08:56:52.070, 12971 MiB, 352.71 W, 94 %, 65
2026/10/10 08:56:53.082, 12971 MiB, 353.04 W, 94 %, 64
2026/10/10 08:56:54.093, 12971 MiB, 355.11 W, 96 %, 64
2026/10/10 08:56:55.101, 12971 MiB, 354.71 W, 94 %, 64
2026/10/10 08:56:56.112, 12971 MiB, 354.34 W, 95 %, 65
2026/10/10 08:56:57.125, 12971 MiB, 355.82 W, 95 %, 65
2026/10/10 08:56:58.135, 12971 MiB, 353.13 W, 94 %, 64
2026/10/10 08:56:59.139, 12971 MiB, 353.92 W, 95 %, 64
2026/10/10 08:57:00.153, 12971 MiB, 352.86 W, 94 %, 64
2026/10/10 08:57:01.154, 12971 MiB, 353.07 W, 95 %, 64
2026/10/10 08:57:02.165, 12971 MiB, 355.12 W, 95 %, 65
2026/10/10 08:57:03.173, 12971 MiB, 355.64 W, 96 %, 65
2026/10/10 08:57:04.188, 12971 MiB, 357.16 W, 95 %, 65
2026/10/10 08:57:05.201, 12971 MiB, 356.22 W, 96 %, 65
2026/10/10 08:57:06.216, 12971 MiB, 356.77 W, 94 %, 65
2026/10/10 08:57:07.231, 12971 MiB, 355.76 W, 95 %, 65
2026/10/10 08:57:08.245, 12971 MiB, 354.28 W, 94 %, 64
2026/10/10 08:57:09.256, 12971 MiB, 354.46 W, 94 %, 65
2026/10/10 08:57:10.268, 12971 MiB, 355.06 W, 94 %, 64
2026/10/10 08:57:11.282, 12971 MiB, 355.40 W, 94 %, 65
2026/10/10 08:57:12.294, 12971 MiB, 356.61 W, 95 %, 65
2026/10/10 08:57:13.302, 12971 MiB, 356.36 W, 95 %, 65
2026/10/10 08:57:14.317, 12971 MiB, 357.35 W, 94 %, 64
2026/10/10 08:57:15.328, 12971 MiB, 356.12 W, 95 %, 65
2026/10/10 08:57:16.341, 12971 MiB, 357.48 W, 95 %, 65
2026/10/10 08:57:17.348, 12971 MiB, 356.61 W, 95 %, 65
2026/10/10 08:57:18.372, 12971 MiB, 355.97 W, 95 %, 65
2026/10/10 08:57:19.380, 12971 MiB, 356.59 W, 94 %, 65
2026/10/10 08:57:20.388, 12971 MiB, 356.10 W, 95 %, 65
2026/10/10 08:57:21.393, 12971 MiB, 358.29 W, 95 %, 65
2026/10/10 08:57:22.405, 12971 MiB, 358.11 W, 95 %, 65
2026/10/10 08:57:23.419, 12971 MiB, 357.91 W, 96 %, 65
2026/10/10 08:57:24.429, 12971 MiB, 358.60 W, 95 %, 65
2026/10/10 08:57:25.435, 12971 MiB, 357.63 W, 95 %, 65
2026/10/10 08:57:26.447, 12971 MiB, 358.24 W, 94 %, 65
2026/10/10 08:57:27.459, 12971 MiB, 357.74 W, 95 %, 65
2026/10/10 08:57:28.469, 12971 MiB, 356.83 W, 95 %, 65
2026/10/10 08:57:29.472, 12971 MiB, 357.83 W, 95 %, 65
2026/10/10 08:57:30.478, 12971 MiB, 358.26 W, 95 %, 64
2026/10/10 08:57:31.487, 12971 MiB, 357.39 W, 95 %, 65
2026/10/10 08:57:32.495, 12971 MiB, 360.43 W, 95 %, 65
2026/10/10 08:57:33.508, 12971 MiB, 360.06 W, 95 %, 65
2026/10/10 08:57:34.519, 12971 MiB, 360.60 W, 96 %, 65
2026/10/10 08:57:35.533, 12971 MiB, 359.24 W, 95 %, 65
2026/10/10 08:57:36.546, 12971 MiB, 359.77 W, 95 %, 65
2026/10/10 08:57:37.562, 12971 MiB, 360.41 W, 95 %, 65
2026/10/10 08:57:38.572, 12971 MiB, 358.92 W, 95 %, 65
2026/10/10 08:57:39.586, 12971 MiB, 360.16 W, 95 %, 65
2026/10/10 08:57:40.598, 12971 MiB, 359.96 W, 93 %, 65
2026/10/10 08:57:41.605, 12971 MiB, 361.30 W, 95 %, 65
2026/10/10 08:57:42.612, 12971 MiB, 362.15 W, 96 %, 65
2026/10/10 08:57:43.624, 12971 MiB, 361.77 W, 95 %, 65
2026/10/10 08:57:44.628, 12971 MiB, 361.20 W, 95 %, 65
2026/10/10 08:57:45.638, 12971 MiB, 360.16 W, 94 %, 65
2026/10/10 08:57:46.643, 12971 MiB, 359.35 W, 95 %, 65
2026/10/10 08:57:47.650, 12971 MiB, 361.05 W, 95 %, 65
2026/10/10 08:57:48.655, 12971 MiB, 360.55 W, 95 %, 65
2026/10/10 08:57:49.663, 12971 MiB, 361.55 W, 96 %, 65
2026/10/10 08:57:50.677, 12971 MiB, 362.64 W, 96 %, 65
2026/10/10 08:57:51.681, 12971 MiB, 361.24 W, 95 %, 65
2026/10/10 08:57:52.691, 12971 MiB, 361.92 W, 95 %, 65
2026/10/10 08:57:53.703, 12971 MiB, 362.36 W, 94 %, 65
2026/10/10 08:57:54.706, 12971 MiB, 360.90 W, 95 %, 65
2026/10/10 08:57:55.714, 12971 MiB, 361.66 W, 95 %, 65
2026/10/10 08:57:56.726, 12971 MiB, 360.16 W, 93 %, 65
2026/10/10 08:57:57.736, 12971 MiB, 360.96 W, 93 %, 65
2026/10/10 08:57:58.748, 12971 MiB, 360.74 W, 94 %, 65
2026/10/10 08:57:59.755, 12971 MiB, 361.11 W, 95 %, 65
2026/10/10 08:58:00.760, 12971 MiB, 361.06 W, 96 %, 65
2026/10/10 08:58:01.772, 12971 MiB, 363.02 W, 96 %, 65
2026/10/10 08:58:02.778, 12971 MiB, 363.11 W, 93 %, 65
2026/10/10 08:58:03.784, 12971 MiB, 363.34 W, 95 %, 65
2026/10/10 08:58:04.792, 12971 MiB, 362.67 W, 95 %, 65
2026/10/10 08:58:05.803, 12971 MiB, 363.53 W, 95 %, 65
2026/10/10 08:58:06.808, 12971 MiB, 362.50 W, 94 %, 65
2026/10/10 08:58:07.818, 12971 MiB, 362.30 W, 95 %, 65
2026/10/10 08:58:08.829, 12971 MiB, 364.43 W, 95 %, 65
2026/10/10 08:58:09.844, 12971 MiB, 364.48 W, 96 %, 65
2026/10/10 08:58:10.847, 12971 MiB, 362.92 W, 95 %, 65
2026/10/10 08:58:11.861, 12971 MiB, 364.32 W, 96 %, 65
2026/10/10 08:58:12.873, 12971 MiB, 364.76 W, 95 %, 65
2026/10/10 08:58:13.874, 12971 MiB, 363.37 W, 93 %, 65
2026/10/10 08:58:14.887, 12971 MiB, 363.16 W, 94 %, 65
2026/10/10 08:58:15.894, 12971 MiB, 362.20 W, 95 %, 65
2026/10/10 08:58:16.904, 12971 MiB, 363.60 W, 93 %, 65
2026/10/10 08:58:17.906, 12971 MiB, 363.33 W, 95 %, 65
2026/10/10 08:58:18.912, 12971 MiB, 363.08 W, 96 %, 65
2026/10/10 08:58:19.922, 12971 MiB, 365.40 W, 96 %, 65
2026/10/10 08:58:20.932, 12971 MiB, 365.34 W, 95 %, 65
2026/10/10 08:58:21.942, 12971 MiB, 364.42 W, 96 %, 65
2026/10/10 08:58:22.953, 12971 MiB, 366.06 W, 95 %, 65
2026/10/10 08:58:23.962, 12971 MiB, 365.07 W, 95 %, 65
2026/10/10 08:58:24.971, 12971 MiB, 364.04 W, 94 %, 65
2026/10/10 08:58:25.980, 12971 MiB, 364.26 W, 95 %, 65
2026/10/10 08:58:26.989, 12971 MiB, 363.68 W, 95 %, 65
2026/10/10 08:58:27.998, 12971 MiB, 365.99 W, 96 %, 65
2026/10/10 08:58:29.011, 12971 MiB, 366.24 W, 95 %, 65
2026/10/10 08:58:30.024, 12971 MiB, 365.89 W, 95 %, 65
2026/10/10 08:58:31.037, 12971 MiB, 365.79 W, 95 %, 65
2026/10/10 08:58:32.050, 12971 MiB, 365.66 W, 93 %, 65
2026/10/10 08:58:33.054, 12971 MiB, 364.83 W, 95 %, 65
2026/10/10 08:58:34.066, 12971 MiB, 366.58 W, 95 %, 65
2026/10/10 08:58:35.076, 12971 MiB, 365.11 W, 94 %, 65
2026/10/10 08:58:36.089, 12971 MiB, 362.65 W, 94 %, 65
2026/10/10 08:58:37.098, 12971 MiB, 364.33 W, 95 %, 65
2026/10/10 08:58:38.113, 12971 MiB, 366.41 W, 95 %, 65
2026/10/10 08:58:39.124, 12971 MiB, 366.02 W, 95 %, 65
2026/10/10 08:58:40.130, 12971 MiB, 367.67 W, 96 %, 65
2026/10/10 08:58:41.139, 12971 MiB, 367.07 W, 96 %, 65
2026/10/10 08:58:42.149, 12971 MiB, 367.83 W, 95 %, 65
2026/10/10 08:58:43.150, 12971 MiB, 366.69 W, 95 %, 65
2026/10/10 08:58:44.164, 12971 MiB, 365.01 W, 95 %, 65
2026/10/10 08:58:45.179, 12971 MiB, 365.66 W, 95 %, 65
2026/10/10 08:58:46.192, 12971 MiB, 366.74 W, 95 %, 65
2026/10/10 08:58:47.206, 12971 MiB, 366.78 W, 96 %, 65
2026/10/10 08:58:48.221, 12971 MiB, 368.48 W, 96 %, 65
2026/10/10 08:58:49.236, 12971 MiB, 368.84 W, 95 %, 65
2026/10/10 08:58:50.251, 12971 MiB, 365.70 W, 96 %, 66
2026/10/10 08:58:51.265, 12971 MiB, 368.84 W, 95 %, 65
2026/10/10 08:58:52.267, 12971 MiB, 367.41 W, 93 %, 65
2026/10/10 08:58:53.281, 12971 MiB, 366.71 W, 92 %, 65
2026/10/10 08:58:54.282, 12971 MiB, 367.13 W, 95 %, 65
2026/10/10 08:58:55.294, 12971 MiB, 367.34 W, 95 %, 65
2026/10/10 08:58:56.306, 12971 MiB, 368.55 W, 95 %, 66
2026/10/10 08:58:57.308, 12971 MiB, 369.09 W, 95 %, 65
2026/10/10 08:58:58.321, 12971 MiB, 367.93 W, 95 %, 65
2026/10/10 08:58:59.333, 12971 MiB, 370.12 W, 96 %, 65
2026/10/10 08:59:00.344, 12971 MiB, 368.91 W, 93 %, 65
2026/10/10 08:59:01.355, 12971 MiB, 367.82 W, 95 %, 65
2026/10/10 08:59:02.365, 12971 MiB, 368.73 W, 95 %, 65
2026/10/10 08:59:03.376, 12971 MiB, 368.63 W, 94 %, 65
2026/10/10 08:59:04.387, 12971 MiB, 362.72 W, 93 %, 65
2026/10/10 08:59:05.401, 12971 MiB, 369.19 W, 95 %, 66
2026/10/10 08:59:06.417, 12971 MiB, 369.84 W, 96 %, 66
2026/10/10 08:59:07.428, 12971 MiB, 368.64 W, 96 %, 65
2026/10/10 08:59:08.440, 12971 MiB, 370.21 W, 95 %, 66
2026/10/10 08:59:09.452, 12971 MiB, 371.11 W, 96 %, 66
2026/10/10 08:59:10.460, 12971 MiB, 369.94 W, 96 %, 66
2026/10/10 08:59:11.471, 12971 MiB, 368.78 W, 93 %, 66
2026/10/10 08:59:12.485, 12971 MiB, 369.46 W, 95 %, 66
2026/10/10 08:59:13.498, 12971 MiB, 368.96 W, 95 %, 66
2026/10/10 08:59:14.506, 12971 MiB, 370.28 W, 96 %, 66
2026/10/10 08:59:15.518, 12971 MiB, 369.98 W, 94 %, 66
2026/10/10 08:59:16.530, 12971 MiB, 370.89 W, 96 %, 66
2026/10/10 08:59:17.544, 12971 MiB, 371.43 W, 95 %, 66
2026/10/10 08:59:18.558, 12971 MiB, 369.14 W, 96 %, 65
2026/10/10 08:59:19.573, 12971 MiB, 371.00 W, 96 %, 66
2026/10/10 08:59:20.588, 12971 MiB, 369.70 W, 95 %, 65
2026/10/10 08:59:21.600, 12971 MiB, 368.61 W, 95 %, 66
2026/10/10 08:59:22.606, 12971 MiB, 370.76 W, 95 %, 66
2026/10/10 08:59:23.619, 12971 MiB, 370.59 W, 95 %, 66
2026/10/10 08:59:24.632, 12971 MiB, 369.87 W, 96 %, 66
2026/10/10 08:59:25.634, 12971 MiB, 372.07 W, 95 %, 65
2026/10/10 08:59:26.646, 12971 MiB, 372.31 W, 95 %, 66
2026/10/10 08:59:27.659, 12971 MiB, 370.43 W, 96 %, 66
2026/10/10 08:59:28.673, 12971 MiB, 372.09 W, 95 %, 66
2026/10/10 08:59:29.685, 12971 MiB, 371.84 W, 95 %, 66
2026/10/10 08:59:30.694, 12971 MiB, 368.73 W, 95 %, 66
2026/10/10 08:59:31.702, 12971 MiB, 371.05 W, 95 %, 66
2026/10/10 08:59:32.715, 12971 MiB, 370.65 W, 96 %, 66
2026/10/10 08:59:33.724, 12971 MiB, 370.24 W, 96 %, 66
2026/10/10 08:59:34.737, 12971 MiB, 372.65 W, 96 %, 66
2026/10/10 08:59:35.751, 12971 MiB, 373.47 W, 95 %, 66
2026/10/10 08:59:36.761, 12971 MiB, 371.82 W, 95 %, 65
2026/10/10 08:59:37.769, 12971 MiB, 372.45 W, 95 %, 66
2026/10/10 08:59:38.779, 12971 MiB, 372.86 W, 96 %, 66
2026/10/10 08:59:39.789, 12971 MiB, 370.71 W, 92 %, 65
2026/10/10 08:59:40.800, 12971 MiB, 371.07 W, 95 %, 66
2026/10/10 08:59:41.804, 12971 MiB, 371.65 W, 94 %, 66
2026/10/10 08:59:42.819, 12971 MiB, 363.74 W, 62 %, 66
2026/10/10 08:59:43.826, 12971 MiB, 96.60 W, 1 %, 54
2026/10/10 08:59:44.835, 12971 MiB, 233.86 W, 100 %, 76
2026/10/10 08:59:45.843, 12971 MiB, 430.20 W, 67 %, 62
2026/10/10 08:59:46.856, 12971 MiB, 424.31 W, 100 %, 78
2026/10/10 08:59:47.870, 12971 MiB, 420.73 W, 91 %, 74
2026/10/10 08:59:48.881, 12971 MiB, 441.71 W, 100 %, 76
2026/10/10 08:59:49.887, 12971 MiB, 421.66 W, 99 %, 75
2026/10/10 08:59:50.900, 12971 MiB, 366.46 W, 94 %, 65
2026/10/10 08:59:51.910, 12971 MiB, 348.85 W, 94 %, 65
2026/10/10 08:59:52.923, 12971 MiB, 347.83 W, 95 %, 65
2026/10/10 08:59:53.931, 12971 MiB, 349.70 W, 95 %, 65
2026/10/10 08:59:54.942, 12971 MiB, 351.31 W, 95 %, 65
2026/10/10 08:59:55.950, 12971 MiB, 349.29 W, 95 %, 65
2026/10/10 08:59:56.960, 12971 MiB, 350.50 W, 95 %, 65
2026/10/10 08:59:57.971, 12971 MiB, 350.25 W, 95 %, 65
2026/10/10 08:59:58.980, 12971 MiB, 349.80 W, 93 %, 64
2026/10/10 08:59:59.988, 12971 MiB, 348.51 W, 94 %, 64
2026/10/10 09:00:00.997, 12971 MiB, 348.88 W, 95 %, 64
2026/10/10 09:00:02.005, 12971 MiB, 345.96 W, 95 %, 64
2026/10/10 09:00:03.009, 12971 MiB, 349.65 W, 94 %, 64
2026/10/10 09:00:04.011, 12971 MiB, 182.31 W, 11 %, 53
2026/10/10 09:00:05.025, 12971 MiB, 378.46 W, 100 %, 76
2026/10/10 09:00:06.030, 12971 MiB, 398.53 W, 46 %, 61
2026/10/10 09:00:07.036, 12971 MiB, 444.20 W, 97 %, 74
2026/10/10 09:00:08.046, 12971 MiB, 407.51 W, 100 %, 77
2026/10/10 09:00:09.056, 12971 MiB, 454.54 W, 100 %, 74
2026/10/10 09:00:10.066, 12971 MiB, 412.45 W, 100 %, 77
2026/10/10 09:00:11.067, 12971 MiB, 452.94 W, 100 %, 75
2026/10/10 09:00:12.080, 12971 MiB, 411.49 W, 98 %, 78
2026/10/10 09:00:13.086, 12971 MiB, 449.19 W, 96 %, 74
2026/10/10 09:00:14.090, 12971 MiB, 422.87 W, 100 %, 74
2026/10/10 09:00:15.099, 12971 MiB, 442.45 W, 82 %, 77
2026/10/10 09:00:16.113, 12971 MiB, 413.92 W, 95 %, 66
2026/10/10 09:00:17.123, 12971 MiB, 364.86 W, 95 %, 65
2026/10/10 09:00:18.128, 12971 MiB, 363.34 W, 95 %, 65
2026/10/10 09:00:19.136, 12971 MiB, 363.89 W, 95 %, 65
2026/10/10 09:00:20.147, 12971 MiB, 364.34 W, 95 %, 65
2026/10/10 09:00:21.157, 12971 MiB, 364.27 W, 95 %, 65
2026/10/10 09:00:22.167, 12971 MiB, 364.20 W, 95 %, 65
2026/10/10 09:00:23.170, 12971 MiB, 364.84 W, 95 %, 65
2026/10/10 09:00:24.177, 12971 MiB, 365.35 W, 95 %, 65
2026/10/10 09:00:25.180, 12971 MiB, 365.86 W, 95 %, 65
2026/10/10 09:00:26.189, 12971 MiB, 364.50 W, 95 %, 65
2026/10/10 09:00:27.200, 12971 MiB, 366.58 W, 96 %, 65
2026/10/10 09:00:28.208, 12971 MiB, 364.52 W, 94 %, 64
2026/10/10 09:00:29.210, 12971 MiB, 363.36 W, 95 %, 64
2026/10/10 09:00:30.221, 12971 MiB, 363.25 W, 94 %, 64
2026/10/10 09:00:31.233, 12971 MiB, 363.47 W, 95 %, 64
2026/10/10 09:00:32.236, 12971 MiB, 363.58 W, 95 %, 64
2026/10/10 09:00:33.249, 12971 MiB, 365.73 W, 95 %, 64
2026/10/10 09:00:34.255, 12971 MiB, 364.29 W, 96 %, 64
2026/10/10 09:00:35.265, 12971 MiB, 365.21 W, 96 %, 64
2026/10/10 09:00:36.276, 12971 MiB, 365.95 W, 95 %, 64
2026/10/10 09:00:37.290, 12971 MiB, 363.54 W, 94 %, 64
2026/10/10 09:00:38.297, 12971 MiB, 363.67 W, 95 %, 64
2026/10/10 09:00:39.307, 12971 MiB, 364.09 W, 95 %, 64
2026/10/10 09:00:40.317, 12971 MiB, 363.78 W, 94 %, 64
2026/10/10 09:00:41.323, 12971 MiB, 364.15 W, 95 %, 64
2026/10/10 09:00:42.332, 12971 MiB, 364.85 W, 94 %, 64
2026/10/10 09:00:43.345, 12971 MiB, 364.58 W, 95 %, 64
2026/10/10 09:00:44.359, 12971 MiB, 365.82 W, 95 %, 64
2026/10/10 09:00:45.369, 12971 MiB, 365.37 W, 93 %, 64
2026/10/10 09:00:46.375, 12971 MiB, 365.85 W, 96 %, 64
2026/10/10 09:00:47.384, 12971 MiB, 365.63 W, 95 %, 64
2026/10/10 09:00:48.385, 12971 MiB, 364.56 W, 95 %, 64
2026/10/10 09:00:49.397, 12971 MiB, 364.30 W, 95 %, 64
2026/10/10 09:00:50.405, 12971 MiB, 365.82 W, 95 %, 64
2026/10/10 09:00:51.405, 12971 MiB, 364.64 W, 95 %, 64
2026/10/10 09:00:52.412, 12971 MiB, 367.62 W, 96 %, 64
2026/10/10 09:00:53.423, 12971 MiB, 367.81 W, 95 %, 64
2026/10/10 09:00:54.434, 12971 MiB, 366.75 W, 95 %, 64
2026/10/10 09:00:55.443, 12971 MiB, 367.06 W, 95 %, 64
2026/10/10 09:00:56.456, 12971 MiB, 365.97 W, 94 %, 64
2026/10/10 09:00:57.463, 12971 MiB, 364.83 W, 95 %, 64
2026/10/10 09:00:58.473, 12971 MiB, 365.82 W, 95 %, 64
2026/10/10 09:00:59.488, 12971 MiB, 366.64 W, 95 %, 64
2026/10/10 09:01:00.500, 12971 MiB, 365.77 W, 93 %, 64
2026/10/10 09:01:01.507, 12971 MiB, 367.75 W, 96 %, 64
2026/10/10 09:01:02.520, 12971 MiB, 366.73 W, 95 %, 64
2026/10/10 09:01:03.534, 12971 MiB, 368.27 W, 96 %, 64
2026/10/10 09:01:04.543, 12971 MiB, 366.79 W, 95 %, 64
2026/10/10 09:01:05.543, 12971 MiB, 366.22 W, 95 %, 64
2026/10/10 09:01:06.544, 12971 MiB, 365.31 W, 95 %, 64
2026/10/10 09:01:07.559, 12971 MiB, 366.51 W, 95 %, 64
2026/10/10 09:01:08.572, 12971 MiB, 365.52 W, 93 %, 64
2026/10/10 09:01:09.587, 12971 MiB, 365.91 W, 95 %, 64
2026/10/10 09:01:10.589, 12971 MiB, 365.75 W, 93 %, 64
2026/10/10 09:01:11.602, 12971 MiB, 367.39 W, 95 %, 64
2026/10/10 09:01:12.614, 12971 MiB, 368.21 W, 95 %, 64
2026/10/10 09:01:13.626, 12971 MiB, 367.96 W, 96 %, 64
2026/10/10 09:01:14.636, 12971 MiB, 368.30 W, 94 %, 64
2026/10/10 09:01:15.650, 12971 MiB, 368.16 W, 95 %, 64
2026/10/10 09:01:16.652, 12971 MiB, 366.87 W, 95 %, 64
2026/10/10 09:01:17.662, 12971 MiB, 366.52 W, 94 %, 64
2026/10/10 09:01:18.676, 12971 MiB, 366.82 W, 95 %, 64
2026/10/10 09:01:19.677, 12971 MiB, 366.96 W, 95 %, 64
2026/10/10 09:01:20.686, 12971 MiB, 368.92 W, 95 %, 64
2026/10/10 09:01:21.700, 12971 MiB, 369.59 W, 95 %, 64
2026/10/10 09:01:22.711, 12971 MiB, 367.59 W, 95 %, 64
2026/10/10 09:01:23.726, 12971 MiB, 368.75 W, 95 %, 64
2026/10/10 09:01:24.728, 12971 MiB, 368.56 W, 95 %, 64
2026/10/10 09:01:25.729, 12971 MiB, 367.05 W, 95 %, 64
2026/10/10 09:01:26.739, 12971 MiB, 368.82 W, 95 %, 64
2026/10/10 09:01:27.751, 12971 MiB, 368.51 W, 95 %, 64
2026/10/10 09:01:28.764, 12971 MiB, 367.57 W, 95 %, 64
2026/10/10 09:01:29.773, 12971 MiB, 368.98 W, 95 %, 64
2026/10/10 09:01:30.784, 12971 MiB, 367.81 W, 95 %, 64
2026/10/10 09:01:31.793, 12971 MiB, 368.14 W, 96 %, 64
2026/10/10 09:01:32.804, 12971 MiB, 370.77 W, 95 %, 64
2026/10/10 09:01:33.812, 12971 MiB, 370.53 W, 95 %, 64
2026/10/10 09:01:34.823, 12971 MiB, 368.56 W, 94 %, 64
2026/10/10 09:01:35.839, 12971 MiB, 368.39 W, 95 %, 64
2026/10/10 09:01:36.854, 12971 MiB, 368.79 W, 95 %, 64
2026/10/10 09:01:37.858, 12971 MiB, 368.28 W, 96 %, 64
2026/10/10 09:01:38.869, 12971 MiB, 368.29 W, 94 %, 64
2026/10/10 09:01:39.869, 12971 MiB, 369.89 W, 96 %, 64
2026/10/10 09:01:40.884, 12971 MiB, 369.07 W, 96 %, 64
2026/10/10 09:01:41.886, 12971 MiB, 369.96 W, 95 %, 64
2026/10/10 09:01:42.901, 12971 MiB, 370.11 W, 95 %, 64
2026/10/10 09:01:43.916, 12971 MiB, 369.69 W, 96 %, 64
2026/10/10 09:01:44.927, 12971 MiB, 369.45 W, 94 %, 64
2026/10/10 09:01:45.942, 12971 MiB, 369.80 W, 95 %, 64
2026/10/10 09:01:46.957, 12971 MiB, 368.36 W, 96 %, 64
2026/10/10 09:01:47.960, 12971 MiB, 370.48 W, 96 %, 64
2026/10/10 09:01:48.970, 12971 MiB, 369.64 W, 94 %, 64
2026/10/10 09:01:49.983, 12971 MiB, 370.19 W, 95 %, 64
2026/10/10 09:01:50.995, 12971 MiB, 371.47 W, 95 %, 64
2026/10/10 09:01:52.007, 12971 MiB, 371.55 W, 96 %, 64
2026/10/10 09:01:53.019, 12971 MiB, 371.37 W, 95 %, 64
2026/10/10 09:01:54.025, 12971 MiB, 370.77 W, 95 %, 65
2026/10/10 09:01:55.038, 12971 MiB, 369.88 W, 95 %, 64
2026/10/10 09:01:56.046, 12971 MiB, 370.51 W, 96 %, 64
2026/10/10 09:01:57.058, 12971 MiB, 371.83 W, 95 %, 64
2026/10/10 09:01:58.072, 12971 MiB, 370.29 W, 95 %, 64
2026/10/10 09:01:59.084, 12971 MiB, 371.58 W, 95 %, 64
2026/10/10 09:02:00.093, 12971 MiB, 371.13 W, 95 %, 64
2026/10/10 09:02:01.103, 12971 MiB, 369.90 W, 93 %, 64
2026/10/10 09:02:02.117, 12971 MiB, 370.41 W, 95 %, 65
2026/10/10 09:02:03.128, 12971 MiB, 371.16 W, 96 %, 64
2026/10/10 09:02:04.136, 12971 MiB, 364.90 W, 70 %, 57
2026/10/10 09:02:05.137, 12971 MiB, 233.19 W, 95 %, 64
2026/10/10 09:02:06.150, 12971 MiB, 361.54 W, 95 %, 64
2026/10/10 09:02:07.162, 12971 MiB, 361.90 W, 95 %, 64
2026/10/10 09:02:08.173, 12971 MiB, 362.68 W, 95 %, 64
2026/10/10 09:02:09.180, 12971 MiB, 363.32 W, 95 %, 64
2026/10/10 09:02:10.186, 12971 MiB, 363.19 W, 96 %, 64
2026/10/10 09:02:11.194, 12971 MiB, 363.91 W, 95 %, 64
2026/10/10 09:02:12.206, 12971 MiB, 363.40 W, 96 %, 64
2026/10/10 09:02:13.208, 12971 MiB, 363.58 W, 95 %, 65
2026/10/10 09:02:14.221, 12971 MiB, 363.01 W, 96 %, 64
2026/10/10 09:02:15.230, 12971 MiB, 362.40 W, 95 %, 64
2026/10/10 09:02:16.236, 12971 MiB, 363.46 W, 95 %, 64
2026/10/10 09:02:17.244, 12971 MiB, 362.55 W, 95 %, 65
2026/10/10 09:02:18.257, 12971 MiB, 363.82 W, 95 %, 64
2026/10/10 09:02:19.262, 12971 MiB, 364.49 W, 95 %, 64
2026/10/10 09:02:20.275, 12971 MiB, 363.58 W, 93 %, 64
2026/10/10 09:02:21.290, 12971 MiB, 364.02 W, 95 %, 64
2026/10/10 09:02:22.304, 12971 MiB, 364.77 W, 95 %, 65
2026/10/10 09:02:23.313, 12971 MiB, 363.40 W, 95 %, 64
2026/10/10 09:02:24.327, 12971 MiB, 363.47 W, 93 %, 64
2026/10/10 09:02:25.341, 12971 MiB, 364.77 W, 95 %, 65
2026/10/10 09:02:26.352, 12971 MiB, 364.27 W, 95 %, 65
2026/10/10 09:02:27.356, 12971 MiB, 365.64 W, 96 %, 64
2026/10/10 09:02:28.356, 12971 MiB, 365.45 W, 94 %, 64
2026/10/10 09:02:29.360, 12971 MiB, 363.62 W, 95 %, 64
2026/10/10 09:02:30.364, 12971 MiB, 365.31 W, 96 %, 64
2026/10/10 09:02:31.372, 12971 MiB, 364.27 W, 94 %, 64
2026/10/10 09:02:32.382, 12971 MiB, 364.27 W, 95 %, 64
2026/10/10 09:02:33.389, 12971 MiB, 365.43 W, 95 %, 65
2026/10/10 09:02:34.395, 12971 MiB, 364.26 W, 94 %, 64
2026/10/10 09:02:35.405, 12971 MiB, 359.29 W, 93 %, 64
2026/10/10 09:02:36.416, 12971 MiB, 364.53 W, 95 %, 65
2026/10/10 09:02:37.421, 12971 MiB, 365.94 W, 95 %, 65
2026/10/10 09:02:38.427, 12971 MiB, 366.12 W, 96 %, 65
2026/10/10 09:02:39.436, 12971 MiB, 365.06 W, 96 %, 65
2026/10/10 09:02:40.448, 12971 MiB, 365.43 W, 95 %, 65
2026/10/10 09:02:41.457, 12971 MiB, 366.01 W, 95 %, 65
2026/10/10 09:02:42.464, 12971 MiB, 365.88 W, 95 %, 65
2026/10/10 09:02:43.471, 12971 MiB, 365.12 W, 93 %, 64
2026/10/10 09:02:44.474, 12971 MiB, 364.59 W, 92 %, 64
2026/10/10 09:02:45.485, 12971 MiB, 364.23 W, 93 %, 64
2026/10/10 09:02:46.498, 12971 MiB, 365.10 W, 95 %, 65
2026/10/10 09:02:47.505, 12971 MiB, 367.25 W, 95 %, 65
2026/10/10 09:02:48.511, 12971 MiB, 365.61 W, 96 %, 65
2026/10/10 09:02:49.513, 12971 MiB, 366.95 W, 95 %, 64
2026/10/10 09:02:50.519, 12971 MiB, 367.11 W, 95 %, 65
2026/10/10 09:02:51.532, 12971 MiB, 365.71 W, 95 %, 65
2026/10/10 09:02:52.543, 12971 MiB, 366.85 W, 95 %, 65
2026/10/10 09:02:53.550, 12971 MiB, 365.08 W, 90 %, 64
2026/10/10 09:02:54.561, 12971 MiB, 365.08 W, 95 %, 65
2026/10/10 09:02:55.574, 12971 MiB, 366.87 W, 96 %, 65
2026/10/10 09:02:56.584, 12971 MiB, 366.23 W, 95 %, 65
2026/10/10 09:02:57.596, 12971 MiB, 367.83 W, 93 %, 64
2026/10/10 09:02:58.601, 12971 MiB, 368.33 W, 96 %, 65
2026/10/10 09:02:59.611, 12971 MiB, 367.28 W, 95 %, 65
2026/10/10 09:03:00.621, 12971 MiB, 367.73 W, 95 %, 65
2026/10/10 09:03:01.633, 12971 MiB, 366.73 W, 95 %, 65
2026/10/10 09:03:02.647, 12971 MiB, 365.37 W, 95 %, 65
2026/10/10 09:03:03.660, 12971 MiB, 367.07 W, 95 %, 65
2026/10/10 09:03:04.672, 12971 MiB, 366.94 W, 95 %, 64
2026/10/10 09:03:05.684, 12971 MiB, 367.65 W, 95 %, 65
2026/10/10 09:03:06.693, 12971 MiB, 368.88 W, 95 %, 65
2026/10/10 09:03:07.708, 12971 MiB, 369.14 W, 96 %, 65
2026/10/10 09:03:08.723, 12971 MiB, 367.21 W, 94 %, 65
2026/10/10 09:03:09.728, 12971 MiB, 368.21 W, 95 %, 65
2026/10/10 09:03:10.734, 12971 MiB, 367.47 W, 95 %, 65
2026/10/10 09:03:11.744, 12971 MiB, 366.11 W, 95 %, 65
2026/10/10 09:03:12.756, 12971 MiB, 367.56 W, 95 %, 65
2026/10/10 09:03:13.765, 12971 MiB, 367.50 W, 94 %, 65
2026/10/10 09:03:14.766, 12971 MiB, 367.15 W, 96 %, 65
2026/10/10 09:03:15.777, 12971 MiB, 370.02 W, 96 %, 65
2026/10/10 09:03:16.789, 12971 MiB, 369.92 W, 95 %, 64
2026/10/10 09:03:17.803, 12971 MiB, 368.55 W, 96 %, 65
2026/10/10 09:03:18.814, 12971 MiB, 369.72 W, 94 %, 65
2026/10/10 09:03:19.828, 12971 MiB, 368.64 W, 95 %, 65
2026/10/10 09:03:20.840, 12971 MiB, 369.22 W, 95 %, 65
2026/10/10 09:03:21.855, 12971 MiB, 368.91 W, 94 %, 65
2026/10/10 09:03:22.865, 12971 MiB, 368.45 W, 95 %, 65
2026/10/10 09:03:23.876, 12971 MiB, 365.20 W, 94 %, 64
2026/10/10 09:03:24.891, 12971 MiB, 365.31 W, 95 %, 65
2026/10/10 09:03:25.901, 12971 MiB, 368.43 W, 95 %, 65
2026/10/10 09:03:26.913, 12971 MiB, 368.88 W, 95 %, 65
2026/10/10 09:03:27.926, 12971 MiB, 368.33 W, 95 %, 65
2026/10/10 09:03:28.939, 12971 MiB, 370.39 W, 94 %, 64
2026/10/10 09:03:29.954, 12971 MiB, 365.72 W, 95 %, 65
2026/10/10 09:03:30.969, 12971 MiB, 367.52 W, 94 %, 65
2026/10/10 09:03:31.981, 12971 MiB, 363.90 W, 95 %, 65
2026/10/10 09:03:32.982, 12971 MiB, 328.36 W, 21 %, 56
2026/10/10 09:03:33.983, 12971 MiB, 85.87 W, 45 %, 53
2026/10/10 09:03:34.996, 12971 MiB, 314.51 W, 99 %, 75
2026/10/10 09:03:36.006, 12971 MiB, 422.16 W, 87 %, 70
2026/10/10 09:03:37.009, 12971 MiB, 441.32 W, 99 %, 74
2026/10/10 09:03:38.019, 12971 MiB, 373.21 W, 92 %, 64
2026/10/10 09:03:39.029, 12971 MiB, 332.96 W, 91 %, 64
2026/10/10 09:03:40.042, 12971 MiB, 331.85 W, 90 %, 64
2026/10/10 09:03:41.052, 12971 MiB, 331.49 W, 92 %, 63
2026/10/10 09:03:42.063, 12971 MiB, 330.42 W, 88 %, 63
2026/10/10 09:03:43.070, 12971 MiB, 333.96 W, 92 %, 63
2026/10/10 09:03:44.083, 12971 MiB, 334.12 W, 92 %, 63
2026/10/10 09:03:45.092, 12971 MiB, 335.43 W, 92 %, 63
2026/10/10 09:03:46.101, 12971 MiB, 334.58 W, 91 %, 63
2026/10/10 09:03:47.102, 12971 MiB, 333.73 W, 91 %, 63
2026/10/10 09:03:48.115, 12971 MiB, 334.65 W, 90 %, 63
2026/10/10 09:03:49.126, 12971 MiB, 332.36 W, 91 %, 63
2026/10/10 09:03:50.140, 12971 MiB, 334.65 W, 91 %, 63
2026/10/10 09:03:51.143, 12971 MiB, 333.39 W, 90 %, 63
2026/10/10 09:03:52.154, 12971 MiB, 335.01 W, 93 %, 63
2026/10/10 09:03:53.167, 12971 MiB, 337.71 W, 93 %, 63
2026/10/10 09:03:54.178, 12971 MiB, 338.53 W, 94 %, 63
2026/10/10 09:03:55.188, 12971 MiB, 340.59 W, 92 %, 63
2026/10/10 09:03:56.202, 12971 MiB, 342.99 W, 94 %, 63
2026/10/10 09:03:57.214, 12971 MiB, 343.49 W, 94 %, 63
2026/10/10 09:03:58.225, 12971 MiB, 343.66 W, 94 %, 63
2026/10/10 09:03:59.226, 12971 MiB, 344.58 W, 94 %, 63
2026/10/10 09:04:00.237, 12971 MiB, 342.53 W, 94 %, 63
2026/10/10 09:04:01.250, 12971 MiB, 344.36 W, 94 %, 63
2026/10/10 09:04:02.261, 12971 MiB, 344.18 W, 94 %, 63
2026/10/10 09:04:03.269, 12971 MiB, 345.99 W, 95 %, 63
2026/10/10 09:04:04.283, 12971 MiB, 345.36 W, 94 %, 63
2026/10/10 09:04:05.294, 12971 MiB, 344.66 W, 84 %, 63
2026/10/10 09:04:06.301, 12971 MiB, 341.86 W, 95 %, 63
2026/10/10 09:04:07.304, 757 MiB, 186.88 W, 0 %, 52
