timestamp, memory.used [MiB], power.draw [W], utilization.gpu [%], temperature.gpu
2026/10/09 21:44:33.670, 1697 MiB, 12.31 W, 11 %, 41
2026/10/09 21:44:34.675, 1697 MiB, 12.54 W, 9 %, 41
2026/10/09 21:44:35.686, 1697 MiB, 12.78 W, 10 %, 41
2026/10/09 21:44:36.698, 1697 MiB, 12.52 W, 9 %, 41
2026/10/09 21:44:37.704, 1697 MiB, 12.51 W, 11 %, 41
2026/10/09 21:44:38.717, 1697 MiB, 12.40 W, 7 %, 41
2026/10/09 21:44:39.728, 1697 MiB, 12.47 W, 7 %, 41
2026/10/09 21:44:40.734, 1697 MiB, 12.36 W, 7 %, 41
2026/10/09 21:44:41.738, 1697 MiB, 12.63 W, 7 %, 41
2026/10/09 21:44:42.745, 1697 MiB, 12.44 W, 7 %, 41
2026/10/09 21:44:43.752, 1697 MiB, 12.37 W, 9 %, 41
2026/10/09 21:44:44.764, 1697 MiB, 12.55 W, 7 %, 41
2026/10/09 21:44:45.765, 1697 MiB, 12.24 W, 7 %, 41
2026/10/09 21:44:46.787, 1697 MiB, 12.47 W, 7 %, 41
2026/10/09 21:44:47.788, 1697 MiB, 12.08 W, 7 %, 41
2026/10/09 21:44:48.800, 1697 MiB, 12.16 W, 9 %, 41
2026/10/09 21:44:49.815, 1697 MiB, 12.28 W, 9 %, 41
2026/10/09 21:44:50.829, 1697 MiB, 12.37 W, 7 %, 41
2026/10/09 21:44:51.843, 1697 MiB, 12.38 W, 7 %, 41
2026/10/09 21:44:52.856, 1697 MiB, 12.26 W, 7 %, 41
2026/10/09 21:44:53.866, 1697 MiB, 12.28 W, 7 %, 41
2026/10/09 21:44:54.878, 1697 MiB, 12.32 W, 9 %, 41
2026/10/09 21:44:55.893, 7397 MiB, 22.34 W, 43 %, 43
2026/10/09 21:44:56.904, 15773 MiB, 74.00 W, 54 %, 44
2026/10/09 21:44:57.916, 16613 MiB, 73.94 W, 0 %, 44
2026/10/09 21:44:58.919, 16613 MiB, 69.80 W, 0 %, 44
2026/10/09 21:44:59.927, 16613 MiB, 61.57 W, 0 %, 44
2026/10/09 21:45:00.929, 16613 MiB, 56.38 W, 1 %, 44
2026/10/09 21:45:01.939, 16613 MiB, 56.45 W, 0 %, 44
2026/10/09 21:45:02.941, 16613 MiB, 27.85 W, 2 %, 42
2026/10/09 21:45:03.954, 16613 MiB, 17.35 W, 7 %, 42
2026/10/09 21:45:04.969, 17849 MiB, 16.96 W, 100 %, 43
2026/10/09 21:45:05.979, 22457 MiB, 262.43 W, 100 %, 63
2026/10/09 21:45:06.981, 23481 MiB, 423.03 W, 98 %, 63
2026/10/09 21:45:07.984, 23481 MiB, 423.65 W, 100 %, 62
2026/10/09 21:45:08.990, 23481 MiB, 374.06 W, 100 %, 62
2026/10/09 21:45:09.997, 23481 MiB, 423.63 W, 100 %, 66
2026/10/09 21:45:11.004, 23483 MiB, 425.59 W, 98 %, 64
2026/10/09 21:45:12.013, 23483 MiB, 424.46 W, 100 %, 65
2026/10/09 21:45:13.023, 23483 MiB, 427.17 W, 100 %, 66
2026/10/09 21:45:14.035, 23483 MiB, 428.36 W, 100 %, 65
2026/10/09 21:45:15.050, 23483 MiB, 429.39 W, 100 %, 66
2026/10/09 21:45:16.058, 23483 MiB, 429.87 W, 100 %, 64
2026/10/09 21:45:17.058, 23483 MiB, 427.12 W, 100 %, 67
2026/10/09 21:45:18.068, 23483 MiB, 428.15 W, 100 %, 64
2026/10/09 21:45:19.079, 23483 MiB, 427.53 W, 100 %, 68
2026/10/09 21:45:20.091, 23483 MiB, 429.93 W, 100 %, 65
2026/10/09 21:45:21.101, 23483 MiB, 429.95 W, 100 %, 69
2026/10/09 21:45:22.107, 23483 MiB, 432.30 W, 100 %, 67
2026/10/09 21:45:23.122, 23483 MiB, 430.72 W, 100 %, 67
2026/10/09 21:45:24.135, 23483 MiB, 430.02 W, 100 %, 67
2026/10/09 21:45:25.139, 23483 MiB, 429.69 W, 100 %, 67
2026/10/09 21:45:26.143, 23483 MiB, 430.09 W, 100 %, 67
2026/10/09 21:45:27.154, 23483 MiB, 430.75 W, 100 %, 67
2026/10/09 21:45:28.169, 23483 MiB, 429.96 W, 100 %, 68
2026/10/09 21:45:29.179, 23483 MiB, 429.95 W, 100 %, 67
2026/10/09 21:45:30.183, 23483 MiB, 429.07 W, 100 %, 69
2026/10/09 21:45:31.198, 23483 MiB, 430.08 W, 99 %, 67
2026/10/09 21:45:32.213, 23485 MiB, 428.50 W, 98 %, 69
2026/10/09 21:45:33.217, 23485 MiB, 430.33 W, 99 %, 67
2026/10/09 21:45:34.232, 23485 MiB, 431.36 W, 100 %, 69
2026/10/09 21:45:35.245, 23485 MiB, 433.22 W, 100 %, 65
2026/10/09 21:45:36.255, 23485 MiB, 430.15 W, 99 %, 70
2026/10/09 21:45:37.256, 23485 MiB, 432.95 W, 100 %, 67
2026/10/09 21:45:38.266, 23485 MiB, 431.35 W, 100 %, 71
2026/10/09 21:45:39.269, 23485 MiB, 432.88 W, 100 %, 67
2026/10/09 21:45:40.283, 23485 MiB, 431.69 W, 100 %, 69
2026/10/09 21:45:41.293, 23485 MiB, 431.09 W, 100 %, 69
2026/10/09 21:45:42.304, 23485 MiB, 430.99 W, 100 %, 68
2026/10/09 21:45:43.316, 23485 MiB, 432.19 W, 100 %, 69
2026/10/09 21:45:44.319, 23485 MiB, 431.74 W, 100 %, 69
2026/10/09 21:45:45.331, 23485 MiB, 431.68 W, 100 %, 70
2026/10/09 21:45:46.339, 23485 MiB, 433.35 W, 100 %, 69
2026/10/09 21:45:47.344, 23485 MiB, 431.45 W, 99 %, 70
2026/10/09 21:45:48.359, 23485 MiB, 432.82 W, 100 %, 67
2026/10/09 21:45:49.363, 23485 MiB, 430.48 W, 100 %, 70
2026/10/09 21:45:50.375, 23485 MiB, 431.87 W, 100 %, 66
2026/10/09 21:45:51.383, 23485 MiB, 433.22 W, 100 %, 70
2026/10/09 21:45:52.386, 23485 MiB, 433.93 W, 100 %, 69
2026/10/09 21:45:53.401, 23487 MiB, 433.60 W, 100 %, 70
2026/10/09 21:45:54.404, 23487 MiB, 432.40 W, 100 %, 69
2026/10/09 21:45:55.405, 23487 MiB, 430.15 W, 100 %, 69
2026/10/09 21:45:56.411, 23487 MiB, 433.83 W, 100 %, 69
2026/10/09 21:45:57.422, 23487 MiB, 429.26 W, 100 %, 68
2026/10/09 21:45:58.432, 23487 MiB, 431.86 W, 100 %, 70
2026/10/09 21:45:59.444, 23487 MiB, 437.46 W, 100 %, 70
2026/10/09 21:46:00.447, 23487 MiB, 446.38 W, 100 %, 70
2026/10/09 21:46:01.452, 23487 MiB, 435.49 W, 100 %, 70
2026/10/09 21:46:02.455, 23487 MiB, 433.43 W, 100 %, 68
2026/10/09 21:46:03.464, 23487 MiB, 433.75 W, 99 %, 70
2026/10/09 21:46:04.466, 23487 MiB, 431.70 W, 100 %, 68
2026/10/09 21:46:05.469, 23487 MiB, 434.10 W, 100 %, 71
2026/10/09 21:46:06.481, 23487 MiB, 431.40 W, 98 %, 68
2026/10/09 21:46:07.482, 23487 MiB, 433.24 W, 100 %, 72
2026/10/09 21:46:08.488, 23487 MiB, 433.18 W, 100 %, 69
2026/10/09 21:46:09.491, 23487 MiB, 446.94 W, 100 %, 70
2026/10/09 21:46:10.494, 23487 MiB, 446.16 W, 97 %, 72
2026/10/09 21:46:11.506, 23487 MiB, 438.50 W, 99 %, 70
2026/10/09 21:46:12.518, 23487 MiB, 433.56 W, 100 %, 70
2026/10/09 21:46:13.529, 23487 MiB, 434.88 W, 100 %, 71
2026/10/09 21:46:14.536, 23487 MiB, 444.87 W, 98 %, 71
2026/10/09 21:46:15.549, 23487 MiB, 445.96 W, 100 %, 71
2026/10/09 21:46:16.564, 23489 MiB, 447.08 W, 100 %, 70
2026/10/09 21:46:17.568, 23489 MiB, 446.30 W, 100 %, 71
2026/10/09 21:46:18.579, 23489 MiB, 447.05 W, 100 %, 72
2026/10/09 21:46:19.586, 23489 MiB, 447.67 W, 99 %, 73
2026/10/09 21:46:20.595, 23489 MiB, 447.47 W, 100 %, 71
2026/10/09 21:46:21.603, 23489 MiB, 447.17 W, 100 %, 70
2026/10/09 21:46:22.611, 23489 MiB, 446.54 W, 100 %, 70
2026/10/09 21:46:23.623, 23489 MiB, 446.98 W, 100 %, 72
2026/10/09 21:46:24.626, 23489 MiB, 446.15 W, 100 %, 72
2026/10/09 21:46:25.633, 23489 MiB, 446.31 W, 100 %, 71
2026/10/09 21:46:26.634, 23489 MiB, 446.52 W, 100 %, 71
2026/10/09 21:46:27.648, 23489 MiB, 447.43 W, 100 %, 71
2026/10/09 21:46:28.653, 23489 MiB, 448.08 W, 100 %, 72
2026/10/09 21:46:29.666, 23489 MiB, 447.06 W, 100 %, 74
2026/10/09 21:46:30.679, 23489 MiB, 445.97 W, 100 %, 70
2026/10/09 21:46:31.683, 23489 MiB, 446.95 W, 99 %, 71
2026/10/09 21:46:32.699, 23491 MiB, 445.55 W, 100 %, 71
2026/10/09 21:46:33.699, 23491 MiB, 446.72 W, 100 %, 72
2026/10/09 21:46:34.703, 23491 MiB, 445.29 W, 98 %, 73
2026/10/09 21:46:35.715, 23491 MiB, 444.73 W, 100 %, 71
2026/10/09 21:46:36.723, 23491 MiB, 445.55 W, 100 %, 71
2026/10/09 21:46:37.735, 23491 MiB, 445.81 W, 100 %, 71
2026/10/09 21:46:38.745, 23491 MiB, 446.42 W, 100 %, 72
2026/10/09 21:46:39.752, 23491 MiB, 447.42 W, 98 %, 73
2026/10/09 21:46:40.763, 23491 MiB, 446.35 W, 100 %, 70
2026/10/09 21:46:41.765, 23491 MiB, 445.63 W, 100 %, 71
2026/10/09 21:46:42.775, 23491 MiB, 447.19 W, 100 %, 71
2026/10/09 21:46:43.777, 23491 MiB, 446.88 W, 100 %, 72
2026/10/09 21:46:44.789, 23491 MiB, 446.93 W, 100 %, 74
2026/10/09 21:46:45.800, 23491 MiB, 447.69 W, 100 %, 72
2026/10/09 21:46:46.809, 23491 MiB, 446.70 W, 99 %, 70
2026/10/09 21:46:47.824, 23491 MiB, 445.58 W, 100 %, 71
2026/10/09 21:46:48.826, 23491 MiB, 446.83 W, 100 %, 72
2026/10/09 21:46:49.837, 23493 MiB, 445.85 W, 99 %, 73
2026/10/09 21:46:50.852, 23493 MiB, 446.88 W, 100 %, 71
2026/10/09 21:46:51.867, 23493 MiB, 446.51 W, 100 %, 72
2026/10/09 21:46:52.871, 23493 MiB, 446.77 W, 100 %, 72
2026/10/09 21:46:53.883, 23493 MiB, 446.74 W, 100 %, 73
2026/10/09 21:46:54.897, 23493 MiB, 447.90 W, 99 %, 73
2026/10/09 21:46:55.912, 23493 MiB, 446.02 W, 99 %, 71
2026/10/09 21:46:56.927, 23493 MiB, 446.07 W, 100 %, 71
2026/10/09 21:46:57.934, 23493 MiB, 446.96 W, 100 %, 72
2026/10/09 21:46:58.938, 23493 MiB, 446.39 W, 99 %, 73
2026/10/09 21:46:59.944, 23493 MiB, 446.67 W, 100 %, 72
2026/10/09 21:47:00.949, 23493 MiB, 446.27 W, 100 %, 72
2026/10/09 21:47:01.954, 23493 MiB, 447.76 W, 100 %, 74
2026/10/09 21:47:02.966, 23493 MiB, 447.06 W, 100 %, 71
2026/10/09 21:47:03.975, 23493 MiB, 446.06 W, 100 %, 71
2026/10/09 21:47:04.985, 23493 MiB, 447.84 W, 100 %, 72
2026/10/09 21:47:05.992, 23495 MiB, 446.66 W, 100 %, 73
2026/10/09 21:47:07.005, 23495 MiB, 447.09 W, 100 %, 72
2026/10/09 21:47:08.015, 23495 MiB, 444.91 W, 99 %, 72
2026/10/09 21:47:09.019, 23495 MiB, 445.61 W, 100 %, 72
2026/10/09 21:47:10.023, 23495 MiB, 446.14 W, 100 %, 73
2026/10/09 21:47:11.036, 23495 MiB, 447.12 W, 100 %, 72
2026/10/09 21:47:12.047, 23495 MiB, 446.80 W, 100 %, 71
2026/10/09 21:47:13.058, 23495 MiB, 446.60 W, 100 %, 72
2026/10/09 21:47:14.067, 23495 MiB, 446.47 W, 100 %, 72
2026/10/09 21:47:15.072, 23495 MiB, 446.53 W, 100 %, 74
2026/10/09 21:47:16.081, 23495 MiB, 446.71 W, 100 %, 72
2026/10/09 21:47:17.087, 23495 MiB, 446.90 W, 100 %, 71
2026/10/09 21:47:18.099, 23495 MiB, 447.48 W, 100 %, 72
2026/10/09 21:47:19.106, 23495 MiB, 446.48 W, 100 %, 73
2026/10/09 21:47:20.116, 23495 MiB, 446.53 W, 100 %, 72
2026/10/09 21:47:21.136, 23495 MiB, 446.40 W, 100 %, 71
2026/10/09 21:47:22.144, 23495 MiB, 446.24 W, 100 %, 72
2026/10/09 21:47:23.147, 23497 MiB, 446.84 W, 100 %, 73
2026/10/09 21:47:24.153, 23497 MiB, 446.96 W, 100 %, 75
2026/10/09 21:47:25.154, 23497 MiB, 446.54 W, 100 %, 72
2026/10/09 21:47:26.162, 23497 MiB, 446.80 W, 100 %, 71
2026/10/09 21:47:27.176, 23497 MiB, 446.30 W, 100 %, 72
2026/10/09 21:47:28.181, 23497 MiB, 446.82 W, 99 %, 73
2026/10/09 21:47:29.194, 23497 MiB, 446.70 W, 99 %, 72
2026/10/09 21:47:30.198, 23497 MiB, 448.60 W, 100 %, 72
2026/10/09 21:47:31.211, 23497 MiB, 446.40 W, 99 %, 72
2026/10/09 21:47:32.213, 23497 MiB, 445.91 W, 99 %, 74
2026/10/09 21:47:33.220, 23497 MiB, 447.30 W, 100 %, 71
2026/10/09 21:47:34.222, 23497 MiB, 445.13 W, 100 %, 73
2026/10/09 21:47:35.231, 23497 MiB, 445.93 W, 100 %, 72
2026/10/09 21:47:36.239, 23497 MiB, 446.48 W, 100 %, 72
2026/10/09 21:47:37.249, 23499 MiB, 446.49 W, 100 %, 73
2026/10/09 21:47:38.253, 23499 MiB, 447.22 W, 100 %, 72
2026/10/09 21:47:39.261, 23499 MiB, 446.32 W, 100 %, 71
2026/10/09 21:47:40.269, 23499 MiB, 445.51 W, 100 %, 72
2026/10/09 21:47:41.284, 23499 MiB, 446.84 W, 100 %, 72
2026/10/09 21:47:42.288, 23499 MiB, 446.71 W, 100 %, 74
2026/10/09 21:47:43.303, 23499 MiB, 447.14 W, 100 %, 71
2026/10/09 21:47:44.306, 23499 MiB, 447.84 W, 100 %, 72
2026/10/09 21:47:45.320, 23499 MiB, 446.67 W, 100 %, 72
2026/10/09 21:47:46.323, 23499 MiB, 447.58 W, 100 %, 72
2026/10/09 21:47:47.338, 23499 MiB, 446.63 W, 100 %, 74
2026/10/09 21:47:48.347, 23499 MiB, 445.96 W, 100 %, 72
2026/10/09 21:47:49.360, 23499 MiB, 446.46 W, 100 %, 72
2026/10/09 21:47:50.374, 23499 MiB, 446.58 W, 100 %, 73
2026/10/09 21:47:51.387, 23499 MiB, 446.80 W, 100 %, 73
2026/10/09 21:47:52.397, 23499 MiB, 446.98 W, 100 %, 72
2026/10/09 21:47:53.408, 23499 MiB, 446.59 W, 100 %, 72
2026/10/09 21:47:54.416, 23501 MiB, 446.08 W, 100 %, 72
2026/10/09 21:47:55.428, 23501 MiB, 446.02 W, 99 %, 73
2026/10/09 21:47:56.432, 23501 MiB, 445.25 W, 100 %, 72
2026/10/09 21:47:57.444, 23501 MiB, 446.00 W, 100 %, 72
2026/10/09 21:47:58.445, 23501 MiB, 446.82 W, 100 %, 73
2026/10/09 21:47:59.451, 23501 MiB, 447.10 W, 99 %, 74
2026/10/09 21:48:00.463, 23501 MiB, 446.55 W, 100 %, 72
2026/10/09 21:48:01.477, 23501 MiB, 446.38 W, 100 %, 72
2026/10/09 21:48:02.485, 23501 MiB, 444.96 W, 100 %, 71
2026/10/09 21:48:03.489, 23501 MiB, 445.85 W, 100 %, 72
2026/10/09 21:48:04.501, 23501 MiB, 446.75 W, 100 %, 73
2026/10/09 21:48:05.510, 23501 MiB, 446.03 W, 99 %, 74
2026/10/09 21:48:06.518, 23501 MiB, 447.67 W, 99 %, 72
2026/10/09 21:48:07.528, 23501 MiB, 446.35 W, 100 %, 72
2026/10/09 21:48:08.539, 23501 MiB, 447.70 W, 100 %, 73
2026/10/09 21:48:09.543, 23501 MiB, 446.65 W, 100 %, 72
2026/10/09 21:48:10.552, 23501 MiB, 447.46 W, 100 %, 73
2026/10/09 21:48:11.566, 23501 MiB, 446.68 W, 100 %, 74
2026/10/09 21:48:12.569, 23503 MiB, 445.79 W, 100 %, 71
2026/10/09 21:48:13.577, 23503 MiB, 447.39 W, 100 %, 71
2026/10/09 21:48:14.592, 23503 MiB, 446.51 W, 98 %, 73
2026/10/09 21:48:15.595, 23503 MiB, 446.39 W, 100 %, 72
2026/10/09 21:48:16.609, 23503 MiB, 446.30 W, 100 %, 73
2026/10/09 21:48:17.619, 23503 MiB, 447.50 W, 100 %, 72
2026/10/09 21:48:18.631, 23503 MiB, 444.96 W, 98 %, 72
2026/10/09 21:48:19.637, 23503 MiB, 446.68 W, 100 %, 72
2026/10/09 21:48:20.644, 23503 MiB, 446.52 W, 98 %, 74
2026/10/09 21:48:21.652, 23503 MiB, 447.73 W, 100 %, 74
2026/10/09 21:48:22.667, 23503 MiB, 447.12 W, 98 %, 72
2026/10/09 21:48:23.675, 23503 MiB, 446.39 W, 100 %, 73
2026/10/09 21:48:24.678, 23503 MiB, 446.94 W, 100 %, 71
2026/10/09 21:48:25.685, 23503 MiB, 445.60 W, 100 %, 72
2026/10/09 21:48:26.698, 23503 MiB, 446.43 W, 100 %, 73
2026/10/09 21:48:27.699, 23503 MiB, 445.89 W, 100 %, 72
2026/10/09 21:48:28.702, 23505 MiB, 444.78 W, 99 %, 72
2026/10/09 21:48:29.705, 23505 MiB, 445.85 W, 100 %, 72
2026/10/09 21:48:30.712, 23505 MiB, 447.66 W, 100 %, 72
2026/10/09 21:48:31.713, 23505 MiB, 448.64 W, 100 %, 74
2026/10/09 21:48:32.717, 23505 MiB, 447.20 W, 100 %, 72
2026/10/09 21:48:33.729, 23505 MiB, 445.45 W, 100 %, 71
2026/10/09 21:48:34.741, 23505 MiB, 447.32 W, 100 %, 72
2026/10/09 21:48:35.757, 23505 MiB, 446.79 W, 100 %, 72
2026/10/09 21:48:36.769, 23505 MiB, 446.37 W, 100 %, 73
2026/10/09 21:48:37.769, 23505 MiB, 445.89 W, 98 %, 71
2026/10/09 21:48:38.776, 23505 MiB, 448.86 W, 100 %, 73
2026/10/09 21:48:39.788, 23505 MiB, 446.68 W, 100 %, 72
2026/10/09 21:48:40.803, 23505 MiB, 443.80 W, 100 %, 71
2026/10/09 21:48:41.804, 23505 MiB, 445.20 W, 100 %, 72
2026/10/09 21:48:42.819, 23505 MiB, 445.04 W, 99 %, 73
2026/10/09 21:48:43.829, 23507 MiB, 445.56 W, 100 %, 72
2026/10/09 21:48:44.844, 23507 MiB, 446.77 W, 100 %, 72
2026/10/09 21:48:45.853, 23507 MiB, 446.73 W, 100 %, 73
2026/10/09 21:48:46.867, 23507 MiB, 445.58 W, 98 %, 73
2026/10/09 21:48:47.869, 23507 MiB, 446.41 W, 100 %, 72
2026/10/09 21:48:48.884, 23507 MiB, 446.99 W, 99 %, 72
2026/10/09 21:48:49.895, 23507 MiB, 446.70 W, 100 %, 72
2026/10/09 21:48:50.900, 23507 MiB, 446.91 W, 100 %, 74
2026/10/09 21:48:51.907, 23507 MiB, 445.98 W, 100 %, 72
2026/10/09 21:48:52.909, 23507 MiB, 447.37 W, 100 %, 75
2026/10/09 21:48:53.913, 23507 MiB, 446.33 W, 100 %, 72
2026/10/09 21:48:54.928, 23507 MiB, 445.75 W, 100 %, 72
2026/10/09 21:48:55.935, 23507 MiB, 446.62 W, 100 %, 73
2026/10/09 21:48:56.943, 23507 MiB, 445.34 W, 100 %, 73
2026/10/09 21:48:57.954, 23507 MiB, 447.17 W, 99 %, 73
2026/10/09 21:48:58.965, 23507 MiB, 446.29 W, 99 %, 73
2026/10/09 21:48:59.976, 23507 MiB, 445.96 W, 98 %, 72
2026/10/09 21:49:00.991, 23507 MiB, 446.73 W, 99 %, 73
2026/10/09 21:49:02.015, 23509 MiB, 446.38 W, 100 %, 74
2026/10/09 21:49:03.018, 23509 MiB, 446.17 W, 100 %, 72
2026/10/09 21:49:04.029, 23509 MiB, 446.77 W, 100 %, 73
2026/10/09 21:49:05.034, 23509 MiB, 446.35 W, 100 %, 73
2026/10/09 21:49:06.036, 23509 MiB, 446.83 W, 100 %, 73
2026/10/09 21:49:07.048, 23509 MiB, 446.53 W, 100 %, 74
2026/10/09 21:49:08.056, 23509 MiB, 446.66 W, 100 %, 72
2026/10/09 21:49:09.065, 23509 MiB, 446.54 W, 100 %, 73
2026/10/09 21:49:10.076, 23509 MiB, 446.09 W, 100 %, 72
2026/10/09 21:49:11.083, 23509 MiB, 448.23 W, 98 %, 72
2026/10/09 21:49:12.097, 23509 MiB, 446.59 W, 99 %, 73
2026/10/09 21:49:13.099, 23509 MiB, 446.21 W, 100 %, 72
2026/10/09 21:49:14.100, 23509 MiB, 446.52 W, 100 %, 72
2026/10/09 21:49:15.108, 23509 MiB, 447.37 W, 100 %, 73
2026/10/09 21:49:16.118, 23509 MiB, 448.15 W, 100 %, 73
2026/10/09 21:49:17.133, 23511 MiB, 446.44 W, 100 %, 72
2026/10/09 21:49:18.140, 23511 MiB, 447.71 W, 100 %, 73
2026/10/09 21:49:19.141, 23511 MiB, 448.48 W, 100 %, 73
2026/10/09 21:49:20.145, 23511 MiB, 447.71 W, 100 %, 74
2026/10/09 21:49:21.149, 23511 MiB, 445.73 W, 100 %, 72
2026/10/09 21:49:22.163, 23511 MiB, 446.94 W, 100 %, 72
2026/10/09 21:49:23.172, 23511 MiB, 447.10 W, 100 %, 72
2026/10/09 21:49:24.187, 23511 MiB, 447.48 W, 99 %, 73
2026/10/09 21:49:25.191, 23511 MiB, 447.35 W, 100 %, 73
2026/10/09 21:49:26.206, 23511 MiB, 447.13 W, 100 %, 73
2026/10/09 21:49:27.211, 23511 MiB, 447.37 W, 98 %, 73
2026/10/09 21:49:28.216, 23511 MiB, 445.23 W, 100 %, 72
2026/10/09 21:49:29.228, 23511 MiB, 446.10 W, 100 %, 73
2026/10/09 21:49:30.234, 23511 MiB, 446.80 W, 100 %, 72
2026/10/09 21:49:31.237, 23513 MiB, 448.61 W, 100 %, 73
2026/10/09 21:49:32.243, 23513 MiB, 445.73 W, 100 %, 72
2026/10/09 21:49:33.257, 23513 MiB, 448.60 W, 100 %, 73
2026/10/09 21:49:34.271, 23513 MiB, 448.57 W, 100 %, 75
2026/10/09 21:49:35.272, 23513 MiB, 445.97 W, 100 %, 72
2026/10/09 21:49:36.281, 23513 MiB, 446.66 W, 100 %, 74
2026/10/09 21:49:37.291, 23513 MiB, 446.47 W, 100 %, 72
2026/10/09 21:49:38.295, 23513 MiB, 447.92 W, 100 %, 74
2026/10/09 21:49:39.304, 23513 MiB, 445.47 W, 99 %, 72
2026/10/09 21:49:40.308, 23513 MiB, 448.57 W, 99 %, 73
2026/10/09 21:49:41.319, 23513 MiB, 448.03 W, 99 %, 73
2026/10/09 21:49:42.324, 23513 MiB, 446.64 W, 100 %, 73
2026/10/09 21:49:43.328, 23513 MiB, 448.23 W, 100 %, 72
2026/10/09 21:49:44.344, 23515 MiB, 448.49 W, 100 %, 73
2026/10/09 21:49:45.354, 23515 MiB, 446.33 W, 100 %, 72
2026/10/09 21:49:46.357, 23515 MiB, 445.82 W, 99 %, 72
2026/10/09 21:49:47.367, 23515 MiB, 447.18 W, 100 %, 73
2026/10/09 21:49:48.368, 23515 MiB, 446.32 W, 100 %, 73
2026/10/09 21:49:49.377, 23515 MiB, 447.20 W, 100 %, 72
2026/10/09 21:49:50.383, 23515 MiB, 446.83 W, 100 %, 73
2026/10/09 21:49:51.398, 23515 MiB, 446.14 W, 99 %, 72
2026/10/09 21:49:52.407, 23515 MiB, 446.84 W, 99 %, 73
2026/10/09 21:49:53.413, 23515 MiB, 445.76 W, 100 %, 73
2026/10/09 21:49:54.421, 23515 MiB, 446.78 W, 100 %, 72
2026/10/09 21:49:55.426, 23515 MiB, 445.83 W, 100 %, 72
2026/10/09 21:49:56.438, 23517 MiB, 446.15 W, 99 %, 74
2026/10/09 21:49:57.443, 23517 MiB, 445.73 W, 100 %, 72
2026/10/09 21:49:58.451, 23517 MiB, 447.40 W, 99 %, 74
2026/10/09 21:49:59.467, 23517 MiB, 447.17 W, 100 %, 72
2026/10/09 21:50:00.469, 23517 MiB, 447.29 W, 100 %, 71
2026/10/09 21:50:01.484, 23517 MiB, 446.92 W, 100 %, 73
2026/10/09 21:50:02.487, 23517 MiB, 447.69 W, 100 %, 71
2026/10/09 21:50:03.498, 23517 MiB, 448.88 W, 100 %, 73
2026/10/09 21:50:04.505, 23517 MiB, 447.74 W, 100 %, 73
2026/10/09 21:50:05.508, 23517 MiB, 446.12 W, 100 %, 73
2026/10/09 21:50:06.519, 23517 MiB, 446.98 W, 100 %, 72
2026/10/09 21:50:07.527, 23517 MiB, 446.75 W, 100 %, 72
2026/10/09 21:50:08.542, 23517 MiB, 447.28 W, 100 %, 73
2026/10/09 21:50:09.552, 23517 MiB, 448.10 W, 100 %, 73
2026/10/09 21:50:10.560, 23517 MiB, 447.17 W, 100 %, 74
2026/10/09 21:50:11.566, 23517 MiB, 447.52 W, 100 %, 73
2026/10/09 21:50:12.582, 23519 MiB, 448.47 W, 100 %, 73
2026/10/09 21:50:13.588, 23519 MiB, 447.61 W, 100 %, 73
2026/10/09 21:50:14.595, 23519 MiB, 447.26 W, 100 %, 74
2026/10/09 21:50:15.617, 23519 MiB, 446.75 W, 99 %, 72
2026/10/09 21:50:16.626, 23519 MiB, 447.21 W, 100 %, 72
2026/10/09 21:50:17.633, 23519 MiB, 446.46 W, 100 %, 73
2026/10/09 21:50:18.645, 23519 MiB, 445.48 W, 100 %, 72
2026/10/09 21:50:19.651, 23519 MiB, 447.44 W, 100 %, 73
2026/10/09 21:50:20.663, 23519 MiB, 447.82 W, 100 %, 73
2026/10/09 21:50:21.668, 23519 MiB, 448.40 W, 100 %, 72
2026/10/09 21:50:22.670, 23519 MiB, 447.69 W, 100 %, 73
2026/10/09 21:50:23.684, 23519 MiB, 445.78 W, 98 %, 72
2026/10/09 21:50:24.692, 23519 MiB, 446.96 W, 100 %, 73
2026/10/09 21:50:25.695, 23521 MiB, 446.75 W, 100 %, 72
2026/10/09 21:50:26.708, 23521 MiB, 446.25 W, 100 %, 72
2026/10/09 21:50:27.716, 23521 MiB, 446.70 W, 100 %, 72
2026/10/09 21:50:28.727, 23521 MiB, 446.19 W, 100 %, 72
2026/10/09 21:50:29.734, 23521 MiB, 448.44 W, 99 %, 72
2026/10/09 21:50:30.744, 23521 MiB, 446.01 W, 99 %, 73
2026/10/09 21:50:31.757, 23521 MiB, 445.60 W, 100 %, 72
2026/10/09 21:50:32.762, 23521 MiB, 445.97 W, 98 %, 72
2026/10/09 21:50:33.770, 23521 MiB, 446.15 W, 99 %, 74
2026/10/09 21:50:34.779, 23521 MiB, 445.21 W, 100 %, 72
2026/10/09 21:50:35.788, 23521 MiB, 447.50 W, 100 %, 73
2026/10/09 21:50:36.802, 23521 MiB, 448.06 W, 100 %, 72
2026/10/09 21:50:37.810, 23521 MiB, 447.91 W, 98 %, 73
2026/10/09 21:50:38.822, 23523 MiB, 446.60 W, 99 %, 71
2026/10/09 21:50:39.833, 23523 MiB, 447.03 W, 100 %, 73
2026/10/09 21:50:40.842, 23523 MiB, 446.32 W, 100 %, 72
2026/10/09 21:50:41.855, 23523 MiB, 444.71 W, 99 %, 73
2026/10/09 21:50:42.866, 23523 MiB, 445.52 W, 100 %, 72
2026/10/09 21:50:43.876, 23523 MiB, 447.40 W, 99 %, 73
2026/10/09 21:50:44.884, 23523 MiB, 446.43 W, 100 %, 72
2026/10/09 21:50:45.886, 23523 MiB, 447.53 W, 100 %, 73
2026/10/09 21:50:46.895, 23523 MiB, 448.67 W, 100 %, 73
2026/10/09 21:50:47.900, 23523 MiB, 446.78 W, 100 %, 72
2026/10/09 21:50:48.906, 23523 MiB, 447.76 W, 100 %, 72
2026/10/09 21:50:49.915, 23523 MiB, 448.49 W, 100 %, 73
2026/10/09 21:50:50.926, 23523 MiB, 448.38 W, 100 %, 75
2026/10/09 21:50:51.932, 23523 MiB, 447.60 W, 100 %, 73
2026/10/09 21:50:52.947, 23523 MiB, 447.51 W, 100 %, 73
2026/10/09 21:50:53.951, 23525 MiB, 449.88 W, 100 %, 74
2026/10/09 21:50:54.961, 23525 MiB, 448.05 W, 98 %, 73
2026/10/09 21:50:55.967, 23525 MiB, 447.51 W, 99 %, 75
2026/10/09 21:50:56.978, 23525 MiB, 447.38 W, 100 %, 73
2026/10/09 21:50:57.984, 23525 MiB, 447.04 W, 100 %, 72
2026/10/09 21:50:58.988, 23525 MiB, 447.67 W, 100 %, 73
2026/10/09 21:50:59.994, 23525 MiB, 447.29 W, 99 %, 73
2026/10/09 21:51:00.996, 23525 MiB, 445.42 W, 100 %, 71
2026/10/09 21:51:01.997, 23525 MiB, 448.11 W, 100 %, 75
2026/10/09 21:51:03.005, 23525 MiB, 447.05 W, 100 %, 73
2026/10/09 21:51:04.006, 23525 MiB, 447.42 W, 100 %, 73
2026/10/09 21:51:05.018, 23525 MiB, 448.33 W, 99 %, 74
2026/10/09 21:51:06.024, 23527 MiB, 448.95 W, 100 %, 73
2026/10/09 21:51:07.034, 23527 MiB, 446.44 W, 100 %, 72
2026/10/09 21:51:08.035, 23527 MiB, 446.33 W, 99 %, 72
2026/10/09 21:51:09.044, 23527 MiB, 446.39 W, 100 %, 73
2026/10/09 21:51:10.048, 23527 MiB, 444.08 W, 100 %, 73
2026/10/09 21:51:11.058, 23527 MiB, 446.97 W, 99 %, 72
2026/10/09 21:51:12.064, 23527 MiB, 447.38 W, 100 %, 73
2026/10/09 21:51:13.066, 23527 MiB, 447.78 W, 100 %, 73
2026/10/09 21:51:14.079, 23527 MiB, 446.24 W, 100 %, 73
2026/10/09 21:51:15.090, 23527 MiB, 446.64 W, 99 %, 74
2026/10/09 21:51:16.090, 23527 MiB, 448.41 W, 99 %, 74
2026/10/09 21:51:17.100, 23527 MiB, 448.48 W, 100 %, 73
2026/10/09 21:51:18.105, 23529 MiB, 447.64 W, 100 %, 72
2026/10/09 21:51:19.105, 23529 MiB, 445.67 W, 100 %, 72
2026/10/09 21:51:20.107, 23529 MiB, 446.71 W, 100 %, 73
2026/10/09 21:51:21.120, 23529 MiB, 448.50 W, 100 %, 74
2026/10/09 21:51:22.122, 23529 MiB, 448.03 W, 100 %, 72
2026/10/09 21:51:23.126, 23529 MiB, 448.57 W, 100 %, 74
2026/10/09 21:51:24.131, 23529 MiB, 448.96 W, 100 %, 73
2026/10/09 21:51:25.141, 23529 MiB, 446.55 W, 99 %, 73
2026/10/09 21:51:26.146, 23529 MiB, 446.40 W, 99 %, 73
2026/10/09 21:51:27.148, 23529 MiB, 448.63 W, 100 %, 75
2026/10/09 21:51:28.163, 23529 MiB, 447.90 W, 99 %, 74
2026/10/09 21:51:29.165, 23529 MiB, 446.39 W, 99 %, 72
2026/10/09 21:51:30.169, 23529 MiB, 447.00 W, 100 %, 72
2026/10/09 21:51:31.182, 23531 MiB, 447.76 W, 100 %, 73
2026/10/09 21:51:32.197, 23531 MiB, 446.01 W, 97 %, 72
2026/10/09 21:51:33.199, 23531 MiB, 444.95 W, 100 %, 72
2026/10/09 21:51:34.205, 23531 MiB, 448.26 W, 100 %, 74
2026/10/09 21:51:35.208, 23531 MiB, 449.11 W, 100 %, 73
2026/10/09 21:51:36.212, 23531 MiB, 448.77 W, 100 %, 73
2026/10/09 21:51:37.218, 23531 MiB, 448.08 W, 100 %, 73
2026/10/09 21:51:38.218, 23531 MiB, 448.90 W, 100 %, 75
2026/10/09 21:51:39.230, 23531 MiB, 448.50 W, 100 %, 74
2026/10/09 21:51:40.239, 23531 MiB, 446.85 W, 100 %, 72
2026/10/09 21:51:41.250, 23531 MiB, 447.70 W, 99 %, 72
2026/10/09 21:51:42.263, 23533 MiB, 448.06 W, 100 %, 74
2026/10/09 21:51:43.275, 23533 MiB, 447.61 W, 99 %, 72
2026/10/09 21:51:44.277, 23533 MiB, 444.93 W, 100 %, 71
2026/10/09 21:51:45.279, 23533 MiB, 446.71 W, 100 %, 73
2026/10/09 21:51:46.281, 23533 MiB, 445.08 W, 100 %, 72
2026/10/09 21:51:47.290, 23533 MiB, 445.67 W, 98 %, 74
2026/10/09 21:51:48.313, 23533 MiB, 446.52 W, 100 %, 73
2026/10/09 21:51:49.321, 23533 MiB, 447.66 W, 100 %, 73
2026/10/09 21:51:50.325, 23533 MiB, 448.31 W, 100 %, 73
2026/10/09 21:51:51.336, 23533 MiB, 449.59 W, 100 %, 73
2026/10/09 21:51:52.338, 23533 MiB, 447.63 W, 100 %, 73
2026/10/09 21:51:53.343, 23533 MiB, 447.26 W, 99 %, 73
2026/10/09 21:51:54.344, 23533 MiB, 447.38 W, 100 %, 73
2026/10/09 21:51:55.351, 23533 MiB, 447.25 W, 100 %, 72
2026/10/09 21:51:56.355, 23535 MiB, 447.44 W, 100 %, 73
2026/10/09 21:51:57.363, 23535 MiB, 448.11 W, 100 %, 73
2026/10/09 21:51:58.378, 23535 MiB, 447.68 W, 100 %, 73
2026/10/09 21:51:59.379, 23535 MiB, 448.06 W, 100 %, 74
2026/10/09 21:52:00.394, 23535 MiB, 447.70 W, 100 %, 72
2026/10/09 21:52:01.408, 23535 MiB, 447.57 W, 100 %, 73
2026/10/09 21:52:02.419, 23535 MiB, 449.39 W, 100 %, 74
2026/10/09 21:52:03.425, 23535 MiB, 448.62 W, 100 %, 72
2026/10/09 21:52:04.429, 23535 MiB, 447.34 W, 100 %, 73
2026/10/09 21:52:05.437, 23535 MiB, 446.79 W, 100 %, 73
2026/10/09 21:52:06.439, 23535 MiB, 447.78 W, 100 %, 73
2026/10/09 21:52:07.445, 23537 MiB, 448.84 W, 98 %, 72
2026/10/09 21:52:08.450, 23537 MiB, 448.34 W, 100 %, 74
2026/10/09 21:52:09.458, 23537 MiB, 446.15 W, 98 %, 72
2026/10/09 21:52:10.462, 23537 MiB, 446.36 W, 100 %, 73
2026/10/09 21:52:11.478, 23537 MiB, 447.84 W, 100 %, 74
2026/10/09 21:52:12.483, 23537 MiB, 447.75 W, 100 %, 72
2026/10/09 21:52:13.489, 23537 MiB, 448.24 W, 99 %, 73
2026/10/09 21:52:14.500, 23537 MiB, 446.52 W, 97 %, 73
2026/10/09 21:52:15.511, 23537 MiB, 447.68 W, 100 %, 73
2026/10/09 21:52:16.511, 23537 MiB, 449.21 W, 100 %, 72
2026/10/09 21:52:17.521, 23539 MiB, 448.48 W, 100 %, 72
2026/10/09 21:52:18.532, 23539 MiB, 445.46 W, 99 %, 72
2026/10/09 21:52:19.536, 23539 MiB, 444.64 W, 100 %, 73
2026/10/09 21:52:20.549, 23539 MiB, 446.92 W, 100 %, 72
2026/10/09 21:52:21.556, 23539 MiB, 447.57 W, 100 %, 73
2026/10/09 21:52:22.561, 23539 MiB, 447.59 W, 100 %, 73
2026/10/09 21:52:23.565, 23539 MiB, 449.12 W, 99 %, 72
2026/10/09 21:52:24.581, 23539 MiB, 447.55 W, 100 %, 73
2026/10/09 21:52:25.586, 23539 MiB, 447.76 W, 99 %, 73
2026/10/09 21:52:26.599, 23539 MiB, 448.17 W, 100 %, 73
2026/10/09 21:52:27.605, 23539 MiB, 447.97 W, 99 %, 71
2026/10/09 21:52:28.611, 23539 MiB, 447.05 W, 100 %, 73
2026/10/09 21:52:29.614, 23541 MiB, 447.73 W, 100 %, 72
2026/10/09 21:52:30.622, 23541 MiB, 447.61 W, 100 %, 73
2026/10/09 21:52:31.629, 23541 MiB, 447.41 W, 100 %, 73
2026/10/09 21:52:32.631, 23541 MiB, 449.77 W, 100 %, 73
2026/10/09 21:52:33.637, 23541 MiB, 448.83 W, 100 %, 74
2026/10/09 21:52:34.647, 23541 MiB, 448.12 W, 99 %, 73
2026/10/09 21:52:35.656, 23541 MiB, 446.70 W, 100 %, 72
2026/10/09 21:52:36.663, 23541 MiB, 447.20 W, 100 %, 74
2026/10/09 21:52:37.668, 23541 MiB, 447.78 W, 100 %, 73
2026/10/09 21:52:38.676, 23543 MiB, 448.83 W, 100 %, 71
2026/10/09 21:52:39.689, 23543 MiB, 445.24 W, 100 %, 72
2026/10/09 21:52:40.700, 23543 MiB, 447.96 W, 100 %, 74
2026/10/09 21:52:41.715, 23543 MiB, 450.01 W, 100 %, 73
2026/10/09 21:52:42.730, 23543 MiB, 448.37 W, 100 %, 73
2026/10/09 21:52:43.731, 23543 MiB, 447.13 W, 99 %, 73
2026/10/09 21:52:44.743, 23543 MiB, 446.89 W, 100 %, 72
2026/10/09 21:52:45.749, 23543 MiB, 445.66 W, 100 %, 73
2026/10/09 21:52:46.756, 23543 MiB, 446.49 W, 99 %, 73
2026/10/09 21:52:47.765, 23543 MiB, 448.13 W, 99 %, 75
2026/10/09 21:52:48.772, 23543 MiB, 448.50 W, 100 %, 73
2026/10/09 21:52:49.781, 23543 MiB, 448.59 W, 100 %, 73
2026/10/09 21:52:50.794, 23543 MiB, 448.13 W, 100 %, 74
2026/10/09 21:52:51.797, 23545 MiB, 446.41 W, 100 %, 74
2026/10/09 21:52:52.803, 23545 MiB, 447.58 W, 100 %, 73
2026/10/09 21:52:53.818, 23545 MiB, 447.76 W, 100 %, 74
2026/10/09 21:52:54.832, 23545 MiB, 448.22 W, 100 %, 73
2026/10/09 21:52:55.841, 23545 MiB, 448.18 W, 100 %, 74
2026/10/09 21:52:56.850, 23545 MiB, 446.59 W, 99 %, 73
2026/10/09 21:52:57.857, 23545 MiB, 447.79 W, 100 %, 73
2026/10/09 21:52:58.862, 23545 MiB, 447.10 W, 100 %, 74
2026/10/09 21:52:59.872, 23545 MiB, 447.38 W, 100 %, 73
2026/10/09 21:53:00.884, 23545 MiB, 447.57 W, 100 %, 73
2026/10/09 21:53:01.890, 23545 MiB, 449.75 W, 100 %, 74
2026/10/09 21:53:02.895, 23545 MiB, 446.83 W, 100 %, 73
2026/10/09 21:53:03.901, 23547 MiB, 447.86 W, 99 %, 73
2026/10/09 21:53:04.914, 23547 MiB, 448.47 W, 100 %, 72
2026/10/09 21:53:05.920, 23547 MiB, 447.34 W, 98 %, 72
2026/10/09 21:53:06.922, 23547 MiB, 447.58 W, 100 %, 72
2026/10/09 21:53:07.934, 23547 MiB, 448.40 W, 100 %, 72
2026/10/09 21:53:08.949, 23547 MiB, 448.01 W, 100 %, 74
2026/10/09 21:53:09.959, 23547 MiB, 447.79 W, 100 %, 73
2026/10/09 21:53:10.967, 23547 MiB, 448.13 W, 100 %, 74
2026/10/09 21:53:11.979, 23547 MiB, 447.28 W, 98 %, 73
2026/10/09 21:53:12.980, 23549 MiB, 446.76 W, 100 %, 74
2026/10/09 21:53:13.985, 23549 MiB, 446.87 W, 100 %, 72
2026/10/09 21:53:14.991, 23549 MiB, 448.49 W, 100 %, 73
2026/10/09 21:53:15.997, 23549 MiB, 447.68 W, 100 %, 72
2026/10/09 21:53:17.000, 23549 MiB, 448.18 W, 98 %, 73
2026/10/09 21:53:18.005, 23549 MiB, 449.55 W, 100 %, 73
2026/10/09 21:53:19.013, 23549 MiB, 448.04 W, 98 %, 73
2026/10/09 21:53:20.025, 23549 MiB, 448.72 W, 100 %, 73
2026/10/09 21:53:21.038, 23549 MiB, 447.45 W, 98 %, 72
2026/10/09 21:53:22.049, 23549 MiB, 447.82 W, 100 %, 72
2026/10/09 21:53:23.064, 23549 MiB, 447.73 W, 100 %, 73
2026/10/09 21:53:24.077, 23549 MiB, 449.03 W, 99 %, 74
2026/10/09 21:53:25.097, 23551 MiB, 446.63 W, 98 %, 73
2026/10/09 21:53:26.108, 23551 MiB, 446.17 W, 99 %, 74
2026/10/09 21:53:27.115, 23551 MiB, 446.71 W, 100 %, 73
2026/10/09 21:53:28.119, 23551 MiB, 446.31 W, 99 %, 72
2026/10/09 21:53:29.123, 23551 MiB, 447.30 W, 100 %, 72
2026/10/09 21:53:30.127, 23551 MiB, 447.01 W, 100 %, 72
2026/10/09 21:53:31.128, 23551 MiB, 448.20 W, 100 %, 74
2026/10/09 21:53:32.132, 23551 MiB, 447.27 W, 99 %, 72
2026/10/09 21:53:33.133, 23551 MiB, 447.53 W, 100 %, 73
2026/10/09 21:53:34.139, 23553 MiB, 447.33 W, 100 %, 73
2026/10/09 21:53:35.147, 23553 MiB, 449.19 W, 100 %, 73
2026/10/09 21:53:36.155, 23553 MiB, 448.94 W, 99 %, 73
2026/10/09 21:53:37.157, 23553 MiB, 448.20 W, 100 %, 75
2026/10/09 21:53:38.172, 23553 MiB, 447.16 W, 100 %, 72
2026/10/09 21:53:39.177, 23553 MiB, 446.87 W, 100 %, 72
2026/10/09 21:53:40.177, 23553 MiB, 446.24 W, 99 %, 73
2026/10/09 21:53:41.186, 23553 MiB, 448.40 W, 100 %, 73
2026/10/09 21:53:42.188, 23553 MiB, 448.56 W, 100 %, 74
2026/10/09 21:53:43.195, 23553 MiB, 447.80 W, 98 %, 73
2026/10/09 21:53:44.199, 23553 MiB, 448.73 W, 99 %, 74
2026/10/09 21:53:45.206, 23553 MiB, 447.74 W, 99 %, 73
2026/10/09 21:53:46.209, 23555 MiB, 448.48 W, 100 %, 72
2026/10/09 21:53:47.215, 23555 MiB, 448.30 W, 100 %, 73
2026/10/09 21:53:48.224, 23555 MiB, 447.95 W, 98 %, 73
2026/10/09 21:53:49.236, 23555 MiB, 448.09 W, 100 %, 72
2026/10/09 21:53:50.238, 23555 MiB, 448.14 W, 100 %, 74
2026/10/09 21:53:51.241, 23555 MiB, 447.56 W, 100 %, 73
2026/10/09 21:53:52.254, 23555 MiB, 448.26 W, 100 %, 73
2026/10/09 21:53:53.268, 23555 MiB, 447.63 W, 98 %, 71
2026/10/09 21:53:54.283, 23557 MiB, 446.36 W, 100 %, 72
2026/10/09 21:53:55.295, 23557 MiB, 447.49 W, 97 %, 73
2026/10/09 21:53:56.308, 23557 MiB, 446.18 W, 100 %, 72
2026/10/09 21:53:57.309, 23557 MiB, 447.58 W, 99 %, 74
2026/10/09 21:53:58.322, 23557 MiB, 446.98 W, 99 %, 72
2026/10/09 21:53:59.324, 23557 MiB, 447.88 W, 100 %, 73
2026/10/09 21:54:00.338, 23557 MiB, 447.35 W, 100 %, 73
2026/10/09 21:54:01.340, 23557 MiB, 447.50 W, 100 %, 73
2026/10/09 21:54:02.352, 23557 MiB, 447.52 W, 100 %, 73
2026/10/09 21:54:03.368, 23557 MiB, 447.83 W, 100 %, 74
2026/10/09 21:54:04.370, 23557 MiB, 448.06 W, 100 %, 73
2026/10/09 21:54:05.376, 23557 MiB, 447.06 W, 100 %, 73
2026/10/09 21:54:06.380, 23559 MiB, 447.41 W, 100 %, 73
2026/10/09 21:54:07.383, 23559 MiB, 447.75 W, 100 %, 73
2026/10/09 21:54:08.391, 23559 MiB, 447.77 W, 99 %, 74
2026/10/09 21:54:09.396, 23559 MiB, 447.73 W, 100 %, 72
2026/10/09 21:54:10.398, 23559 MiB, 446.72 W, 100 %, 72
2026/10/09 21:54:11.411, 23559 MiB, 447.95 W, 100 %, 75
2026/10/09 21:54:12.415, 23559 MiB, 447.21 W, 99 %, 74
2026/10/09 21:54:13.429, 23559 MiB, 448.62 W, 100 %, 75
2026/10/09 21:54:14.430, 23559 MiB, 447.12 W, 99 %, 73
2026/10/09 21:54:15.437, 23561 MiB, 447.94 W, 99 %, 75
2026/10/09 21:54:16.452, 23561 MiB, 448.28 W, 100 %, 74
2026/10/09 21:54:17.456, 23561 MiB, 448.00 W, 100 %, 72
2026/10/09 21:54:18.460, 23561 MiB, 448.14 W, 100 %, 73
2026/10/09 21:54:19.476, 23561 MiB, 448.38 W, 98 %, 73
2026/10/09 21:54:20.491, 23561 MiB, 448.23 W, 100 %, 74
2026/10/09 21:54:21.503, 23561 MiB, 448.52 W, 100 %, 73
2026/10/09 21:54:22.504, 23561 MiB, 446.98 W, 100 %, 73
2026/10/09 21:54:23.506, 23561 MiB, 447.13 W, 100 %, 73
2026/10/09 21:54:24.511, 23561 MiB, 446.98 W, 99 %, 72
2026/10/09 21:54:25.517, 23563 MiB, 448.02 W, 100 %, 72
2026/10/09 21:54:26.528, 23563 MiB, 447.97 W, 100 %, 73
2026/10/09 21:54:27.534, 23563 MiB, 447.26 W, 98 %, 73
2026/10/09 21:54:28.537, 23563 MiB, 449.16 W, 100 %, 72
2026/10/09 21:54:29.540, 23563 MiB, 444.65 W, 100 %, 73
2026/10/09 21:54:30.546, 23563 MiB, 446.39 W, 100 %, 73
2026/10/09 21:54:31.556, 23563 MiB, 447.55 W, 100 %, 72
2026/10/09 21:54:32.558, 23563 MiB, 447.39 W, 100 %, 73
2026/10/09 21:54:33.569, 23563 MiB, 448.15 W, 99 %, 72
2026/10/09 21:54:34.578, 23563 MiB, 448.08 W, 98 %, 73
2026/10/09 21:54:35.581, 23565 MiB, 447.62 W, 100 %, 73
2026/10/09 21:54:36.591, 23565 MiB, 447.97 W, 100 %, 74
2026/10/09 21:54:37.600, 23565 MiB, 447.15 W, 100 %, 73
2026/10/09 21:54:38.613, 23565 MiB, 447.19 W, 97 %, 72
2026/10/09 21:54:39.622, 23565 MiB, 447.25 W, 100 %, 73
2026/10/09 21:54:40.630, 23565 MiB, 448.41 W, 100 %, 73
2026/10/09 21:54:41.637, 23565 MiB, 448.20 W, 100 %, 73
2026/10/09 21:54:42.652, 23565 MiB, 447.84 W, 99 %, 73
2026/10/09 21:54:43.654, 23567 MiB, 445.92 W, 100 %, 72
2026/10/09 21:54:44.658, 23567 MiB, 447.17 W, 100 %, 73
2026/10/09 21:54:45.671, 23567 MiB, 448.23 W, 100 %, 74
2026/10/09 21:54:46.685, 23567 MiB, 448.46 W, 100 %, 73
2026/10/09 21:54:47.689, 23567 MiB, 447.86 W, 100 %, 75
2026/10/09 21:54:48.693, 23567 MiB, 448.18 W, 99 %, 72
2026/10/09 21:54:49.700, 23567 MiB, 447.18 W, 100 %, 73
2026/10/09 21:54:50.706, 23567 MiB, 448.48 W, 99 %, 73
2026/10/09 21:54:51.715, 23567 MiB, 447.07 W, 100 %, 74
2026/10/09 21:54:52.725, 23567 MiB, 447.68 W, 100 %, 73
2026/10/09 21:54:53.737, 23567 MiB, 448.08 W, 100 %, 73
2026/10/09 21:54:54.744, 23569 MiB, 448.05 W, 100 %, 74
2026/10/09 21:54:55.756, 23569 MiB, 447.96 W, 100 %, 74
2026/10/09 21:54:56.760, 23569 MiB, 447.83 W, 100 %, 72
2026/10/09 21:54:57.779, 23569 MiB, 447.61 W, 99 %, 73
2026/10/09 21:54:58.791, 23569 MiB, 447.80 W, 100 %, 73
2026/10/09 21:54:59.799, 23569 MiB, 446.64 W, 99 %, 73
2026/10/09 21:55:00.813, 23569 MiB, 447.17 W, 100 %, 73
2026/10/09 21:55:01.823, 23569 MiB, 447.28 W, 99 %, 75
2026/10/09 21:55:02.824, 23569 MiB, 448.84 W, 100 %, 74
2026/10/09 21:55:03.829, 23571 MiB, 447.21 W, 100 %, 74
2026/10/09 21:55:04.836, 23571 MiB, 448.43 W, 100 %, 73
2026/10/09 21:55:05.843, 23571 MiB, 448.06 W, 100 %, 72
2026/10/09 21:55:06.854, 23571 MiB, 446.57 W, 100 %, 72
2026/10/09 21:55:07.862, 23571 MiB, 446.08 W, 100 %, 74
2026/10/09 21:55:08.872, 23571 MiB, 446.80 W, 100 %, 73
2026/10/09 21:55:09.883, 23571 MiB, 448.24 W, 100 %, 72
2026/10/09 21:55:10.888, 23571 MiB, 448.56 W, 100 %, 73
2026/10/09 21:55:11.899, 23573 MiB, 447.56 W, 100 %, 74
2026/10/09 21:55:12.912, 23573 MiB, 448.38 W, 100 %, 73
2026/10/09 21:55:13.925, 23573 MiB, 448.55 W, 100 %, 74
2026/10/09 21:55:14.940, 23573 MiB, 447.76 W, 100 %, 73
2026/10/09 21:55:15.953, 23573 MiB, 448.00 W, 100 %, 76
2026/10/09 21:55:16.960, 23573 MiB, 448.46 W, 100 %, 74
2026/10/09 21:55:17.971, 23573 MiB, 448.47 W, 100 %, 73
2026/10/09 21:55:18.986, 23573 MiB, 448.49 W, 100 %, 73
2026/10/09 21:55:19.997, 23573 MiB, 447.61 W, 100 %, 73
2026/10/09 21:55:21.010, 23573 MiB, 447.78 W, 100 %, 73
2026/10/09 21:55:22.021, 23573 MiB, 447.90 W, 100 %, 73
2026/10/09 21:55:23.036, 23575 MiB, 448.36 W, 100 %, 72
2026/10/09 21:55:24.041, 23575 MiB, 448.67 W, 100 %, 73
2026/10/09 21:55:25.053, 23575 MiB, 447.45 W, 100 %, 73
2026/10/09 21:55:26.062, 23575 MiB, 447.56 W, 100 %, 73
2026/10/09 21:55:27.069, 23575 MiB, 447.46 W, 98 %, 73
2026/10/09 21:55:28.082, 23575 MiB, 447.72 W, 100 %, 74
2026/10/09 21:55:29.091, 23575 MiB, 447.17 W, 100 %, 74
2026/10/09 21:55:30.099, 23575 MiB, 447.95 W, 100 %, 73
2026/10/09 21:55:31.109, 23575 MiB, 447.98 W, 100 %, 73
2026/10/09 21:55:32.119, 23575 MiB, 447.60 W, 99 %, 73
2026/10/09 21:55:33.132, 23577 MiB, 448.28 W, 99 %, 73
2026/10/09 21:55:34.143, 23577 MiB, 447.33 W, 100 %, 73
2026/10/09 21:55:35.149, 23577 MiB, 447.66 W, 99 %, 73
2026/10/09 21:55:36.155, 23577 MiB, 447.65 W, 100 %, 75
2026/10/09 21:55:37.158, 23577 MiB, 448.29 W, 100 %, 73
2026/10/09 21:55:38.159, 23577 MiB, 449.52 W, 100 %, 73
2026/10/09 21:55:39.174, 23577 MiB, 448.20 W, 100 %, 73
2026/10/09 21:55:40.188, 23577 MiB, 448.26 W, 100 %, 74
2026/10/09 21:55:41.188, 23577 MiB, 448.68 W, 100 %, 73
2026/10/09 21:55:42.202, 23579 MiB, 447.91 W, 100 %, 74
2026/10/09 21:55:43.210, 23579 MiB, 448.24 W, 99 %, 75
2026/10/09 21:55:44.212, 23579 MiB, 448.67 W, 100 %, 73
2026/10/09 21:55:45.226, 23579 MiB, 449.80 W, 100 %, 75
2026/10/09 21:55:46.233, 23579 MiB, 449.80 W, 100 %, 73
2026/10/09 21:55:47.241, 23579 MiB, 447.45 W, 100 %, 73
2026/10/09 21:55:48.247, 23579 MiB, 448.64 W, 100 %, 74
2026/10/09 21:55:49.255, 23579 MiB, 447.52 W, 100 %, 73
2026/10/09 21:55:50.268, 23579 MiB, 448.02 W, 100 %, 74
2026/10/09 21:55:51.282, 23581 MiB, 447.70 W, 98 %, 73
2026/10/09 21:55:52.295, 23581 MiB, 447.50 W, 100 %, 73
2026/10/09 21:55:53.296, 23581 MiB, 449.44 W, 100 %, 72
2026/10/09 21:55:54.301, 23581 MiB, 448.19 W, 100 %, 73
2026/10/09 21:55:55.312, 23581 MiB, 447.10 W, 99 %, 73
2026/10/09 21:55:56.314, 23581 MiB, 448.41 W, 100 %, 74
2026/10/09 21:55:57.318, 23583 MiB, 447.78 W, 100 %, 73
2026/10/09 21:55:58.323, 23583 MiB, 447.72 W, 100 %, 74
2026/10/09 21:55:59.335, 23583 MiB, 448.43 W, 100 %, 73
2026/10/09 21:56:00.349, 23583 MiB, 448.51 W, 98 %, 73
2026/10/09 21:56:01.353, 23583 MiB, 448.53 W, 99 %, 72
2026/10/09 21:56:02.359, 23583 MiB, 447.99 W, 99 %, 73
2026/10/09 21:56:03.366, 23583 MiB, 446.76 W, 99 %, 73
2026/10/09 21:56:04.373, 23583 MiB, 447.42 W, 100 %, 73
2026/10/09 21:56:05.378, 23583 MiB, 447.95 W, 100 %, 73
2026/10/09 21:56:06.381, 23583 MiB, 448.88 W, 100 %, 73
2026/10/09 21:56:07.384, 23583 MiB, 448.07 W, 100 %, 73
2026/10/09 21:56:08.386, 23583 MiB, 448.10 W, 100 %, 74
2026/10/09 21:56:09.387, 23585 MiB, 448.05 W, 100 %, 74
2026/10/09 21:56:10.391, 23585 MiB, 448.78 W, 100 %, 72
2026/10/09 21:56:11.401, 23585 MiB, 448.79 W, 100 %, 73
2026/10/09 21:56:12.410, 23585 MiB, 449.14 W, 99 %, 73
2026/10/09 21:56:13.424, 23585 MiB, 448.81 W, 100 %, 73
2026/10/09 21:56:14.430, 23585 MiB, 445.91 W, 100 %, 73
2026/10/09 21:56:15.435, 23585 MiB, 447.43 W, 99 %, 73
2026/10/09 21:56:16.450, 23585 MiB, 448.47 W, 100 %, 73
2026/10/09 21:56:17.452, 23585 MiB, 448.98 W, 100 %, 73
2026/10/09 21:56:18.460, 23587 MiB, 448.21 W, 100 %, 73
2026/10/09 21:56:19.474, 23587 MiB, 447.90 W, 100 %, 73
2026/10/09 21:56:20.482, 23587 MiB, 447.60 W, 98 %, 73
2026/10/09 21:56:21.491, 23587 MiB, 448.14 W, 100 %, 73
2026/10/09 21:56:22.503, 23587 MiB, 448.10 W, 100 %, 73
2026/10/09 21:56:23.516, 23587 MiB, 448.09 W, 100 %, 73
2026/10/09 21:56:24.531, 23587 MiB, 448.43 W, 100 %, 74
2026/10/09 21:56:25.539, 23587 MiB, 448.26 W, 100 %, 73
2026/10/09 21:56:26.543, 23587 MiB, 448.88 W, 100 %, 73
2026/10/09 21:56:27.552, 23589 MiB, 448.57 W, 100 %, 72
2026/10/09 21:56:28.555, 23589 MiB, 448.38 W, 100 %, 72
2026/10/09 21:56:29.560, 23589 MiB, 448.14 W, 100 %, 73
2026/10/09 21:56:30.565, 23589 MiB, 447.55 W, 100 %, 73
2026/10/09 21:56:31.569, 23591 MiB, 448.03 W, 100 %, 73
2026/10/09 21:56:32.571, 23591 MiB, 447.84 W, 99 %, 74
2026/10/09 21:56:33.572, 23591 MiB, 448.16 W, 100 %, 72
2026/10/09 21:56:34.575, 23591 MiB, 447.47 W, 100 %, 73
2026/10/09 21:56:35.585, 23591 MiB, 448.17 W, 100 %, 75
2026/10/09 21:56:36.589, 23591 MiB, 447.85 W, 100 %, 73
2026/10/09 21:56:37.595, 23591 MiB, 448.71 W, 100 %, 73
2026/10/09 21:56:38.600, 23593 MiB, 448.19 W, 100 %, 74
2026/10/09 21:56:39.608, 23593 MiB, 447.42 W, 100 %, 73
2026/10/09 21:56:40.620, 23593 MiB, 446.90 W, 100 %, 73
2026/10/09 21:56:41.629, 23593 MiB, 448.11 W, 98 %, 73
2026/10/09 21:56:42.634, 23593 MiB, 448.29 W, 99 %, 73
2026/10/09 21:56:43.637, 23593 MiB, 448.98 W, 100 %, 74
2026/10/09 21:56:44.651, 23593 MiB, 448.85 W, 100 %, 73
2026/10/09 21:56:45.658, 23595 MiB, 447.85 W, 100 %, 73
2026/10/09 21:56:46.662, 23595 MiB, 448.54 W, 100 %, 72
2026/10/09 21:56:47.663, 23595 MiB, 447.76 W, 100 %, 72
2026/10/09 21:56:48.669, 23595 MiB, 447.41 W, 100 %, 73
2026/10/09 21:56:49.683, 23595 MiB, 448.54 W, 100 %, 72
2026/10/09 21:56:50.695, 23595 MiB, 447.93 W, 98 %, 75
2026/10/09 21:56:51.705, 23595 MiB, 448.07 W, 100 %, 73
2026/10/09 21:56:52.720, 23595 MiB, 446.45 W, 98 %, 75
2026/10/09 21:56:53.724, 23595 MiB, 447.95 W, 100 %, 73
2026/10/09 21:56:54.732, 23597 MiB, 446.80 W, 99 %, 73
2026/10/09 21:56:55.736, 23597 MiB, 447.57 W, 100 %, 73
2026/10/09 21:56:56.742, 23597 MiB, 447.89 W, 100 %, 73
2026/10/09 21:56:57.751, 23597 MiB, 447.74 W, 99 %, 73
2026/10/09 21:56:58.760, 23597 MiB, 448.46 W, 99 %, 73
2026/10/09 21:56:59.766, 23597 MiB, 448.74 W, 100 %, 73
2026/10/09 21:57:00.770, 23597 MiB, 447.78 W, 100 %, 73
2026/10/09 21:57:01.775, 23599 MiB, 448.19 W, 100 %, 73
2026/10/09 21:57:02.776, 23599 MiB, 448.64 W, 98 %, 73
2026/10/09 21:57:03.785, 23599 MiB, 448.37 W, 100 %, 73
2026/10/09 21:57:04.789, 23599 MiB, 446.99 W, 100 %, 73
2026/10/09 21:57:05.797, 23599 MiB, 447.58 W, 99 %, 73
2026/10/09 21:57:06.812, 23599 MiB, 448.62 W, 100 %, 74
2026/10/09 21:57:07.826, 23599 MiB, 447.74 W, 99 %, 73
2026/10/09 21:57:08.836, 23599 MiB, 447.77 W, 98 %, 73
2026/10/09 21:57:09.837, 23599 MiB, 448.35 W, 100 %, 73
2026/10/09 21:57:10.838, 23599 MiB, 447.31 W, 98 %, 73
2026/10/09 21:57:11.841, 23599 MiB, 447.00 W, 98 %, 73
2026/10/09 21:57:12.844, 23601 MiB, 448.06 W, 100 %, 73
2026/10/09 21:57:13.850, 23601 MiB, 449.20 W, 100 %, 73
2026/10/09 21:57:14.864, 23601 MiB, 448.37 W, 100 %, 73
2026/10/09 21:57:15.874, 23601 MiB, 448.27 W, 100 %, 73
2026/10/09 21:57:16.877, 23601 MiB, 448.99 W, 100 %, 73
2026/10/09 21:57:17.887, 23601 MiB, 448.64 W, 100 %, 73
2026/10/09 21:57:18.896, 23601 MiB, 447.32 W, 100 %, 74
2026/10/09 21:57:19.900, 23601 MiB, 448.52 W, 100 %, 73
2026/10/09 21:57:20.913, 23601 MiB, 448.38 W, 100 %, 73
2026/10/09 21:57:21.921, 23601 MiB, 447.71 W, 100 %, 72
2026/10/09 21:57:22.932, 23603 MiB, 448.04 W, 100 %, 74
2026/10/09 21:57:23.944, 23603 MiB, 448.72 W, 100 %, 73
2026/10/09 21:57:24.946, 23603 MiB, 448.48 W, 100 %, 73
2026/10/09 21:57:25.952, 23603 MiB, 448.49 W, 100 %, 76
2026/10/09 21:57:26.959, 23603 MiB, 449.20 W, 100 %, 74
2026/10/09 21:57:27.971, 23605 MiB, 449.17 W, 100 %, 73
2026/10/09 21:57:28.986, 23605 MiB, 448.35 W, 99 %, 74
2026/10/09 21:57:29.999, 23605 MiB, 448.89 W, 100 %, 74
2026/10/09 21:57:31.013, 23605 MiB, 449.21 W, 100 %, 75
2026/10/09 21:57:32.028, 23605 MiB, 448.30 W, 100 %, 73
2026/10/09 21:57:33.041, 23605 MiB, 448.60 W, 100 %, 74
2026/10/09 21:57:34.048, 23605 MiB, 447.38 W, 100 %, 72
2026/10/09 21:57:35.054, 23605 MiB, 446.86 W, 97 %, 73
2026/10/09 21:57:36.062, 23605 MiB, 447.27 W, 100 %, 72
2026/10/09 21:57:37.069, 23607 MiB, 447.95 W, 100 %, 73
2026/10/09 21:57:38.081, 23607 MiB, 448.14 W, 100 %, 73
2026/10/09 21:57:39.090, 23607 MiB, 447.98 W, 99 %, 73
2026/10/09 21:57:40.103, 23607 MiB, 446.28 W, 100 %, 73
2026/10/09 21:57:41.115, 23607 MiB, 448.24 W, 100 %, 75
2026/10/09 21:57:42.124, 23607 MiB, 448.86 W, 100 %, 73
2026/10/09 21:57:43.135, 23607 MiB, 449.14 W, 100 %, 73
2026/10/09 21:57:44.148, 23607 MiB, 448.22 W, 98 %, 74
2026/10/09 21:57:45.156, 23609 MiB, 449.52 W, 98 %, 72
2026/10/09 21:57:46.160, 23609 MiB, 448.87 W, 99 %, 73
2026/10/09 21:57:47.162, 23609 MiB, 448.57 W, 98 %, 72
2026/10/09 21:57:48.171, 23609 MiB, 448.51 W, 100 %, 74
2026/10/09 21:57:49.179, 23609 MiB, 449.15 W, 100 %, 73
2026/10/09 21:57:50.190, 23609 MiB, 448.71 W, 100 %, 72
2026/10/09 21:57:51.203, 23609 MiB, 448.54 W, 98 %, 73
2026/10/09 21:57:52.214, 23611 MiB, 448.89 W, 98 %, 73
2026/10/09 21:57:53.219, 23611 MiB, 448.75 W, 99 %, 73
2026/10/09 21:57:54.222, 23611 MiB, 448.11 W, 100 %, 74
2026/10/09 21:57:55.229, 23611 MiB, 451.07 W, 100 %, 74
2026/10/09 21:57:56.230, 23611 MiB, 448.68 W, 98 %, 73
2026/10/09 21:57:57.236, 23611 MiB, 447.73 W, 100 %, 73
2026/10/09 21:57:58.240, 23611 MiB, 448.84 W, 100 %, 73
2026/10/09 21:57:59.240, 23611 MiB, 448.78 W, 99 %, 74
2026/10/09 21:58:00.243, 23613 MiB, 449.35 W, 100 %, 74
2026/10/09 21:58:01.248, 23613 MiB, 448.84 W, 99 %, 73
2026/10/09 21:58:02.257, 23613 MiB, 447.93 W, 100 %, 75
2026/10/09 21:58:03.272, 23613 MiB, 449.04 W, 100 %, 73
2026/10/09 21:58:04.274, 23613 MiB, 448.49 W, 100 %, 73
2026/10/09 21:58:05.282, 23613 MiB, 449.26 W, 100 %, 73
2026/10/09 21:58:06.286, 23613 MiB, 449.43 W, 100 %, 74
2026/10/09 21:58:07.289, 23613 MiB, 449.18 W, 100 %, 73
2026/10/09 21:58:08.296, 23615 MiB, 448.97 W, 100 %, 73
2026/10/09 21:58:09.309, 23615 MiB, 449.00 W, 100 %, 74
2026/10/09 21:58:10.312, 23615 MiB, 448.12 W, 100 %, 73
2026/10/09 21:58:11.313, 23615 MiB, 448.82 W, 100 %, 73
2026/10/09 21:58:12.321, 23615 MiB, 447.71 W, 100 %, 72
2026/10/09 21:58:13.336, 23615 MiB, 449.11 W, 100 %, 74
2026/10/09 21:58:14.351, 23615 MiB, 448.96 W, 99 %, 73
2026/10/09 21:58:15.354, 23617 MiB, 446.88 W, 99 %, 73
2026/10/09 21:58:16.363, 23617 MiB, 448.87 W, 100 %, 73
2026/10/09 21:58:17.371, 23617 MiB, 448.67 W, 100 %, 73
2026/10/09 21:58:18.376, 23617 MiB, 448.00 W, 100 %, 73
2026/10/09 21:58:19.383, 23617 MiB, 447.69 W, 100 %, 72
2026/10/09 21:58:20.396, 23617 MiB, 447.72 W, 99 %, 73
2026/10/09 21:58:21.405, 23617 MiB, 448.11 W, 97 %, 73
2026/10/09 21:58:22.409, 23617 MiB, 448.35 W, 100 %, 72
2026/10/09 21:58:23.411, 23619 MiB, 448.14 W, 100 %, 73
2026/10/09 21:58:24.421, 23619 MiB, 448.18 W, 100 %, 73
2026/10/09 21:58:25.423, 23619 MiB, 447.59 W, 100 %, 73
2026/10/09 21:58:26.424, 23619 MiB, 447.90 W, 100 %, 73
2026/10/09 21:58:27.431, 23619 MiB, 448.38 W, 100 %, 73
2026/10/09 21:58:28.439, 23619 MiB, 448.49 W, 100 %, 72
2026/10/09 21:58:29.440, 23619 MiB, 447.69 W, 100 %, 73
2026/10/09 21:58:30.442, 23619 MiB, 447.50 W, 99 %, 73
2026/10/09 21:58:31.445, 23619 MiB, 446.64 W, 98 %, 73
2026/10/09 21:58:32.452, 23621 MiB, 447.92 W, 100 %, 72
2026/10/09 21:58:33.455, 23621 MiB, 447.34 W, 100 %, 72
2026/10/09 21:58:34.468, 23621 MiB, 447.28 W, 99 %, 73
2026/10/09 21:58:35.474, 23621 MiB, 447.61 W, 98 %, 72
2026/10/09 21:58:36.485, 23621 MiB, 447.35 W, 99 %, 73
2026/10/09 21:58:37.498, 23621 MiB, 448.73 W, 98 %, 73
2026/10/09 21:58:38.498, 23621 MiB, 448.69 W, 99 %, 73
2026/10/09 21:58:39.511, 23621 MiB, 447.98 W, 100 %, 73
2026/10/09 21:58:40.517, 23623 MiB, 449.23 W, 100 %, 73
2026/10/09 21:58:41.529, 23623 MiB, 448.76 W, 98 %, 74
2026/10/09 21:58:42.532, 23623 MiB, 448.53 W, 100 %, 73
2026/10/09 21:58:43.537, 23623 MiB, 448.26 W, 100 %, 72
2026/10/09 21:58:44.544, 23623 MiB, 448.69 W, 100 %, 75
2026/10/09 21:58:45.555, 23623 MiB, 448.43 W, 98 %, 73
2026/10/09 21:58:46.558, 23623 MiB, 447.88 W, 100 %, 73
2026/10/09 21:58:47.567, 23623 MiB, 448.53 W, 100 %, 72
2026/10/09 21:58:48.578, 23625 MiB, 447.42 W, 100 %, 73
2026/10/09 21:58:49.592, 23625 MiB, 447.68 W, 100 %, 72
2026/10/09 21:58:50.596, 23625 MiB, 448.13 W, 100 %, 75
2026/10/09 21:58:51.610, 23625 MiB, 448.41 W, 100 %, 73
2026/10/09 21:58:52.623, 23625 MiB, 448.16 W, 100 %, 73
2026/10/09 21:58:53.638, 23625 MiB, 448.22 W, 100 %, 74
2026/10/09 21:58:54.640, 23625 MiB, 446.47 W, 100 %, 73
2026/10/09 21:58:55.655, 23627 MiB, 448.13 W, 100 %, 74
2026/10/09 21:58:56.669, 23627 MiB, 448.09 W, 100 %, 73
2026/10/09 21:58:57.673, 23627 MiB, 447.61 W, 99 %, 73
2026/10/09 21:58:58.674, 23627 MiB, 447.95 W, 100 %, 73
2026/10/09 21:58:59.679, 23627 MiB, 447.93 W, 98 %, 75
2026/10/09 21:59:00.690, 23627 MiB, 447.71 W, 99 %, 73
2026/10/09 21:59:01.699, 23627 MiB, 448.46 W, 99 %, 74
2026/10/09 21:59:02.700, 23629 MiB, 448.15 W, 98 %, 74
2026/10/09 21:59:03.704, 23629 MiB, 448.23 W, 100 %, 73
2026/10/09 21:59:04.709, 23629 MiB, 448.59 W, 100 %, 73
2026/10/09 21:59:05.711, 23629 MiB, 448.70 W, 100 %, 73
2026/10/09 21:59:06.721, 23629 MiB, 448.35 W, 100 %, 74
2026/10/09 21:59:07.731, 23629 MiB, 448.92 W, 100 %, 73
2026/10/09 21:59:08.733, 23629 MiB, 448.43 W, 99 %, 73
2026/10/09 21:59:09.737, 23629 MiB, 448.48 W, 99 %, 73
2026/10/09 21:59:10.741, 23631 MiB, 448.29 W, 100 %, 73
2026/10/09 21:59:11.744, 23631 MiB, 448.26 W, 98 %, 74
2026/10/09 21:59:12.748, 23631 MiB, 448.39 W, 99 %, 73
2026/10/09 21:59:13.754, 23631 MiB, 448.37 W, 100 %, 73
2026/10/09 21:59:14.758, 23631 MiB, 447.63 W, 100 %, 73
2026/10/09 21:59:15.762, 23631 MiB, 448.26 W, 98 %, 74
2026/10/09 21:59:16.767, 23631 MiB, 449.76 W, 100 %, 74
2026/10/09 21:59:17.769, 23631 MiB, 447.80 W, 100 %, 72
2026/10/09 21:59:18.774, 23631 MiB, 447.92 W, 100 %, 74
2026/10/09 21:59:19.782, 23631 MiB, 447.53 W, 100 %, 73
2026/10/09 21:59:20.793, 23633 MiB, 447.95 W, 98 %, 73
2026/10/09 21:59:21.799, 23633 MiB, 448.06 W, 98 %, 74
2026/10/09 21:59:22.801, 23633 MiB, 447.90 W, 99 %, 73
2026/10/09 21:59:23.815, 23633 MiB, 448.42 W, 99 %, 73
2026/10/09 21:59:24.821, 23633 MiB, 448.57 W, 100 %, 73
2026/10/09 21:59:25.828, 23635 MiB, 448.65 W, 99 %, 73
2026/10/09 21:59:26.843, 23635 MiB, 448.36 W, 100 %, 73
2026/10/09 21:59:27.847, 23635 MiB, 448.27 W, 100 %, 73
2026/10/09 21:59:28.860, 23635 MiB, 449.34 W, 100 %, 73
2026/10/09 21:59:29.873, 23635 MiB, 448.16 W, 100 %, 73
2026/10/09 21:59:30.882, 23635 MiB, 448.67 W, 100 %, 73
2026/10/09 21:59:31.888, 23635 MiB, 449.19 W, 100 %, 73
2026/10/09 21:59:32.896, 23637 MiB, 449.46 W, 100 %, 73
2026/10/09 21:59:33.903, 23637 MiB, 448.39 W, 100 %, 73
2026/10/09 21:59:34.905, 23637 MiB, 448.56 W, 100 %, 73
2026/10/09 21:59:35.908, 23637 MiB, 447.72 W, 100 %, 72
2026/10/09 21:59:36.918, 23637 MiB, 446.60 W, 98 %, 73
2026/10/09 21:59:37.922, 23637 MiB, 447.12 W, 100 %, 72
2026/10/09 21:59:38.926, 23637 MiB, 447.55 W, 100 %, 74
2026/10/09 21:59:39.948, 23637 MiB, 448.65 W, 100 %, 73
2026/10/09 21:59:40.957, 23639 MiB, 448.10 W, 100 %, 73
2026/10/09 21:59:41.962, 23639 MiB, 447.70 W, 99 %, 73
2026/10/09 21:59:42.963, 23639 MiB, 448.02 W, 100 %, 73
2026/10/09 21:59:43.971, 23639 MiB, 449.02 W, 100 %, 74
2026/10/09 21:59:44.980, 23639 MiB, 449.14 W, 98 %, 74
2026/10/09 21:59:45.992, 23639 MiB, 449.42 W, 99 %, 74
2026/10/09 21:59:46.997, 23639 MiB, 448.87 W, 100 %, 74
2026/10/09 21:59:48.007, 23641 MiB, 449.72 W, 99 %, 75
2026/10/09 21:59:49.014, 23641 MiB, 448.17 W, 98 %, 74
2026/10/09 21:59:50.024, 23641 MiB, 449.06 W, 100 %, 73
2026/10/09 21:59:51.039, 23641 MiB, 449.29 W, 99 %, 73
2026/10/09 21:59:52.050, 23641 MiB, 447.97 W, 100 %, 74
2026/10/09 21:59:53.060, 23641 MiB, 449.17 W, 99 %, 72
2026/10/09 21:59:54.072, 23641 MiB, 448.34 W, 100 %, 73
2026/10/09 21:59:55.084, 23643 MiB, 447.82 W, 99 %, 73
2026/10/09 21:59:56.092, 23643 MiB, 447.99 W, 100 %, 73
2026/10/09 21:59:57.093, 23643 MiB, 446.73 W, 100 %, 73
2026/10/09 21:59:58.095, 23643 MiB, 448.51 W, 100 %, 73
2026/10/09 21:59:59.103, 23643 MiB, 448.68 W, 100 %, 72
2026/10/09 22:00:00.112, 23643 MiB, 449.45 W, 100 %, 73
2026/10/09 22:00:01.124, 23643 MiB, 449.41 W, 100 %, 73
2026/10/09 22:00:02.133, 23643 MiB, 447.67 W, 100 %, 73
2026/10/09 22:00:03.139, 23645 MiB, 449.10 W, 100 %, 73
2026/10/09 22:00:04.147, 23645 MiB, 449.14 W, 100 %, 74
2026/10/09 22:00:05.155, 23645 MiB, 448.80 W, 98 %, 73
2026/10/09 22:00:06.160, 23645 MiB, 448.14 W, 100 %, 74
2026/10/09 22:00:07.171, 23645 MiB, 448.90 W, 99 %, 73
2026/10/09 22:00:08.176, 23645 MiB, 449.04 W, 99 %, 73
2026/10/09 22:00:09.180, 23645 MiB, 449.60 W, 100 %, 73
2026/10/09 22:00:10.186, 23647 MiB, 447.89 W, 100 %, 73
2026/10/09 22:00:11.195, 23647 MiB, 448.89 W, 100 %, 75
2026/10/09 22:00:12.210, 23647 MiB, 448.48 W, 100 %, 74
2026/10/09 22:00:13.217, 23647 MiB, 448.66 W, 100 %, 73
2026/10/09 22:00:14.220, 23647 MiB, 448.67 W, 100 %, 72
2026/10/09 22:00:15.226, 23647 MiB, 447.83 W, 99 %, 74
2026/10/09 22:00:16.234, 23647 MiB, 447.55 W, 100 %, 74
2026/10/09 22:00:17.242, 23649 MiB, 448.83 W, 100 %, 73
2026/10/09 22:00:18.245, 23649 MiB, 448.45 W, 100 %, 73
2026/10/09 22:00:19.260, 23649 MiB, 449.03 W, 100 %, 73
2026/10/09 22:00:20.264, 23649 MiB, 449.40 W, 100 %, 72
2026/10/09 22:00:21.277, 23649 MiB, 448.44 W, 100 %, 73
2026/10/09 22:00:22.285, 23649 MiB, 448.82 W, 100 %, 73
2026/10/09 22:00:23.286, 23649 MiB, 449.43 W, 100 %, 73
2026/10/09 22:00:24.300, 23651 MiB, 448.79 W, 99 %, 73
2026/10/09 22:00:25.302, 23651 MiB, 448.49 W, 100 %, 74
2026/10/09 22:00:26.317, 23651 MiB, 449.61 W, 100 %, 73
2026/10/09 22:00:27.324, 23651 MiB, 448.67 W, 100 %, 73
2026/10/09 22:00:28.332, 23651 MiB, 448.58 W, 100 %, 74
2026/10/09 22:00:29.338, 23651 MiB, 449.40 W, 100 %, 73
2026/10/09 22:00:30.348, 23651 MiB, 449.11 W, 100 %, 72
2026/10/09 22:00:31.352, 23653 MiB, 448.10 W, 98 %, 75
2026/10/09 22:00:32.358, 23653 MiB, 449.74 W, 100 %, 73
2026/10/09 22:00:33.372, 23653 MiB, 448.22 W, 100 %, 73
2026/10/09 22:00:34.385, 23653 MiB, 448.70 W, 100 %, 73
2026/10/09 22:00:35.390, 23653 MiB, 447.59 W, 100 %, 73
2026/10/09 22:00:36.394, 23653 MiB, 449.50 W, 100 %, 73
2026/10/09 22:00:37.410, 23653 MiB, 449.03 W, 99 %, 73
2026/10/09 22:00:38.422, 23655 MiB, 447.84 W, 100 %, 72
2026/10/09 22:00:39.432, 23655 MiB, 448.91 W, 98 %, 73
2026/10/09 22:00:40.436, 23655 MiB, 449.02 W, 100 %, 75
2026/10/09 22:00:41.439, 23655 MiB, 449.18 W, 100 %, 75
2026/10/09 22:00:42.452, 23655 MiB, 449.32 W, 100 %, 75
2026/10/09 22:00:43.453, 23655 MiB, 449.45 W, 100 %, 73
2026/10/09 22:00:44.459, 23655 MiB, 448.08 W, 100 %, 73
2026/10/09 22:00:45.467, 23657 MiB, 448.56 W, 100 %, 72
2026/10/09 22:00:46.472, 23657 MiB, 448.46 W, 98 %, 75
2026/10/09 22:00:47.473, 23657 MiB, 448.73 W, 100 %, 73
2026/10/09 22:00:48.478, 23657 MiB, 448.64 W, 100 %, 73
2026/10/09 22:00:49.493, 23657 MiB, 449.31 W, 99 %, 73
2026/10/09 22:00:50.507, 23657 MiB, 448.83 W, 100 %, 73
2026/10/09 22:00:51.518, 23657 MiB, 448.79 W, 100 %, 73
2026/10/09 22:00:52.532, 23659 MiB, 449.66 W, 98 %, 73
2026/10/09 22:00:53.546, 23659 MiB, 448.83 W, 99 %, 75
2026/10/09 22:00:54.554, 23659 MiB, 448.59 W, 97 %, 74
2026/10/09 22:00:55.558, 23659 MiB, 447.57 W, 100 %, 75
2026/10/09 22:00:56.572, 23659 MiB, 448.03 W, 99 %, 73
2026/10/09 22:00:57.586, 23659 MiB, 447.82 W, 100 %, 73
2026/10/09 22:00:58.589, 23659 MiB, 448.74 W, 99 %, 73
2026/10/09 22:00:59.602, 23661 MiB, 447.96 W, 100 %, 73
2026/10/09 22:01:00.604, 23661 MiB, 448.63 W, 100 %, 74
2026/10/09 22:01:01.618, 23661 MiB, 447.58 W, 99 %, 73
2026/10/09 22:01:02.631, 23661 MiB, 450.05 W, 100 %, 73
2026/10/09 22:01:03.644, 23661 MiB, 449.38 W, 100 %, 73
2026/10/09 22:01:04.645, 23661 MiB, 450.16 W, 100 %, 74
2026/10/09 22:01:05.658, 23663 MiB, 449.46 W, 100 %, 73
2026/10/09 22:01:06.663, 23663 MiB, 448.84 W, 98 %, 73
2026/10/09 22:01:07.678, 23663 MiB, 449.19 W, 100 %, 73
2026/10/09 22:01:08.680, 23663 MiB, 449.57 W, 100 %, 73
2026/10/09 22:01:09.683, 23663 MiB, 449.77 W, 99 %, 73
2026/10/09 22:01:10.697, 23663 MiB, 449.72 W, 98 %, 73
2026/10/09 22:01:11.709, 23663 MiB, 449.07 W, 100 %, 73
2026/10/09 22:01:12.712, 23665 MiB, 448.62 W, 100 %, 73
2026/10/09 22:01:13.713, 23665 MiB, 449.05 W, 100 %, 73
2026/10/09 22:01:14.727, 23665 MiB, 448.21 W, 100 %, 73
2026/10/09 22:01:15.735, 23665 MiB, 449.14 W, 100 %, 73
2026/10/09 22:01:16.739, 23665 MiB, 449.05 W, 100 %, 74
2026/10/09 22:01:17.747, 23665 MiB, 447.68 W, 99 %, 73
2026/10/09 22:01:18.752, 23665 MiB, 448.92 W, 98 %, 73
2026/10/09 22:01:19.763, 23667 MiB, 448.65 W, 99 %, 73
2026/10/09 22:01:20.776, 23667 MiB, 448.70 W, 100 %, 74
2026/10/09 22:01:21.778, 23667 MiB, 449.02 W, 100 %, 73
2026/10/09 22:01:22.782, 23667 MiB, 448.71 W, 100 %, 73
2026/10/09 22:01:23.785, 23667 MiB, 448.75 W, 100 %, 73
2026/10/09 22:01:24.787, 23667 MiB, 448.85 W, 99 %, 73
2026/10/09 22:01:25.791, 23667 MiB, 448.19 W, 99 %, 73
2026/10/09 22:01:26.795, 23669 MiB, 448.57 W, 99 %, 73
2026/10/09 22:01:27.800, 23669 MiB, 449.09 W, 100 %, 73
2026/10/09 22:01:28.807, 23669 MiB, 448.30 W, 100 %, 74
2026/10/09 22:01:29.807, 23669 MiB, 449.12 W, 100 %, 73
2026/10/09 22:01:30.816, 23669 MiB, 449.02 W, 100 %, 73
2026/10/09 22:01:31.818, 23669 MiB, 449.45 W, 98 %, 73
2026/10/09 22:01:32.823, 23669 MiB, 449.72 W, 100 %, 74
2026/10/09 22:01:33.828, 23671 MiB, 449.56 W, 100 %, 73
2026/10/09 22:01:34.837, 23671 MiB, 449.29 W, 100 %, 73
2026/10/09 22:01:35.843, 23671 MiB, 448.95 W, 100 %, 73
2026/10/09 22:01:36.845, 23671 MiB, 449.54 W, 98 %, 73
2026/10/09 22:01:37.847, 23671 MiB, 448.83 W, 100 %, 73
2026/10/09 22:01:38.857, 23671 MiB, 449.75 W, 99 %, 73
2026/10/09 22:01:39.861, 23673 MiB, 447.42 W, 100 %, 73
2026/10/09 22:01:40.875, 23673 MiB, 447.75 W, 98 %, 72
2026/10/09 22:01:41.883, 23673 MiB, 447.90 W, 100 %, 73
2026/10/09 22:01:42.891, 23673 MiB, 448.85 W, 100 %, 74
2026/10/09 22:01:43.901, 23673 MiB, 449.68 W, 100 %, 73
2026/10/09 22:01:44.903, 23673 MiB, 449.31 W, 100 %, 73
2026/10/09 22:01:45.907, 23673 MiB, 448.30 W, 98 %, 74
2026/10/09 22:01:46.912, 23675 MiB, 449.06 W, 100 %, 74
2026/10/09 22:01:47.924, 23675 MiB, 449.42 W, 100 %, 75
2026/10/09 22:01:48.933, 23675 MiB, 449.44 W, 100 %, 73
2026/10/09 22:01:49.940, 23675 MiB, 448.92 W, 98 %, 74
2026/10/09 22:01:50.944, 23675 MiB, 448.28 W, 100 %, 73
2026/10/09 22:01:51.955, 23675 MiB, 449.70 W, 100 %, 73
2026/10/09 22:01:52.964, 23677 MiB, 449.40 W, 99 %, 75
2026/10/09 22:01:53.968, 23677 MiB, 448.98 W, 100 %, 73
2026/10/09 22:01:54.983, 23677 MiB, 448.46 W, 98 %, 72
2026/10/09 22:01:55.991, 23677 MiB, 448.29 W, 100 %, 73
2026/10/09 22:01:57.000, 23677 MiB, 448.38 W, 100 %, 74
2026/10/09 22:01:58.009, 23677 MiB, 448.10 W, 99 %, 73
2026/10/09 22:01:59.021, 23677 MiB, 448.94 W, 100 %, 73
2026/10/09 22:02:00.033, 23679 MiB, 448.54 W, 99 %, 73
2026/10/09 22:02:01.040, 23679 MiB, 448.87 W, 100 %, 74
2026/10/09 22:02:02.044, 23679 MiB, 448.72 W, 99 %, 73
2026/10/09 22:02:03.054, 23679 MiB, 449.83 W, 99 %, 75
2026/10/09 22:02:04.058, 23679 MiB, 449.16 W, 100 %, 73
2026/10/09 22:02:05.070, 23679 MiB, 449.88 W, 100 %, 75
2026/10/09 22:02:06.079, 23681 MiB, 448.72 W, 100 %, 73
2026/10/09 22:02:07.081, 23681 MiB, 448.93 W, 100 %, 75
2026/10/09 22:02:08.085, 23681 MiB, 448.86 W, 99 %, 73
2026/10/09 22:02:09.093, 23681 MiB, 448.96 W, 100 %, 73
2026/10/09 22:02:10.105, 23681 MiB, 449.01 W, 98 %, 73
2026/10/09 22:02:11.114, 23681 MiB, 448.56 W, 100 %, 73
2026/10/09 22:02:12.124, 23681 MiB, 449.32 W, 100 %, 73
2026/10/09 22:02:13.136, 23683 MiB, 449.39 W, 100 %, 74
2026/10/09 22:02:14.144, 23683 MiB, 448.76 W, 99 %, 74
2026/10/09 22:02:15.153, 23683 MiB, 448.64 W, 100 %, 73
2026/10/09 22:02:16.157, 23683 MiB, 449.19 W, 100 %, 73
2026/10/09 22:02:17.165, 23683 MiB, 448.36 W, 99 %, 73
2026/10/09 22:02:18.174, 23683 MiB, 449.47 W, 100 %, 73
2026/10/09 22:02:19.186, 23683 MiB, 448.61 W, 100 %, 73
2026/10/09 22:02:20.188, 23685 MiB, 448.79 W, 100 %, 73
2026/10/09 22:02:21.197, 23685 MiB, 448.28 W, 100 %, 73
2026/10/09 22:02:22.209, 23685 MiB, 448.63 W, 100 %, 73
2026/10/09 22:02:23.218, 23685 MiB, 448.80 W, 100 %, 73
2026/10/09 22:02:24.222, 23685 MiB, 448.08 W, 100 %, 75
2026/10/09 22:02:25.238, 23685 MiB, 448.78 W, 100 %, 73
2026/10/09 22:02:26.249, 23687 MiB, 449.00 W, 100 %, 73
2026/10/09 22:02:27.250, 23687 MiB, 448.69 W, 100 %, 73
2026/10/09 22:02:28.259, 23687 MiB, 449.38 W, 100 %, 73
2026/10/09 22:02:29.265, 23687 MiB, 448.06 W, 100 %, 73
2026/10/09 22:02:30.272, 23689 MiB, 447.56 W, 100 %, 73
2026/10/09 22:02:31.283, 23689 MiB, 449.16 W, 100 %, 73
2026/10/09 22:02:32.293, 23689 MiB, 449.41 W, 100 %, 73
2026/10/09 22:02:33.304, 23689 MiB, 449.03 W, 100 %, 73
2026/10/09 22:02:34.306, 23689 MiB, 449.49 W, 100 %, 74
2026/10/09 22:02:35.310, 23689 MiB, 449.29 W, 100 %, 73
2026/10/09 22:02:36.315, 23689 MiB, 449.14 W, 100 %, 74
2026/10/09 22:02:37.318, 23689 MiB, 448.51 W, 100 %, 74
2026/10/09 22:02:38.330, 23689 MiB, 449.35 W, 100 %, 73
2026/10/09 22:02:39.336, 23691 MiB, 447.87 W, 100 %, 73
2026/10/09 22:02:40.347, 23691 MiB, 449.15 W, 100 %, 73
2026/10/09 22:02:41.353, 23691 MiB, 448.42 W, 98 %, 73
2026/10/09 22:02:42.356, 23691 MiB, 449.65 W, 100 %, 73
2026/10/09 22:02:43.359, 23691 MiB, 449.33 W, 99 %, 74
2026/10/09 22:02:44.364, 23693 MiB, 449.90 W, 98 %, 73
2026/10/09 22:02:45.366, 23693 MiB, 449.78 W, 98 %, 75
2026/10/09 22:02:46.368, 23693 MiB, 449.33 W, 100 %, 75
2026/10/09 22:02:47.369, 23693 MiB, 448.89 W, 98 %, 73
2026/10/09 22:02:48.378, 23693 MiB, 450.08 W, 100 %, 74
2026/10/09 22:02:49.379, 23693 MiB, 449.65 W, 100 %, 73
2026/10/09 22:02:50.385, 23695 MiB, 447.68 W, 98 %, 73
2026/10/09 22:02:51.392, 23695 MiB, 447.95 W, 98 %, 73
2026/10/09 22:02:52.401, 23695 MiB, 449.57 W, 100 %, 73
2026/10/09 22:02:53.410, 23695 MiB, 449.09 W, 100 %, 73
2026/10/09 22:02:54.414, 23695 MiB, 449.22 W, 99 %, 73
2026/10/09 22:02:55.415, 23695 MiB, 448.46 W, 100 %, 73
2026/10/09 22:02:56.418, 23695 MiB, 448.29 W, 98 %, 73
2026/10/09 22:02:57.420, 23697 MiB, 449.01 W, 100 %, 73
2026/10/09 22:02:58.430, 23697 MiB, 448.17 W, 100 %, 73
2026/10/09 22:02:59.437, 23697 MiB, 448.99 W, 100 %, 73
2026/10/09 22:03:00.450, 23697 MiB, 449.04 W, 100 %, 73
2026/10/09 22:03:01.463, 23697 MiB, 448.62 W, 98 %, 73
2026/10/09 22:03:02.467, 23697 MiB, 448.83 W, 100 %, 73
2026/10/09 22:03:03.472, 23699 MiB, 449.24 W, 100 %, 73
2026/10/09 22:03:04.483, 23699 MiB, 449.18 W, 98 %, 75
2026/10/09 22:03:05.496, 23699 MiB, 447.57 W, 100 %, 73
2026/10/09 22:03:06.498, 23701 MiB, 448.77 W, 100 %, 73
2026/10/09 22:03:07.503, 23701 MiB, 449.71 W, 100 %, 73
2026/10/09 22:03:08.505, 23701 MiB, 449.40 W, 99 %, 73
2026/10/09 22:03:09.520, 23701 MiB, 449.32 W, 99 %, 73
2026/10/09 22:03:10.530, 23701 MiB, 449.37 W, 100 %, 74
2026/10/09 22:03:11.531, 23701 MiB, 449.45 W, 100 %, 73
2026/10/09 22:03:12.538, 23703 MiB, 448.91 W, 100 %, 74
2026/10/09 22:03:13.552, 23703 MiB, 449.43 W, 100 %, 73
2026/10/09 22:03:14.561, 23703 MiB, 449.36 W, 100 %, 74
2026/10/09 22:03:15.576, 23703 MiB, 449.17 W, 100 %, 74
2026/10/09 22:03:16.579, 23703 MiB, 449.72 W, 100 %, 73
2026/10/09 22:03:17.591, 23703 MiB, 449.74 W, 98 %, 73
2026/10/09 22:03:18.592, 23703 MiB, 448.95 W, 100 %, 73
2026/10/09 22:03:19.606, 23703 MiB, 449.59 W, 100 %, 73
2026/10/09 22:03:20.611, 23703 MiB, 449.07 W, 100 %, 73
2026/10/09 22:03:21.619, 23705 MiB, 448.57 W, 98 %, 73
2026/10/09 22:03:22.633, 23705 MiB, 449.83 W, 100 %, 75
2026/10/09 22:03:23.637, 23705 MiB, 450.00 W, 100 %, 74
2026/10/09 22:03:24.652, 23705 MiB, 448.13 W, 100 %, 73
2026/10/09 22:03:25.654, 23705 MiB, 449.28 W, 100 %, 73
2026/10/09 22:03:26.664, 23705 MiB, 449.48 W, 100 %, 74
2026/10/09 22:03:27.668, 23707 MiB, 448.69 W, 98 %, 73
2026/10/09 22:03:28.679, 23707 MiB, 449.24 W, 100 %, 73
2026/10/09 22:03:29.679, 23707 MiB, 448.98 W, 100 %, 73
2026/10/09 22:03:30.686, 23707 MiB, 448.95 W, 100 %, 73
2026/10/09 22:03:31.692, 23707 MiB, 448.65 W, 100 %, 73
2026/10/09 22:03:32.704, 23709 MiB, 447.62 W, 99 %, 73
2026/10/09 22:03:33.707, 23709 MiB, 448.26 W, 100 %, 74
2026/10/09 22:03:34.708, 23709 MiB, 449.39 W, 99 %, 74
2026/10/09 22:03:35.713, 23709 MiB, 449.28 W, 100 %, 73
2026/10/09 22:03:36.715, 23709 MiB, 448.99 W, 100 %, 73
2026/10/09 22:03:37.720, 23709 MiB, 449.57 W, 100 %, 73
2026/10/09 22:03:38.724, 23709 MiB, 449.67 W, 100 %, 73
2026/10/09 22:03:39.728, 23711 MiB, 449.27 W, 98 %, 74
2026/10/09 22:03:40.730, 23711 MiB, 448.90 W, 98 %, 74
2026/10/09 22:03:41.736, 23711 MiB, 448.89 W, 100 %, 73
2026/10/09 22:03:42.748, 23711 MiB, 449.15 W, 97 %, 73
2026/10/09 22:03:43.757, 23711 MiB, 448.73 W, 100 %, 73
2026/10/09 22:03:44.766, 23713 MiB, 449.37 W, 99 %, 73
2026/10/09 22:03:45.770, 23713 MiB, 448.99 W, 98 %, 73
2026/10/09 22:03:46.772, 23713 MiB, 449.56 W, 99 %, 73
2026/10/09 22:03:47.774, 23713 MiB, 449.66 W, 100 %, 73
2026/10/09 22:03:48.789, 23713 MiB, 448.87 W, 98 %, 75
2026/10/09 22:03:49.792, 23713 MiB, 448.87 W, 100 %, 73
2026/10/09 22:03:50.798, 23715 MiB, 449.42 W, 100 %, 72
2026/10/09 22:03:51.812, 23715 MiB, 448.28 W, 98 %, 73
2026/10/09 22:03:52.820, 23715 MiB, 449.22 W, 100 %, 73
2026/10/09 22:03:53.823, 23715 MiB, 448.35 W, 96 %, 73
2026/10/09 22:03:54.833, 23717 MiB, 447.99 W, 100 %, 75
2026/10/09 22:03:55.846, 23717 MiB, 449.29 W, 99 %, 73
2026/10/09 22:03:56.848, 23717 MiB, 449.51 W, 99 %, 73
2026/10/09 22:03:57.859, 23717 MiB, 449.41 W, 100 %, 73
2026/10/09 22:03:58.865, 23717 MiB, 449.30 W, 100 %, 74
2026/10/09 22:03:59.878, 23717 MiB, 448.84 W, 100 %, 73
2026/10/09 22:04:00.891, 23719 MiB, 449.70 W, 100 %, 75
2026/10/09 22:04:01.904, 23719 MiB, 449.83 W, 99 %, 73
2026/10/09 22:04:02.918, 23719 MiB, 449.23 W, 100 %, 73
2026/10/09 22:04:03.926, 23719 MiB, 449.26 W, 100 %, 73
2026/10/09 22:04:04.932, 23719 MiB, 449.72 W, 100 %, 73
2026/10/09 22:04:05.941, 23719 MiB, 449.43 W, 99 %, 73
2026/10/09 22:04:06.946, 23719 MiB, 449.28 W, 100 %, 74
2026/10/09 22:04:07.954, 23719 MiB, 449.46 W, 100 %, 73
2026/10/09 22:04:08.960, 23721 MiB, 449.70 W, 100 %, 74
2026/10/09 22:04:09.962, 23721 MiB, 449.64 W, 100 %, 73
2026/10/09 22:04:10.972, 23721 MiB, 449.21 W, 100 %, 74
2026/10/09 22:04:11.973, 23723 MiB, 448.90 W, 100 %, 75
2026/10/09 22:04:12.980, 23723 MiB, 449.33 W, 100 %, 73
2026/10/09 22:04:13.994, 23723 MiB, 448.87 W, 98 %, 73
2026/10/09 22:04:15.003, 23723 MiB, 449.00 W, 100 %, 73
2026/10/09 22:04:16.006, 23723 MiB, 449.65 W, 100 %, 75
2026/10/09 22:04:17.016, 23723 MiB, 449.55 W, 100 %, 73
2026/10/09 22:04:18.027, 23725 MiB, 448.89 W, 100 %, 74
2026/10/09 22:04:19.035, 23725 MiB, 448.91 W, 100 %, 73
2026/10/09 22:04:20.044, 23725 MiB, 448.87 W, 99 %, 74
2026/10/09 22:04:21.054, 23725 MiB, 449.19 W, 100 %, 73
2026/10/09 22:04:22.061, 23725 MiB, 449.63 W, 100 %, 74
2026/10/09 22:04:23.072, 23725 MiB, 449.09 W, 100 %, 74
2026/10/09 22:04:24.079, 23725 MiB, 449.30 W, 100 %, 73
2026/10/09 22:04:25.083, 23727 MiB, 449.72 W, 100 %, 73
2026/10/09 22:04:26.090, 23727 MiB, 449.88 W, 100 %, 74
2026/10/09 22:04:27.096, 23727 MiB, 449.72 W, 100 %, 73
2026/10/09 22:04:28.102, 23727 MiB, 449.37 W, 100 %, 74
2026/10/09 22:04:29.111, 23727 MiB, 449.55 W, 100 %, 73
2026/10/09 22:04:30.118, 23729 MiB, 449.10 W, 100 %, 73
2026/10/09 22:04:31.130, 23729 MiB, 449.07 W, 99 %, 73
2026/10/09 22:04:32.140, 23729 MiB, 448.97 W, 100 %, 73
2026/10/09 22:04:33.153, 23729 MiB, 449.26 W, 100 %, 74
2026/10/09 22:04:34.156, 23729 MiB, 449.28 W, 100 %, 73
2026/10/09 22:04:35.157, 23731 MiB, 449.13 W, 100 %, 75
2026/10/09 22:04:36.163, 23731 MiB, 448.94 W, 100 %, 73
2026/10/09 22:04:37.173, 23731 MiB, 449.24 W, 98 %, 73
2026/10/09 22:04:38.186, 23731 MiB, 449.16 W, 100 %, 73
2026/10/09 22:04:39.196, 23731 MiB, 449.07 W, 100 %, 73
2026/10/09 22:04:40.202, 23733 MiB, 449.27 W, 100 %, 74
2026/10/09 22:04:41.208, 23733 MiB, 449.46 W, 100 %, 74
2026/10/09 22:04:42.211, 23733 MiB, 449.50 W, 100 %, 72
2026/10/09 22:04:43.218, 23733 MiB, 448.65 W, 100 %, 73
2026/10/09 22:04:44.228, 23733 MiB, 449.07 W, 100 %, 73
2026/10/09 22:04:45.235, 23733 MiB, 449.08 W, 100 %, 74
2026/10/09 22:04:46.239, 23735 MiB, 449.26 W, 100 %, 73
2026/10/09 22:04:47.244, 23735 MiB, 449.37 W, 100 %, 73
2026/10/09 22:04:48.254, 23735 MiB, 449.08 W, 100 %, 73
2026/10/09 22:04:49.258, 23735 MiB, 449.12 W, 100 %, 73
2026/10/09 22:04:50.266, 23735 MiB, 448.69 W, 98 %, 73
2026/10/09 22:04:51.277, 23735 MiB, 448.46 W, 100 %, 73
2026/10/09 22:04:52.287, 23737 MiB, 449.58 W, 100 %, 73
2026/10/09 22:04:53.293, 23737 MiB, 449.31 W, 100 %, 73
2026/10/09 22:04:54.297, 23737 MiB, 449.00 W, 100 %, 73
2026/10/09 22:04:55.302, 23737 MiB, 450.05 W, 100 %, 73
2026/10/09 22:04:56.309, 23737 MiB, 449.28 W, 100 %, 73
2026/10/09 22:04:57.323, 23737 MiB, 449.03 W, 100 %, 73
2026/10/09 22:04:58.327, 23739 MiB, 449.04 W, 100 %, 73
2026/10/09 22:04:59.333, 23739 MiB, 448.90 W, 100 %, 73
2026/10/09 22:05:00.340, 23739 MiB, 448.76 W, 100 %, 73
2026/10/09 22:05:01.349, 23739 MiB, 449.12 W, 100 %, 73
2026/10/09 22:05:02.351, 23739 MiB, 449.39 W, 100 %, 73
2026/10/09 22:05:03.357, 23741 MiB, 447.84 W, 98 %, 73
2026/10/09 22:05:04.369, 23741 MiB, 448.76 W, 100 %, 73
2026/10/09 22:05:05.383, 23741 MiB, 449.41 W, 98 %, 73
2026/10/09 22:05:06.392, 23741 MiB, 449.52 W, 100 %, 73
2026/10/09 22:05:07.399, 23741 MiB, 449.21 W, 99 %, 73
2026/10/09 22:05:08.401, 23743 MiB, 449.23 W, 100 %, 73
2026/10/09 22:05:09.406, 23743 MiB, 449.51 W, 99 %, 73
2026/10/09 22:05:10.417, 23743 MiB, 449.26 W, 100 %, 74
2026/10/09 22:05:11.432, 23743 MiB, 448.90 W, 98 %, 73
2026/10/09 22:05:12.445, 23745 MiB, 449.12 W, 100 %, 73
2026/10/09 22:05:13.453, 23745 MiB, 449.33 W, 99 %, 73
2026/10/09 22:05:14.458, 23745 MiB, 449.78 W, 100 %, 73
2026/10/09 22:05:15.461, 23745 MiB, 449.35 W, 98 %, 73
2026/10/09 22:05:16.462, 23745 MiB, 449.05 W, 100 %, 73
2026/10/09 22:05:17.466, 23745 MiB, 449.02 W, 100 %, 74
2026/10/09 22:05:18.470, 23745 MiB, 449.58 W, 100 %, 73
2026/10/09 22:05:19.474, 23745 MiB, 449.97 W, 100 %, 73
2026/10/09 22:05:20.486, 23747 MiB, 448.36 W, 99 %, 73
2026/10/09 22:05:21.494, 23747 MiB, 449.14 W, 100 %, 74
2026/10/09 22:05:22.505, 23747 MiB, 449.31 W, 100 %, 73
2026/10/09 22:05:23.518, 23747 MiB, 449.01 W, 100 %, 76
2026/10/09 22:05:24.526, 23747 MiB, 449.09 W, 99 %, 74
2026/10/09 22:05:25.532, 23749 MiB, 449.79 W, 100 %, 73
2026/10/09 22:05:26.533, 23749 MiB, 448.28 W, 98 %, 74
2026/10/09 22:05:27.555, 23749 MiB, 448.67 W, 100 %, 73
2026/10/09 22:05:28.564, 23749 MiB, 449.31 W, 100 %, 73
2026/10/09 22:05:29.574, 23751 MiB, 449.39 W, 100 %, 73
2026/10/09 22:05:30.578, 23751 MiB, 449.08 W, 100 %, 73
2026/10/09 22:05:31.591, 23751 MiB, 448.59 W, 100 %, 73
2026/10/09 22:05:32.604, 23751 MiB, 448.53 W, 99 %, 73
2026/10/09 22:05:33.618, 23751 MiB, 449.30 W, 100 %, 74
2026/10/09 22:05:34.631, 23751 MiB, 449.27 W, 99 %, 73
2026/10/09 22:05:35.644, 23753 MiB, 449.86 W, 100 %, 75
2026/10/09 22:05:36.650, 23753 MiB, 449.19 W, 100 %, 73
2026/10/09 22:05:37.660, 23753 MiB, 449.16 W, 98 %, 73
2026/10/09 22:05:38.674, 23753 MiB, 449.10 W, 99 %, 73
2026/10/09 22:05:39.676, 23753 MiB, 448.91 W, 99 %, 73
2026/10/09 22:05:40.683, 23755 MiB, 448.79 W, 99 %, 73
2026/10/09 22:05:41.688, 23755 MiB, 449.31 W, 98 %, 73
2026/10/09 22:05:42.692, 23755 MiB, 448.79 W, 98 %, 73
2026/10/09 22:05:43.697, 23755 MiB, 448.66 W, 99 %, 73
2026/10/09 22:05:44.710, 23757 MiB, 449.27 W, 100 %, 73
2026/10/09 22:05:45.725, 23757 MiB, 448.80 W, 96 %, 73
2026/10/09 22:05:46.740, 23757 MiB, 448.10 W, 100 %, 73
2026/10/09 22:05:47.740, 23757 MiB, 449.20 W, 100 %, 73
2026/10/09 22:05:48.741, 23757 MiB, 449.29 W, 100 %, 73
2026/10/09 22:05:49.755, 23757 MiB, 448.44 W, 98 %, 73
2026/10/09 22:05:50.759, 23757 MiB, 449.03 W, 100 %, 74
2026/10/09 22:05:51.768, 23759 MiB, 448.89 W, 100 %, 73
2026/10/09 22:05:52.771, 23759 MiB, 448.79 W, 100 %, 73
2026/10/09 22:05:53.777, 23759 MiB, 448.37 W, 100 %, 74
2026/10/09 22:05:54.784, 23759 MiB, 449.79 W, 100 %, 73
2026/10/09 22:05:55.797, 23761 MiB, 449.26 W, 100 %, 73
2026/10/09 22:05:56.804, 23761 MiB, 448.28 W, 98 %, 73
2026/10/09 22:05:57.806, 23761 MiB, 448.68 W, 100 %, 72
2026/10/09 22:05:58.810, 23761 MiB, 449.21 W, 99 %, 74
2026/10/09 22:05:59.817, 23761 MiB, 449.24 W, 100 %, 73
2026/10/09 22:06:00.820, 23763 MiB, 448.71 W, 100 %, 73
2026/10/09 22:06:01.832, 23763 MiB, 449.06 W, 98 %, 73
2026/10/09 22:06:02.837, 23763 MiB, 448.65 W, 100 %, 74
2026/10/09 22:06:03.852, 23763 MiB, 449.13 W, 100 %, 74
2026/10/09 22:06:04.866, 23763 MiB, 449.05 W, 99 %, 73
2026/10/09 22:06:05.874, 23765 MiB, 449.04 W, 98 %, 75
2026/10/09 22:06:06.874, 23765 MiB, 449.44 W, 100 %, 73
2026/10/09 22:06:07.875, 23765 MiB, 449.23 W, 98 %, 73
2026/10/09 22:06:08.882, 23765 MiB, 449.45 W, 100 %, 74
2026/10/09 22:06:09.893, 23765 MiB, 449.08 W, 100 %, 74
2026/10/09 22:06:10.897, 23767 MiB, 449.10 W, 100 %, 73
2026/10/09 22:06:11.903, 23767 MiB, 448.92 W, 100 %, 74
2026/10/09 22:06:12.912, 23767 MiB, 448.98 W, 100 %, 74
2026/10/09 22:06:13.919, 23767 MiB, 448.30 W, 99 %, 75
2026/10/09 22:06:14.924, 23767 MiB, 449.76 W, 100 %, 74
2026/10/09 22:06:15.930, 23769 MiB, 448.74 W, 100 %, 74
2026/10/09 22:06:16.931, 23769 MiB, 449.36 W, 100 %, 73
2026/10/09 22:06:17.935, 23769 MiB, 448.95 W, 100 %, 74
2026/10/09 22:06:18.938, 23769 MiB, 449.23 W, 100 %, 73
2026/10/09 22:06:19.947, 23771 MiB, 449.44 W, 100 %, 73
2026/10/09 22:06:20.960, 23771 MiB, 449.85 W, 100 %, 74
2026/10/09 22:06:21.967, 23771 MiB, 449.57 W, 100 %, 73
2026/10/09 22:06:22.975, 23771 MiB, 449.32 W, 100 %, 74
2026/10/09 22:06:23.985, 23771 MiB, 448.95 W, 99 %, 75
2026/10/09 22:06:24.993, 23771 MiB, 448.95 W, 100 %, 74
2026/10/09 22:06:26.003, 23773 MiB, 449.17 W, 98 %, 73
2026/10/09 22:06:27.009, 23773 MiB, 448.41 W, 100 %, 74
2026/10/09 22:06:28.018, 23773 MiB, 449.25 W, 100 %, 73
2026/10/09 22:06:29.026, 23773 MiB, 449.20 W, 99 %, 73
2026/10/09 22:06:30.031, 23773 MiB, 449.07 W, 100 %, 73
2026/10/09 22:06:31.031, 23775 MiB, 448.99 W, 100 %, 74
2026/10/09 22:06:32.036, 23775 MiB, 448.51 W, 100 %, 73
2026/10/09 22:06:33.047, 23775 MiB, 449.09 W, 99 %, 73
2026/10/09 22:06:34.049, 23775 MiB, 448.83 W, 100 %, 75
2026/10/09 22:06:35.056, 23777 MiB, 448.85 W, 100 %, 74
2026/10/09 22:06:36.067, 23777 MiB, 449.15 W, 100 %, 73
2026/10/09 22:06:37.075, 23777 MiB, 449.12 W, 99 %, 74
2026/10/09 22:06:38.077, 23777 MiB, 449.17 W, 100 %, 75
2026/10/09 22:06:39.082, 23777 MiB, 449.24 W, 99 %, 73
2026/10/09 22:06:40.085, 23779 MiB, 449.25 W, 99 %, 73
2026/10/09 22:06:41.097, 23779 MiB, 449.21 W, 100 %, 74
2026/10/09 22:06:42.106, 23779 MiB, 449.66 W, 100 %, 74
2026/10/09 22:06:43.111, 23779 MiB, 448.68 W, 98 %, 73
2026/10/09 22:06:44.112, 23781 MiB, 448.51 W, 98 %, 73
2026/10/09 22:06:45.117, 23781 MiB, 449.09 W, 100 %, 73
2026/10/09 22:06:46.123, 23781 MiB, 449.24 W, 100 %, 73
2026/10/09 22:06:47.127, 23781 MiB, 449.15 W, 100 %, 73
2026/10/09 22:06:48.133, 23781 MiB, 448.43 W, 100 %, 73
2026/10/09 22:06:49.141, 23783 MiB, 449.32 W, 100 %, 73
2026/10/09 22:06:50.149, 23783 MiB, 449.00 W, 100 %, 74
2026/10/09 22:06:51.164, 23783 MiB, 449.07 W, 98 %, 73
2026/10/09 22:06:52.167, 23783 MiB, 447.78 W, 96 %, 72
2026/10/09 22:06:53.174, 23785 MiB, 448.78 W, 100 %, 73
2026/10/09 22:06:54.179, 23785 MiB, 449.48 W, 100 %, 73
2026/10/09 22:06:55.192, 23785 MiB, 449.20 W, 99 %, 74
2026/10/09 22:06:56.199, 23785 MiB, 449.04 W, 100 %, 74
2026/10/09 22:06:57.205, 23785 MiB, 448.98 W, 100 %, 75
2026/10/09 22:06:58.216, 23787 MiB, 448.70 W, 100 %, 73
2026/10/09 22:06:59.231, 23787 MiB, 448.86 W, 99 %, 75
2026/10/09 22:07:00.239, 23787 MiB, 449.12 W, 100 %, 74
2026/10/09 22:07:01.252, 23787 MiB, 448.90 W, 100 %, 74
2026/10/09 22:07:02.258, 23787 MiB, 449.10 W, 100 %, 75
2026/10/09 22:07:03.259, 23789 MiB, 448.51 W, 99 %, 75
2026/10/09 22:07:04.264, 23789 MiB, 449.05 W, 100 %, 73
2026/10/09 22:07:05.274, 23789 MiB, 449.18 W, 98 %, 73
2026/10/09 22:07:06.283, 23789 MiB, 447.89 W, 98 %, 75
2026/10/09 22:07:07.292, 23791 MiB, 449.30 W, 100 %, 73
2026/10/09 22:07:08.302, 23791 MiB, 448.71 W, 98 %, 73
2026/10/09 22:07:09.308, 23791 MiB, 449.36 W, 100 %, 73
2026/10/09 22:07:10.315, 23791 MiB, 449.22 W, 100 %, 74
2026/10/09 22:07:11.319, 23791 MiB, 447.86 W, 98 %, 73
2026/10/09 22:07:12.323, 23793 MiB, 448.67 W, 100 %, 73
2026/10/09 22:07:13.331, 23793 MiB, 449.35 W, 100 %, 73
2026/10/09 22:07:14.341, 23793 MiB, 449.00 W, 100 %, 73
2026/10/09 22:07:15.346, 23793 MiB, 449.02 W, 100 %, 73
2026/10/09 22:07:16.352, 23795 MiB, 449.24 W, 100 %, 75
2026/10/09 22:07:17.363, 23795 MiB, 448.72 W, 100 %, 73
2026/10/09 22:07:18.369, 23795 MiB, 448.76 W, 100 %, 73
2026/10/09 22:07:19.379, 23795 MiB, 449.01 W, 98 %, 75
2026/10/09 22:07:20.390, 23795 MiB, 449.22 W, 100 %, 73
2026/10/09 22:07:21.398, 23797 MiB, 448.92 W, 100 %, 73
2026/10/09 22:07:22.405, 23797 MiB, 448.97 W, 100 %, 75
2026/10/09 22:07:23.418, 23797 MiB, 449.21 W, 100 %, 73
2026/10/09 22:07:24.421, 23797 MiB, 449.69 W, 100 %, 74
2026/10/09 22:07:25.430, 23799 MiB, 448.75 W, 98 %, 73
2026/10/09 22:07:26.433, 23799 MiB, 449.23 W, 100 %, 73
2026/10/09 22:07:27.435, 23799 MiB, 449.14 W, 99 %, 74
2026/10/09 22:07:28.439, 23799 MiB, 448.68 W, 100 %, 73
2026/10/09 22:07:29.454, 23799 MiB, 448.95 W, 100 %, 73
2026/10/09 22:07:30.458, 23801 MiB, 449.20 W, 99 %, 73
2026/10/09 22:07:31.463, 23801 MiB, 448.52 W, 98 %, 73
2026/10/09 22:07:32.468, 23801 MiB, 449.29 W, 100 %, 73
2026/10/09 22:07:33.480, 23801 MiB, 448.88 W, 100 %, 73
2026/10/09 22:07:34.484, 23803 MiB, 448.91 W, 100 %, 75
2026/10/09 22:07:35.497, 23803 MiB, 449.27 W, 100 %, 73
2026/10/09 22:07:36.502, 23803 MiB, 449.30 W, 99 %, 75
2026/10/09 22:07:37.517, 23803 MiB, 449.37 W, 99 %, 72
2026/10/09 22:07:38.518, 23805 MiB, 449.45 W, 100 %, 73
2026/10/09 22:07:39.531, 23805 MiB, 448.60 W, 100 %, 75
2026/10/09 22:07:40.545, 23805 MiB, 449.62 W, 100 %, 75
2026/10/09 22:07:41.561, 23805 MiB, 449.15 W, 98 %, 75
2026/10/09 22:07:42.564, 23805 MiB, 449.42 W, 100 %, 73
2026/10/09 22:07:43.571, 23807 MiB, 448.08 W, 100 %, 74
2026/10/09 22:07:44.575, 23807 MiB, 448.77 W, 100 %, 73
2026/10/09 22:07:45.579, 23807 MiB, 449.04 W, 100 %, 73
2026/10/09 22:07:46.593, 23807 MiB, 449.11 W, 99 %, 73
2026/10/09 22:07:47.597, 23809 MiB, 448.38 W, 98 %, 72
2026/10/09 22:07:48.599, 23809 MiB, 448.23 W, 98 %, 73
2026/10/09 22:07:49.608, 23809 MiB, 448.32 W, 98 %, 73
2026/10/09 22:07:50.624, 23809 MiB, 449.11 W, 100 %, 73
2026/10/09 22:07:51.631, 23811 MiB, 449.04 W, 100 %, 73
2026/10/09 22:07:52.643, 23811 MiB, 449.13 W, 100 %, 73
2026/10/09 22:07:53.657, 23811 MiB, 448.30 W, 99 %, 73
2026/10/09 22:07:54.664, 23811 MiB, 447.69 W, 100 %, 73
2026/10/09 22:07:55.676, 23813 MiB, 448.61 W, 100 %, 73
2026/10/09 22:07:56.680, 23813 MiB, 449.29 W, 99 %, 73
2026/10/09 22:07:57.684, 23813 MiB, 449.16 W, 99 %, 75
2026/10/09 22:07:58.698, 23813 MiB, 447.84 W, 98 %, 73
2026/10/09 22:07:59.703, 23815 MiB, 449.03 W, 98 %, 73
2026/10/09 22:08:00.713, 23815 MiB, 448.89 W, 100 %, 74
2026/10/09 22:08:01.716, 23815 MiB, 449.01 W, 100 %, 73
2026/10/09 22:08:02.723, 23815 MiB, 448.63 W, 99 %, 75
2026/10/09 22:08:03.724, 23815 MiB, 449.19 W, 100 %, 74
2026/10/09 22:08:04.725, 23817 MiB, 447.76 W, 100 %, 72
2026/10/09 22:08:05.737, 23817 MiB, 447.64 W, 100 %, 73
2026/10/09 22:08:06.752, 23817 MiB, 448.91 W, 98 %, 74
2026/10/09 22:08:07.753, 23817 MiB, 449.03 W, 99 %, 75
2026/10/09 22:08:08.767, 23819 MiB, 448.73 W, 98 %, 73
2026/10/09 22:08:09.769, 23819 MiB, 449.68 W, 99 %, 74
2026/10/09 22:08:10.773, 23819 MiB, 449.00 W, 99 %, 74
2026/10/09 22:08:11.773, 23819 MiB, 449.10 W, 100 %, 74
2026/10/09 22:08:12.777, 23821 MiB, 449.10 W, 99 %, 73
2026/10/09 22:08:13.781, 23821 MiB, 449.13 W, 98 %, 73
2026/10/09 22:08:14.784, 23821 MiB, 448.63 W, 98 %, 73
2026/10/09 22:08:15.799, 23823 MiB, 448.78 W, 100 %, 73
2026/10/09 22:08:16.809, 23823 MiB, 449.58 W, 99 %, 73
2026/10/09 22:08:17.815, 23823 MiB, 449.25 W, 100 %, 75
2026/10/09 22:08:18.830, 23823 MiB, 448.99 W, 98 %, 73
2026/10/09 22:08:19.831, 23823 MiB, 448.64 W, 100 %, 74
2026/10/09 22:08:20.836, 23825 MiB, 448.45 W, 98 %, 74
2026/10/09 22:08:21.838, 23825 MiB, 448.45 W, 98 %, 74
2026/10/09 22:08:22.848, 23825 MiB, 448.47 W, 100 %, 73
2026/10/09 22:08:23.854, 23825 MiB, 448.28 W, 100 %, 73
2026/10/09 22:08:24.856, 23827 MiB, 448.48 W, 100 %, 73
2026/10/09 22:08:25.856, 23827 MiB, 448.52 W, 100 %, 73
2026/10/09 22:08:26.866, 23827 MiB, 447.99 W, 100 %, 73
2026/10/09 22:08:27.869, 23827 MiB, 448.24 W, 100 %, 73
2026/10/09 22:08:28.874, 23829 MiB, 448.38 W, 100 %, 75
2026/10/09 22:08:29.885, 23829 MiB, 448.30 W, 100 %, 74
2026/10/09 22:08:30.900, 23829 MiB, 448.99 W, 100 %, 75
2026/10/09 22:08:31.901, 23829 MiB, 449.27 W, 100 %, 75
2026/10/09 22:08:32.903, 23831 MiB, 448.68 W, 100 %, 75
2026/10/09 22:08:33.910, 23831 MiB, 449.54 W, 100 %, 74
2026/10/09 22:08:34.913, 23831 MiB, 448.41 W, 100 %, 74
2026/10/09 22:08:35.918, 23831 MiB, 448.35 W, 100 %, 73
2026/10/09 22:08:36.923, 23833 MiB, 449.07 W, 99 %, 73
2026/10/09 22:08:37.925, 23833 MiB, 448.95 W, 99 %, 73
2026/10/09 22:08:38.935, 23833 MiB, 449.89 W, 98 %, 74
2026/10/09 22:08:39.942, 23835 MiB, 449.54 W, 99 %, 73
2026/10/09 22:08:40.949, 23835 MiB, 449.58 W, 100 %, 75
2026/10/09 22:08:41.952, 23835 MiB, 449.97 W, 100 %, 75
2026/10/09 22:08:42.954, 23835 MiB, 449.30 W, 100 %, 75
2026/10/09 22:08:43.959, 23835 MiB, 448.99 W, 100 %, 73
2026/10/09 22:08:44.967, 23837 MiB, 448.64 W, 98 %, 75
2026/10/09 22:08:45.973, 23837 MiB, 448.83 W, 99 %, 73
2026/10/09 22:08:46.988, 23837 MiB, 448.88 W, 98 %, 75
2026/10/09 22:08:48.003, 23837 MiB, 448.90 W, 100 %, 75
2026/10/09 22:08:49.014, 23839 MiB, 448.55 W, 99 %, 75
2026/10/09 22:08:50.018, 23839 MiB, 449.09 W, 100 %, 75
2026/10/09 22:08:51.026, 23839 MiB, 449.61 W, 100 %, 75
2026/10/09 22:08:52.030, 23841 MiB, 449.91 W, 100 %, 73
2026/10/09 22:08:53.033, 23841 MiB, 448.53 W, 100 %, 74
2026/10/09 22:08:54.037, 23841 MiB, 448.82 W, 100 %, 74
2026/10/09 22:08:55.046, 23843 MiB, 448.33 W, 98 %, 73
2026/10/09 22:08:56.053, 23843 MiB, 447.43 W, 98 %, 74
2026/10/09 22:08:57.062, 23843 MiB, 446.84 W, 98 %, 75
2026/10/09 22:08:58.068, 23843 MiB, 448.10 W, 100 %, 75
2026/10/09 22:08:59.075, 23845 MiB, 448.33 W, 100 %, 75
2026/10/09 22:09:00.083, 23845 MiB, 448.66 W, 100 %, 75
2026/10/09 22:09:01.089, 23845 MiB, 448.35 W, 99 %, 75
2026/10/09 22:09:02.098, 23847 MiB, 448.42 W, 100 %, 75
2026/10/09 22:09:03.107, 23847 MiB, 449.52 W, 100 %, 73
2026/10/09 22:09:04.117, 23847 MiB, 449.09 W, 98 %, 74
2026/10/09 22:09:05.128, 23847 MiB, 448.60 W, 100 %, 73
2026/10/09 22:09:06.139, 23849 MiB, 449.07 W, 97 %, 73
2026/10/09 22:09:07.148, 23849 MiB, 448.56 W, 100 %, 73
2026/10/09 22:09:08.156, 23849 MiB, 449.39 W, 100 %, 74
2026/10/09 22:09:09.162, 23851 MiB, 449.07 W, 100 %, 74
2026/10/09 22:09:10.177, 23851 MiB, 449.35 W, 100 %, 75
2026/10/09 22:09:11.185, 23851 MiB, 448.98 W, 99 %, 75
2026/10/09 22:09:12.191, 23851 MiB, 448.76 W, 98 %, 74
2026/10/09 22:09:13.196, 23853 MiB, 449.24 W, 100 %, 75
2026/10/09 22:09:14.206, 23853 MiB, 449.39 W, 100 %, 75
2026/10/09 22:09:15.214, 23853 MiB, 449.40 W, 98 %, 73
2026/10/09 22:09:16.221, 23855 MiB, 449.42 W, 100 %, 74
2026/10/09 22:09:17.225, 23855 MiB, 449.61 W, 100 %, 75
2026/10/09 22:09:18.229, 23855 MiB, 449.04 W, 100 %, 73
2026/10/09 22:09:19.239, 23855 MiB, 449.23 W, 100 %, 75
2026/10/09 22:09:20.247, 23857 MiB, 449.01 W, 100 %, 73
2026/10/09 22:09:21.258, 23857 MiB, 449.81 W, 99 %, 74
2026/10/09 22:09:22.260, 23857 MiB, 448.86 W, 98 %, 74
2026/10/09 22:09:23.266, 23857 MiB, 449.01 W, 100 %, 73
2026/10/09 22:09:24.268, 23859 MiB, 448.29 W, 98 %, 75
2026/10/09 22:09:25.277, 23859 MiB, 448.43 W, 100 %, 73
2026/10/09 22:09:26.280, 23859 MiB, 449.92 W, 99 %, 73
2026/10/09 22:09:27.287, 23859 MiB, 448.30 W, 98 %, 73
2026/10/09 22:09:28.291, 23861 MiB, 448.70 W, 100 %, 73
2026/10/09 22:09:29.300, 23861 MiB, 448.39 W, 100 %, 73
2026/10/09 22:09:30.312, 23861 MiB, 449.51 W, 99 %, 74
2026/10/09 22:09:31.324, 23863 MiB, 449.66 W, 100 %, 74
2026/10/09 22:09:32.334, 23863 MiB, 394.89 W, 100 %, 74
2026/10/09 22:09:33.342, 23863 MiB, 461.96 W, 98 %, 72
2026/10/09 22:09:34.353, 23865 MiB, 447.57 W, 99 %, 74
2026/10/09 22:09:35.360, 23865 MiB, 447.41 W, 100 %, 73
2026/10/09 22:09:36.368, 23865 MiB, 447.83 W, 99 %, 73
2026/10/09 22:09:37.374, 23867 MiB, 447.83 W, 99 %, 73
2026/10/09 22:09:38.389, 23867 MiB, 448.37 W, 100 %, 73
2026/10/09 22:09:39.394, 23867 MiB, 448.21 W, 100 %, 74
2026/10/09 22:09:40.408, 23867 MiB, 449.50 W, 100 %, 74
2026/10/09 22:09:41.413, 23869 MiB, 448.52 W, 98 %, 73
2026/10/09 22:09:42.420, 23869 MiB, 448.87 W, 100 %, 73
2026/10/09 22:09:43.427, 23871 MiB, 448.29 W, 100 %, 73
2026/10/09 22:09:44.433, 23871 MiB, 447.92 W, 100 %, 75
2026/10/09 22:09:45.437, 23871 MiB, 448.48 W, 98 %, 74
2026/10/09 22:09:46.442, 23871 MiB, 448.49 W, 100 %, 74
2026/10/09 22:09:47.457, 23871 MiB, 448.58 W, 97 %, 74
2026/10/09 22:09:48.470, 23873 MiB, 449.61 W, 100 %, 73
2026/10/09 22:09:49.480, 23873 MiB, 447.99 W, 100 %, 73
2026/10/09 22:09:50.491, 23873 MiB, 449.24 W, 100 %, 73
2026/10/09 22:09:51.503, 23875 MiB, 448.16 W, 100 %, 75
2026/10/09 22:09:52.509, 23875 MiB, 448.50 W, 98 %, 73
2026/10/09 22:09:53.512, 23875 MiB, 448.85 W, 100 %, 75
2026/10/09 22:09:54.515, 23877 MiB, 448.99 W, 100 %, 73
2026/10/09 22:09:55.530, 23877 MiB, 448.47 W, 99 %, 74
2026/10/09 22:09:56.531, 23877 MiB, 448.58 W, 99 %, 74
2026/10/09 22:09:57.542, 23879 MiB, 449.13 W, 100 %, 74
2026/10/09 22:09:58.546, 23879 MiB, 447.27 W, 99 %, 75
2026/10/09 22:09:59.549, 23879 MiB, 448.71 W, 100 %, 75
2026/10/09 22:10:00.556, 23881 MiB, 448.06 W, 99 %, 75
2026/10/09 22:10:01.564, 23881 MiB, 448.69 W, 99 %, 73
2026/10/09 22:10:02.569, 23881 MiB, 449.01 W, 100 %, 75
2026/10/09 22:10:03.584, 23883 MiB, 448.60 W, 99 %, 74
2026/10/09 22:10:04.587, 23883 MiB, 448.12 W, 99 %, 74
2026/10/09 22:10:05.588, 23883 MiB, 448.42 W, 98 %, 75
2026/10/09 22:10:06.591, 23885 MiB, 448.60 W, 100 %, 74
2026/10/09 22:10:07.594, 23885 MiB, 448.57 W, 100 %, 75
2026/10/09 22:10:08.607, 23887 MiB, 447.99 W, 98 %, 74
2026/10/09 22:10:09.612, 23887 MiB, 448.60 W, 100 %, 74
2026/10/09 22:10:10.624, 23887 MiB, 449.68 W, 100 %, 73
2026/10/09 22:10:11.638, 23887 MiB, 448.13 W, 98 %, 75
2026/10/09 22:10:12.639, 23887 MiB, 448.63 W, 100 %, 73
2026/10/09 22:10:13.654, 23889 MiB, 448.79 W, 100 %, 74
2026/10/09 22:10:14.656, 23889 MiB, 449.66 W, 99 %, 75
2026/10/09 22:10:15.670, 23889 MiB, 448.93 W, 98 %, 74
2026/10/09 22:10:16.681, 23891 MiB, 449.63 W, 100 %, 74
2026/10/09 22:10:17.686, 23891 MiB, 448.80 W, 100 %, 74
2026/10/09 22:10:18.689, 23893 MiB, 448.95 W, 100 %, 75
2026/10/09 22:10:19.703, 23893 MiB, 448.62 W, 100 %, 75
2026/10/09 22:10:20.714, 23893 MiB, 448.77 W, 98 %, 75
2026/10/09 22:10:21.726, 23895 MiB, 448.44 W, 99 %, 75
2026/10/09 22:10:22.740, 23895 MiB, 448.36 W, 99 %, 76
2026/10/09 22:10:23.754, 23895 MiB, 449.45 W, 99 %, 75
2026/10/09 22:10:24.768, 23897 MiB, 449.69 W, 99 %, 74
2026/10/09 22:10:25.778, 23899 MiB, 449.31 W, 100 %, 74
2026/10/09 22:10:26.784, 23899 MiB, 448.18 W, 100 %, 75
2026/10/09 22:10:27.787, 23899 MiB, 448.90 W, 98 %, 75
2026/10/09 22:10:28.802, 23899 MiB, 448.06 W, 97 %, 74
2026/10/09 22:10:29.813, 23899 MiB, 449.25 W, 100 %, 75
2026/10/09 22:10:30.827, 23903 MiB, 448.96 W, 98 %, 75
2026/10/09 22:10:31.842, 23903 MiB, 448.88 W, 100 %, 72
2026/10/09 22:10:32.856, 23903 MiB, 449.41 W, 100 %, 75
2026/10/09 22:10:33.865, 23903 MiB, 449.82 W, 99 %, 75
2026/10/09 22:10:34.870, 23903 MiB, 449.26 W, 100 %, 74
2026/10/09 22:10:35.880, 23905 MiB, 449.11 W, 100 %, 75
2026/10/09 22:10:36.883, 23905 MiB, 449.46 W, 100 %, 73
2026/10/09 22:10:37.896, 23905 MiB, 449.26 W, 100 %, 74
2026/10/09 22:10:38.898, 23907 MiB, 448.20 W, 100 %, 75
2026/10/09 22:10:39.912, 23907 MiB, 448.57 W, 99 %, 73
2026/10/09 22:10:40.924, 23907 MiB, 449.26 W, 98 %, 75
2026/10/09 22:10:41.927, 23909 MiB, 448.74 W, 99 %, 75
2026/10/09 22:10:42.942, 23909 MiB, 448.36 W, 99 %, 74
2026/10/09 22:10:43.948, 23911 MiB, 450.02 W, 99 %, 75
2026/10/09 22:10:44.950, 23911 MiB, 448.94 W, 100 %, 74
2026/10/09 22:10:45.953, 23911 MiB, 449.68 W, 100 %, 74
2026/10/09 22:10:46.957, 23913 MiB, 449.39 W, 99 %, 73
2026/10/09 22:10:47.959, 23913 MiB, 449.01 W, 100 %, 75
2026/10/09 22:10:48.962, 23915 MiB, 448.51 W, 98 %, 73
2026/10/09 22:10:49.976, 23915 MiB, 448.47 W, 100 %, 74
2026/10/09 22:10:50.983, 23915 MiB, 448.57 W, 98 %, 75
2026/10/09 22:10:51.990, 23917 MiB, 448.81 W, 99 %, 75
2026/10/09 22:10:52.993, 23917 MiB, 448.72 W, 100 %, 75
2026/10/09 22:10:53.995, 23919 MiB, 448.10 W, 98 %, 75
2026/10/09 22:10:54.998, 23919 MiB, 449.14 W, 100 %, 75
2026/10/09 22:10:56.011, 23921 MiB, 448.71 W, 100 %, 74
2026/10/09 22:10:57.016, 23921 MiB, 449.30 W, 100 %, 75
2026/10/09 22:10:58.026, 23921 MiB, 448.96 W, 96 %, 74
2026/10/09 22:10:59.029, 23923 MiB, 449.24 W, 100 %, 75
2026/10/09 22:11:00.032, 23923 MiB, 449.30 W, 100 %, 73
2026/10/09 22:11:01.044, 23925 MiB, 447.79 W, 99 %, 75
2026/10/09 22:11:02.058, 23925 MiB, 448.52 W, 98 %, 74
2026/10/09 22:11:03.062, 23925 MiB, 449.30 W, 99 %, 74
2026/10/09 22:11:04.064, 23927 MiB, 449.61 W, 99 %, 75
2026/10/09 22:11:05.069, 23927 MiB, 449.27 W, 99 %, 75
2026/10/09 22:11:06.071, 23929 MiB, 447.93 W, 99 %, 75
2026/10/09 22:11:07.073, 23929 MiB, 448.56 W, 99 %, 75
2026/10/09 22:11:08.076, 23931 MiB, 449.44 W, 99 %, 76
2026/10/09 22:11:09.085, 23931 MiB, 449.30 W, 100 %, 73
2026/10/09 22:11:10.093, 23933 MiB, 449.01 W, 99 %, 74
2026/10/09 22:11:11.106, 23933 MiB, 449.64 W, 99 %, 74
2026/10/09 22:11:12.113, 23933 MiB, 449.58 W, 99 %, 76
2026/10/09 22:11:13.122, 23935 MiB, 449.14 W, 100 %, 75
2026/10/09 22:11:14.137, 23935 MiB, 448.72 W, 97 %, 73
2026/10/09 22:11:15.143, 23937 MiB, 449.00 W, 99 %, 73
2026/10/09 22:11:16.152, 23937 MiB, 449.07 W, 99 %, 74
2026/10/09 22:11:17.162, 23939 MiB, 448.90 W, 100 %, 75
2026/10/09 22:11:18.169, 23939 MiB, 449.30 W, 100 %, 75
2026/10/09 22:11:19.171, 23941 MiB, 448.26 W, 98 %, 75
2026/10/09 22:11:20.172, 23941 MiB, 448.33 W, 97 %, 74
2026/10/09 22:11:21.186, 23943 MiB, 448.42 W, 98 %, 75
2026/10/09 22:11:22.192, 23943 MiB, 449.00 W, 98 %, 75
2026/10/09 22:11:23.203, 23945 MiB, 449.16 W, 99 %, 76
2026/10/09 22:11:24.210, 23947 MiB, 449.48 W, 97 %, 75
2026/10/09 22:11:25.215, 23947 MiB, 448.80 W, 99 %, 75
2026/10/09 22:11:26.229, 23949 MiB, 448.77 W, 98 %, 75
2026/10/09 22:11:27.233, 23949 MiB, 449.20 W, 100 %, 75
2026/10/09 22:11:28.237, 23951 MiB, 448.21 W, 99 %, 75
2026/10/09 22:11:29.244, 23951 MiB, 448.61 W, 99 %, 75
2026/10/09 22:11:30.247, 23953 MiB, 449.67 W, 98 %, 75
2026/10/09 22:11:31.253, 23953 MiB, 448.70 W, 99 %, 75
2026/10/09 22:11:32.261, 23955 MiB, 448.83 W, 98 %, 74
2026/10/09 22:11:33.271, 23957 MiB, 449.03 W, 99 %, 74
2026/10/09 22:11:34.277, 23957 MiB, 448.68 W, 100 %, 75
2026/10/09 22:11:35.280, 23959 MiB, 448.91 W, 98 %, 75
2026/10/09 22:11:36.287, 23959 MiB, 448.55 W, 99 %, 75
2026/10/09 22:11:37.298, 23961 MiB, 448.70 W, 98 %, 75
2026/10/09 22:11:38.311, 23963 MiB, 449.30 W, 99 %, 75
2026/10/09 22:11:39.324, 23963 MiB, 449.63 W, 99 %, 75
2026/10/09 22:11:40.325, 23965 MiB, 449.49 W, 98 %, 75
2026/10/09 22:11:41.331, 23967 MiB, 449.81 W, 99 %, 75
2026/10/09 22:11:42.333, 23967 MiB, 448.82 W, 98 %, 75
2026/10/09 22:11:43.340, 23969 MiB, 448.49 W, 99 %, 75
2026/10/09 22:11:44.345, 23971 MiB, 449.26 W, 98 %, 74
2026/10/09 22:11:45.354, 23973 MiB, 448.87 W, 98 %, 75
2026/10/09 22:11:46.365, 23973 MiB, 449.30 W, 98 %, 75
2026/10/09 22:11:47.375, 23975 MiB, 448.91 W, 99 %, 75
2026/10/09 22:11:48.383, 23977 MiB, 449.03 W, 98 %, 74
2026/10/09 22:11:49.393, 23979 MiB, 449.12 W, 99 %, 76
2026/10/09 22:11:50.404, 23981 MiB, 448.54 W, 99 %, 75
2026/10/09 22:11:51.416, 23983 MiB, 449.00 W, 97 %, 75
2026/10/09 22:11:52.425, 23985 MiB, 448.07 W, 98 %, 75
2026/10/09 22:11:53.429, 23987 MiB, 449.10 W, 97 %, 75
2026/10/09 22:11:54.441, 23989 MiB, 448.76 W, 95 %, 75
2026/10/09 22:11:55.445, 23993 MiB, 449.31 W, 96 %, 76
2026/10/09 22:11:56.455, 23995 MiB, 448.81 W, 96 %, 74
2026/10/09 22:11:57.465, 24041 MiB, 448.05 W, 98 %, 75
2026/10/09 22:11:58.477, 24045 MiB, 447.86 W, 97 %, 75
2026/10/09 22:11:59.492, 24049 MiB, 448.28 W, 96 %, 75
2026/10/09 22:12:00.504, 24048 MiB, 438.28 W, 93 %, 75
2026/10/09 22:12:01.518, 24047 MiB, 445.58 W, 93 %, 74
2026/10/09 22:12:02.532, 24019 MiB, 442.05 W, 94 %, 74
2026/10/09 22:12:03.544, 24025 MiB, 436.78 W, 85 %, 73
2026/10/09 22:12:04.559, 24029 MiB, 432.23 W, 92 %, 74
2026/10/09 22:12:05.573, 24035 MiB, 421.88 W, 88 %, 71
2026/10/09 22:12:06.588, 23306 MiB, 250.78 W, 89 %, 58
2026/10/09 22:12:07.589, 23836 MiB, 131.57 W, 51 %, 59
2026/10/09 22:12:08.603, 23836 MiB, 172.57 W, 54 %, 59
2026/10/09 22:12:09.618, 23836 MiB, 173.93 W, 54 %, 59
2026/10/09 22:12:10.632, 23836 MiB, 172.28 W, 53 %, 58
2026/10/09 22:12:11.642, 23836 MiB, 169.30 W, 54 %, 58
2026/10/09 22:12:12.656, 23836 MiB, 172.94 W, 57 %, 58
2026/10/09 22:12:13.669, 23836 MiB, 172.05 W, 52 %, 58
2026/10/09 22:12:14.670, 23836 MiB, 170.82 W, 53 %, 58
2026/10/09 22:12:15.684, 23836 MiB, 168.99 W, 54 %, 57
2026/10/09 22:12:16.686, 23836 MiB, 169.53 W, 57 %, 57
2026/10/09 22:12:17.701, 23836 MiB, 169.09 W, 58 %, 57
2026/10/09 22:12:18.716, 23836 MiB, 169.83 W, 54 %, 57
2026/10/09 22:12:19.726, 23836 MiB, 170.59 W, 54 %, 57
2026/10/09 22:12:20.728, 23836 MiB, 169.34 W, 52 %, 56
2026/10/09 22:12:21.731, 23836 MiB, 164.50 W, 50 %, 56
2026/10/09 22:12:22.740, 23836 MiB, 167.82 W, 53 %, 56
2026/10/09 22:12:23.747, 23836 MiB, 168.83 W, 52 %, 56
2026/10/09 22:12:24.758, 23836 MiB, 117.01 W, 0 %, 52
2026/10/09 22:12:25.765, 23836 MiB, 73.92 W, 1 %, 51
2026/10/09 22:12:26.778, 23836 MiB, 53.58 W, 100 %, 51
2026/10/09 22:12:27.780, 23836 MiB, 305.85 W, 100 %, 68
2026/10/09 22:12:28.780, 23836 MiB, 375.94 W, 99 %, 66
2026/10/09 22:12:29.796, 23836 MiB, 372.66 W, 100 %, 66
2026/10/09 22:12:30.805, 23836 MiB, 378.21 W, 100 %, 65
2026/10/09 22:12:31.818, 23836 MiB, 380.20 W, 100 %, 65
2026/10/09 22:12:32.827, 23836 MiB, 376.45 W, 100 %, 67
2026/10/09 22:12:33.841, 23836 MiB, 341.64 W, 99 %, 65
2026/10/09 22:12:34.853, 23836 MiB, 370.58 W, 100 %, 66
2026/10/09 22:12:35.865, 23836 MiB, 378.77 W, 100 %, 65
2026/10/09 22:12:36.871, 23836 MiB, 358.17 W, 12 %, 65
2026/10/09 22:12:37.885, 23836 MiB, 350.33 W, 100 %, 66
2026/10/09 22:12:38.889, 23836 MiB, 382.80 W, 100 %, 68
2026/10/09 22:12:39.900, 23836 MiB, 375.29 W, 100 %, 68
2026/10/09 22:12:40.915, 23836 MiB, 378.19 W, 100 %, 68
2026/10/09 22:12:41.926, 23836 MiB, 374.17 W, 100 %, 67
2026/10/09 22:12:42.937, 23836 MiB, 373.60 W, 100 %, 68
2026/10/09 22:12:43.949, 23836 MiB, 375.96 W, 100 %, 67
2026/10/09 22:12:44.961, 23836 MiB, 364.89 W, 100 %, 66
2026/10/09 22:12:45.973, 23836 MiB, 376.35 W, 100 %, 65
2026/10/09 22:12:46.982, 23836 MiB, 380.07 W, 100 %, 66
2026/10/09 22:12:47.996, 23836 MiB, 372.59 W, 100 %, 65
2026/10/09 22:12:49.011, 23836 MiB, 377.51 W, 100 %, 64
2026/10/09 22:12:50.019, 23836 MiB, 379.12 W, 100 %, 64
2026/10/09 22:12:51.030, 23836 MiB, 380.55 W, 100 %, 68
2026/10/09 22:12:52.041, 23836 MiB, 372.51 W, 100 %, 66
2026/10/09 22:12:53.051, 23836 MiB, 384.07 W, 100 %, 67
2026/10/09 22:12:54.063, 23836 MiB, 374.49 W, 100 %, 69
2026/10/09 22:12:55.073, 23836 MiB, 382.11 W, 100 %, 68
2026/10/09 22:12:56.081, 23836 MiB, 379.46 W, 100 %, 68
2026/10/09 22:12:57.091, 23836 MiB, 373.92 W, 100 %, 70
2026/10/09 22:12:58.103, 23836 MiB, 380.14 W, 99 %, 69
2026/10/09 22:12:59.109, 23836 MiB, 375.85 W, 100 %, 69
2026/10/09 22:13:00.118, 23836 MiB, 397.51 W, 100 %, 68
2026/10/09 22:13:01.130, 23836 MiB, 412.07 W, 100 %, 70
2026/10/09 22:13:02.137, 23836 MiB, 404.35 W, 99 %, 72
2026/10/09 22:13:03.149, 23836 MiB, 414.68 W, 98 %, 69
2026/10/09 22:13:04.162, 23836 MiB, 408.53 W, 99 %, 70
2026/10/09 22:13:05.170, 23836 MiB, 411.79 W, 100 %, 71
2026/10/09 22:13:06.173, 23836 MiB, 416.23 W, 100 %, 70
2026/10/09 22:13:07.176, 23836 MiB, 409.58 W, 100 %, 69
2026/10/09 22:13:08.187, 23836 MiB, 414.40 W, 100 %, 70
2026/10/09 22:13:09.201, 23836 MiB, 417.82 W, 100 %, 70
2026/10/09 22:13:10.202, 23836 MiB, 411.81 W, 100 %, 71
2026/10/09 22:13:11.216, 23836 MiB, 413.59 W, 100 %, 70
2026/10/09 22:13:12.225, 23836 MiB, 408.62 W, 99 %, 69
2026/10/09 22:13:13.233, 23836 MiB, 397.34 W, 100 %, 71
2026/10/09 22:13:14.247, 23836 MiB, 409.56 W, 100 %, 70
2026/10/09 22:13:15.248, 23836 MiB, 409.54 W, 100 %, 69
2026/10/09 22:13:16.251, 23836 MiB, 412.00 W, 100 %, 70
2026/10/09 22:13:17.261, 23836 MiB, 414.70 W, 100 %, 70
2026/10/09 22:13:18.272, 23836 MiB, 411.46 W, 100 %, 69
2026/10/09 22:13:19.284, 23836 MiB, 416.37 W, 100 %, 69
2026/10/09 22:13:20.293, 23836 MiB, 404.10 W, 100 %, 67
2026/10/09 22:13:21.306, 23836 MiB, 398.90 W, 100 %, 70
2026/10/09 22:13:22.316, 23836 MiB, 410.17 W, 100 %, 68
2026/10/09 22:13:23.319, 23836 MiB, 411.84 W, 98 %, 69
2026/10/09 22:13:24.324, 23836 MiB, 410.65 W, 100 %, 69
2026/10/09 22:13:25.328, 23836 MiB, 409.58 W, 100 %, 68
2026/10/09 22:13:26.332, 23836 MiB, 408.98 W, 100 %, 70
2026/10/09 22:13:27.344, 23836 MiB, 414.54 W, 100 %, 68
2026/10/09 22:13:28.350, 23836 MiB, 407.90 W, 100 %, 70
2026/10/09 22:13:29.356, 23836 MiB, 412.12 W, 100 %, 67
2026/10/09 22:13:30.366, 23836 MiB, 407.21 W, 100 %, 68
2026/10/09 22:13:31.374, 23836 MiB, 409.46 W, 100 %, 69
2026/10/09 22:13:32.382, 23836 MiB, 405.60 W, 100 %, 70
2026/10/09 22:13:33.397, 23836 MiB, 416.95 W, 100 %, 71
2026/10/09 22:13:34.410, 23836 MiB, 408.10 W, 99 %, 71
2026/10/09 22:13:35.420, 23836 MiB, 408.36 W, 100 %, 71
2026/10/09 22:13:36.421, 23836 MiB, 411.94 W, 100 %, 70
2026/10/09 22:13:37.432, 23836 MiB, 405.17 W, 100 %, 69
2026/10/09 22:13:38.447, 23836 MiB, 413.28 W, 100 %, 70
2026/10/09 22:13:39.451, 23836 MiB, 408.02 W, 98 %, 70
2026/10/09 22:13:40.462, 23836 MiB, 403.55 W, 99 %, 69
2026/10/09 22:13:41.477, 23836 MiB, 406.24 W, 100 %, 70
2026/10/09 22:13:42.482, 23836 MiB, 400.17 W, 100 %, 70
2026/10/09 22:13:43.498, 23836 MiB, 409.43 W, 99 %, 72
2026/10/09 22:13:44.511, 23836 MiB, 409.07 W, 99 %, 70
2026/10/09 22:13:45.520, 23836 MiB, 405.69 W, 100 %, 71
2026/10/09 22:13:46.533, 23836 MiB, 417.19 W, 100 %, 73
2026/10/09 22:13:47.544, 23836 MiB, 395.26 W, 100 %, 71
2026/10/09 22:13:48.558, 23836 MiB, 411.52 W, 100 %, 71
2026/10/09 22:13:49.570, 23836 MiB, 417.04 W, 100 %, 70
2026/10/09 22:13:50.578, 23836 MiB, 406.47 W, 100 %, 71
2026/10/09 22:13:51.590, 23836 MiB, 395.18 W, 100 %, 71
2026/10/09 22:13:52.601, 23836 MiB, 403.05 W, 99 %, 71
2026/10/09 22:13:53.615, 23836 MiB, 407.95 W, 100 %, 71
2026/10/09 22:13:54.623, 23836 MiB, 409.21 W, 100 %, 72
2026/10/09 22:13:55.632, 23836 MiB, 409.82 W, 100 %, 72
2026/10/09 22:13:56.643, 23836 MiB, 409.91 W, 100 %, 72
2026/10/09 22:13:57.658, 23836 MiB, 410.50 W, 100 %, 73
2026/10/09 22:13:58.658, 23836 MiB, 414.17 W, 99 %, 71
2026/10/09 22:13:59.661, 23836 MiB, 399.72 W, 100 %, 72
2026/10/09 22:14:00.663, 23836 MiB, 400.67 W, 99 %, 71
2026/10/09 22:14:01.673, 23836 MiB, 401.87 W, 100 %, 70
2026/10/09 22:14:02.675, 23836 MiB, 402.71 W, 100 %, 73
2026/10/09 22:14:03.690, 23836 MiB, 405.52 W, 100 %, 72
2026/10/09 22:14:04.699, 23836 MiB, 412.68 W, 100 %, 72
2026/10/09 22:14:05.711, 23836 MiB, 406.05 W, 100 %, 72
2026/10/09 22:14:06.718, 23836 MiB, 408.63 W, 100 %, 71
2026/10/09 22:14:07.731, 23836 MiB, 410.04 W, 100 %, 71
2026/10/09 22:14:08.745, 23836 MiB, 404.75 W, 100 %, 67
2026/10/09 22:14:09.750, 23836 MiB, 392.99 W, 100 %, 72
2026/10/09 22:14:10.761, 23836 MiB, 393.49 W, 99 %, 72
2026/10/09 22:14:11.763, 23836 MiB, 418.88 W, 100 %, 70
2026/10/09 22:14:12.773, 23836 MiB, 416.19 W, 100 %, 71
2026/10/09 22:14:13.785, 23836 MiB, 411.11 W, 100 %, 72
2026/10/09 22:14:14.800, 23836 MiB, 404.13 W, 98 %, 71
2026/10/09 22:14:15.815, 23836 MiB, 398.74 W, 100 %, 71
2026/10/09 22:14:16.829, 23836 MiB, 406.66 W, 100 %, 71
2026/10/09 22:14:17.830, 23836 MiB, 410.98 W, 100 %, 71
2026/10/09 22:14:18.845, 23836 MiB, 414.41 W, 100 %, 71
2026/10/09 22:14:19.855, 23836 MiB, 405.38 W, 99 %, 71
2026/10/09 22:14:20.856, 23836 MiB, 405.90 W, 98 %, 70
2026/10/09 22:14:21.869, 23836 MiB, 404.53 W, 99 %, 71
2026/10/09 22:14:22.871, 23836 MiB, 391.13 W, 71 %, 70
2026/10/09 22:14:23.884, 23836 MiB, 398.82 W, 100 %, 72
2026/10/09 22:14:24.885, 23836 MiB, 408.41 W, 99 %, 70
2026/10/09 22:14:25.898, 23836 MiB, 401.16 W, 100 %, 70
2026/10/09 22:14:26.900, 23836 MiB, 399.55 W, 100 %, 70
2026/10/09 22:14:27.911, 23836 MiB, 405.31 W, 100 %, 72
2026/10/09 22:14:28.915, 23836 MiB, 407.50 W, 100 %, 71
2026/10/09 22:14:29.917, 23836 MiB, 414.40 W, 98 %, 71
2026/10/09 22:14:30.927, 23836 MiB, 407.48 W, 100 %, 70
2026/10/09 22:14:31.939, 23836 MiB, 396.75 W, 100 %, 69
2026/10/09 22:14:32.954, 23836 MiB, 402.32 W, 99 %, 69
2026/10/09 22:14:33.967, 23836 MiB, 414.58 W, 100 %, 70
2026/10/09 22:14:34.982, 23836 MiB, 407.49 W, 100 %, 71
2026/10/09 22:14:35.994, 23836 MiB, 406.32 W, 100 %, 71
2026/10/09 22:14:37.009, 23836 MiB, 404.67 W, 100 %, 71
2026/10/09 22:14:38.022, 23836 MiB, 406.86 W, 100 %, 70
2026/10/09 22:14:39.037, 23836 MiB, 410.51 W, 100 %, 71
2026/10/09 22:14:40.045, 23836 MiB, 420.29 W, 100 %, 70
2026/10/09 22:14:41.060, 23836 MiB, 409.77 W, 99 %, 71
2026/10/09 22:14:42.071, 23836 MiB, 412.59 W, 100 %, 70
2026/10/09 22:14:43.073, 23836 MiB, 403.46 W, 99 %, 70
2026/10/09 22:14:44.086, 23836 MiB, 399.71 W, 100 %, 66
2026/10/09 22:14:45.100, 23836 MiB, 403.82 W, 100 %, 70
2026/10/09 22:14:46.102, 23836 MiB, 407.48 W, 100 %, 71
2026/10/09 22:14:47.115, 23836 MiB, 405.55 W, 99 %, 71
2026/10/09 22:14:48.130, 23836 MiB, 407.58 W, 100 %, 71
2026/10/09 22:14:49.146, 23836 MiB, 416.46 W, 100 %, 71
2026/10/09 22:14:50.158, 23836 MiB, 418.30 W, 100 %, 71
2026/10/09 22:14:51.159, 23836 MiB, 421.54 W, 99 %, 74
2026/10/09 22:14:52.172, 23836 MiB, 417.13 W, 100 %, 71
2026/10/09 22:14:53.186, 23836 MiB, 412.24 W, 100 %, 71
2026/10/09 22:14:54.199, 23836 MiB, 406.95 W, 100 %, 71
2026/10/09 22:14:55.213, 23836 MiB, 413.86 W, 99 %, 70
2026/10/09 22:14:56.228, 23836 MiB, 404.52 W, 100 %, 70
2026/10/09 22:14:57.239, 23836 MiB, 412.43 W, 100 %, 71
2026/10/09 22:14:58.252, 23836 MiB, 410.98 W, 100 %, 71
2026/10/09 22:14:59.265, 23836 MiB, 417.85 W, 99 %, 72
2026/10/09 22:15:00.280, 23836 MiB, 412.48 W, 100 %, 72
2026/10/09 22:15:01.294, 23836 MiB, 408.59 W, 98 %, 69
2026/10/09 22:15:02.309, 23836 MiB, 403.63 W, 99 %, 71
2026/10/09 22:15:03.324, 23836 MiB, 415.87 W, 99 %, 71
2026/10/09 22:15:04.338, 23836 MiB, 421.00 W, 100 %, 73
2026/10/09 22:15:05.353, 23836 MiB, 420.11 W, 100 %, 70
2026/10/09 22:15:06.356, 23836 MiB, 410.49 W, 100 %, 69
2026/10/09 22:15:07.370, 23836 MiB, 412.77 W, 99 %, 71
2026/10/09 22:15:08.383, 23836 MiB, 418.82 W, 100 %, 71
2026/10/09 22:15:09.398, 23836 MiB, 415.31 W, 100 %, 70
2026/10/09 22:15:10.410, 23836 MiB, 416.82 W, 100 %, 71
2026/10/09 22:15:11.424, 23836 MiB, 407.81 W, 100 %, 71
2026/10/09 22:15:12.437, 23836 MiB, 417.14 W, 100 %, 71
2026/10/09 22:15:13.444, 23836 MiB, 416.37 W, 100 %, 68
2026/10/09 22:15:14.457, 23836 MiB, 407.30 W, 100 %, 69
2026/10/09 22:15:15.461, 23836 MiB, 415.09 W, 99 %, 69
2026/10/09 22:15:16.471, 23836 MiB, 411.49 W, 100 %, 69
2026/10/09 22:15:17.484, 23836 MiB, 416.92 W, 100 %, 69
2026/10/09 22:15:18.495, 23836 MiB, 414.66 W, 99 %, 69
2026/10/09 22:15:19.501, 23836 MiB, 409.18 W, 100 %, 67
2026/10/09 22:15:20.503, 23836 MiB, 408.92 W, 100 %, 67
2026/10/09 22:15:21.505, 23836 MiB, 413.73 W, 100 %, 69
2026/10/09 22:15:22.512, 23836 MiB, 411.46 W, 100 %, 69
2026/10/09 22:15:23.526, 23836 MiB, 406.89 W, 99 %, 69
2026/10/09 22:15:24.529, 23836 MiB, 256.87 W, 51 %, 60
2026/10/09 22:15:25.544, 23836 MiB, 175.02 W, 50 %, 59
2026/10/09 22:15:26.555, 23836 MiB, 174.84 W, 52 %, 59
2026/10/09 22:15:27.568, 23836 MiB, 173.93 W, 55 %, 58
2026/10/09 22:15:28.578, 23836 MiB, 171.88 W, 51 %, 58
2026/10/09 22:15:29.593, 23836 MiB, 174.28 W, 51 %, 58
2026/10/09 22:15:30.604, 23836 MiB, 173.09 W, 55 %, 58
2026/10/09 22:15:31.614, 23836 MiB, 171.47 W, 54 %, 57
2026/10/09 22:15:32.615, 23836 MiB, 170.90 W, 57 %, 57
2026/10/09 22:15:33.627, 23836 MiB, 169.71 W, 56 %, 57
2026/10/09 22:15:34.638, 23836 MiB, 170.97 W, 55 %, 57
2026/10/09 22:15:35.644, 23836 MiB, 171.88 W, 52 %, 56
2026/10/09 22:15:36.653, 23836 MiB, 170.35 W, 54 %, 56
2026/10/09 22:15:37.658, 23836 MiB, 171.00 W, 53 %, 56
2026/10/09 22:15:38.672, 23836 MiB, 171.04 W, 50 %, 56
2026/10/09 22:15:39.687, 23836 MiB, 171.22 W, 52 %, 56
2026/10/09 22:15:40.697, 23836 MiB, 170.13 W, 57 %, 55
2026/10/09 22:15:41.703, 23836 MiB, 171.78 W, 51 %, 55
2026/10/09 22:15:42.714, 23836 MiB, 170.04 W, 52 %, 55
2026/10/09 22:15:43.728, 23836 MiB, 169.80 W, 56 %, 55
2026/10/09 22:15:44.741, 23836 MiB, 171.53 W, 52 %, 55
2026/10/09 22:15:45.748, 23836 MiB, 170.16 W, 53 %, 55
2026/10/09 22:15:46.764, 23836 MiB, 170.52 W, 52 %, 55
2026/10/09 22:15:47.779, 23836 MiB, 171.49 W, 53 %, 55
2026/10/09 22:15:48.789, 23836 MiB, 170.69 W, 53 %, 55
2026/10/09 22:15:49.802, 23836 MiB, 169.67 W, 52 %, 55
2026/10/09 22:15:50.811, 23836 MiB, 169.18 W, 49 %, 54
2026/10/09 22:15:51.821, 23836 MiB, 168.35 W, 53 %, 54
2026/10/09 22:15:52.834, 23836 MiB, 169.66 W, 53 %, 54
2026/10/09 22:15:53.847, 23836 MiB, 168.41 W, 52 %, 54
2026/10/09 22:15:54.854, 23836 MiB, 168.59 W, 52 %, 54
2026/10/09 22:15:55.859, 23836 MiB, 168.86 W, 50 %, 54
2026/10/09 22:15:56.867, 23836 MiB, 168.88 W, 55 %, 54
2026/10/09 22:15:57.877, 23836 MiB, 168.84 W, 52 %, 54
2026/10/09 22:15:58.888, 23836 MiB, 170.23 W, 56 %, 54
2026/10/09 22:15:59.897, 23836 MiB, 167.93 W, 55 %, 54
2026/10/09 22:16:00.909, 23836 MiB, 170.48 W, 52 %, 54
2026/10/09 22:16:01.921, 23836 MiB, 168.88 W, 52 %, 54
2026/10/09 22:16:02.931, 23836 MiB, 168.65 W, 52 %, 54
2026/10/09 22:16:03.945, 23836 MiB, 166.56 W, 54 %, 53
2026/10/09 22:16:04.951, 23836 MiB, 168.48 W, 52 %, 53
2026/10/09 22:16:05.964, 23836 MiB, 165.95 W, 54 %, 53
2026/10/09 22:16:06.977, 23836 MiB, 167.35 W, 51 %, 53
2026/10/09 22:16:07.979, 23836 MiB, 168.21 W, 51 %, 53
2026/10/09 22:16:08.992, 23836 MiB, 168.09 W, 53 %, 53
2026/10/09 22:16:09.997, 23836 MiB, 168.35 W, 52 %, 53
2026/10/09 22:16:11.011, 23836 MiB, 168.42 W, 54 %, 53
2026/10/09 22:16:12.016, 23836 MiB, 167.04 W, 51 %, 53
2026/10/09 22:16:13.029, 23836 MiB, 166.63 W, 53 %, 53
2026/10/09 22:16:14.043, 23836 MiB, 166.76 W, 51 %, 53
2026/10/09 22:16:15.055, 23836 MiB, 166.59 W, 52 %, 53
2026/10/09 22:16:16.063, 23836 MiB, 168.63 W, 55 %, 53
2026/10/09 22:16:17.075, 23836 MiB, 166.23 W, 53 %, 53
2026/10/09 22:16:18.076, 23836 MiB, 123.46 W, 0 %, 49
2026/10/09 22:16:19.083, 23836 MiB, 71.80 W, 0 %, 48
2026/10/09 22:16:20.091, 23836 MiB, 49.17 W, 2 %, 46
2026/10/09 22:16:21.101, 624 MiB, 34.10 W, 2 %, 45
