timestamp, memory.used [MiB], power.draw [W], utilization.gpu [%], temperature.gpu
2026/10/10 10:17:53.534, 757 MiB, 10.68 W, 7 %, 37
2026/10/10 10:17:54.543, 757 MiB, 10.57 W, 7 %, 37
2026/10/10 10:17:55.555, 757 MiB, 10.93 W, 13 %, 37
2026/10/10 10:17:56.563, 757 MiB, 10.62 W, 10 %, 37
2026/10/10 10:17:57.563, 757 MiB, 10.52 W, 9 %, 37
2026/10/10 10:17:58.579, 757 MiB, 10.48 W, 9 %, 37
2026/10/10 10:17:59.588, 757 MiB, 10.44 W, 9 %, 37
2026/10/10 10:18:00.596, 757 MiB, 10.50 W, 9 %, 37
2026/10/10 10:18:01.608, 2319 MiB, 22.90 W, 1 %, 39
2026/10/10 10:18:02.618, 6183 MiB, 88.61 W, 67 %, 45
2026/10/10 10:18:03.629, 8767 MiB, 319.24 W, 86 %, 54
2026/10/10 10:18:04.634, 8767 MiB, 333.88 W, 100 %, 56
2026/10/10 10:18:05.647, 8767 MiB, 334.00 W, 99 %, 57
2026/10/10 10:18:06.658, 9731 MiB, 336.70 W, 99 %, 57
2026/10/10 10:18:07.666, 10431 MiB, 327.86 W, 89 %, 57
2026/10/10 10:18:08.680, 10431 MiB, 349.92 W, 100 %, 58
2026/10/10 10:18:09.692, 10431 MiB, 341.44 W, 92 %, 58
2026/10/10 10:18:10.704, 10431 MiB, 341.95 W, 100 %, 58
2026/10/10 10:18:11.717, 10431 MiB, 343.35 W, 99 %, 58
2026/10/10 10:18:12.723, 10431 MiB, 340.45 W, 91 %, 60
2026/10/10 10:18:13.732, 10431 MiB, 333.30 W, 100 %, 58
2026/10/10 10:18:14.743, 10431 MiB, 337.59 W, 99 %, 59
2026/10/10 10:18:15.745, 10431 MiB, 344.80 W, 91 %, 59
2026/10/10 10:18:16.761, 10431 MiB, 345.44 W, 100 %, 60
2026/10/10 10:18:17.771, 10431 MiB, 342.30 W, 99 %, 59
2026/10/10 10:18:18.777, 10431 MiB, 340.22 W, 100 %, 60
2026/10/10 10:18:19.780, 10431 MiB, 341.09 W, 100 %, 60
2026/10/10 10:18:20.791, 10431 MiB, 340.77 W, 100 %, 60
2026/10/10 10:18:21.801, 10431 MiB, 345.95 W, 92 %, 61
2026/10/10 10:18:22.803, 10431 MiB, 343.37 W, 99 %, 60
2026/10/10 10:18:23.810, 10431 MiB, 345.36 W, 90 %, 59
2026/10/10 10:18:24.815, 10431 MiB, 344.80 W, 100 %, 61
2026/10/10 10:18:25.825, 10431 MiB, 350.74 W, 97 %, 61
2026/10/10 10:18:26.837, 10431 MiB, 349.52 W, 99 %, 61
2026/10/10 10:18:27.846, 10431 MiB, 349.36 W, 100 %, 61
2026/10/10 10:18:28.846, 10431 MiB, 347.47 W, 100 %, 61
2026/10/10 10:18:29.852, 10431 MiB, 349.99 W, 99 %, 61
2026/10/10 10:18:30.865, 10431 MiB, 341.08 W, 90 %, 60
2026/10/10 10:18:31.875, 10431 MiB, 340.46 W, 100 %, 61
2026/10/10 10:18:32.881, 10431 MiB, 339.49 W, 100 %, 61
2026/10/10 10:18:33.887, 11135 MiB, 335.38 W, 100 %, 61
2026/10/10 10:18:34.897, 11135 MiB, 345.01 W, 91 %, 61
2026/10/10 10:18:35.909, 11135 MiB, 344.60 W, 89 %, 62
2026/10/10 10:18:36.916, 11135 MiB, 347.15 W, 100 %, 62
2026/10/10 10:18:37.923, 11135 MiB, 345.34 W, 100 %, 62
2026/10/10 10:18:38.932, 11135 MiB, 340.84 W, 88 %, 61
2026/10/10 10:18:39.945, 11135 MiB, 346.60 W, 99 %, 62
2026/10/10 10:18:40.953, 11135 MiB, 340.34 W, 100 %, 61
2026/10/10 10:18:41.963, 11135 MiB, 347.74 W, 99 %, 62
2026/10/10 10:18:42.967, 11135 MiB, 346.62 W, 100 %, 63
2026/10/10 10:18:43.968, 11135 MiB, 343.48 W, 100 %, 62
2026/10/10 10:18:44.980, 11135 MiB, 348.33 W, 100 %, 63
2026/10/10 10:18:45.995, 11135 MiB, 347.73 W, 100 %, 62
2026/10/10 10:18:47.006, 11135 MiB, 339.46 W, 94 %, 61
2026/10/10 10:18:48.014, 11135 MiB, 348.54 W, 100 %, 64
2026/10/10 10:18:49.025, 11135 MiB, 349.45 W, 92 %, 63
2026/10/10 10:18:50.038, 11135 MiB, 352.89 W, 92 %, 62
2026/10/10 10:18:51.047, 11135 MiB, 350.09 W, 91 %, 63
2026/10/10 10:18:52.059, 11135 MiB, 342.47 W, 100 %, 62
2026/10/10 10:18:53.070, 11135 MiB, 347.19 W, 79 %, 63
2026/10/10 10:18:54.082, 11135 MiB, 344.98 W, 100 %, 63
2026/10/10 10:18:55.092, 11135 MiB, 340.54 W, 92 %, 63
2026/10/10 10:18:56.093, 13323 MiB, 334.40 W, 98 %, 63
2026/10/10 10:18:57.096, 13323 MiB, 343.24 W, 100 %, 63
2026/10/10 10:18:58.112, 13323 MiB, 349.43 W, 99 %, 63
2026/10/10 10:18:59.119, 13323 MiB, 350.64 W, 99 %, 63
2026/10/10 10:19:00.123, 13323 MiB, 345.57 W, 90 %, 62
2026/10/10 10:19:01.134, 13323 MiB, 348.14 W, 100 %, 62
2026/10/10 10:19:02.144, 13323 MiB, 350.49 W, 100 %, 63
2026/10/10 10:19:03.150, 13323 MiB, 357.54 W, 100 %, 64
2026/10/10 10:19:04.165, 13323 MiB, 354.52 W, 99 %, 64
2026/10/10 10:19:05.173, 13323 MiB, 349.85 W, 100 %, 63
2026/10/10 10:19:06.175, 13323 MiB, 354.56 W, 100 %, 63
2026/10/10 10:19:07.186, 13323 MiB, 355.08 W, 92 %, 64
2026/10/10 10:19:08.186, 13323 MiB, 349.84 W, 100 %, 63
2026/10/10 10:19:09.195, 13323 MiB, 346.51 W, 100 %, 62
2026/10/10 10:19:10.197, 13323 MiB, 341.95 W, 98 %, 63
2026/10/10 10:19:11.201, 13323 MiB, 348.33 W, 92 %, 63
2026/10/10 10:19:12.205, 13323 MiB, 348.51 W, 92 %, 64
2026/10/10 10:19:13.208, 13323 MiB, 346.06 W, 100 %, 63
2026/10/10 10:19:14.209, 13323 MiB, 350.97 W, 91 %, 64
2026/10/10 10:19:15.224, 13323 MiB, 360.15 W, 98 %, 65
2026/10/10 10:19:16.229, 13323 MiB, 346.95 W, 100 %, 63
2026/10/10 10:19:17.243, 13323 MiB, 350.25 W, 100 %, 63
2026/10/10 10:19:18.248, 13323 MiB, 352.18 W, 86 %, 63
2026/10/10 10:19:19.254, 13323 MiB, 356.16 W, 100 %, 63
2026/10/10 10:19:20.262, 13323 MiB, 349.08 W, 97 %, 63
2026/10/10 10:19:21.273, 13323 MiB, 350.52 W, 100 %, 64
2026/10/10 10:19:22.285, 13323 MiB, 352.55 W, 98 %, 64
2026/10/10 10:19:23.290, 13323 MiB, 352.94 W, 100 %, 63
2026/10/10 10:19:24.294, 13323 MiB, 344.30 W, 100 %, 64
2026/10/10 10:19:25.297, 13323 MiB, 355.36 W, 95 %, 65
2026/10/10 10:19:26.299, 13323 MiB, 353.86 W, 100 %, 64
2026/10/10 10:19:27.307, 13323 MiB, 359.52 W, 92 %, 64
2026/10/10 10:19:28.320, 13323 MiB, 351.10 W, 89 %, 65
2026/10/10 10:19:29.335, 13323 MiB, 354.69 W, 100 %, 64
2026/10/10 10:19:30.336, 13323 MiB, 345.47 W, 87 %, 64
2026/10/10 10:19:31.348, 13323 MiB, 346.64 W, 99 %, 64
2026/10/10 10:19:32.361, 13323 MiB, 348.32 W, 82 %, 64
2026/10/10 10:19:33.361, 13323 MiB, 345.87 W, 100 %, 64
2026/10/10 10:19:34.381, 13323 MiB, 356.95 W, 87 %, 66
2026/10/10 10:19:35.388, 13323 MiB, 346.75 W, 100 %, 64
2026/10/10 10:19:36.399, 13323 MiB, 348.68 W, 99 %, 64
2026/10/10 10:19:37.406, 13323 MiB, 349.81 W, 100 %, 64
2026/10/10 10:19:38.412, 13323 MiB, 344.85 W, 100 %, 63
2026/10/10 10:19:39.418, 13323 MiB, 347.26 W, 96 %, 65
2026/10/10 10:19:40.429, 13323 MiB, 351.50 W, 91 %, 64
2026/10/10 10:19:41.436, 13323 MiB, 347.52 W, 97 %, 64
2026/10/10 10:19:42.438, 13323 MiB, 344.20 W, 90 %, 64
2026/10/10 10:19:43.443, 13323 MiB, 345.37 W, 100 %, 64
2026/10/10 10:19:44.453, 13323 MiB, 348.59 W, 100 %, 65
2026/10/10 10:19:45.457, 13323 MiB, 348.08 W, 100 %, 64
2026/10/10 10:19:46.462, 13323 MiB, 342.38 W, 92 %, 64
2026/10/10 10:19:47.466, 13323 MiB, 344.74 W, 100 %, 64
2026/10/10 10:19:48.474, 13323 MiB, 352.97 W, 100 %, 65
2026/10/10 10:19:49.477, 13323 MiB, 357.26 W, 90 %, 64
2026/10/10 10:19:50.484, 13323 MiB, 349.30 W, 98 %, 64
2026/10/10 10:19:51.499, 13323 MiB, 357.59 W, 100 %, 65
2026/10/10 10:19:52.503, 13323 MiB, 362.01 W, 95 %, 66
2026/10/10 10:19:53.509, 13323 MiB, 352.15 W, 91 %, 62
2026/10/10 10:19:54.523, 13323 MiB, 351.31 W, 91 %, 65
2026/10/10 10:19:55.530, 13323 MiB, 345.94 W, 88 %, 65
2026/10/10 10:19:56.542, 13323 MiB, 347.24 W, 100 %, 65
2026/10/10 10:19:57.548, 13323 MiB, 352.11 W, 99 %, 64
2026/10/10 10:19:58.549, 17303 MiB, 333.57 W, 100 %, 63
2026/10/10 10:19:59.565, 17303 MiB, 338.93 W, 93 %, 64
2026/10/10 10:20:00.580, 17303 MiB, 351.75 W, 87 %, 63
2026/10/10 10:20:01.585, 17303 MiB, 345.51 W, 100 %, 65
2026/10/10 10:20:02.585, 17303 MiB, 343.79 W, 98 %, 65
2026/10/10 10:20:03.587, 17303 MiB, 347.45 W, 100 %, 64
2026/10/10 10:20:04.596, 17303 MiB, 354.56 W, 100 %, 65
2026/10/10 10:20:05.611, 17303 MiB, 348.41 W, 99 %, 64
2026/10/10 10:20:06.621, 17303 MiB, 349.10 W, 100 %, 65
2026/10/10 10:20:07.631, 17303 MiB, 351.39 W, 100 %, 65
2026/10/10 10:20:08.641, 17303 MiB, 349.35 W, 90 %, 65
2026/10/10 10:20:09.643, 17303 MiB, 346.60 W, 100 %, 64
2026/10/10 10:20:10.655, 17303 MiB, 350.11 W, 100 %, 65
2026/10/10 10:20:11.658, 17303 MiB, 351.52 W, 100 %, 65
2026/10/10 10:20:12.664, 17303 MiB, 346.90 W, 100 %, 65
2026/10/10 10:20:13.673, 17303 MiB, 344.78 W, 87 %, 64
2026/10/10 10:20:14.680, 17303 MiB, 347.39 W, 100 %, 64
2026/10/10 10:20:15.693, 17303 MiB, 344.59 W, 92 %, 65
2026/10/10 10:20:16.700, 17303 MiB, 349.92 W, 100 %, 65
2026/10/10 10:20:17.709, 17303 MiB, 341.10 W, 100 %, 64
2026/10/10 10:20:18.715, 17303 MiB, 353.94 W, 99 %, 64
2026/10/10 10:20:19.726, 17303 MiB, 352.01 W, 90 %, 64
2026/10/10 10:20:20.732, 17303 MiB, 354.92 W, 93 %, 65
2026/10/10 10:20:21.735, 17303 MiB, 353.34 W, 87 %, 63
2026/10/10 10:20:22.744, 17303 MiB, 344.93 W, 100 %, 64
2026/10/10 10:20:23.755, 17303 MiB, 354.54 W, 100 %, 62
2026/10/10 10:20:24.764, 17303 MiB, 350.36 W, 100 %, 64
2026/10/10 10:20:25.773, 17303 MiB, 344.20 W, 100 %, 64
2026/10/10 10:20:26.786, 17303 MiB, 346.07 W, 100 %, 65
2026/10/10 10:20:27.797, 17303 MiB, 351.56 W, 91 %, 65
2026/10/10 10:20:28.807, 17303 MiB, 349.65 W, 77 %, 65
2026/10/10 10:20:29.814, 17303 MiB, 352.22 W, 94 %, 66
2026/10/10 10:20:30.821, 17303 MiB, 352.80 W, 100 %, 64
2026/10/10 10:20:31.822, 17303 MiB, 342.70 W, 99 %, 65
2026/10/10 10:20:32.831, 17303 MiB, 348.78 W, 99 %, 63
2026/10/10 10:20:33.845, 17303 MiB, 344.74 W, 89 %, 64
2026/10/10 10:20:34.854, 17303 MiB, 347.28 W, 90 %, 65
2026/10/10 10:20:35.869, 17303 MiB, 354.04 W, 92 %, 66
2026/10/10 10:20:36.877, 17303 MiB, 354.42 W, 100 %, 65
2026/10/10 10:20:37.879, 17303 MiB, 349.28 W, 99 %, 65
2026/10/10 10:20:38.890, 17303 MiB, 348.53 W, 100 %, 65
2026/10/10 10:20:39.896, 17303 MiB, 349.72 W, 80 %, 64
2026/10/10 10:20:40.907, 17303 MiB, 350.29 W, 100 %, 64
2026/10/10 10:20:41.916, 17303 MiB, 350.68 W, 100 %, 64
2026/10/10 10:20:42.926, 17303 MiB, 355.77 W, 96 %, 65
2026/10/10 10:20:43.934, 17303 MiB, 351.11 W, 90 %, 65
2026/10/10 10:20:44.939, 17303 MiB, 356.13 W, 90 %, 65
2026/10/10 10:20:45.942, 17303 MiB, 356.17 W, 99 %, 64
2026/10/10 10:20:46.948, 17303 MiB, 359.21 W, 100 %, 65
2026/10/10 10:20:47.956, 17303 MiB, 356.17 W, 100 %, 65
2026/10/10 10:20:48.967, 17303 MiB, 349.43 W, 91 %, 65
2026/10/10 10:20:49.975, 17303 MiB, 355.78 W, 91 %, 65
2026/10/10 10:20:50.985, 17303 MiB, 351.70 W, 100 %, 64
2026/10/10 10:20:51.995, 17303 MiB, 346.64 W, 100 %, 64
2026/10/10 10:20:53.007, 17303 MiB, 352.44 W, 100 %, 65
2026/10/10 10:20:54.014, 17303 MiB, 354.95 W, 100 %, 66
2026/10/10 10:20:55.022, 17303 MiB, 355.98 W, 100 %, 65
2026/10/10 10:20:56.034, 17303 MiB, 352.16 W, 100 %, 65
2026/10/10 10:20:57.042, 17303 MiB, 343.35 W, 100 %, 65
2026/10/10 10:20:58.055, 17303 MiB, 346.05 W, 98 %, 65
2026/10/10 10:20:59.064, 17303 MiB, 347.76 W, 78 %, 65
2026/10/10 10:21:00.075, 17303 MiB, 342.94 W, 69 %, 64
2026/10/10 10:21:01.088, 17303 MiB, 345.18 W, 99 %, 65
2026/10/10 10:21:02.101, 17303 MiB, 353.79 W, 89 %, 65
2026/10/10 10:21:03.109, 17303 MiB, 352.34 W, 91 %, 65
2026/10/10 10:21:04.117, 17303 MiB, 350.61 W, 99 %, 65
2026/10/10 10:21:05.125, 17303 MiB, 355.36 W, 100 %, 65
2026/10/10 10:21:06.136, 17303 MiB, 345.53 W, 100 %, 64
2026/10/10 10:21:07.141, 17303 MiB, 347.38 W, 100 %, 65
2026/10/10 10:21:08.147, 17303 MiB, 349.04 W, 100 %, 65
2026/10/10 10:21:09.158, 17303 MiB, 350.08 W, 100 %, 65
2026/10/10 10:21:10.164, 17303 MiB, 359.43 W, 98 %, 65
2026/10/10 10:21:11.167, 17303 MiB, 354.08 W, 93 %, 66
2026/10/10 10:21:12.177, 17303 MiB, 353.28 W, 91 %, 63
2026/10/10 10:21:13.183, 17303 MiB, 352.55 W, 100 %, 65
2026/10/10 10:21:14.188, 17303 MiB, 350.89 W, 99 %, 65
2026/10/10 10:21:15.201, 17303 MiB, 358.69 W, 100 %, 65
2026/10/10 10:21:16.205, 17303 MiB, 351.04 W, 100 %, 65
2026/10/10 10:21:17.211, 17303 MiB, 351.25 W, 100 %, 65
2026/10/10 10:21:18.221, 17303 MiB, 354.90 W, 100 %, 65
2026/10/10 10:21:19.222, 17303 MiB, 346.07 W, 98 %, 63
2026/10/10 10:21:20.237, 17303 MiB, 349.08 W, 100 %, 64
2026/10/10 10:21:21.244, 17303 MiB, 352.14 W, 92 %, 65
2026/10/10 10:21:22.253, 17303 MiB, 346.14 W, 88 %, 65
2026/10/10 10:21:23.261, 17303 MiB, 347.08 W, 100 %, 65
2026/10/10 10:21:24.265, 17303 MiB, 345.32 W, 78 %, 65
2026/10/10 10:21:25.270, 17303 MiB, 346.93 W, 100 %, 65
2026/10/10 10:21:26.271, 17303 MiB, 350.73 W, 100 %, 65
2026/10/10 10:21:27.286, 17303 MiB, 344.63 W, 100 %, 65
2026/10/10 10:21:28.291, 17303 MiB, 340.74 W, 100 %, 65
2026/10/10 10:21:29.299, 17303 MiB, 354.70 W, 100 %, 65
2026/10/10 10:21:30.303, 17303 MiB, 351.02 W, 100 %, 64
2026/10/10 10:21:31.317, 17303 MiB, 352.32 W, 83 %, 65
2026/10/10 10:21:32.323, 17303 MiB, 349.03 W, 98 %, 65
2026/10/10 10:21:33.327, 17303 MiB, 348.64 W, 100 %, 65
2026/10/10 10:21:34.329, 17303 MiB, 353.90 W, 100 %, 66
2026/10/10 10:21:35.334, 17303 MiB, 357.94 W, 92 %, 66
2026/10/10 10:21:36.339, 17303 MiB, 356.03 W, 79 %, 65
2026/10/10 10:21:37.342, 17303 MiB, 352.42 W, 100 %, 65
2026/10/10 10:21:38.357, 17303 MiB, 352.26 W, 100 %, 65
2026/10/10 10:21:39.358, 17303 MiB, 353.93 W, 100 %, 65
2026/10/10 10:21:40.368, 17303 MiB, 349.03 W, 92 %, 65
2026/10/10 10:21:41.370, 17303 MiB, 355.96 W, 90 %, 64
2026/10/10 10:21:42.376, 17303 MiB, 348.98 W, 100 %, 65
2026/10/10 10:21:43.389, 17303 MiB, 349.42 W, 100 %, 65
2026/10/10 10:21:44.402, 17303 MiB, 353.23 W, 100 %, 64
2026/10/10 10:21:45.412, 17303 MiB, 354.03 W, 100 %, 65
2026/10/10 10:21:46.420, 17303 MiB, 348.93 W, 100 %, 65
2026/10/10 10:21:47.430, 17303 MiB, 353.75 W, 100 %, 65
2026/10/10 10:21:48.438, 17303 MiB, 345.66 W, 100 %, 65
2026/10/10 10:21:49.441, 17303 MiB, 347.76 W, 90 %, 65
2026/10/10 10:21:50.448, 17303 MiB, 352.33 W, 100 %, 64
2026/10/10 10:21:51.461, 17303 MiB, 357.00 W, 100 %, 63
2026/10/10 10:21:52.465, 17303 MiB, 354.82 W, 99 %, 64
2026/10/10 10:21:53.479, 17303 MiB, 350.75 W, 100 %, 66
2026/10/10 10:21:54.493, 17303 MiB, 354.52 W, 99 %, 65
2026/10/10 10:21:55.501, 17303 MiB, 352.76 W, 100 %, 65
2026/10/10 10:21:56.514, 17303 MiB, 353.23 W, 72 %, 65
2026/10/10 10:21:57.524, 17303 MiB, 349.79 W, 100 %, 64
2026/10/10 10:21:58.526, 17303 MiB, 353.28 W, 89 %, 65
2026/10/10 10:21:59.527, 17303 MiB, 356.03 W, 100 %, 65
2026/10/10 10:22:00.541, 17303 MiB, 354.67 W, 100 %, 65
2026/10/10 10:22:01.556, 17303 MiB, 352.32 W, 99 %, 65
2026/10/10 10:22:02.562, 17303 MiB, 353.92 W, 93 %, 66
2026/10/10 10:22:03.575, 17303 MiB, 355.18 W, 100 %, 65
2026/10/10 10:22:04.577, 17303 MiB, 347.52 W, 100 %, 65
2026/10/10 10:22:05.579, 17303 MiB, 347.40 W, 98 %, 65
2026/10/10 10:22:06.583, 17303 MiB, 348.58 W, 89 %, 65
2026/10/10 10:22:07.587, 17303 MiB, 344.61 W, 100 %, 65
2026/10/10 10:22:08.602, 17303 MiB, 348.68 W, 92 %, 65
2026/10/10 10:22:09.612, 17303 MiB, 358.46 W, 100 %, 66
2026/10/10 10:22:10.624, 17303 MiB, 352.51 W, 100 %, 65
2026/10/10 10:22:11.626, 17303 MiB, 352.11 W, 100 %, 66
2026/10/10 10:22:12.640, 17303 MiB, 354.17 W, 90 %, 65
2026/10/10 10:22:13.646, 17303 MiB, 352.55 W, 100 %, 66
2026/10/10 10:22:14.654, 17303 MiB, 349.03 W, 99 %, 65
2026/10/10 10:22:15.668, 17303 MiB, 348.37 W, 100 %, 66
2026/10/10 10:22:16.681, 17303 MiB, 348.99 W, 99 %, 65
2026/10/10 10:22:17.688, 17303 MiB, 353.05 W, 89 %, 64
2026/10/10 10:22:18.694, 17303 MiB, 354.22 W, 100 %, 65
2026/10/10 10:22:19.704, 17303 MiB, 351.74 W, 100 %, 65
2026/10/10 10:22:20.709, 17303 MiB, 357.31 W, 100 %, 66
2026/10/10 10:22:21.722, 17303 MiB, 355.21 W, 100 %, 66
2026/10/10 10:22:22.726, 17303 MiB, 353.40 W, 100 %, 66
2026/10/10 10:22:23.734, 17303 MiB, 351.76 W, 91 %, 65
2026/10/10 10:22:24.736, 17303 MiB, 354.89 W, 80 %, 65
2026/10/10 10:22:25.750, 17303 MiB, 354.26 W, 100 %, 65
2026/10/10 10:22:26.751, 17303 MiB, 346.42 W, 100 %, 63
2026/10/10 10:22:27.756, 17303 MiB, 350.82 W, 100 %, 65
2026/10/10 10:22:28.758, 17303 MiB, 346.22 W, 91 %, 65
2026/10/10 10:22:29.772, 17303 MiB, 351.92 W, 90 %, 65
2026/10/10 10:22:30.778, 17303 MiB, 359.57 W, 91 %, 66
2026/10/10 10:22:31.780, 17303 MiB, 356.90 W, 90 %, 65
2026/10/10 10:22:32.785, 17303 MiB, 353.86 W, 100 %, 66
2026/10/10 10:22:33.799, 17303 MiB, 348.61 W, 90 %, 65
2026/10/10 10:22:34.805, 17303 MiB, 352.91 W, 100 %, 66
2026/10/10 10:22:35.812, 17303 MiB, 355.16 W, 92 %, 67
2026/10/10 10:22:36.818, 17303 MiB, 358.54 W, 89 %, 65
2026/10/10 10:22:37.827, 17303 MiB, 354.90 W, 100 %, 66
2026/10/10 10:22:38.843, 17303 MiB, 346.06 W, 91 %, 64
2026/10/10 10:22:39.847, 17303 MiB, 354.87 W, 92 %, 65
2026/10/10 10:22:40.858, 17303 MiB, 349.27 W, 90 %, 66
2026/10/10 10:22:41.861, 17303 MiB, 353.48 W, 99 %, 65
2026/10/10 10:22:42.874, 17303 MiB, 348.41 W, 100 %, 65
2026/10/10 10:22:43.878, 17303 MiB, 357.31 W, 97 %, 66
2026/10/10 10:22:44.884, 17303 MiB, 360.89 W, 100 %, 65
2026/10/10 10:22:45.887, 17303 MiB, 354.36 W, 100 %, 66
2026/10/10 10:22:46.901, 17303 MiB, 355.28 W, 93 %, 66
2026/10/10 10:22:47.905, 17303 MiB, 354.63 W, 93 %, 66
2026/10/10 10:22:48.912, 17303 MiB, 362.34 W, 90 %, 67
2026/10/10 10:22:49.916, 17303 MiB, 352.18 W, 90 %, 63
2026/10/10 10:22:50.932, 17303 MiB, 346.23 W, 100 %, 65
2026/10/10 10:22:51.947, 17303 MiB, 350.20 W, 99 %, 66
2026/10/10 10:22:52.952, 17303 MiB, 353.75 W, 76 %, 64
2026/10/10 10:22:53.954, 17303 MiB, 348.04 W, 99 %, 65
2026/10/10 10:22:54.963, 17303 MiB, 350.44 W, 91 %, 66
2026/10/10 10:22:55.965, 17303 MiB, 354.26 W, 100 %, 65
2026/10/10 10:22:56.969, 17303 MiB, 344.92 W, 88 %, 64
2026/10/10 10:22:57.974, 17303 MiB, 356.76 W, 100 %, 66
2026/10/10 10:22:58.985, 17303 MiB, 351.86 W, 100 %, 65
2026/10/10 10:22:59.992, 17303 MiB, 355.49 W, 94 %, 65
2026/10/10 10:23:00.995, 17303 MiB, 353.62 W, 99 %, 66
2026/10/10 10:23:01.998, 17303 MiB, 348.13 W, 99 %, 65
2026/10/10 10:23:03.008, 17303 MiB, 349.19 W, 99 %, 65
2026/10/10 10:23:04.014, 17303 MiB, 353.13 W, 93 %, 65
2026/10/10 10:23:05.028, 17303 MiB, 347.40 W, 100 %, 65
2026/10/10 10:23:06.036, 17303 MiB, 358.79 W, 100 %, 67
2026/10/10 10:23:07.042, 17303 MiB, 360.57 W, 100 %, 65
2026/10/10 10:23:08.053, 17303 MiB, 356.61 W, 99 %, 65
2026/10/10 10:23:09.061, 17303 MiB, 346.00 W, 100 %, 65
2026/10/10 10:23:10.069, 17303 MiB, 356.39 W, 100 %, 65
2026/10/10 10:23:11.084, 17303 MiB, 348.37 W, 100 %, 65
2026/10/10 10:23:12.095, 17303 MiB, 355.25 W, 100 %, 65
2026/10/10 10:23:13.107, 17303 MiB, 357.72 W, 93 %, 65
2026/10/10 10:23:14.115, 17303 MiB, 355.75 W, 100 %, 66
2026/10/10 10:23:15.115, 17303 MiB, 360.42 W, 100 %, 65
2026/10/10 10:23:16.130, 17303 MiB, 355.85 W, 100 %, 66
2026/10/10 10:23:17.144, 17303 MiB, 353.22 W, 100 %, 66
2026/10/10 10:23:18.153, 17303 MiB, 347.67 W, 100 %, 66
2026/10/10 10:23:19.157, 17303 MiB, 344.33 W, 92 %, 64
2026/10/10 10:23:20.160, 17303 MiB, 349.67 W, 100 %, 65
2026/10/10 10:23:21.170, 17303 MiB, 345.52 W, 91 %, 64
2026/10/10 10:23:22.186, 17303 MiB, 351.13 W, 100 %, 65
2026/10/10 10:23:23.192, 17303 MiB, 351.38 W, 100 %, 65
2026/10/10 10:23:24.192, 17303 MiB, 354.03 W, 92 %, 67
2026/10/10 10:23:25.196, 17303 MiB, 359.30 W, 93 %, 65
2026/10/10 10:23:26.204, 17303 MiB, 355.76 W, 100 %, 65
2026/10/10 10:23:27.214, 17303 MiB, 345.96 W, 100 %, 66
2026/10/10 10:23:28.226, 17303 MiB, 347.49 W, 100 %, 66
2026/10/10 10:23:29.240, 17303 MiB, 356.34 W, 100 %, 66
2026/10/10 10:23:30.249, 17303 MiB, 345.52 W, 100 %, 65
2026/10/10 10:23:31.264, 17303 MiB, 352.05 W, 100 %, 66
2026/10/10 10:23:32.275, 17303 MiB, 349.23 W, 82 %, 66
2026/10/10 10:23:33.284, 17303 MiB, 342.16 W, 83 %, 63
2026/10/10 10:23:34.295, 17303 MiB, 346.76 W, 100 %, 65
2026/10/10 10:23:35.309, 17303 MiB, 354.11 W, 100 %, 66
2026/10/10 10:23:36.323, 17303 MiB, 350.36 W, 100 %, 66
2026/10/10 10:23:37.332, 17303 MiB, 355.05 W, 100 %, 66
2026/10/10 10:23:38.345, 17303 MiB, 356.19 W, 100 %, 66
2026/10/10 10:23:39.352, 17303 MiB, 350.02 W, 80 %, 62
2026/10/10 10:23:40.365, 17303 MiB, 347.71 W, 100 %, 65
2026/10/10 10:23:41.377, 17303 MiB, 353.41 W, 100 %, 65
2026/10/10 10:23:42.388, 17303 MiB, 349.71 W, 100 %, 66
2026/10/10 10:23:43.400, 17303 MiB, 348.69 W, 100 %, 65
2026/10/10 10:23:44.411, 17303 MiB, 352.91 W, 100 %, 66
2026/10/10 10:23:45.417, 17303 MiB, 355.45 W, 100 %, 66
2026/10/10 10:23:46.423, 17303 MiB, 354.81 W, 99 %, 65
2026/10/10 10:23:47.433, 17303 MiB, 351.73 W, 99 %, 65
2026/10/10 10:23:48.438, 17303 MiB, 352.25 W, 100 %, 65
2026/10/10 10:23:49.448, 17303 MiB, 351.96 W, 99 %, 65
2026/10/10 10:23:50.456, 17303 MiB, 354.08 W, 99 %, 66
2026/10/10 10:23:51.464, 17303 MiB, 349.79 W, 100 %, 65
2026/10/10 10:23:52.476, 17303 MiB, 349.86 W, 100 %, 66
2026/10/10 10:23:53.489, 17303 MiB, 349.78 W, 99 %, 65
2026/10/10 10:23:54.501, 17303 MiB, 350.86 W, 100 %, 65
2026/10/10 10:23:55.509, 17303 MiB, 346.72 W, 100 %, 65
2026/10/10 10:23:56.518, 17303 MiB, 359.29 W, 100 %, 66
2026/10/10 10:23:57.525, 17303 MiB, 349.14 W, 99 %, 65
2026/10/10 10:23:58.532, 17303 MiB, 352.95 W, 100 %, 65
2026/10/10 10:23:59.546, 17303 MiB, 355.51 W, 100 %, 66
2026/10/10 10:24:00.553, 17303 MiB, 350.67 W, 100 %, 65
2026/10/10 10:24:01.568, 17303 MiB, 351.80 W, 99 %, 65
2026/10/10 10:24:02.578, 17303 MiB, 348.73 W, 100 %, 65
2026/10/10 10:24:03.585, 17303 MiB, 348.54 W, 99 %, 66
2026/10/10 10:24:04.593, 17303 MiB, 349.36 W, 99 %, 66
2026/10/10 10:24:05.608, 17303 MiB, 353.23 W, 100 %, 65
2026/10/10 10:24:06.612, 17303 MiB, 350.06 W, 99 %, 65
2026/10/10 10:24:07.622, 17303 MiB, 348.92 W, 86 %, 66
2026/10/10 10:24:08.625, 17303 MiB, 350.33 W, 100 %, 65
2026/10/10 10:24:09.633, 17303 MiB, 348.47 W, 99 %, 65
2026/10/10 10:24:10.646, 17303 MiB, 356.14 W, 79 %, 67
2026/10/10 10:24:11.650, 17303 MiB, 348.20 W, 100 %, 65
2026/10/10 10:24:12.662, 17303 MiB, 353.44 W, 100 %, 65
2026/10/10 10:24:13.670, 17303 MiB, 344.89 W, 84 %, 66
2026/10/10 10:24:14.684, 17303 MiB, 347.28 W, 99 %, 65
2026/10/10 10:24:15.685, 17303 MiB, 349.45 W, 100 %, 65
2026/10/10 10:24:16.686, 17303 MiB, 351.30 W, 86 %, 64
2026/10/10 10:24:17.695, 17303 MiB, 354.28 W, 100 %, 66
2026/10/10 10:24:18.699, 17303 MiB, 355.56 W, 100 %, 65
2026/10/10 10:24:19.707, 17303 MiB, 350.28 W, 100 %, 65
2026/10/10 10:24:20.709, 17303 MiB, 347.19 W, 100 %, 65
2026/10/10 10:24:21.712, 17303 MiB, 349.02 W, 100 %, 65
2026/10/10 10:24:22.725, 17303 MiB, 346.71 W, 85 %, 63
2026/10/10 10:24:23.734, 17303 MiB, 350.17 W, 100 %, 65
2026/10/10 10:24:24.743, 17303 MiB, 356.04 W, 100 %, 65
2026/10/10 10:24:25.749, 17303 MiB, 355.98 W, 99 %, 66
2026/10/10 10:24:26.757, 17303 MiB, 350.11 W, 100 %, 66
2026/10/10 10:24:27.762, 17303 MiB, 352.16 W, 100 %, 66
2026/10/10 10:24:28.771, 17303 MiB, 350.95 W, 100 %, 66
2026/10/10 10:24:29.773, 17303 MiB, 349.10 W, 100 %, 65
2026/10/10 10:24:30.781, 17303 MiB, 347.98 W, 100 %, 65
2026/10/10 10:24:31.786, 17303 MiB, 350.84 W, 100 %, 66
2026/10/10 10:24:32.791, 17303 MiB, 348.12 W, 82 %, 65
2026/10/10 10:24:33.801, 17303 MiB, 345.30 W, 100 %, 65
2026/10/10 10:24:34.801, 17303 MiB, 353.74 W, 100 %, 66
2026/10/10 10:24:35.816, 17303 MiB, 352.11 W, 100 %, 65
2026/10/10 10:24:36.819, 17303 MiB, 348.16 W, 100 %, 65
2026/10/10 10:24:37.825, 17303 MiB, 352.02 W, 99 %, 66
2026/10/10 10:24:38.827, 17303 MiB, 348.31 W, 100 %, 65
2026/10/10 10:24:39.842, 17303 MiB, 350.86 W, 100 %, 65
2026/10/10 10:24:40.851, 17303 MiB, 354.83 W, 80 %, 66
2026/10/10 10:24:41.855, 17303 MiB, 344.34 W, 100 %, 65
2026/10/10 10:24:42.856, 17303 MiB, 354.50 W, 100 %, 66
2026/10/10 10:24:43.868, 17303 MiB, 349.47 W, 99 %, 65
2026/10/10 10:24:44.875, 17303 MiB, 354.55 W, 82 %, 65
2026/10/10 10:24:45.875, 17303 MiB, 344.80 W, 98 %, 65
2026/10/10 10:24:46.888, 17303 MiB, 351.70 W, 99 %, 66
2026/10/10 10:24:47.893, 17303 MiB, 353.58 W, 100 %, 65
2026/10/10 10:24:48.898, 17303 MiB, 351.41 W, 100 %, 65
2026/10/10 10:24:49.903, 17303 MiB, 348.50 W, 100 %, 65
2026/10/10 10:24:50.916, 17303 MiB, 352.10 W, 100 %, 66
2026/10/10 10:24:51.922, 17303 MiB, 355.03 W, 100 %, 66
2026/10/10 10:24:52.926, 17303 MiB, 353.55 W, 100 %, 66
2026/10/10 10:24:53.940, 17303 MiB, 349.06 W, 100 %, 65
2026/10/10 10:24:54.954, 17303 MiB, 348.66 W, 84 %, 65
2026/10/10 10:24:55.961, 17303 MiB, 347.35 W, 100 %, 65
2026/10/10 10:24:56.968, 17303 MiB, 351.21 W, 100 %, 66
2026/10/10 10:24:57.984, 17303 MiB, 354.07 W, 100 %, 66
2026/10/10 10:24:58.992, 17303 MiB, 350.68 W, 99 %, 66
2026/10/10 10:24:59.996, 17303 MiB, 352.79 W, 79 %, 65
2026/10/10 10:25:01.009, 17303 MiB, 347.71 W, 86 %, 65
2026/10/10 10:25:02.012, 17303 MiB, 352.40 W, 100 %, 66
2026/10/10 10:25:03.020, 17303 MiB, 354.05 W, 99 %, 66
2026/10/10 10:25:04.024, 17303 MiB, 352.20 W, 100 %, 66
2026/10/10 10:25:05.026, 17303 MiB, 348.99 W, 90 %, 65
2026/10/10 10:25:06.034, 17303 MiB, 346.99 W, 100 %, 65
2026/10/10 10:25:07.035, 17303 MiB, 355.35 W, 98 %, 64
2026/10/10 10:25:08.037, 17303 MiB, 345.13 W, 87 %, 66
2026/10/10 10:25:09.041, 17303 MiB, 343.15 W, 100 %, 65
2026/10/10 10:25:10.044, 17303 MiB, 347.06 W, 100 %, 66
2026/10/10 10:25:11.059, 17303 MiB, 347.03 W, 79 %, 65
2026/10/10 10:25:12.074, 17303 MiB, 341.06 W, 100 %, 65
2026/10/10 10:25:13.083, 17303 MiB, 352.32 W, 100 %, 66
2026/10/10 10:25:14.090, 17303 MiB, 346.38 W, 85 %, 65
2026/10/10 10:25:15.095, 17303 MiB, 349.09 W, 100 %, 66
2026/10/10 10:25:16.110, 17303 MiB, 352.90 W, 85 %, 65
2026/10/10 10:25:17.119, 17303 MiB, 350.71 W, 100 %, 66
2026/10/10 10:25:18.134, 17303 MiB, 350.93 W, 100 %, 65
2026/10/10 10:25:19.149, 17303 MiB, 348.82 W, 99 %, 66
2026/10/10 10:25:20.153, 17303 MiB, 354.11 W, 99 %, 65
2026/10/10 10:25:21.161, 17303 MiB, 351.56 W, 87 %, 66
2026/10/10 10:25:22.163, 17303 MiB, 350.86 W, 100 %, 65
2026/10/10 10:25:23.166, 17303 MiB, 350.92 W, 100 %, 66
2026/10/10 10:25:24.168, 17303 MiB, 356.24 W, 100 %, 62
2026/10/10 10:25:25.177, 17303 MiB, 350.55 W, 100 %, 65
2026/10/10 10:25:26.181, 17303 MiB, 354.19 W, 100 %, 65
2026/10/10 10:25:27.187, 17303 MiB, 350.65 W, 99 %, 66
2026/10/10 10:25:28.197, 17303 MiB, 353.20 W, 100 %, 63
2026/10/10 10:25:29.201, 17303 MiB, 349.91 W, 100 %, 66
2026/10/10 10:25:30.208, 17303 MiB, 355.69 W, 100 %, 66
2026/10/10 10:25:31.216, 17303 MiB, 349.77 W, 97 %, 65
2026/10/10 10:25:32.219, 17303 MiB, 351.47 W, 100 %, 65
2026/10/10 10:25:33.230, 17303 MiB, 350.59 W, 100 %, 65
2026/10/10 10:25:34.239, 17303 MiB, 351.77 W, 100 %, 65
2026/10/10 10:25:35.244, 17303 MiB, 352.27 W, 99 %, 66
2026/10/10 10:25:36.255, 17303 MiB, 354.19 W, 96 %, 62
2026/10/10 10:25:37.267, 17303 MiB, 352.69 W, 100 %, 63
2026/10/10 10:25:38.277, 17303 MiB, 353.15 W, 100 %, 66
2026/10/10 10:25:39.282, 17303 MiB, 351.88 W, 100 %, 66
2026/10/10 10:25:40.296, 17303 MiB, 346.79 W, 81 %, 65
2026/10/10 10:25:41.306, 17303 MiB, 352.79 W, 100 %, 66
2026/10/10 10:25:42.316, 17303 MiB, 352.23 W, 100 %, 66
2026/10/10 10:25:43.325, 17303 MiB, 351.61 W, 100 %, 66
2026/10/10 10:25:44.330, 17303 MiB, 353.74 W, 99 %, 66
2026/10/10 10:25:45.334, 17303 MiB, 356.62 W, 100 %, 66
2026/10/10 10:25:46.343, 17303 MiB, 343.81 W, 73 %, 65
2026/10/10 10:25:47.348, 17303 MiB, 343.06 W, 100 %, 66
2026/10/10 10:25:48.356, 17303 MiB, 355.55 W, 100 %, 66
2026/10/10 10:25:49.364, 17303 MiB, 349.47 W, 100 %, 66
2026/10/10 10:25:50.369, 17303 MiB, 356.67 W, 100 %, 66
2026/10/10 10:25:51.380, 17303 MiB, 356.40 W, 100 %, 66
2026/10/10 10:25:52.390, 17303 MiB, 354.99 W, 92 %, 65
2026/10/10 10:25:53.400, 17303 MiB, 347.88 W, 100 %, 66
2026/10/10 10:25:54.409, 17303 MiB, 350.44 W, 100 %, 65
2026/10/10 10:25:55.421, 17303 MiB, 350.08 W, 98 %, 66
2026/10/10 10:25:56.430, 17303 MiB, 347.60 W, 85 %, 65
2026/10/10 10:25:57.442, 17303 MiB, 353.15 W, 100 %, 65
2026/10/10 10:25:58.452, 17303 MiB, 355.34 W, 95 %, 68
2026/10/10 10:25:59.467, 17303 MiB, 351.84 W, 100 %, 65
2026/10/10 10:26:00.477, 17303 MiB, 351.30 W, 76 %, 65
2026/10/10 10:26:01.492, 17303 MiB, 348.04 W, 87 %, 66
2026/10/10 10:26:02.497, 17303 MiB, 350.55 W, 100 %, 66
2026/10/10 10:26:03.498, 17303 MiB, 351.89 W, 100 %, 65
2026/10/10 10:26:04.509, 17303 MiB, 356.16 W, 99 %, 66
2026/10/10 10:26:05.520, 17303 MiB, 352.15 W, 100 %, 62
2026/10/10 10:26:06.531, 17303 MiB, 349.63 W, 100 %, 66
2026/10/10 10:26:07.541, 17303 MiB, 356.35 W, 100 %, 66
2026/10/10 10:26:08.552, 17303 MiB, 348.89 W, 82 %, 65
2026/10/10 10:26:09.565, 17303 MiB, 348.32 W, 100 %, 65
2026/10/10 10:26:10.577, 17303 MiB, 353.83 W, 99 %, 65
2026/10/10 10:26:11.588, 17303 MiB, 350.10 W, 99 %, 65
2026/10/10 10:26:12.599, 17303 MiB, 351.47 W, 86 %, 65
2026/10/10 10:26:13.610, 17303 MiB, 350.81 W, 100 %, 66
2026/10/10 10:26:14.616, 17303 MiB, 355.18 W, 100 %, 64
2026/10/10 10:26:15.627, 17303 MiB, 345.32 W, 83 %, 65
2026/10/10 10:26:16.638, 17303 MiB, 346.87 W, 100 %, 66
2026/10/10 10:26:17.651, 17303 MiB, 350.87 W, 99 %, 65
2026/10/10 10:26:18.665, 17303 MiB, 354.67 W, 100 %, 66
2026/10/10 10:26:19.679, 17303 MiB, 353.96 W, 100 %, 66
2026/10/10 10:26:20.693, 17303 MiB, 350.08 W, 100 %, 66
2026/10/10 10:26:21.693, 17303 MiB, 348.98 W, 100 %, 66
2026/10/10 10:26:22.701, 17303 MiB, 352.79 W, 99 %, 66
2026/10/10 10:26:23.701, 17303 MiB, 350.85 W, 100 %, 66
2026/10/10 10:26:24.711, 17303 MiB, 349.91 W, 88 %, 66
2026/10/10 10:26:25.726, 17303 MiB, 353.99 W, 100 %, 63
2026/10/10 10:26:26.739, 17303 MiB, 350.95 W, 100 %, 66
2026/10/10 10:26:27.752, 17303 MiB, 348.58 W, 100 %, 66
2026/10/10 10:26:28.759, 17303 MiB, 348.77 W, 83 %, 65
2026/10/10 10:26:29.766, 17303 MiB, 352.71 W, 100 %, 65
2026/10/10 10:26:30.779, 17303 MiB, 351.39 W, 99 %, 66
2026/10/10 10:26:31.793, 17303 MiB, 352.37 W, 100 %, 65
2026/10/10 10:26:32.806, 17303 MiB, 350.00 W, 99 %, 65
2026/10/10 10:26:33.819, 17303 MiB, 349.45 W, 99 %, 66
2026/10/10 10:26:34.832, 17303 MiB, 346.37 W, 100 %, 65
2026/10/10 10:26:35.847, 17303 MiB, 350.95 W, 100 %, 66
2026/10/10 10:26:36.862, 17303 MiB, 350.36 W, 99 %, 66
2026/10/10 10:26:37.864, 17303 MiB, 354.74 W, 99 %, 66
2026/10/10 10:26:38.876, 17303 MiB, 348.00 W, 100 %, 66
2026/10/10 10:26:39.885, 17303 MiB, 356.13 W, 84 %, 65
2026/10/10 10:26:40.898, 17303 MiB, 347.97 W, 99 %, 65
2026/10/10 10:26:41.906, 17303 MiB, 350.53 W, 98 %, 66
2026/10/10 10:26:42.918, 17303 MiB, 350.67 W, 98 %, 65
2026/10/10 10:26:43.926, 17303 MiB, 356.02 W, 94 %, 64
2026/10/10 10:26:44.935, 17303 MiB, 347.33 W, 100 %, 65
2026/10/10 10:26:45.936, 17303 MiB, 348.71 W, 99 %, 65
2026/10/10 10:26:46.936, 17303 MiB, 351.71 W, 100 %, 66
2026/10/10 10:26:47.940, 17303 MiB, 346.71 W, 83 %, 65
2026/10/10 10:26:48.948, 17303 MiB, 350.95 W, 100 %, 65
2026/10/10 10:26:49.953, 17303 MiB, 355.26 W, 100 %, 66
2026/10/10 10:26:50.964, 17303 MiB, 354.92 W, 100 %, 66
2026/10/10 10:26:51.968, 17303 MiB, 350.67 W, 99 %, 66
2026/10/10 10:26:52.974, 17303 MiB, 348.74 W, 100 %, 65
2026/10/10 10:26:53.990, 17303 MiB, 348.12 W, 100 %, 65
2026/10/10 10:26:55.002, 17303 MiB, 350.31 W, 98 %, 65
2026/10/10 10:26:56.010, 17303 MiB, 352.97 W, 87 %, 65
2026/10/10 10:26:57.020, 17303 MiB, 354.37 W, 100 %, 66
2026/10/10 10:26:58.030, 17303 MiB, 353.04 W, 100 %, 66
2026/10/10 10:26:59.043, 17303 MiB, 353.22 W, 100 %, 66
2026/10/10 10:27:00.053, 17303 MiB, 350.98 W, 96 %, 65
2026/10/10 10:27:01.064, 17303 MiB, 354.76 W, 100 %, 65
2026/10/10 10:27:02.067, 17303 MiB, 349.53 W, 100 %, 65
2026/10/10 10:27:03.069, 17303 MiB, 348.61 W, 99 %, 65
2026/10/10 10:27:04.083, 17303 MiB, 345.73 W, 98 %, 65
2026/10/10 10:27:05.085, 17303 MiB, 349.02 W, 100 %, 65
2026/10/10 10:27:06.095, 17303 MiB, 348.61 W, 83 %, 63
2026/10/10 10:27:07.097, 17303 MiB, 342.82 W, 99 %, 65
2026/10/10 10:27:08.101, 17303 MiB, 349.71 W, 100 %, 66
2026/10/10 10:27:09.112, 17303 MiB, 355.55 W, 85 %, 63
2026/10/10 10:27:10.115, 17303 MiB, 347.84 W, 99 %, 65
2026/10/10 10:27:11.124, 17303 MiB, 350.58 W, 100 %, 66
2026/10/10 10:27:12.126, 17303 MiB, 356.41 W, 99 %, 66
2026/10/10 10:27:13.133, 17303 MiB, 347.99 W, 100 %, 66
2026/10/10 10:27:14.139, 17303 MiB, 351.82 W, 100 %, 66
2026/10/10 10:27:15.147, 17303 MiB, 350.33 W, 99 %, 65
2026/10/10 10:27:16.157, 17303 MiB, 349.33 W, 100 %, 66
2026/10/10 10:27:17.159, 17303 MiB, 352.03 W, 100 %, 65
2026/10/10 10:27:18.167, 17303 MiB, 355.82 W, 77 %, 67
2026/10/10 10:27:19.181, 17303 MiB, 348.36 W, 100 %, 65
2026/10/10 10:27:20.189, 17303 MiB, 353.50 W, 100 %, 65
2026/10/10 10:27:21.204, 17303 MiB, 352.92 W, 100 %, 66
2026/10/10 10:27:22.209, 17303 MiB, 351.78 W, 100 %, 65
2026/10/10 10:27:23.210, 17303 MiB, 353.91 W, 100 %, 65
2026/10/10 10:27:24.217, 17303 MiB, 350.88 W, 99 %, 66
2026/10/10 10:27:25.222, 17303 MiB, 352.08 W, 100 %, 66
2026/10/10 10:27:26.235, 17303 MiB, 347.83 W, 90 %, 65
2026/10/10 10:27:27.236, 17303 MiB, 349.08 W, 100 %, 66
2026/10/10 10:27:28.250, 17303 MiB, 350.26 W, 99 %, 66
2026/10/10 10:27:29.264, 17303 MiB, 355.43 W, 100 %, 66
2026/10/10 10:27:30.278, 17303 MiB, 350.96 W, 84 %, 62
2026/10/10 10:27:31.286, 17303 MiB, 344.85 W, 98 %, 66
2026/10/10 10:27:32.288, 17303 MiB, 349.75 W, 100 %, 66
2026/10/10 10:27:33.290, 17303 MiB, 353.14 W, 99 %, 65
2026/10/10 10:27:34.304, 17303 MiB, 348.42 W, 87 %, 64
2026/10/10 10:27:35.306, 17303 MiB, 351.13 W, 99 %, 65
2026/10/10 10:27:36.318, 17303 MiB, 348.13 W, 98 %, 65
2026/10/10 10:27:37.325, 17303 MiB, 351.95 W, 100 %, 65
2026/10/10 10:27:38.326, 17303 MiB, 353.01 W, 100 %, 66
2026/10/10 10:27:39.340, 17303 MiB, 355.10 W, 98 %, 66
2026/10/10 10:27:40.345, 17303 MiB, 348.54 W, 98 %, 64
2026/10/10 10:27:41.348, 17303 MiB, 349.30 W, 100 %, 66
2026/10/10 10:27:42.369, 17303 MiB, 352.09 W, 100 %, 66
2026/10/10 10:27:43.373, 17303 MiB, 348.21 W, 97 %, 64
2026/10/10 10:27:44.376, 17303 MiB, 345.10 W, 100 %, 65
2026/10/10 10:27:45.391, 17303 MiB, 349.98 W, 100 %, 66
2026/10/10 10:27:46.396, 17303 MiB, 353.55 W, 100 %, 66
2026/10/10 10:27:47.408, 17303 MiB, 352.17 W, 100 %, 64
2026/10/10 10:27:48.424, 17303 MiB, 356.94 W, 100 %, 66
2026/10/10 10:27:49.435, 17303 MiB, 347.19 W, 100 %, 66
2026/10/10 10:27:50.450, 17303 MiB, 355.44 W, 99 %, 66
2026/10/10 10:27:51.452, 17303 MiB, 351.90 W, 100 %, 66
2026/10/10 10:27:52.455, 17303 MiB, 356.06 W, 100 %, 65
2026/10/10 10:27:53.457, 17303 MiB, 351.43 W, 99 %, 65
2026/10/10 10:27:54.459, 17303 MiB, 349.71 W, 87 %, 65
2026/10/10 10:27:55.465, 17303 MiB, 352.45 W, 100 %, 66
2026/10/10 10:27:56.480, 17303 MiB, 351.70 W, 100 %, 65
2026/10/10 10:27:57.485, 17303 MiB, 351.70 W, 99 %, 65
2026/10/10 10:27:58.487, 17303 MiB, 354.05 W, 84 %, 66
2026/10/10 10:27:59.495, 17303 MiB, 346.56 W, 100 %, 66
2026/10/10 10:28:00.495, 17303 MiB, 354.67 W, 99 %, 65
2026/10/10 10:28:01.501, 17303 MiB, 348.43 W, 100 %, 66
2026/10/10 10:28:02.508, 17303 MiB, 346.80 W, 82 %, 66
2026/10/10 10:28:03.516, 17303 MiB, 348.08 W, 88 %, 65
2026/10/10 10:28:04.523, 17303 MiB, 353.40 W, 99 %, 66
2026/10/10 10:28:05.545, 17303 MiB, 343.68 W, 81 %, 65
2026/10/10 10:28:06.551, 17303 MiB, 343.89 W, 83 %, 67
2026/10/10 10:28:07.566, 17303 MiB, 350.72 W, 100 %, 66
2026/10/10 10:28:08.577, 17303 MiB, 353.54 W, 100 %, 65
2026/10/10 10:28:09.588, 17303 MiB, 351.48 W, 100 %, 66
2026/10/10 10:28:10.593, 17303 MiB, 350.68 W, 81 %, 63
2026/10/10 10:28:11.600, 17303 MiB, 352.01 W, 100 %, 66
2026/10/10 10:28:12.604, 17303 MiB, 349.36 W, 83 %, 64
2026/10/10 10:28:13.619, 17303 MiB, 345.58 W, 100 %, 66
2026/10/10 10:28:14.630, 17303 MiB, 350.84 W, 97 %, 66
2026/10/10 10:28:15.636, 17303 MiB, 355.82 W, 100 %, 66
2026/10/10 10:28:16.640, 17303 MiB, 349.68 W, 100 %, 66
2026/10/10 10:28:17.647, 17303 MiB, 356.08 W, 100 %, 66
2026/10/10 10:28:18.659, 17303 MiB, 355.18 W, 100 %, 65
2026/10/10 10:28:19.662, 17303 MiB, 354.35 W, 100 %, 65
2026/10/10 10:28:20.666, 17303 MiB, 352.55 W, 100 %, 66
2026/10/10 10:28:21.671, 17303 MiB, 347.22 W, 86 %, 64
2026/10/10 10:28:22.680, 17303 MiB, 354.02 W, 100 %, 65
2026/10/10 10:28:23.689, 17303 MiB, 355.73 W, 99 %, 66
2026/10/10 10:28:24.699, 17303 MiB, 352.94 W, 100 %, 66
2026/10/10 10:28:25.709, 17303 MiB, 346.75 W, 99 %, 65
2026/10/10 10:28:26.716, 17303 MiB, 347.34 W, 99 %, 65
2026/10/10 10:28:27.719, 17303 MiB, 357.05 W, 88 %, 66
2026/10/10 10:28:28.732, 17303 MiB, 354.55 W, 100 %, 66
2026/10/10 10:28:29.745, 17303 MiB, 348.81 W, 100 %, 66
2026/10/10 10:28:30.746, 17303 MiB, 354.26 W, 100 %, 65
2026/10/10 10:28:31.753, 17303 MiB, 346.79 W, 87 %, 66
2026/10/10 10:28:32.761, 17303 MiB, 354.58 W, 99 %, 66
2026/10/10 10:28:33.770, 17303 MiB, 351.07 W, 100 %, 65
2026/10/10 10:28:34.784, 17303 MiB, 350.73 W, 100 %, 65
2026/10/10 10:28:35.798, 17303 MiB, 352.22 W, 100 %, 65
2026/10/10 10:28:36.812, 17303 MiB, 347.90 W, 100 %, 65
2026/10/10 10:28:37.822, 17303 MiB, 349.53 W, 100 %, 66
2026/10/10 10:28:38.826, 17303 MiB, 354.98 W, 100 %, 66
2026/10/10 10:28:39.836, 17303 MiB, 353.26 W, 99 %, 66
2026/10/10 10:28:40.841, 17303 MiB, 349.14 W, 100 %, 66
2026/10/10 10:28:41.852, 17303 MiB, 352.56 W, 97 %, 66
2026/10/10 10:28:42.863, 17303 MiB, 350.68 W, 100 %, 65
2026/10/10 10:28:43.875, 17303 MiB, 350.87 W, 100 %, 66
2026/10/10 10:28:44.882, 17303 MiB, 348.56 W, 83 %, 65
2026/10/10 10:28:45.898, 17303 MiB, 349.97 W, 99 %, 66
2026/10/10 10:28:46.910, 17303 MiB, 356.69 W, 100 %, 65
2026/10/10 10:28:47.916, 17303 MiB, 356.37 W, 100 %, 66
2026/10/10 10:28:48.924, 17303 MiB, 351.06 W, 100 %, 66
2026/10/10 10:28:49.930, 17303 MiB, 353.75 W, 99 %, 65
2026/10/10 10:28:50.942, 17303 MiB, 346.72 W, 100 %, 66
2026/10/10 10:28:51.955, 17303 MiB, 351.46 W, 100 %, 65
2026/10/10 10:28:52.965, 17303 MiB, 352.26 W, 90 %, 65
2026/10/10 10:28:53.970, 17303 MiB, 347.11 W, 100 %, 65
2026/10/10 10:28:54.970, 17303 MiB, 351.81 W, 99 %, 66
2026/10/10 10:28:55.983, 17303 MiB, 350.64 W, 95 %, 67
2026/10/10 10:28:56.993, 17303 MiB, 353.10 W, 100 %, 66
2026/10/10 10:28:57.997, 17303 MiB, 351.78 W, 100 %, 65
2026/10/10 10:28:59.009, 17303 MiB, 358.36 W, 100 %, 66
2026/10/10 10:29:00.017, 17303 MiB, 349.31 W, 95 %, 67
2026/10/10 10:29:01.028, 17303 MiB, 345.01 W, 82 %, 65
2026/10/10 10:29:02.036, 17303 MiB, 345.72 W, 100 %, 66
2026/10/10 10:29:03.044, 17303 MiB, 349.70 W, 100 %, 66
2026/10/10 10:29:04.057, 17303 MiB, 353.79 W, 100 %, 63
2026/10/10 10:29:05.062, 17303 MiB, 351.11 W, 100 %, 65
2026/10/10 10:29:06.077, 17303 MiB, 350.28 W, 100 %, 65
2026/10/10 10:29:07.087, 17303 MiB, 349.07 W, 100 %, 66
2026/10/10 10:29:08.090, 17303 MiB, 347.16 W, 86 %, 66
2026/10/10 10:29:09.104, 17303 MiB, 350.05 W, 100 %, 66
2026/10/10 10:29:10.111, 17303 MiB, 347.98 W, 100 %, 65
2026/10/10 10:29:11.126, 17303 MiB, 355.92 W, 98 %, 65
2026/10/10 10:29:12.133, 17303 MiB, 350.14 W, 100 %, 66
2026/10/10 10:29:13.139, 17303 MiB, 353.41 W, 85 %, 65
2026/10/10 10:29:14.145, 17303 MiB, 350.85 W, 100 %, 66
2026/10/10 10:29:15.156, 17303 MiB, 353.22 W, 99 %, 66
2026/10/10 10:29:16.168, 17303 MiB, 349.61 W, 100 %, 66
2026/10/10 10:29:17.179, 17303 MiB, 355.46 W, 100 %, 66
2026/10/10 10:29:18.183, 17303 MiB, 353.64 W, 100 %, 66
2026/10/10 10:29:19.188, 17303 MiB, 345.84 W, 92 %, 65
2026/10/10 10:29:20.197, 17303 MiB, 349.30 W, 100 %, 66
2026/10/10 10:29:21.203, 17303 MiB, 355.64 W, 100 %, 66
2026/10/10 10:29:22.208, 17303 MiB, 350.67 W, 100 %, 65
2026/10/10 10:29:23.220, 17303 MiB, 346.99 W, 100 %, 65
2026/10/10 10:29:24.231, 17303 MiB, 349.85 W, 100 %, 66
2026/10/10 10:29:25.239, 17303 MiB, 350.90 W, 100 %, 66
2026/10/10 10:29:26.240, 17303 MiB, 352.93 W, 100 %, 66
2026/10/10 10:29:27.242, 17303 MiB, 354.93 W, 99 %, 66
2026/10/10 10:29:28.246, 17303 MiB, 350.07 W, 100 %, 66
2026/10/10 10:29:29.258, 17303 MiB, 350.49 W, 100 %, 66
2026/10/10 10:29:30.258, 17303 MiB, 355.35 W, 94 %, 67
2026/10/10 10:29:31.262, 17303 MiB, 350.43 W, 100 %, 66
2026/10/10 10:29:32.266, 17303 MiB, 351.05 W, 100 %, 66
2026/10/10 10:29:33.270, 17303 MiB, 354.44 W, 100 %, 66
2026/10/10 10:29:34.281, 17303 MiB, 346.42 W, 85 %, 64
2026/10/10 10:29:35.284, 17303 MiB, 346.07 W, 100 %, 66
2026/10/10 10:29:36.289, 17303 MiB, 355.46 W, 100 %, 66
2026/10/10 10:29:37.293, 17303 MiB, 350.04 W, 100 %, 65
2026/10/10 10:29:38.302, 17303 MiB, 354.85 W, 98 %, 63
2026/10/10 10:29:39.309, 17303 MiB, 349.83 W, 100 %, 66
2026/10/10 10:29:40.313, 17303 MiB, 354.07 W, 87 %, 66
2026/10/10 10:29:41.318, 17303 MiB, 350.17 W, 99 %, 66
2026/10/10 10:29:42.329, 17303 MiB, 349.06 W, 100 %, 66
2026/10/10 10:29:43.337, 17303 MiB, 349.60 W, 100 %, 65
2026/10/10 10:29:44.341, 17303 MiB, 349.10 W, 99 %, 66
2026/10/10 10:29:45.356, 17303 MiB, 348.97 W, 100 %, 66
2026/10/10 10:29:46.362, 17303 MiB, 351.15 W, 100 %, 66
2026/10/10 10:29:47.373, 17303 MiB, 351.13 W, 100 %, 66
2026/10/10 10:29:48.380, 17303 MiB, 349.91 W, 100 %, 66
2026/10/10 10:29:49.393, 17303 MiB, 352.81 W, 100 %, 66
2026/10/10 10:29:50.407, 17303 MiB, 352.30 W, 97 %, 66
2026/10/10 10:29:51.423, 17303 MiB, 354.38 W, 99 %, 66
2026/10/10 10:29:52.437, 17303 MiB, 350.01 W, 100 %, 65
2026/10/10 10:29:53.438, 17303 MiB, 349.51 W, 84 %, 65
2026/10/10 10:29:54.445, 17303 MiB, 345.79 W, 100 %, 65
2026/10/10 10:29:55.453, 17303 MiB, 354.70 W, 100 %, 63
2026/10/10 10:29:56.455, 17303 MiB, 349.76 W, 100 %, 66
2026/10/10 10:29:57.470, 17303 MiB, 350.38 W, 100 %, 66
2026/10/10 10:29:58.483, 17303 MiB, 354.88 W, 100 %, 66
2026/10/10 10:29:59.489, 17303 MiB, 354.65 W, 100 %, 66
2026/10/10 10:30:00.497, 17303 MiB, 353.23 W, 98 %, 65
2026/10/10 10:30:01.499, 17303 MiB, 352.02 W, 100 %, 66
2026/10/10 10:30:02.514, 17303 MiB, 348.58 W, 100 %, 66
2026/10/10 10:30:03.526, 17303 MiB, 348.47 W, 100 %, 65
2026/10/10 10:30:04.530, 17303 MiB, 352.77 W, 100 %, 66
2026/10/10 10:30:05.534, 17303 MiB, 353.40 W, 99 %, 66
2026/10/10 10:30:06.538, 17303 MiB, 351.30 W, 99 %, 66
2026/10/10 10:30:07.550, 17303 MiB, 349.64 W, 100 %, 65
2026/10/10 10:30:08.554, 17303 MiB, 350.27 W, 100 %, 65
2026/10/10 10:30:09.568, 17303 MiB, 350.28 W, 98 %, 66
2026/10/10 10:30:10.580, 17303 MiB, 352.09 W, 100 %, 66
2026/10/10 10:30:11.583, 17303 MiB, 352.03 W, 100 %, 66
2026/10/10 10:30:12.586, 17303 MiB, 349.71 W, 91 %, 66
2026/10/10 10:30:13.599, 17303 MiB, 350.80 W, 100 %, 66
2026/10/10 10:30:14.604, 17303 MiB, 350.53 W, 100 %, 65
2026/10/10 10:30:15.619, 17303 MiB, 347.70 W, 89 %, 65
2026/10/10 10:30:16.626, 17303 MiB, 349.78 W, 97 %, 66
2026/10/10 10:30:17.630, 17303 MiB, 349.37 W, 85 %, 65
2026/10/10 10:30:18.636, 17303 MiB, 348.63 W, 100 %, 66
2026/10/10 10:30:19.642, 17303 MiB, 354.76 W, 100 %, 66
2026/10/10 10:30:20.658, 17303 MiB, 351.31 W, 100 %, 65
2026/10/10 10:30:21.661, 17303 MiB, 353.33 W, 100 %, 66
2026/10/10 10:30:22.674, 17303 MiB, 354.75 W, 99 %, 66
2026/10/10 10:30:23.675, 17303 MiB, 351.29 W, 100 %, 65
2026/10/10 10:30:24.680, 17303 MiB, 348.39 W, 100 %, 65
2026/10/10 10:30:25.695, 17303 MiB, 348.36 W, 97 %, 65
2026/10/10 10:30:26.699, 17303 MiB, 353.14 W, 90 %, 65
2026/10/10 10:30:27.703, 17303 MiB, 354.56 W, 100 %, 65
2026/10/10 10:30:28.708, 17303 MiB, 347.70 W, 100 %, 66
2026/10/10 10:30:29.713, 17303 MiB, 348.07 W, 86 %, 66
2026/10/10 10:30:30.726, 17303 MiB, 354.29 W, 100 %, 66
2026/10/10 10:30:31.728, 17303 MiB, 345.85 W, 100 %, 66
2026/10/10 10:30:32.751, 17303 MiB, 350.77 W, 100 %, 66
2026/10/10 10:30:33.767, 17303 MiB, 355.02 W, 85 %, 65
2026/10/10 10:30:34.773, 17303 MiB, 355.80 W, 100 %, 66
2026/10/10 10:30:35.788, 17303 MiB, 355.37 W, 100 %, 66
2026/10/10 10:30:36.795, 17303 MiB, 347.85 W, 100 %, 66
2026/10/10 10:30:37.805, 17303 MiB, 351.45 W, 100 %, 66
2026/10/10 10:30:38.813, 17303 MiB, 357.31 W, 100 %, 66
2026/10/10 10:30:39.814, 17303 MiB, 355.01 W, 100 %, 66
2026/10/10 10:30:40.823, 17303 MiB, 352.84 W, 84 %, 65
2026/10/10 10:30:41.837, 17303 MiB, 350.10 W, 100 %, 66
2026/10/10 10:30:42.848, 17303 MiB, 352.49 W, 100 %, 65
2026/10/10 10:30:43.858, 17303 MiB, 350.03 W, 100 %, 66
2026/10/10 10:30:44.862, 17303 MiB, 356.97 W, 100 %, 66
2026/10/10 10:30:45.866, 17303 MiB, 354.81 W, 100 %, 65
2026/10/10 10:30:46.878, 17303 MiB, 355.74 W, 100 %, 66
2026/10/10 10:30:47.882, 17303 MiB, 358.33 W, 100 %, 67
2026/10/10 10:30:48.886, 17303 MiB, 354.16 W, 94 %, 68
2026/10/10 10:30:49.891, 17303 MiB, 355.38 W, 99 %, 66
2026/10/10 10:30:50.899, 17303 MiB, 350.12 W, 100 %, 66
2026/10/10 10:30:51.910, 17303 MiB, 355.49 W, 100 %, 66
2026/10/10 10:30:52.913, 17303 MiB, 351.57 W, 100 %, 66
2026/10/10 10:30:53.918, 17303 MiB, 357.29 W, 100 %, 64
2026/10/10 10:30:54.932, 17303 MiB, 348.50 W, 100 %, 66
2026/10/10 10:30:55.934, 17303 MiB, 348.54 W, 100 %, 65
2026/10/10 10:30:56.940, 17303 MiB, 353.13 W, 100 %, 66
2026/10/10 10:30:57.950, 17303 MiB, 353.94 W, 100 %, 66
2026/10/10 10:30:58.962, 17303 MiB, 355.39 W, 95 %, 65
2026/10/10 10:30:59.968, 17303 MiB, 346.77 W, 81 %, 65
2026/10/10 10:31:00.982, 17303 MiB, 345.04 W, 100 %, 65
2026/10/10 10:31:01.995, 17303 MiB, 347.04 W, 100 %, 66
2026/10/10 10:31:03.007, 17303 MiB, 353.93 W, 88 %, 65
2026/10/10 10:31:04.014, 17303 MiB, 353.87 W, 100 %, 66
2026/10/10 10:31:05.022, 17303 MiB, 353.14 W, 100 %, 66
2026/10/10 10:31:06.028, 17303 MiB, 353.81 W, 100 %, 66
2026/10/10 10:31:07.037, 17303 MiB, 357.92 W, 100 %, 66
2026/10/10 10:31:08.046, 17303 MiB, 352.26 W, 100 %, 66
2026/10/10 10:31:09.057, 17303 MiB, 354.77 W, 83 %, 66
2026/10/10 10:31:10.067, 17303 MiB, 348.11 W, 100 %, 66
2026/10/10 10:31:11.080, 17303 MiB, 351.30 W, 100 %, 66
2026/10/10 10:31:12.093, 17303 MiB, 356.66 W, 100 %, 66
2026/10/10 10:31:13.105, 17303 MiB, 352.58 W, 100 %, 66
2026/10/10 10:31:14.111, 17303 MiB, 351.42 W, 100 %, 65
2026/10/10 10:31:15.124, 17303 MiB, 348.73 W, 99 %, 66
2026/10/10 10:31:16.136, 17303 MiB, 352.02 W, 100 %, 66
2026/10/10 10:31:17.150, 17303 MiB, 346.86 W, 100 %, 66
2026/10/10 10:31:18.162, 17303 MiB, 352.03 W, 100 %, 65
2026/10/10 10:31:19.170, 17303 MiB, 354.33 W, 100 %, 64
2026/10/10 10:31:20.185, 17303 MiB, 350.89 W, 99 %, 65
2026/10/10 10:31:21.198, 17303 MiB, 349.21 W, 100 %, 65
2026/10/10 10:31:22.212, 17303 MiB, 351.85 W, 100 %, 66
2026/10/10 10:31:23.212, 17303 MiB, 347.30 W, 100 %, 66
2026/10/10 10:31:24.220, 17303 MiB, 350.45 W, 86 %, 66
2026/10/10 10:31:25.228, 17303 MiB, 353.56 W, 100 %, 65
2026/10/10 10:31:26.240, 17303 MiB, 352.53 W, 87 %, 65
2026/10/10 10:31:27.255, 17303 MiB, 349.34 W, 100 %, 66
2026/10/10 10:31:28.264, 17303 MiB, 347.84 W, 78 %, 66
2026/10/10 10:31:29.274, 17303 MiB, 348.24 W, 100 %, 66
2026/10/10 10:31:30.283, 17303 MiB, 352.61 W, 80 %, 66
2026/10/10 10:31:31.293, 17303 MiB, 347.77 W, 99 %, 65
2026/10/10 10:31:32.305, 17303 MiB, 348.36 W, 99 %, 66
2026/10/10 10:31:33.315, 17303 MiB, 350.27 W, 100 %, 66
2026/10/10 10:31:34.322, 17303 MiB, 352.51 W, 100 %, 66
2026/10/10 10:31:35.333, 17303 MiB, 352.14 W, 99 %, 65
2026/10/10 10:31:36.344, 17303 MiB, 351.33 W, 88 %, 65
2026/10/10 10:31:37.350, 17303 MiB, 354.96 W, 89 %, 64
2026/10/10 10:31:38.363, 17303 MiB, 350.32 W, 100 %, 66
2026/10/10 10:31:39.374, 17303 MiB, 354.56 W, 89 %, 66
2026/10/10 10:31:40.385, 17303 MiB, 352.93 W, 100 %, 66
2026/10/10 10:31:41.398, 17303 MiB, 349.01 W, 100 %, 66
2026/10/10 10:31:42.407, 17303 MiB, 352.76 W, 100 %, 65
2026/10/10 10:31:43.418, 17303 MiB, 350.40 W, 86 %, 65
2026/10/10 10:31:44.425, 17303 MiB, 349.61 W, 100 %, 65
2026/10/10 10:31:45.438, 17303 MiB, 349.36 W, 100 %, 66
2026/10/10 10:31:46.439, 17303 MiB, 352.09 W, 100 %, 66
2026/10/10 10:31:47.449, 17303 MiB, 348.50 W, 100 %, 65
2026/10/10 10:31:48.454, 17303 MiB, 350.01 W, 100 %, 65
2026/10/10 10:31:49.468, 17303 MiB, 349.46 W, 100 %, 65
2026/10/10 10:31:50.475, 17303 MiB, 348.07 W, 100 %, 66
2026/10/10 10:31:51.488, 17303 MiB, 349.78 W, 100 %, 65
2026/10/10 10:31:52.499, 17303 MiB, 351.60 W, 100 %, 66
2026/10/10 10:31:53.508, 17303 MiB, 352.23 W, 100 %, 66
2026/10/10 10:31:54.511, 17303 MiB, 355.39 W, 100 %, 66
2026/10/10 10:31:55.521, 17303 MiB, 352.22 W, 100 %, 65
2026/10/10 10:31:56.525, 17303 MiB, 354.53 W, 99 %, 66
2026/10/10 10:31:57.530, 17303 MiB, 356.09 W, 100 %, 66
2026/10/10 10:31:58.543, 17303 MiB, 354.57 W, 100 %, 65
2026/10/10 10:31:59.551, 17303 MiB, 352.19 W, 86 %, 66
2026/10/10 10:32:00.554, 17303 MiB, 351.60 W, 99 %, 65
2026/10/10 10:32:01.561, 17303 MiB, 353.64 W, 100 %, 66
2026/10/10 10:32:02.563, 17303 MiB, 349.82 W, 100 %, 66
2026/10/10 10:32:03.578, 17303 MiB, 349.71 W, 100 %, 65
2026/10/10 10:32:04.579, 17303 MiB, 352.13 W, 100 %, 66
2026/10/10 10:32:05.589, 17303 MiB, 354.53 W, 100 %, 65
2026/10/10 10:32:06.599, 17303 MiB, 351.50 W, 100 %, 66
2026/10/10 10:32:07.601, 17303 MiB, 352.55 W, 88 %, 65
2026/10/10 10:32:08.609, 17303 MiB, 351.45 W, 99 %, 66
2026/10/10 10:32:09.623, 17303 MiB, 352.01 W, 100 %, 66
2026/10/10 10:32:10.632, 17303 MiB, 352.51 W, 99 %, 66
2026/10/10 10:32:11.643, 17303 MiB, 352.31 W, 99 %, 65
2026/10/10 10:32:12.644, 17303 MiB, 351.07 W, 100 %, 65
2026/10/10 10:32:13.653, 17303 MiB, 343.43 W, 99 %, 66
2026/10/10 10:32:14.662, 17303 MiB, 350.11 W, 100 %, 66
2026/10/10 10:32:15.675, 17303 MiB, 351.62 W, 83 %, 67
2026/10/10 10:32:16.683, 17303 MiB, 353.77 W, 98 %, 66
2026/10/10 10:32:17.689, 17303 MiB, 351.61 W, 100 %, 66
2026/10/10 10:32:18.692, 17303 MiB, 351.84 W, 100 %, 66
2026/10/10 10:32:19.707, 17303 MiB, 354.86 W, 100 %, 66
2026/10/10 10:32:20.711, 17303 MiB, 355.10 W, 100 %, 65
2026/10/10 10:32:21.718, 17303 MiB, 353.78 W, 100 %, 66
2026/10/10 10:32:22.724, 17303 MiB, 356.39 W, 100 %, 65
2026/10/10 10:32:23.729, 17303 MiB, 353.07 W, 84 %, 65
2026/10/10 10:32:24.739, 17303 MiB, 348.95 W, 100 %, 65
2026/10/10 10:32:25.753, 17303 MiB, 352.04 W, 99 %, 66
2026/10/10 10:32:26.763, 17303 MiB, 348.92 W, 92 %, 65
2026/10/10 10:32:27.768, 17303 MiB, 356.36 W, 100 %, 66
2026/10/10 10:32:28.775, 17303 MiB, 350.26 W, 100 %, 65
2026/10/10 10:32:29.781, 17303 MiB, 351.71 W, 99 %, 65
2026/10/10 10:32:30.785, 17303 MiB, 347.75 W, 100 %, 65
2026/10/10 10:32:31.790, 17303 MiB, 350.27 W, 99 %, 65
2026/10/10 10:32:32.794, 17303 MiB, 355.27 W, 98 %, 66
2026/10/10 10:32:33.795, 17303 MiB, 350.55 W, 99 %, 65
2026/10/10 10:32:34.801, 17303 MiB, 351.63 W, 100 %, 65
2026/10/10 10:32:35.813, 17303 MiB, 349.92 W, 100 %, 65
2026/10/10 10:32:36.825, 17303 MiB, 352.87 W, 100 %, 66
2026/10/10 10:32:37.831, 17303 MiB, 353.82 W, 100 %, 66
2026/10/10 10:32:38.845, 17303 MiB, 348.39 W, 100 %, 66
2026/10/10 10:32:39.849, 17303 MiB, 348.50 W, 100 %, 66
2026/10/10 10:32:40.850, 17303 MiB, 356.36 W, 100 %, 66
2026/10/10 10:32:41.865, 17303 MiB, 350.26 W, 100 %, 65
2026/10/10 10:32:42.878, 17303 MiB, 351.71 W, 100 %, 66
2026/10/10 10:32:43.882, 17303 MiB, 352.81 W, 100 %, 66
2026/10/10 10:32:44.886, 17303 MiB, 353.65 W, 99 %, 66
2026/10/10 10:32:45.895, 17303 MiB, 350.88 W, 100 %, 65
2026/10/10 10:32:46.905, 17303 MiB, 350.01 W, 99 %, 65
2026/10/10 10:32:47.908, 17303 MiB, 349.46 W, 100 %, 66
2026/10/10 10:32:48.914, 17303 MiB, 353.49 W, 99 %, 66
2026/10/10 10:32:49.925, 17303 MiB, 350.80 W, 100 %, 66
2026/10/10 10:32:50.930, 17303 MiB, 357.09 W, 100 %, 67
2026/10/10 10:32:51.944, 17303 MiB, 355.09 W, 99 %, 66
2026/10/10 10:32:52.959, 17303 MiB, 348.10 W, 100 %, 66
2026/10/10 10:32:53.974, 17303 MiB, 349.44 W, 99 %, 65
2026/10/10 10:32:54.983, 17303 MiB, 353.35 W, 98 %, 66
2026/10/10 10:32:55.998, 17303 MiB, 351.39 W, 100 %, 66
2026/10/10 10:32:57.000, 17303 MiB, 355.38 W, 100 %, 66
2026/10/10 10:32:58.009, 17303 MiB, 353.68 W, 83 %, 67
2026/10/10 10:32:59.024, 17303 MiB, 351.45 W, 100 %, 65
2026/10/10 10:33:00.027, 17303 MiB, 353.69 W, 100 %, 66
2026/10/10 10:33:01.028, 17303 MiB, 346.11 W, 100 %, 66
2026/10/10 10:33:02.041, 17303 MiB, 348.27 W, 99 %, 66
2026/10/10 10:33:03.052, 17303 MiB, 353.79 W, 98 %, 66
2026/10/10 10:33:04.061, 17303 MiB, 352.82 W, 100 %, 66
2026/10/10 10:33:05.074, 17303 MiB, 345.40 W, 100 %, 66
2026/10/10 10:33:06.080, 17303 MiB, 350.99 W, 100 %, 66
2026/10/10 10:33:07.093, 17303 MiB, 347.55 W, 98 %, 66
2026/10/10 10:33:08.099, 17303 MiB, 353.84 W, 100 %, 66
2026/10/10 10:33:09.109, 17303 MiB, 351.15 W, 100 %, 66
2026/10/10 10:33:10.122, 17303 MiB, 352.27 W, 100 %, 66
2026/10/10 10:33:11.137, 17303 MiB, 352.90 W, 100 %, 66
2026/10/10 10:33:12.140, 17303 MiB, 350.37 W, 84 %, 65
2026/10/10 10:33:13.149, 17303 MiB, 347.77 W, 100 %, 65
2026/10/10 10:33:14.150, 17303 MiB, 349.96 W, 100 %, 66
2026/10/10 10:33:15.158, 17303 MiB, 355.53 W, 99 %, 65
2026/10/10 10:33:16.162, 17303 MiB, 352.15 W, 100 %, 65
2026/10/10 10:33:17.177, 17303 MiB, 346.59 W, 82 %, 63
2026/10/10 10:33:18.190, 17303 MiB, 351.88 W, 100 %, 66
2026/10/10 10:33:19.199, 17303 MiB, 352.99 W, 100 %, 65
2026/10/10 10:33:20.210, 17303 MiB, 351.77 W, 100 %, 66
2026/10/10 10:33:21.223, 17303 MiB, 352.66 W, 100 %, 67
2026/10/10 10:33:22.233, 17303 MiB, 347.26 W, 87 %, 65
2026/10/10 10:33:23.245, 17303 MiB, 355.42 W, 100 %, 67
2026/10/10 10:33:24.245, 17303 MiB, 350.98 W, 87 %, 65
2026/10/10 10:33:25.259, 17303 MiB, 353.77 W, 94 %, 63
2026/10/10 10:33:26.269, 17303 MiB, 348.87 W, 100 %, 66
2026/10/10 10:33:27.279, 17303 MiB, 352.15 W, 84 %, 66
2026/10/10 10:33:28.287, 17303 MiB, 351.65 W, 100 %, 66
2026/10/10 10:33:29.302, 17303 MiB, 348.05 W, 100 %, 66
2026/10/10 10:33:30.311, 17303 MiB, 353.21 W, 100 %, 66
2026/10/10 10:33:31.324, 17303 MiB, 352.11 W, 99 %, 66
2026/10/10 10:33:32.335, 17303 MiB, 352.07 W, 100 %, 66
2026/10/10 10:33:33.342, 17303 MiB, 348.23 W, 100 %, 66
2026/10/10 10:33:34.354, 17303 MiB, 352.98 W, 100 %, 66
2026/10/10 10:33:35.364, 17303 MiB, 351.00 W, 100 %, 66
2026/10/10 10:33:36.375, 17303 MiB, 348.09 W, 100 %, 65
2026/10/10 10:33:37.385, 17303 MiB, 352.99 W, 100 %, 66
2026/10/10 10:33:38.395, 17303 MiB, 351.02 W, 88 %, 66
2026/10/10 10:33:39.399, 17303 MiB, 356.32 W, 81 %, 65
2026/10/10 10:33:40.411, 17303 MiB, 344.13 W, 99 %, 65
2026/10/10 10:33:41.413, 17303 MiB, 352.88 W, 99 %, 65
2026/10/10 10:33:42.424, 17303 MiB, 354.93 W, 100 %, 66
2026/10/10 10:33:43.433, 17303 MiB, 356.03 W, 87 %, 66
2026/10/10 10:33:44.442, 17303 MiB, 351.29 W, 99 %, 66
2026/10/10 10:33:45.451, 17303 MiB, 354.06 W, 100 %, 66
2026/10/10 10:33:46.461, 17303 MiB, 350.03 W, 100 %, 66
2026/10/10 10:33:47.469, 17303 MiB, 351.54 W, 84 %, 66
2026/10/10 10:33:48.479, 17303 MiB, 349.99 W, 100 %, 65
2026/10/10 10:33:49.480, 17303 MiB, 354.57 W, 100 %, 65
2026/10/10 10:33:50.482, 17303 MiB, 349.60 W, 100 %, 65
2026/10/10 10:33:51.497, 17303 MiB, 352.69 W, 100 %, 66
2026/10/10 10:33:52.509, 17303 MiB, 352.68 W, 99 %, 66
2026/10/10 10:33:53.510, 17303 MiB, 348.90 W, 82 %, 65
2026/10/10 10:33:54.520, 17303 MiB, 342.37 W, 81 %, 65
2026/10/10 10:33:55.528, 17303 MiB, 345.41 W, 100 %, 66
2026/10/10 10:33:56.538, 17303 MiB, 357.54 W, 96 %, 64
2026/10/10 10:33:57.547, 17303 MiB, 347.96 W, 100 %, 64
2026/10/10 10:33:58.559, 17303 MiB, 349.38 W, 100 %, 66
2026/10/10 10:33:59.569, 17303 MiB, 357.39 W, 100 %, 64
2026/10/10 10:34:00.570, 17303 MiB, 346.48 W, 100 %, 65
2026/10/10 10:34:01.581, 17303 MiB, 351.44 W, 99 %, 65
2026/10/10 10:34:02.592, 17303 MiB, 349.67 W, 100 %, 66
2026/10/10 10:34:03.602, 17303 MiB, 352.23 W, 94 %, 64
2026/10/10 10:34:04.611, 17303 MiB, 348.51 W, 88 %, 66
2026/10/10 10:34:05.622, 17303 MiB, 352.42 W, 100 %, 65
2026/10/10 10:34:06.636, 17303 MiB, 349.99 W, 85 %, 65
2026/10/10 10:34:07.649, 17303 MiB, 350.51 W, 100 %, 66
2026/10/10 10:34:08.652, 17303 MiB, 354.79 W, 100 %, 66
2026/10/10 10:34:09.660, 17303 MiB, 346.50 W, 100 %, 64
2026/10/10 10:34:10.664, 17303 MiB, 348.59 W, 100 %, 65
2026/10/10 10:34:11.671, 17303 MiB, 350.89 W, 98 %, 65
2026/10/10 10:34:12.679, 17303 MiB, 345.92 W, 100 %, 66
2026/10/10 10:34:13.683, 17303 MiB, 351.78 W, 100 %, 65
2026/10/10 10:34:14.689, 17303 MiB, 355.00 W, 100 %, 66
2026/10/10 10:34:15.690, 17303 MiB, 351.94 W, 100 %, 66
2026/10/10 10:34:16.691, 17303 MiB, 353.34 W, 100 %, 66
2026/10/10 10:34:17.694, 17303 MiB, 348.40 W, 97 %, 66
2026/10/10 10:34:18.695, 17303 MiB, 347.69 W, 100 %, 65
2026/10/10 10:34:19.704, 17303 MiB, 353.60 W, 100 %, 66
2026/10/10 10:34:20.705, 17303 MiB, 354.32 W, 94 %, 62
2026/10/10 10:34:21.718, 17303 MiB, 340.79 W, 82 %, 65
2026/10/10 10:34:22.730, 17303 MiB, 343.74 W, 100 %, 66
2026/10/10 10:34:23.741, 17303 MiB, 356.22 W, 95 %, 65
2026/10/10 10:34:24.746, 17303 MiB, 351.14 W, 100 %, 66
2026/10/10 10:34:25.761, 17303 MiB, 352.06 W, 99 %, 65
2026/10/10 10:34:26.764, 17303 MiB, 349.22 W, 100 %, 62
2026/10/10 10:34:27.770, 17303 MiB, 347.72 W, 94 %, 67
2026/10/10 10:34:28.770, 17303 MiB, 355.83 W, 100 %, 66
2026/10/10 10:34:29.773, 17303 MiB, 355.29 W, 100 %, 66
2026/10/10 10:34:30.774, 17303 MiB, 350.07 W, 100 %, 66
2026/10/10 10:34:31.787, 17303 MiB, 352.63 W, 100 %, 66
2026/10/10 10:34:32.801, 17303 MiB, 353.61 W, 99 %, 62
2026/10/10 10:34:33.806, 17303 MiB, 347.55 W, 86 %, 64
2026/10/10 10:34:34.820, 17303 MiB, 348.81 W, 100 %, 65
2026/10/10 10:34:35.824, 17303 MiB, 357.08 W, 94 %, 67
2026/10/10 10:34:36.832, 17303 MiB, 350.62 W, 100 %, 66
2026/10/10 10:34:37.839, 17303 MiB, 347.33 W, 100 %, 65
2026/10/10 10:34:38.846, 17303 MiB, 348.07 W, 100 %, 66
2026/10/10 10:34:39.850, 17303 MiB, 348.05 W, 100 %, 65
2026/10/10 10:34:40.860, 17303 MiB, 348.16 W, 100 %, 66
2026/10/10 10:34:41.862, 17303 MiB, 350.27 W, 100 %, 65
2026/10/10 10:34:42.864, 17303 MiB, 349.43 W, 100 %, 66
2026/10/10 10:34:43.870, 17303 MiB, 355.50 W, 100 %, 64
2026/10/10 10:34:44.880, 17303 MiB, 346.32 W, 80 %, 65
2026/10/10 10:34:45.887, 17303 MiB, 349.21 W, 100 %, 66
2026/10/10 10:34:46.900, 17303 MiB, 352.18 W, 100 %, 66
2026/10/10 10:34:47.911, 17303 MiB, 349.47 W, 87 %, 66
2026/10/10 10:34:48.922, 17303 MiB, 353.78 W, 83 %, 65
2026/10/10 10:34:49.922, 17303 MiB, 353.57 W, 100 %, 63
2026/10/10 10:34:50.932, 17303 MiB, 342.60 W, 75 %, 65
2026/10/10 10:34:51.946, 17303 MiB, 345.93 W, 100 %, 67
2026/10/10 10:34:52.953, 17303 MiB, 354.27 W, 100 %, 66
2026/10/10 10:34:53.957, 17303 MiB, 348.41 W, 100 %, 65
2026/10/10 10:34:54.971, 17303 MiB, 353.10 W, 99 %, 66
2026/10/10 10:34:55.973, 17303 MiB, 353.74 W, 100 %, 65
2026/10/10 10:34:56.973, 17303 MiB, 347.78 W, 83 %, 66
2026/10/10 10:34:57.985, 17303 MiB, 352.42 W, 100 %, 66
2026/10/10 10:34:58.991, 17303 MiB, 354.11 W, 94 %, 65
2026/10/10 10:34:59.999, 17303 MiB, 345.37 W, 100 %, 66
2026/10/10 10:35:00.999, 17303 MiB, 351.06 W, 100 %, 66
2026/10/10 10:35:02.013, 17303 MiB, 351.65 W, 100 %, 66
2026/10/10 10:35:03.023, 17303 MiB, 353.69 W, 100 %, 63
2026/10/10 10:35:04.033, 17303 MiB, 348.83 W, 100 %, 66
2026/10/10 10:35:05.035, 17303 MiB, 351.24 W, 100 %, 66
2026/10/10 10:35:06.039, 17303 MiB, 352.15 W, 100 %, 66
2026/10/10 10:35:07.049, 17303 MiB, 349.47 W, 100 %, 65
2026/10/10 10:35:08.062, 17303 MiB, 351.67 W, 100 %, 64
2026/10/10 10:35:09.065, 17303 MiB, 346.13 W, 83 %, 65
2026/10/10 10:35:10.066, 17303 MiB, 345.62 W, 100 %, 65
2026/10/10 10:35:11.081, 17303 MiB, 352.39 W, 86 %, 66
2026/10/10 10:35:12.089, 17303 MiB, 351.45 W, 99 %, 66
2026/10/10 10:35:13.102, 17303 MiB, 351.71 W, 78 %, 65
2026/10/10 10:35:14.116, 17303 MiB, 352.64 W, 99 %, 66
2026/10/10 10:35:15.127, 17303 MiB, 353.75 W, 99 %, 65
2026/10/10 10:35:16.133, 17303 MiB, 354.85 W, 100 %, 66
2026/10/10 10:35:17.142, 17303 MiB, 352.90 W, 100 %, 66
2026/10/10 10:35:18.149, 17303 MiB, 351.98 W, 100 %, 66
2026/10/10 10:35:19.154, 17303 MiB, 353.65 W, 100 %, 66
2026/10/10 10:35:20.164, 17303 MiB, 354.05 W, 100 %, 66
2026/10/10 10:35:21.176, 17303 MiB, 352.83 W, 89 %, 66
2026/10/10 10:35:22.187, 17303 MiB, 353.17 W, 81 %, 65
2026/10/10 10:35:23.192, 17303 MiB, 347.01 W, 100 %, 65
2026/10/10 10:35:24.194, 17303 MiB, 354.17 W, 100 %, 66
2026/10/10 10:35:25.198, 17303 MiB, 352.92 W, 88 %, 66
2026/10/10 10:35:26.202, 17303 MiB, 355.35 W, 96 %, 64
2026/10/10 10:35:27.206, 17303 MiB, 355.89 W, 98 %, 66
2026/10/10 10:35:28.214, 17303 MiB, 347.70 W, 100 %, 65
2026/10/10 10:35:29.226, 17303 MiB, 356.04 W, 100 %, 64
2026/10/10 10:35:30.236, 17303 MiB, 358.06 W, 100 %, 64
2026/10/10 10:35:31.238, 17303 MiB, 351.82 W, 99 %, 66
2026/10/10 10:35:32.248, 17303 MiB, 348.76 W, 97 %, 65
2026/10/10 10:35:33.252, 17303 MiB, 352.68 W, 100 %, 66
2026/10/10 10:35:34.257, 17303 MiB, 355.57 W, 100 %, 66
2026/10/10 10:35:35.270, 17303 MiB, 352.76 W, 100 %, 65
2026/10/10 10:35:36.276, 17303 MiB, 345.79 W, 98 %, 66
2026/10/10 10:35:37.286, 17303 MiB, 351.11 W, 100 %, 66
2026/10/10 10:35:38.298, 17303 MiB, 351.20 W, 93 %, 65
2026/10/10 10:35:39.306, 17303 MiB, 349.83 W, 99 %, 66
2026/10/10 10:35:40.307, 17303 MiB, 344.31 W, 99 %, 66
2026/10/10 10:35:41.312, 17303 MiB, 352.33 W, 100 %, 66
2026/10/10 10:35:42.316, 17303 MiB, 351.83 W, 100 %, 65
2026/10/10 10:35:43.329, 17303 MiB, 349.98 W, 100 %, 64
2026/10/10 10:35:44.344, 17303 MiB, 347.66 W, 100 %, 65
2026/10/10 10:35:45.346, 17303 MiB, 351.14 W, 100 %, 66
2026/10/10 10:35:46.353, 17303 MiB, 350.01 W, 100 %, 66
2026/10/10 10:35:47.367, 17303 MiB, 350.25 W, 100 %, 63
2026/10/10 10:35:48.380, 17303 MiB, 344.67 W, 100 %, 65
2026/10/10 10:35:49.385, 17303 MiB, 353.06 W, 100 %, 66
2026/10/10 10:35:50.394, 17303 MiB, 352.32 W, 100 %, 66
2026/10/10 10:35:51.406, 17303 MiB, 349.24 W, 99 %, 65
2026/10/10 10:35:52.412, 17303 MiB, 351.65 W, 82 %, 68
2026/10/10 10:35:53.422, 17303 MiB, 351.36 W, 100 %, 66
2026/10/10 10:35:54.432, 17303 MiB, 351.62 W, 100 %, 66
2026/10/10 10:35:55.438, 17303 MiB, 354.18 W, 99 %, 66
2026/10/10 10:35:56.441, 17303 MiB, 347.82 W, 100 %, 66
2026/10/10 10:35:57.450, 17303 MiB, 353.03 W, 100 %, 66
2026/10/10 10:35:58.452, 17303 MiB, 354.87 W, 100 %, 66
2026/10/10 10:35:59.457, 17303 MiB, 353.91 W, 100 %, 65
2026/10/10 10:36:00.470, 17303 MiB, 351.54 W, 100 %, 65
2026/10/10 10:36:01.478, 17303 MiB, 353.85 W, 100 %, 66
2026/10/10 10:36:02.484, 17303 MiB, 349.30 W, 100 %, 66
2026/10/10 10:36:03.488, 17303 MiB, 347.13 W, 100 %, 66
2026/10/10 10:36:04.496, 17303 MiB, 349.72 W, 100 %, 66
2026/10/10 10:36:05.506, 17303 MiB, 354.89 W, 100 %, 66
2026/10/10 10:36:06.518, 17303 MiB, 352.47 W, 100 %, 66
2026/10/10 10:36:07.528, 17303 MiB, 353.47 W, 100 %, 65
2026/10/10 10:36:08.529, 17303 MiB, 354.94 W, 100 %, 66
2026/10/10 10:36:09.538, 17303 MiB, 348.61 W, 83 %, 65
2026/10/10 10:36:10.548, 17303 MiB, 351.79 W, 100 %, 66
2026/10/10 10:36:11.562, 17303 MiB, 354.72 W, 100 %, 65
2026/10/10 10:36:12.570, 17303 MiB, 352.55 W, 86 %, 66
2026/10/10 10:36:13.584, 17303 MiB, 351.24 W, 99 %, 65
2026/10/10 10:36:14.596, 17303 MiB, 355.42 W, 100 %, 66
2026/10/10 10:36:15.600, 17303 MiB, 355.01 W, 99 %, 65
2026/10/10 10:36:16.607, 17303 MiB, 350.70 W, 100 %, 65
2026/10/10 10:36:17.616, 17303 MiB, 351.57 W, 100 %, 66
2026/10/10 10:36:18.628, 17303 MiB, 353.08 W, 85 %, 65
2026/10/10 10:36:19.642, 17303 MiB, 346.04 W, 100 %, 65
2026/10/10 10:36:20.656, 17303 MiB, 352.40 W, 97 %, 66
2026/10/10 10:36:21.670, 17303 MiB, 352.57 W, 99 %, 66
2026/10/10 10:36:22.682, 17303 MiB, 357.52 W, 100 %, 66
2026/10/10 10:36:23.692, 17303 MiB, 354.36 W, 100 %, 66
2026/10/10 10:36:24.706, 17303 MiB, 349.42 W, 85 %, 66
2026/10/10 10:36:25.711, 17303 MiB, 354.52 W, 100 %, 66
2026/10/10 10:36:26.723, 17303 MiB, 349.60 W, 82 %, 66
2026/10/10 10:36:27.735, 17303 MiB, 346.25 W, 98 %, 65
2026/10/10 10:36:28.745, 17303 MiB, 353.47 W, 100 %, 66
2026/10/10 10:36:29.754, 17303 MiB, 353.12 W, 100 %, 65
2026/10/10 10:36:30.766, 17303 MiB, 354.14 W, 100 %, 65
2026/10/10 10:36:31.779, 17303 MiB, 355.52 W, 100 %, 66
2026/10/10 10:36:32.788, 17303 MiB, 356.80 W, 98 %, 66
2026/10/10 10:36:33.792, 17303 MiB, 346.50 W, 99 %, 65
2026/10/10 10:36:34.796, 17303 MiB, 358.69 W, 99 %, 66
2026/10/10 10:36:35.804, 17303 MiB, 357.47 W, 98 %, 65
2026/10/10 10:36:36.806, 17303 MiB, 357.96 W, 100 %, 66
2026/10/10 10:36:37.811, 17303 MiB, 353.36 W, 100 %, 65
2026/10/10 10:36:38.818, 17303 MiB, 352.00 W, 100 %, 66
2026/10/10 10:36:39.824, 17303 MiB, 346.83 W, 78 %, 66
2026/10/10 10:36:40.831, 17303 MiB, 343.58 W, 98 %, 64
2026/10/10 10:36:41.842, 17303 MiB, 352.55 W, 99 %, 66
2026/10/10 10:36:42.853, 17303 MiB, 352.77 W, 100 %, 65
2026/10/10 10:36:43.864, 17303 MiB, 351.95 W, 100 %, 66
2026/10/10 10:36:44.882, 17303 MiB, 349.51 W, 100 %, 66
2026/10/10 10:36:45.892, 17303 MiB, 348.63 W, 100 %, 65
2026/10/10 10:36:46.906, 17303 MiB, 352.97 W, 99 %, 66
2026/10/10 10:36:47.918, 17303 MiB, 352.19 W, 99 %, 65
2026/10/10 10:36:48.918, 17303 MiB, 351.07 W, 100 %, 66
2026/10/10 10:36:49.923, 17303 MiB, 354.57 W, 98 %, 66
2026/10/10 10:36:50.932, 17303 MiB, 355.16 W, 99 %, 66
2026/10/10 10:36:51.935, 17303 MiB, 358.51 W, 100 %, 66
2026/10/10 10:36:52.943, 17303 MiB, 354.39 W, 99 %, 66
2026/10/10 10:36:53.953, 17303 MiB, 353.78 W, 100 %, 66
2026/10/10 10:36:54.958, 17303 MiB, 355.99 W, 100 %, 66
2026/10/10 10:36:55.960, 17303 MiB, 352.26 W, 93 %, 65
2026/10/10 10:36:56.967, 17303 MiB, 348.20 W, 99 %, 66
2026/10/10 10:36:57.974, 17303 MiB, 353.80 W, 100 %, 66
2026/10/10 10:36:58.989, 17303 MiB, 355.50 W, 100 %, 66
2026/10/10 10:36:59.996, 17303 MiB, 347.03 W, 84 %, 65
2026/10/10 10:37:01.003, 17303 MiB, 345.78 W, 100 %, 65
2026/10/10 10:37:02.009, 17303 MiB, 358.26 W, 94 %, 66
2026/10/10 10:37:03.011, 17303 MiB, 349.98 W, 99 %, 65
2026/10/10 10:37:04.012, 17303 MiB, 349.49 W, 100 %, 66
2026/10/10 10:37:05.016, 17303 MiB, 351.09 W, 100 %, 65
2026/10/10 10:37:06.024, 17303 MiB, 350.63 W, 100 %, 66
2026/10/10 10:37:07.026, 17303 MiB, 353.26 W, 100 %, 66
2026/10/10 10:37:08.032, 17303 MiB, 354.58 W, 100 %, 66
2026/10/10 10:37:09.038, 17303 MiB, 352.37 W, 100 %, 66
2026/10/10 10:37:10.046, 17303 MiB, 350.91 W, 92 %, 66
2026/10/10 10:37:11.048, 17303 MiB, 345.75 W, 100 %, 66
2026/10/10 10:37:12.054, 17303 MiB, 352.07 W, 100 %, 66
2026/10/10 10:37:13.069, 17303 MiB, 353.06 W, 87 %, 64
2026/10/10 10:37:14.071, 17303 MiB, 348.33 W, 99 %, 65
2026/10/10 10:37:15.077, 17303 MiB, 347.43 W, 84 %, 64
2026/10/10 10:37:16.092, 17303 MiB, 350.56 W, 100 %, 65
2026/10/10 10:37:17.102, 17303 MiB, 348.57 W, 100 %, 66
2026/10/10 10:37:18.105, 17303 MiB, 347.56 W, 100 %, 66
2026/10/10 10:37:19.112, 17303 MiB, 352.63 W, 100 %, 66
2026/10/10 10:37:20.122, 17303 MiB, 348.51 W, 100 %, 66
2026/10/10 10:37:21.134, 17303 MiB, 346.85 W, 100 %, 65
2026/10/10 10:37:22.138, 17303 MiB, 349.22 W, 100 %, 66
2026/10/10 10:37:23.146, 17303 MiB, 351.03 W, 99 %, 66
2026/10/10 10:37:24.150, 17303 MiB, 354.46 W, 99 %, 66
2026/10/10 10:37:25.153, 17303 MiB, 353.56 W, 100 %, 66
2026/10/10 10:37:26.164, 17303 MiB, 353.65 W, 100 %, 66
2026/10/10 10:37:27.172, 17303 MiB, 350.71 W, 100 %, 66
2026/10/10 10:37:28.174, 17303 MiB, 349.64 W, 88 %, 65
2026/10/10 10:37:29.183, 17303 MiB, 349.70 W, 100 %, 66
2026/10/10 10:37:30.188, 17303 MiB, 348.63 W, 100 %, 66
2026/10/10 10:37:31.201, 17303 MiB, 348.57 W, 100 %, 66
2026/10/10 10:37:32.202, 17303 MiB, 351.71 W, 100 %, 65
2026/10/10 10:37:33.217, 17303 MiB, 355.85 W, 100 %, 66
2026/10/10 10:37:34.220, 17303 MiB, 349.95 W, 99 %, 65
2026/10/10 10:37:35.225, 17303 MiB, 354.17 W, 100 %, 66
2026/10/10 10:37:36.237, 17303 MiB, 348.52 W, 100 %, 65
2026/10/10 10:37:37.240, 17303 MiB, 353.61 W, 100 %, 66
2026/10/10 10:37:38.243, 17303 MiB, 348.98 W, 100 %, 66
2026/10/10 10:37:39.258, 17303 MiB, 354.03 W, 100 %, 65
2026/10/10 10:37:40.265, 17303 MiB, 351.75 W, 82 %, 64
2026/10/10 10:37:41.271, 17303 MiB, 346.30 W, 100 %, 65
2026/10/10 10:37:42.287, 17303 MiB, 352.43 W, 100 %, 66
2026/10/10 10:37:43.302, 17303 MiB, 352.37 W, 99 %, 65
2026/10/10 10:37:44.303, 17303 MiB, 353.18 W, 99 %, 65
2026/10/10 10:37:45.318, 17303 MiB, 356.36 W, 100 %, 66
2026/10/10 10:37:46.321, 17303 MiB, 349.47 W, 100 %, 66
2026/10/10 10:37:47.327, 17303 MiB, 355.31 W, 100 %, 66
2026/10/10 10:37:48.334, 17303 MiB, 347.23 W, 88 %, 66
2026/10/10 10:37:49.347, 17303 MiB, 351.27 W, 100 %, 66
2026/10/10 10:37:50.353, 17303 MiB, 348.23 W, 82 %, 65
2026/10/10 10:37:51.362, 17303 MiB, 340.29 W, 74 %, 65
2026/10/10 10:37:52.368, 17303 MiB, 342.87 W, 100 %, 66
2026/10/10 10:37:53.375, 17303 MiB, 350.19 W, 100 %, 65
2026/10/10 10:37:54.378, 17303 MiB, 352.09 W, 89 %, 65
2026/10/10 10:37:55.393, 17303 MiB, 349.44 W, 99 %, 66
2026/10/10 10:37:56.397, 17303 MiB, 348.85 W, 86 %, 65
2026/10/10 10:37:57.404, 17303 MiB, 352.46 W, 98 %, 66
2026/10/10 10:37:58.407, 17303 MiB, 349.36 W, 99 %, 65
2026/10/10 10:37:59.410, 17303 MiB, 353.57 W, 99 %, 66
2026/10/10 10:38:00.414, 17303 MiB, 351.45 W, 100 %, 66
2026/10/10 10:38:01.422, 17303 MiB, 349.84 W, 100 %, 66
2026/10/10 10:38:02.430, 17303 MiB, 356.43 W, 100 %, 66
2026/10/10 10:38:03.437, 17303 MiB, 352.52 W, 100 %, 66
2026/10/10 10:38:04.446, 17303 MiB, 356.12 W, 100 %, 66
2026/10/10 10:38:05.452, 17303 MiB, 358.85 W, 100 %, 66
2026/10/10 10:38:06.459, 17303 MiB, 352.24 W, 100 %, 66
2026/10/10 10:38:07.461, 17303 MiB, 356.53 W, 100 %, 66
2026/10/10 10:38:08.472, 17303 MiB, 351.75 W, 88 %, 65
2026/10/10 10:38:09.481, 17303 MiB, 350.56 W, 100 %, 65
2026/10/10 10:38:10.495, 17303 MiB, 351.80 W, 100 %, 64
2026/10/10 10:38:11.500, 17303 MiB, 346.35 W, 100 %, 65
2026/10/10 10:38:12.504, 17303 MiB, 353.43 W, 100 %, 66
2026/10/10 10:38:13.512, 17303 MiB, 351.40 W, 100 %, 66
2026/10/10 10:38:14.517, 17303 MiB, 351.40 W, 100 %, 65
2026/10/10 10:38:15.526, 17303 MiB, 350.16 W, 100 %, 66
2026/10/10 10:38:16.533, 17303 MiB, 350.81 W, 100 %, 64
2026/10/10 10:38:17.539, 17303 MiB, 349.00 W, 100 %, 65
2026/10/10 10:38:18.551, 17303 MiB, 349.66 W, 99 %, 65
2026/10/10 10:38:19.563, 17303 MiB, 351.25 W, 99 %, 66
2026/10/10 10:38:20.571, 17303 MiB, 354.58 W, 92 %, 64
2026/10/10 10:38:21.584, 17303 MiB, 349.08 W, 100 %, 65
2026/10/10 10:38:22.594, 17303 MiB, 350.39 W, 84 %, 65
2026/10/10 10:38:23.608, 17303 MiB, 349.20 W, 99 %, 66
2026/10/10 10:38:24.610, 17303 MiB, 349.26 W, 98 %, 66
2026/10/10 10:38:25.622, 17303 MiB, 351.17 W, 99 %, 65
2026/10/10 10:38:26.630, 17303 MiB, 351.76 W, 100 %, 66
2026/10/10 10:38:27.643, 17303 MiB, 349.78 W, 100 %, 66
2026/10/10 10:38:28.653, 17303 MiB, 349.15 W, 100 %, 65
2026/10/10 10:38:29.662, 17303 MiB, 349.78 W, 100 %, 65
2026/10/10 10:38:30.670, 17303 MiB, 353.61 W, 100 %, 66
2026/10/10 10:38:31.684, 17303 MiB, 352.16 W, 100 %, 66
2026/10/10 10:38:32.691, 17303 MiB, 355.40 W, 100 %, 65
2026/10/10 10:38:33.697, 17303 MiB, 346.80 W, 100 %, 65
2026/10/10 10:38:34.709, 17303 MiB, 346.10 W, 100 %, 65
2026/10/10 10:38:35.715, 17303 MiB, 347.97 W, 99 %, 65
2026/10/10 10:38:36.719, 17303 MiB, 346.97 W, 99 %, 65
2026/10/10 10:38:37.729, 17303 MiB, 350.25 W, 100 %, 66
2026/10/10 10:38:38.738, 17303 MiB, 343.79 W, 100 %, 66
2026/10/10 10:38:39.748, 17303 MiB, 352.00 W, 100 %, 66
2026/10/10 10:38:40.762, 17303 MiB, 357.29 W, 100 %, 66
2026/10/10 10:38:41.770, 17303 MiB, 356.17 W, 83 %, 66
2026/10/10 10:38:42.778, 17303 MiB, 354.20 W, 100 %, 66
2026/10/10 10:38:43.794, 17303 MiB, 348.17 W, 86 %, 65
2026/10/10 10:38:44.804, 17303 MiB, 353.22 W, 100 %, 64
2026/10/10 10:38:45.815, 17303 MiB, 346.00 W, 100 %, 65
2026/10/10 10:38:46.824, 17303 MiB, 350.96 W, 100 %, 65
2026/10/10 10:38:47.838, 17303 MiB, 352.30 W, 100 %, 66
2026/10/10 10:38:48.842, 17303 MiB, 354.19 W, 100 %, 65
2026/10/10 10:38:49.850, 17303 MiB, 353.12 W, 100 %, 66
2026/10/10 10:38:50.861, 17303 MiB, 350.17 W, 100 %, 65
2026/10/10 10:38:51.868, 17303 MiB, 353.64 W, 100 %, 66
2026/10/10 10:38:52.875, 17303 MiB, 349.73 W, 100 %, 65
2026/10/10 10:38:53.884, 17303 MiB, 352.89 W, 100 %, 66
2026/10/10 10:38:54.892, 17303 MiB, 352.08 W, 100 %, 65
2026/10/10 10:38:55.905, 17303 MiB, 354.22 W, 100 %, 66
2026/10/10 10:38:56.917, 17303 MiB, 354.78 W, 100 %, 62
2026/10/10 10:38:57.925, 17303 MiB, 349.18 W, 100 %, 65
2026/10/10 10:38:58.936, 17303 MiB, 345.84 W, 100 %, 66
2026/10/10 10:38:59.938, 17303 MiB, 349.16 W, 100 %, 65
2026/10/10 10:39:00.945, 17303 MiB, 350.69 W, 100 %, 66
2026/10/10 10:39:01.955, 17303 MiB, 351.65 W, 100 %, 66
2026/10/10 10:39:02.962, 17303 MiB, 352.38 W, 100 %, 65
2026/10/10 10:39:03.976, 17303 MiB, 354.44 W, 89 %, 66
2026/10/10 10:39:04.980, 17303 MiB, 351.98 W, 99 %, 66
2026/10/10 10:39:05.982, 17303 MiB, 349.16 W, 100 %, 65
2026/10/10 10:39:06.988, 17303 MiB, 352.14 W, 99 %, 65
2026/10/10 10:39:08.012, 17303 MiB, 352.61 W, 100 %, 66
2026/10/10 10:39:09.026, 17303 MiB, 354.48 W, 99 %, 66
2026/10/10 10:39:10.034, 17303 MiB, 353.55 W, 84 %, 66
2026/10/10 10:39:11.039, 17303 MiB, 347.44 W, 100 %, 65
2026/10/10 10:39:12.044, 17303 MiB, 350.60 W, 100 %, 66
2026/10/10 10:39:13.052, 17303 MiB, 351.55 W, 100 %, 66
2026/10/10 10:39:14.066, 17303 MiB, 354.10 W, 100 %, 66
2026/10/10 10:39:15.074, 17303 MiB, 354.25 W, 100 %, 66
2026/10/10 10:39:16.080, 17303 MiB, 358.92 W, 100 %, 66
2026/10/10 10:39:17.091, 17303 MiB, 352.05 W, 86 %, 66
2026/10/10 10:39:18.100, 17303 MiB, 350.08 W, 100 %, 66
2026/10/10 10:39:19.104, 17303 MiB, 352.05 W, 88 %, 66
2026/10/10 10:39:20.108, 17303 MiB, 350.83 W, 100 %, 66
2026/10/10 10:39:21.111, 17303 MiB, 350.38 W, 100 %, 62
2026/10/10 10:39:22.112, 17303 MiB, 347.06 W, 83 %, 66
2026/10/10 10:39:23.116, 17303 MiB, 352.13 W, 97 %, 66
2026/10/10 10:39:24.123, 17303 MiB, 350.57 W, 100 %, 65
2026/10/10 10:39:25.137, 17303 MiB, 351.43 W, 100 %, 66
2026/10/10 10:39:26.140, 17303 MiB, 356.49 W, 100 %, 66
2026/10/10 10:39:27.154, 17303 MiB, 351.73 W, 100 %, 66
2026/10/10 10:39:28.159, 17303 MiB, 353.43 W, 100 %, 66
2026/10/10 10:39:29.162, 17303 MiB, 349.16 W, 87 %, 65
2026/10/10 10:39:30.170, 17303 MiB, 350.34 W, 100 %, 66
2026/10/10 10:39:31.176, 17303 MiB, 351.58 W, 100 %, 66
2026/10/10 10:39:32.182, 17303 MiB, 352.05 W, 100 %, 65
2026/10/10 10:39:33.188, 17303 MiB, 351.83 W, 100 %, 66
2026/10/10 10:39:34.196, 17303 MiB, 353.91 W, 100 %, 65
2026/10/10 10:39:35.198, 17303 MiB, 354.46 W, 99 %, 65
2026/10/10 10:39:36.209, 17303 MiB, 350.53 W, 88 %, 65
2026/10/10 10:39:37.212, 17303 MiB, 357.07 W, 100 %, 66
2026/10/10 10:39:38.216, 17303 MiB, 352.38 W, 100 %, 66
2026/10/10 10:39:39.230, 17303 MiB, 354.97 W, 100 %, 65
2026/10/10 10:39:40.234, 17303 MiB, 351.00 W, 100 %, 66
2026/10/10 10:39:41.238, 17303 MiB, 351.92 W, 100 %, 66
2026/10/10 10:39:42.254, 17303 MiB, 349.22 W, 99 %, 65
2026/10/10 10:39:43.259, 17303 MiB, 356.50 W, 100 %, 66
2026/10/10 10:39:44.264, 17303 MiB, 352.28 W, 99 %, 65
2026/10/10 10:39:45.266, 17303 MiB, 345.27 W, 100 %, 65
2026/10/10 10:39:46.280, 17303 MiB, 353.33 W, 100 %, 65
2026/10/10 10:39:47.281, 17303 MiB, 352.46 W, 92 %, 65
2026/10/10 10:39:48.292, 17303 MiB, 351.77 W, 100 %, 65
2026/10/10 10:39:49.295, 17303 MiB, 348.23 W, 100 %, 65
2026/10/10 10:39:50.300, 17303 MiB, 353.54 W, 100 %, 66
2026/10/10 10:39:51.308, 17303 MiB, 351.93 W, 85 %, 66
2026/10/10 10:39:52.320, 17303 MiB, 350.42 W, 76 %, 65
2026/10/10 10:39:53.329, 17303 MiB, 348.12 W, 100 %, 66
2026/10/10 10:39:54.349, 17303 MiB, 355.50 W, 100 %, 66
2026/10/10 10:39:55.356, 17303 MiB, 347.32 W, 100 %, 65
2026/10/10 10:39:56.370, 17303 MiB, 348.98 W, 100 %, 65
2026/10/10 10:39:57.379, 17303 MiB, 353.42 W, 100 %, 66
2026/10/10 10:39:58.387, 17303 MiB, 350.33 W, 100 %, 65
2026/10/10 10:39:59.393, 17303 MiB, 351.01 W, 100 %, 65
2026/10/10 10:40:00.408, 17303 MiB, 354.64 W, 99 %, 66
2026/10/10 10:40:01.414, 17303 MiB, 354.44 W, 100 %, 66
2026/10/10 10:40:02.415, 17303 MiB, 349.01 W, 100 %, 65
2026/10/10 10:40:03.420, 17303 MiB, 349.17 W, 99 %, 65
2026/10/10 10:40:04.421, 17303 MiB, 352.58 W, 99 %, 65
2026/10/10 10:40:05.430, 17303 MiB, 342.02 W, 73 %, 65
2026/10/10 10:40:06.444, 17303 MiB, 346.05 W, 99 %, 66
2026/10/10 10:40:07.449, 17303 MiB, 352.55 W, 100 %, 66
2026/10/10 10:40:08.463, 17303 MiB, 351.27 W, 91 %, 65
2026/10/10 10:40:09.474, 17303 MiB, 348.55 W, 99 %, 65
2026/10/10 10:40:10.489, 17303 MiB, 344.96 W, 99 %, 65
2026/10/10 10:40:11.493, 17303 MiB, 341.14 W, 96 %, 64
2026/10/10 10:40:12.505, 17303 MiB, 346.50 W, 99 %, 65
2026/10/10 10:40:13.515, 17303 MiB, 347.80 W, 99 %, 62
2026/10/10 10:40:14.526, 17303 MiB, 347.54 W, 99 %, 65
2026/10/10 10:40:15.537, 17303 MiB, 341.96 W, 78 %, 64
2026/10/10 10:40:16.543, 17303 MiB, 353.20 W, 99 %, 65
2026/10/10 10:40:17.553, 17303 MiB, 347.54 W, 77 %, 65
2026/10/10 10:40:18.558, 17303 MiB, 342.24 W, 99 %, 65
2026/10/10 10:40:19.564, 17303 MiB, 347.28 W, 97 %, 65
2026/10/10 10:40:20.574, 17303 MiB, 344.52 W, 99 %, 65
2026/10/10 10:40:21.583, 17303 MiB, 346.18 W, 65 %, 65
2026/10/10 10:40:22.595, 17303 MiB, 345.74 W, 78 %, 62
2026/10/10 10:40:23.601, 17303 MiB, 338.79 W, 99 %, 64
2026/10/10 10:40:24.603, 17303 MiB, 347.64 W, 99 %, 65
2026/10/10 10:40:25.605, 17303 MiB, 347.82 W, 99 %, 65
2026/10/10 10:40:26.609, 17303 MiB, 341.86 W, 99 %, 64
2026/10/10 10:40:27.616, 17303 MiB, 348.18 W, 99 %, 65
2026/10/10 10:40:28.617, 17303 MiB, 345.09 W, 99 %, 65
2026/10/10 10:40:29.619, 17303 MiB, 351.98 W, 95 %, 65
2026/10/10 10:40:30.628, 17303 MiB, 347.05 W, 99 %, 65
2026/10/10 10:40:31.630, 17303 MiB, 346.61 W, 99 %, 65
2026/10/10 10:40:32.645, 17303 MiB, 347.89 W, 99 %, 66
2026/10/10 10:40:33.651, 17303 MiB, 345.69 W, 77 %, 63
2026/10/10 10:40:34.661, 17303 MiB, 345.41 W, 99 %, 65
2026/10/10 10:40:35.674, 17303 MiB, 348.98 W, 74 %, 65
2026/10/10 10:40:36.685, 17303 MiB, 347.38 W, 99 %, 65
2026/10/10 10:40:37.690, 17303 MiB, 350.08 W, 78 %, 63
2026/10/10 10:40:38.698, 17303 MiB, 348.24 W, 99 %, 65
2026/10/10 10:40:39.710, 17303 MiB, 352.25 W, 99 %, 66
2026/10/10 10:40:40.718, 17303 MiB, 348.32 W, 94 %, 64
2026/10/10 10:40:41.722, 17303 MiB, 350.20 W, 99 %, 66
2026/10/10 10:40:42.727, 17303 MiB, 343.21 W, 99 %, 65
2026/10/10 10:40:43.734, 17303 MiB, 343.38 W, 99 %, 65
2026/10/10 10:40:44.736, 17303 MiB, 349.52 W, 99 %, 65
2026/10/10 10:40:45.741, 17303 MiB, 347.15 W, 83 %, 63
2026/10/10 10:40:46.748, 17303 MiB, 345.33 W, 99 %, 65
2026/10/10 10:40:47.761, 17303 MiB, 350.77 W, 99 %, 65
2026/10/10 10:40:48.774, 17303 MiB, 352.58 W, 99 %, 65
2026/10/10 10:40:49.778, 17303 MiB, 342.13 W, 82 %, 63
2026/10/10 10:40:50.789, 17303 MiB, 331.93 W, 99 %, 64
2026/10/10 10:40:51.799, 17303 MiB, 344.68 W, 99 %, 64
2026/10/10 10:40:52.806, 17303 MiB, 342.04 W, 98 %, 65
2026/10/10 10:40:53.821, 17303 MiB, 345.94 W, 99 %, 65
2026/10/10 10:40:54.828, 17303 MiB, 344.22 W, 81 %, 63
2026/10/10 10:40:55.842, 17303 MiB, 347.94 W, 99 %, 66
2026/10/10 10:40:56.855, 17303 MiB, 349.15 W, 99 %, 65
2026/10/10 10:40:57.870, 17303 MiB, 346.53 W, 99 %, 65
2026/10/10 10:40:58.883, 17303 MiB, 349.40 W, 99 %, 66
2026/10/10 10:40:59.894, 17303 MiB, 346.95 W, 99 %, 66
2026/10/10 10:41:00.904, 17303 MiB, 353.98 W, 99 %, 66
2026/10/10 10:41:01.919, 17303 MiB, 341.71 W, 99 %, 64
2026/10/10 10:41:02.931, 17303 MiB, 346.23 W, 79 %, 62
2026/10/10 10:41:03.941, 17303 MiB, 341.79 W, 99 %, 65
2026/10/10 10:41:04.953, 17303 MiB, 349.83 W, 99 %, 65
2026/10/10 10:41:05.969, 17303 MiB, 342.31 W, 99 %, 65
2026/10/10 10:41:06.979, 17303 MiB, 347.08 W, 99 %, 64
2026/10/10 10:41:07.993, 17303 MiB, 346.04 W, 99 %, 65
2026/10/10 10:41:09.010, 17303 MiB, 351.00 W, 99 %, 66
2026/10/10 10:41:10.019, 17303 MiB, 336.12 W, 99 %, 65
2026/10/10 10:41:11.033, 17303 MiB, 356.25 W, 93 %, 66
2026/10/10 10:41:12.043, 17303 MiB, 345.24 W, 81 %, 65
2026/10/10 10:41:13.059, 17303 MiB, 349.03 W, 99 %, 65
2026/10/10 10:41:14.071, 17303 MiB, 343.12 W, 99 %, 65
2026/10/10 10:41:15.087, 17303 MiB, 345.84 W, 64 %, 65
2026/10/10 10:41:16.096, 17303 MiB, 337.93 W, 81 %, 65
2026/10/10 10:41:17.109, 17303 MiB, 347.71 W, 99 %, 65
2026/10/10 10:41:18.121, 17303 MiB, 346.68 W, 68 %, 61
2026/10/10 10:41:19.128, 17303 MiB, 337.99 W, 99 %, 64
2026/10/10 10:41:20.143, 17303 MiB, 347.40 W, 99 %, 65
2026/10/10 10:41:21.156, 17303 MiB, 347.54 W, 81 %, 63
2026/10/10 10:41:22.168, 17303 MiB, 344.96 W, 99 %, 65
2026/10/10 10:41:23.183, 17303 MiB, 346.83 W, 79 %, 62
2026/10/10 10:41:24.198, 17303 MiB, 344.95 W, 99 %, 65
2026/10/10 10:41:25.209, 17303 MiB, 351.45 W, 94 %, 64
2026/10/10 10:41:26.224, 17303 MiB, 344.41 W, 99 %, 65
2026/10/10 10:41:27.238, 17303 MiB, 346.47 W, 100 %, 64
2026/10/10 10:41:28.241, 17303 MiB, 344.10 W, 100 %, 65
2026/10/10 10:41:29.248, 17303 MiB, 349.94 W, 99 %, 66
2026/10/10 10:41:30.250, 17303 MiB, 351.76 W, 99 %, 66
2026/10/10 10:41:31.264, 17303 MiB, 351.20 W, 99 %, 66
2026/10/10 10:41:32.272, 17303 MiB, 356.77 W, 100 %, 66
2026/10/10 10:41:33.275, 17303 MiB, 350.31 W, 99 %, 65
2026/10/10 10:41:34.278, 17303 MiB, 352.12 W, 97 %, 65
2026/10/10 10:41:35.290, 17303 MiB, 344.67 W, 99 %, 65
2026/10/10 10:41:36.298, 17303 MiB, 351.47 W, 99 %, 65
2026/10/10 10:41:37.310, 17303 MiB, 348.38 W, 99 %, 64
2026/10/10 10:41:38.319, 17303 MiB, 346.68 W, 99 %, 65
2026/10/10 10:41:39.329, 17303 MiB, 347.54 W, 99 %, 64
2026/10/10 10:41:40.341, 17303 MiB, 346.99 W, 99 %, 65
2026/10/10 10:41:41.349, 17303 MiB, 342.91 W, 80 %, 63
2026/10/10 10:41:42.358, 17303 MiB, 347.79 W, 99 %, 65
2026/10/10 10:41:43.367, 17303 MiB, 347.87 W, 99 %, 65
2026/10/10 10:41:44.380, 17303 MiB, 351.91 W, 99 %, 65
2026/10/10 10:41:45.392, 17303 MiB, 345.85 W, 100 %, 65
2026/10/10 10:41:46.405, 17303 MiB, 348.48 W, 100 %, 65
2026/10/10 10:41:47.419, 17303 MiB, 347.66 W, 98 %, 65
2026/10/10 10:41:48.429, 17303 MiB, 348.84 W, 100 %, 65
2026/10/10 10:41:49.441, 17303 MiB, 347.86 W, 99 %, 65
2026/10/10 10:41:50.450, 17303 MiB, 348.06 W, 99 %, 65
2026/10/10 10:41:51.463, 17303 MiB, 350.67 W, 99 %, 65
2026/10/10 10:41:52.477, 17303 MiB, 354.38 W, 99 %, 65
2026/10/10 10:41:53.487, 17303 MiB, 350.37 W, 86 %, 64
2026/10/10 10:41:54.493, 17303 MiB, 347.56 W, 99 %, 65
2026/10/10 10:41:55.505, 17303 MiB, 349.24 W, 80 %, 65
2026/10/10 10:41:56.507, 17303 MiB, 348.94 W, 99 %, 65
2026/10/10 10:41:57.515, 17303 MiB, 342.53 W, 99 %, 64
2026/10/10 10:41:58.526, 17303 MiB, 339.65 W, 99 %, 65
2026/10/10 10:41:59.537, 17303 MiB, 351.72 W, 99 %, 65
2026/10/10 10:42:00.542, 17303 MiB, 343.71 W, 99 %, 65
2026/10/10 10:42:01.550, 17303 MiB, 343.00 W, 99 %, 65
2026/10/10 10:42:02.553, 17303 MiB, 328.37 W, 86 %, 61
2026/10/10 10:42:03.572, 17303 MiB, 338.56 W, 99 %, 65
2026/10/10 10:42:04.588, 17303 MiB, 338.89 W, 97 %, 65
2026/10/10 10:42:05.608, 17303 MiB, 337.22 W, 99 %, 65
2026/10/10 10:42:06.609, 17303 MiB, 326.67 W, 99 %, 65
2026/10/10 10:42:07.638, 17303 MiB, 334.86 W, 99 %, 65
2026/10/10 10:42:08.644, 17303 MiB, 334.99 W, 99 %, 64
2026/10/10 10:42:09.653, 17303 MiB, 337.61 W, 99 %, 64
2026/10/10 10:42:10.667, 17303 MiB, 354.48 W, 99 %, 66
2026/10/10 10:42:11.680, 17303 MiB, 342.45 W, 78 %, 64
2026/10/10 10:42:12.689, 17303 MiB, 349.82 W, 98 %, 66
2026/10/10 10:42:13.703, 17303 MiB, 348.68 W, 99 %, 65
2026/10/10 10:42:14.713, 17303 MiB, 353.36 W, 94 %, 64
2026/10/10 10:42:15.719, 17303 MiB, 350.18 W, 99 %, 65
2026/10/10 10:42:16.729, 17303 MiB, 345.23 W, 100 %, 65
2026/10/10 10:42:17.741, 17303 MiB, 354.01 W, 99 %, 65
2026/10/10 10:42:18.751, 17303 MiB, 345.01 W, 86 %, 65
2026/10/10 10:42:19.759, 17303 MiB, 347.68 W, 100 %, 65
2026/10/10 10:42:20.773, 17303 MiB, 352.16 W, 99 %, 64
2026/10/10 10:42:21.777, 17303 MiB, 349.23 W, 99 %, 64
2026/10/10 10:42:22.791, 17303 MiB, 346.27 W, 100 %, 65
2026/10/10 10:42:23.795, 17303 MiB, 353.72 W, 99 %, 65
2026/10/10 10:42:24.806, 17303 MiB, 355.31 W, 100 %, 65
2026/10/10 10:42:25.819, 17303 MiB, 344.02 W, 100 %, 65
2026/10/10 10:42:26.831, 17303 MiB, 352.67 W, 100 %, 65
2026/10/10 10:42:27.833, 17303 MiB, 349.59 W, 99 %, 65
2026/10/10 10:42:28.836, 17303 MiB, 346.05 W, 99 %, 65
2026/10/10 10:42:29.849, 17303 MiB, 336.69 W, 99 %, 65
2026/10/10 10:42:30.858, 17303 MiB, 353.33 W, 78 %, 64
2026/10/10 10:42:31.874, 17303 MiB, 348.13 W, 99 %, 65
2026/10/10 10:42:32.878, 17303 MiB, 343.22 W, 99 %, 65
2026/10/10 10:42:33.890, 17303 MiB, 349.04 W, 99 %, 65
2026/10/10 10:42:34.891, 17303 MiB, 350.75 W, 99 %, 64
2026/10/10 10:42:35.902, 17303 MiB, 336.86 W, 99 %, 66
2026/10/10 10:42:36.916, 17303 MiB, 347.70 W, 82 %, 63
2026/10/10 10:42:37.931, 17303 MiB, 333.74 W, 99 %, 62
2026/10/10 10:42:38.933, 17303 MiB, 341.26 W, 99 %, 64
2026/10/10 10:42:39.944, 17303 MiB, 339.54 W, 99 %, 65
2026/10/10 10:42:40.951, 17303 MiB, 347.71 W, 99 %, 65
2026/10/10 10:42:41.966, 17303 MiB, 348.00 W, 99 %, 65
2026/10/10 10:42:42.970, 17303 MiB, 344.30 W, 99 %, 65
2026/10/10 10:42:43.972, 17303 MiB, 345.41 W, 93 %, 65
2026/10/10 10:42:44.983, 17303 MiB, 335.70 W, 100 %, 65
2026/10/10 10:42:45.988, 17303 MiB, 348.10 W, 99 %, 65
2026/10/10 10:42:47.000, 17303 MiB, 342.83 W, 98 %, 65
2026/10/10 10:42:48.016, 17303 MiB, 349.21 W, 71 %, 64
2026/10/10 10:42:49.020, 17303 MiB, 341.78 W, 100 %, 65
2026/10/10 10:42:50.021, 17303 MiB, 347.68 W, 98 %, 65
2026/10/10 10:42:51.036, 17303 MiB, 346.48 W, 100 %, 65
2026/10/10 10:42:52.049, 17303 MiB, 346.40 W, 81 %, 65
2026/10/10 10:42:53.065, 17303 MiB, 346.81 W, 100 %, 65
2026/10/10 10:42:54.076, 17303 MiB, 350.78 W, 100 %, 65
2026/10/10 10:42:55.090, 17303 MiB, 351.11 W, 100 %, 65
2026/10/10 10:42:56.098, 17303 MiB, 345.32 W, 85 %, 65
2026/10/10 10:42:57.111, 17303 MiB, 354.56 W, 100 %, 66
2026/10/10 10:42:58.122, 17303 MiB, 351.60 W, 100 %, 65
2026/10/10 10:42:59.131, 17303 MiB, 352.90 W, 98 %, 65
2026/10/10 10:43:00.133, 17303 MiB, 347.96 W, 98 %, 65
2026/10/10 10:43:01.140, 17303 MiB, 346.46 W, 100 %, 65
2026/10/10 10:43:02.156, 17303 MiB, 346.09 W, 100 %, 65
2026/10/10 10:43:03.156, 17303 MiB, 351.51 W, 100 %, 65
2026/10/10 10:43:04.157, 17303 MiB, 349.10 W, 100 %, 65
2026/10/10 10:43:05.162, 17303 MiB, 353.68 W, 100 %, 66
2026/10/10 10:43:06.169, 17303 MiB, 351.97 W, 100 %, 65
2026/10/10 10:43:07.171, 17303 MiB, 352.03 W, 100 %, 65
2026/10/10 10:43:08.178, 17303 MiB, 350.64 W, 99 %, 65
2026/10/10 10:43:09.183, 17303 MiB, 346.83 W, 100 %, 65
2026/10/10 10:43:10.188, 17303 MiB, 353.54 W, 100 %, 66
2026/10/10 10:43:11.196, 17303 MiB, 358.66 W, 99 %, 65
2026/10/10 10:43:12.201, 17303 MiB, 353.35 W, 100 %, 66
2026/10/10 10:43:13.203, 17303 MiB, 353.54 W, 100 %, 65
2026/10/10 10:43:14.206, 17303 MiB, 350.68 W, 94 %, 63
2026/10/10 10:43:15.215, 17303 MiB, 352.78 W, 100 %, 66
2026/10/10 10:43:16.229, 17303 MiB, 344.78 W, 100 %, 65
2026/10/10 10:43:17.238, 17303 MiB, 348.01 W, 100 %, 65
2026/10/10 10:43:18.252, 17303 MiB, 354.95 W, 100 %, 66
2026/10/10 10:43:19.267, 17303 MiB, 350.11 W, 98 %, 65
2026/10/10 10:43:20.274, 17303 MiB, 349.03 W, 99 %, 65
2026/10/10 10:43:21.280, 17303 MiB, 349.23 W, 100 %, 66
2026/10/10 10:43:22.282, 17303 MiB, 348.89 W, 100 %, 66
2026/10/10 10:43:23.298, 17303 MiB, 350.77 W, 100 %, 65
2026/10/10 10:43:24.311, 17303 MiB, 347.47 W, 99 %, 65
2026/10/10 10:43:25.314, 17303 MiB, 351.84 W, 100 %, 66
2026/10/10 10:43:26.318, 17303 MiB, 345.85 W, 100 %, 66
2026/10/10 10:43:27.324, 17303 MiB, 355.54 W, 100 %, 66
2026/10/10 10:43:28.333, 17303 MiB, 342.72 W, 100 %, 66
2026/10/10 10:43:29.335, 17303 MiB, 347.42 W, 100 %, 65
2026/10/10 10:43:30.340, 17303 MiB, 343.21 W, 98 %, 65
2026/10/10 10:43:31.349, 17303 MiB, 352.22 W, 99 %, 66
2026/10/10 10:43:32.353, 17303 MiB, 350.55 W, 100 %, 65
2026/10/10 10:43:33.361, 17303 MiB, 353.40 W, 84 %, 65
2026/10/10 10:43:34.369, 17303 MiB, 346.34 W, 100 %, 66
2026/10/10 10:43:35.371, 17303 MiB, 349.87 W, 100 %, 65
2026/10/10 10:43:36.375, 17303 MiB, 352.30 W, 100 %, 65
2026/10/10 10:43:37.379, 17303 MiB, 346.48 W, 81 %, 64
2026/10/10 10:43:38.387, 17303 MiB, 345.29 W, 100 %, 65
2026/10/10 10:43:39.401, 17303 MiB, 353.56 W, 97 %, 63
2026/10/10 10:43:40.403, 17303 MiB, 349.54 W, 99 %, 65
2026/10/10 10:43:41.408, 17303 MiB, 347.81 W, 100 %, 65
2026/10/10 10:43:42.422, 17303 MiB, 352.26 W, 83 %, 65
2026/10/10 10:43:43.426, 17303 MiB, 351.74 W, 100 %, 65
2026/10/10 10:43:44.428, 17303 MiB, 351.49 W, 100 %, 66
2026/10/10 10:43:45.432, 17303 MiB, 352.47 W, 84 %, 64
2026/10/10 10:43:46.440, 17303 MiB, 341.75 W, 100 %, 65
2026/10/10 10:43:47.449, 17303 MiB, 349.90 W, 100 %, 65
2026/10/10 10:43:48.454, 17303 MiB, 352.79 W, 83 %, 65
2026/10/10 10:43:49.459, 17303 MiB, 352.32 W, 100 %, 65
2026/10/10 10:43:50.467, 17303 MiB, 348.03 W, 99 %, 65
2026/10/10 10:43:51.476, 17303 MiB, 352.20 W, 99 %, 65
2026/10/10 10:43:52.486, 17303 MiB, 348.70 W, 99 %, 65
2026/10/10 10:43:53.497, 17303 MiB, 354.24 W, 99 %, 65
2026/10/10 10:43:54.502, 17303 MiB, 353.90 W, 99 %, 66
2026/10/10 10:43:55.513, 17303 MiB, 352.38 W, 87 %, 66
2026/10/10 10:43:56.523, 17303 MiB, 351.28 W, 92 %, 64
2026/10/10 10:43:57.535, 17303 MiB, 344.17 W, 99 %, 66
2026/10/10 10:43:58.547, 17303 MiB, 340.41 W, 84 %, 65
2026/10/10 10:43:59.548, 17303 MiB, 354.15 W, 99 %, 65
2026/10/10 10:44:00.561, 17303 MiB, 342.51 W, 99 %, 66
2026/10/10 10:44:01.570, 17303 MiB, 348.10 W, 99 %, 66
2026/10/10 10:44:02.580, 17303 MiB, 345.83 W, 99 %, 66
2026/10/10 10:44:03.588, 17303 MiB, 349.30 W, 99 %, 65
2026/10/10 10:44:04.599, 17303 MiB, 348.99 W, 99 %, 65
2026/10/10 10:44:05.604, 17303 MiB, 352.77 W, 100 %, 65
2026/10/10 10:44:06.616, 17303 MiB, 350.09 W, 100 %, 65
2026/10/10 10:44:07.630, 17303 MiB, 345.80 W, 100 %, 65
2026/10/10 10:44:08.642, 17303 MiB, 353.56 W, 100 %, 65
2026/10/10 10:44:09.655, 17303 MiB, 350.55 W, 100 %, 65
2026/10/10 10:44:10.659, 17303 MiB, 352.74 W, 100 %, 65
2026/10/10 10:44:11.671, 17303 MiB, 346.13 W, 73 %, 65
2026/10/10 10:44:12.681, 17303 MiB, 347.50 W, 99 %, 65
2026/10/10 10:44:13.696, 17303 MiB, 350.50 W, 93 %, 62
2026/10/10 10:44:14.701, 17303 MiB, 341.61 W, 80 %, 65
2026/10/10 10:44:15.702, 17303 MiB, 344.11 W, 100 %, 65
2026/10/10 10:44:16.712, 17303 MiB, 348.09 W, 100 %, 65
2026/10/10 10:44:17.724, 17303 MiB, 347.82 W, 99 %, 65
2026/10/10 10:44:18.735, 17303 MiB, 352.51 W, 100 %, 65
2026/10/10 10:44:19.744, 17303 MiB, 350.43 W, 99 %, 66
2026/10/10 10:44:20.756, 17303 MiB, 352.55 W, 100 %, 66
2026/10/10 10:44:21.761, 17303 MiB, 348.98 W, 99 %, 65
2026/10/10 10:44:22.771, 17303 MiB, 345.85 W, 100 %, 66
2026/10/10 10:44:23.783, 17303 MiB, 342.47 W, 100 %, 65
2026/10/10 10:44:24.797, 17303 MiB, 338.11 W, 100 %, 64
2026/10/10 10:44:25.807, 17303 MiB, 348.67 W, 99 %, 65
2026/10/10 10:44:26.811, 17303 MiB, 346.46 W, 100 %, 65
2026/10/10 10:44:27.817, 17303 MiB, 348.24 W, 100 %, 65
2026/10/10 10:44:28.827, 17303 MiB, 347.48 W, 87 %, 66
2026/10/10 10:44:29.836, 17303 MiB, 354.33 W, 98 %, 66
2026/10/10 10:44:30.851, 17303 MiB, 351.82 W, 100 %, 65
2026/10/10 10:44:31.866, 17303 MiB, 347.90 W, 100 %, 65
2026/10/10 10:44:32.879, 17303 MiB, 347.19 W, 88 %, 65
2026/10/10 10:44:33.887, 17303 MiB, 349.77 W, 100 %, 66
2026/10/10 10:44:34.901, 17303 MiB, 355.86 W, 100 %, 66
2026/10/10 10:44:35.906, 17303 MiB, 351.55 W, 97 %, 64
2026/10/10 10:44:36.912, 17303 MiB, 351.79 W, 99 %, 65
2026/10/10 10:44:37.918, 17303 MiB, 345.46 W, 99 %, 65
2026/10/10 10:44:38.930, 17303 MiB, 349.98 W, 99 %, 66
2026/10/10 10:44:39.931, 17303 MiB, 352.82 W, 100 %, 65
2026/10/10 10:44:40.933, 17303 MiB, 349.99 W, 99 %, 65
2026/10/10 10:44:41.947, 17303 MiB, 352.87 W, 100 %, 65
2026/10/10 10:44:42.959, 17303 MiB, 349.49 W, 100 %, 66
2026/10/10 10:44:43.960, 17303 MiB, 350.89 W, 100 %, 65
2026/10/10 10:44:44.973, 17303 MiB, 353.86 W, 86 %, 66
2026/10/10 10:44:45.982, 17303 MiB, 354.35 W, 100 %, 66
2026/10/10 10:44:46.992, 17303 MiB, 353.82 W, 100 %, 65
2026/10/10 10:44:47.999, 17303 MiB, 353.95 W, 99 %, 66
2026/10/10 10:44:49.002, 17303 MiB, 350.66 W, 81 %, 66
2026/10/10 10:44:50.004, 17303 MiB, 350.41 W, 99 %, 66
2026/10/10 10:44:51.008, 17303 MiB, 348.92 W, 79 %, 67
2026/10/10 10:44:52.023, 17303 MiB, 352.20 W, 100 %, 66
2026/10/10 10:44:53.028, 17303 MiB, 351.13 W, 99 %, 65
2026/10/10 10:44:54.039, 17303 MiB, 351.72 W, 100 %, 65
2026/10/10 10:44:55.054, 17303 MiB, 347.49 W, 98 %, 65
2026/10/10 10:44:56.054, 17303 MiB, 346.67 W, 100 %, 66
2026/10/10 10:44:57.066, 17303 MiB, 351.08 W, 86 %, 68
2026/10/10 10:44:58.069, 17303 MiB, 353.94 W, 100 %, 66
2026/10/10 10:44:59.072, 17303 MiB, 349.89 W, 100 %, 65
2026/10/10 10:45:00.077, 17303 MiB, 348.34 W, 100 %, 65
2026/10/10 10:45:01.082, 17303 MiB, 350.81 W, 100 %, 65
2026/10/10 10:45:02.092, 17303 MiB, 346.86 W, 81 %, 62
2026/10/10 10:45:03.098, 17303 MiB, 346.99 W, 98 %, 66
2026/10/10 10:45:04.102, 17303 MiB, 352.71 W, 100 %, 65
2026/10/10 10:45:05.104, 17303 MiB, 350.64 W, 100 %, 66
2026/10/10 10:45:06.111, 17303 MiB, 350.90 W, 100 %, 66
2026/10/10 10:45:07.112, 17303 MiB, 353.68 W, 100 %, 65
2026/10/10 10:45:08.121, 17303 MiB, 352.29 W, 86 %, 66
2026/10/10 10:45:09.133, 17303 MiB, 349.84 W, 100 %, 66
2026/10/10 10:45:10.142, 17303 MiB, 347.67 W, 81 %, 66
2026/10/10 10:45:11.152, 17303 MiB, 351.58 W, 99 %, 66
2026/10/10 10:45:12.166, 17303 MiB, 351.96 W, 100 %, 66
2026/10/10 10:45:13.171, 17303 MiB, 350.36 W, 100 %, 66
2026/10/10 10:45:14.182, 17303 MiB, 352.56 W, 100 %, 66
2026/10/10 10:45:15.192, 17303 MiB, 347.85 W, 99 %, 65
2026/10/10 10:45:16.202, 17303 MiB, 354.10 W, 100 %, 66
2026/10/10 10:45:17.213, 17303 MiB, 355.73 W, 94 %, 66
2026/10/10 10:45:18.224, 17303 MiB, 353.12 W, 100 %, 66
2026/10/10 10:45:19.238, 17303 MiB, 354.53 W, 99 %, 65
2026/10/10 10:45:20.250, 17303 MiB, 352.59 W, 100 %, 65
2026/10/10 10:45:21.252, 17303 MiB, 352.00 W, 92 %, 66
2026/10/10 10:45:22.258, 17303 MiB, 355.99 W, 100 %, 66
2026/10/10 10:45:23.263, 17303 MiB, 348.09 W, 91 %, 65
2026/10/10 10:45:24.274, 17303 MiB, 348.18 W, 99 %, 65
2026/10/10 10:45:25.282, 17303 MiB, 354.74 W, 100 %, 65
2026/10/10 10:45:26.288, 17303 MiB, 357.84 W, 99 %, 66
2026/10/10 10:45:27.291, 17303 MiB, 348.64 W, 100 %, 66
2026/10/10 10:45:28.298, 17303 MiB, 349.81 W, 100 %, 65
2026/10/10 10:45:29.303, 17303 MiB, 350.27 W, 100 %, 66
2026/10/10 10:45:30.305, 17303 MiB, 351.10 W, 90 %, 65
2026/10/10 10:45:31.315, 17303 MiB, 353.80 W, 100 %, 66
2026/10/10 10:45:32.321, 17303 MiB, 348.37 W, 83 %, 64
2026/10/10 10:45:33.326, 17303 MiB, 347.05 W, 100 %, 66
2026/10/10 10:45:34.335, 17303 MiB, 347.59 W, 100 %, 66
2026/10/10 10:45:35.339, 17303 MiB, 354.03 W, 100 %, 66
2026/10/10 10:45:36.350, 17303 MiB, 354.58 W, 97 %, 66
2026/10/10 10:45:37.365, 17303 MiB, 352.71 W, 88 %, 68
2026/10/10 10:45:38.377, 17303 MiB, 351.78 W, 87 %, 64
2026/10/10 10:45:39.392, 17303 MiB, 355.85 W, 97 %, 66
2026/10/10 10:45:40.405, 17303 MiB, 347.75 W, 100 %, 66
2026/10/10 10:45:41.415, 17303 MiB, 347.40 W, 100 %, 65
2026/10/10 10:45:42.421, 17303 MiB, 350.30 W, 100 %, 66
2026/10/10 10:45:43.430, 17303 MiB, 350.53 W, 100 %, 66
2026/10/10 10:45:44.440, 17303 MiB, 350.15 W, 83 %, 66
2026/10/10 10:45:45.447, 17303 MiB, 348.03 W, 100 %, 66
2026/10/10 10:45:46.457, 17303 MiB, 356.55 W, 99 %, 66
2026/10/10 10:45:47.471, 17303 MiB, 344.27 W, 83 %, 66
2026/10/10 10:45:48.485, 17303 MiB, 346.34 W, 84 %, 63
2026/10/10 10:45:49.492, 17303 MiB, 350.99 W, 100 %, 67
2026/10/10 10:45:50.501, 17303 MiB, 358.01 W, 100 %, 66
2026/10/10 10:45:51.513, 17303 MiB, 348.47 W, 80 %, 66
2026/10/10 10:45:52.526, 17303 MiB, 350.77 W, 87 %, 63
2026/10/10 10:45:53.535, 17303 MiB, 350.04 W, 100 %, 66
2026/10/10 10:45:54.545, 17303 MiB, 353.08 W, 99 %, 66
2026/10/10 10:45:55.546, 17303 MiB, 352.39 W, 99 %, 66
2026/10/10 10:45:56.559, 17303 MiB, 349.54 W, 100 %, 66
2026/10/10 10:45:57.569, 17303 MiB, 353.38 W, 99 %, 66
2026/10/10 10:45:58.578, 17303 MiB, 353.02 W, 83 %, 63
2026/10/10 10:45:59.583, 17303 MiB, 349.60 W, 99 %, 66
2026/10/10 10:46:00.588, 17303 MiB, 355.00 W, 99 %, 66
2026/10/10 10:46:01.599, 17303 MiB, 353.34 W, 87 %, 66
2026/10/10 10:46:02.612, 17303 MiB, 343.55 W, 100 %, 66
2026/10/10 10:46:03.623, 17303 MiB, 349.62 W, 100 %, 66
2026/10/10 10:46:04.637, 17303 MiB, 355.09 W, 99 %, 66
2026/10/10 10:46:05.645, 17303 MiB, 348.83 W, 100 %, 65
2026/10/10 10:46:06.658, 17303 MiB, 350.65 W, 100 %, 66
2026/10/10 10:46:07.670, 17303 MiB, 349.55 W, 99 %, 66
2026/10/10 10:46:08.684, 17303 MiB, 352.61 W, 95 %, 66
2026/10/10 10:46:09.691, 17303 MiB, 352.54 W, 100 %, 65
2026/10/10 10:46:10.702, 17303 MiB, 348.68 W, 100 %, 66
2026/10/10 10:46:11.715, 17303 MiB, 350.77 W, 99 %, 65
2026/10/10 10:46:12.726, 17303 MiB, 354.27 W, 100 %, 66
2026/10/10 10:46:13.735, 17303 MiB, 352.63 W, 100 %, 66
2026/10/10 10:46:14.745, 17303 MiB, 359.20 W, 100 %, 66
2026/10/10 10:46:15.755, 17303 MiB, 351.49 W, 100 %, 65
2026/10/10 10:46:16.757, 17303 MiB, 346.83 W, 99 %, 66
2026/10/10 10:46:17.767, 17303 MiB, 352.67 W, 99 %, 65
2026/10/10 10:46:18.773, 17303 MiB, 354.69 W, 90 %, 64
2026/10/10 10:46:19.775, 17303 MiB, 346.62 W, 100 %, 65
2026/10/10 10:46:20.783, 17303 MiB, 353.69 W, 100 %, 66
2026/10/10 10:46:21.798, 17303 MiB, 353.06 W, 82 %, 66
2026/10/10 10:46:22.802, 17303 MiB, 350.47 W, 100 %, 66
2026/10/10 10:46:23.804, 17303 MiB, 350.91 W, 100 %, 66
2026/10/10 10:46:24.817, 17303 MiB, 350.07 W, 99 %, 66
2026/10/10 10:46:25.823, 17303 MiB, 358.80 W, 100 %, 65
2026/10/10 10:46:26.824, 17303 MiB, 353.14 W, 100 %, 66
2026/10/10 10:46:27.827, 17303 MiB, 359.11 W, 86 %, 66
2026/10/10 10:46:28.842, 17303 MiB, 348.47 W, 99 %, 65
2026/10/10 10:46:29.857, 17303 MiB, 351.15 W, 100 %, 66
2026/10/10 10:46:30.868, 17303 MiB, 355.46 W, 100 %, 66
2026/10/10 10:46:31.870, 17303 MiB, 352.34 W, 100 %, 67
2026/10/10 10:46:32.878, 17303 MiB, 349.75 W, 99 %, 66
2026/10/10 10:46:33.883, 17303 MiB, 351.00 W, 99 %, 66
2026/10/10 10:46:34.897, 17303 MiB, 355.52 W, 96 %, 62
2026/10/10 10:46:35.902, 17303 MiB, 346.24 W, 83 %, 66
2026/10/10 10:46:36.914, 17303 MiB, 345.40 W, 100 %, 66
2026/10/10 10:46:37.920, 17303 MiB, 353.27 W, 100 %, 66
2026/10/10 10:46:38.934, 17303 MiB, 356.91 W, 100 %, 66
2026/10/10 10:46:39.941, 17303 MiB, 354.90 W, 100 %, 67
2026/10/10 10:46:40.955, 17303 MiB, 353.54 W, 100 %, 66
2026/10/10 10:46:41.969, 17303 MiB, 347.12 W, 100 %, 66
2026/10/10 10:46:42.975, 17303 MiB, 354.29 W, 85 %, 65
2026/10/10 10:46:43.977, 17303 MiB, 347.07 W, 99 %, 65
2026/10/10 10:46:44.987, 17303 MiB, 351.92 W, 85 %, 66
2026/10/10 10:46:46.002, 17303 MiB, 352.82 W, 98 %, 67
2026/10/10 10:46:47.005, 17303 MiB, 358.38 W, 100 %, 66
2026/10/10 10:46:48.016, 17303 MiB, 352.81 W, 86 %, 65
2026/10/10 10:46:49.031, 17303 MiB, 353.24 W, 100 %, 65
2026/10/10 10:46:50.046, 17303 MiB, 354.07 W, 100 %, 66
2026/10/10 10:46:51.048, 17303 MiB, 350.76 W, 99 %, 66
2026/10/10 10:46:52.062, 17303 MiB, 353.92 W, 100 %, 66
2026/10/10 10:46:53.076, 17303 MiB, 351.78 W, 100 %, 66
2026/10/10 10:46:54.078, 17303 MiB, 353.82 W, 100 %, 66
2026/10/10 10:46:55.090, 17303 MiB, 352.29 W, 100 %, 65
2026/10/10 10:46:56.103, 17303 MiB, 353.56 W, 99 %, 66
2026/10/10 10:46:57.104, 17303 MiB, 355.95 W, 100 %, 66
2026/10/10 10:46:58.106, 17303 MiB, 352.54 W, 99 %, 66
2026/10/10 10:46:59.107, 17303 MiB, 353.45 W, 100 %, 66
2026/10/10 10:47:00.117, 17303 MiB, 354.46 W, 86 %, 66
2026/10/10 10:47:01.131, 17303 MiB, 351.23 W, 100 %, 65
2026/10/10 10:47:02.136, 17303 MiB, 355.70 W, 97 %, 65
2026/10/10 10:47:03.151, 17303 MiB, 350.04 W, 100 %, 66
2026/10/10 10:47:04.162, 17303 MiB, 354.95 W, 100 %, 66
2026/10/10 10:47:05.166, 17303 MiB, 350.08 W, 100 %, 66
2026/10/10 10:47:06.171, 17303 MiB, 353.30 W, 100 %, 66
2026/10/10 10:47:07.174, 17303 MiB, 355.36 W, 99 %, 66
2026/10/10 10:47:08.176, 17303 MiB, 352.63 W, 100 %, 66
2026/10/10 10:47:09.186, 17303 MiB, 351.05 W, 100 %, 65
2026/10/10 10:47:10.188, 17303 MiB, 353.50 W, 100 %, 66
2026/10/10 10:47:11.204, 17303 MiB, 350.40 W, 98 %, 66
2026/10/10 10:47:12.206, 17303 MiB, 349.09 W, 85 %, 66
2026/10/10 10:47:13.213, 17303 MiB, 348.98 W, 100 %, 66
2026/10/10 10:47:14.220, 17303 MiB, 351.29 W, 100 %, 66
2026/10/10 10:47:15.235, 17303 MiB, 348.02 W, 99 %, 66
2026/10/10 10:47:16.250, 17303 MiB, 351.25 W, 98 %, 65
2026/10/10 10:47:17.264, 17303 MiB, 353.27 W, 100 %, 66
2026/10/10 10:47:18.279, 17303 MiB, 352.92 W, 98 %, 66
2026/10/10 10:47:19.279, 17303 MiB, 355.37 W, 100 %, 66
2026/10/10 10:47:20.294, 17303 MiB, 354.59 W, 92 %, 66
2026/10/10 10:47:21.296, 17303 MiB, 348.99 W, 100 %, 66
2026/10/10 10:47:22.301, 17303 MiB, 350.93 W, 100 %, 66
2026/10/10 10:47:23.302, 17303 MiB, 350.43 W, 99 %, 66
2026/10/10 10:47:24.312, 17303 MiB, 353.32 W, 100 %, 66
2026/10/10 10:47:25.313, 17303 MiB, 355.88 W, 100 %, 66
2026/10/10 10:47:26.314, 17303 MiB, 351.23 W, 100 %, 65
2026/10/10 10:47:27.321, 17303 MiB, 349.36 W, 100 %, 66
2026/10/10 10:47:28.326, 17303 MiB, 351.19 W, 100 %, 66
2026/10/10 10:47:29.332, 17303 MiB, 352.01 W, 86 %, 66
2026/10/10 10:47:30.337, 17303 MiB, 353.79 W, 88 %, 66
2026/10/10 10:47:31.341, 17303 MiB, 355.01 W, 99 %, 66
2026/10/10 10:47:32.344, 17303 MiB, 351.01 W, 99 %, 66
2026/10/10 10:47:33.351, 17303 MiB, 348.74 W, 100 %, 66
2026/10/10 10:47:34.354, 17303 MiB, 352.48 W, 100 %, 66
2026/10/10 10:47:35.367, 17303 MiB, 352.25 W, 100 %, 66
2026/10/10 10:47:36.382, 17303 MiB, 352.23 W, 99 %, 66
2026/10/10 10:47:37.393, 17303 MiB, 355.82 W, 100 %, 66
2026/10/10 10:47:38.403, 17303 MiB, 356.57 W, 100 %, 66
2026/10/10 10:47:39.412, 17303 MiB, 350.48 W, 98 %, 66
2026/10/10 10:47:40.416, 17303 MiB, 348.11 W, 100 %, 66
2026/10/10 10:47:41.423, 17303 MiB, 353.45 W, 85 %, 65
2026/10/10 10:47:42.434, 17303 MiB, 347.63 W, 98 %, 66
2026/10/10 10:47:43.443, 17303 MiB, 354.26 W, 100 %, 66
2026/10/10 10:47:44.449, 17303 MiB, 351.45 W, 100 %, 66
2026/10/10 10:47:45.457, 17303 MiB, 349.40 W, 100 %, 66
2026/10/10 10:47:46.470, 17303 MiB, 349.74 W, 99 %, 65
2026/10/10 10:47:47.481, 17303 MiB, 350.43 W, 100 %, 66
2026/10/10 10:47:48.489, 17303 MiB, 349.10 W, 99 %, 66
2026/10/10 10:47:49.500, 17303 MiB, 352.41 W, 100 %, 65
2026/10/10 10:47:50.510, 17303 MiB, 351.23 W, 100 %, 66
2026/10/10 10:47:51.513, 17303 MiB, 352.77 W, 100 %, 66
2026/10/10 10:47:52.520, 17303 MiB, 353.33 W, 100 %, 66
2026/10/10 10:47:53.533, 17303 MiB, 351.89 W, 98 %, 66
2026/10/10 10:47:54.542, 17303 MiB, 347.29 W, 100 %, 65
2026/10/10 10:47:55.554, 17303 MiB, 351.91 W, 99 %, 65
2026/10/10 10:47:56.556, 17303 MiB, 353.80 W, 99 %, 66
2026/10/10 10:47:57.566, 17303 MiB, 349.06 W, 99 %, 66
2026/10/10 10:47:58.578, 17303 MiB, 349.59 W, 83 %, 65
2026/10/10 10:47:59.582, 17303 MiB, 347.05 W, 100 %, 66
2026/10/10 10:48:00.597, 17303 MiB, 355.41 W, 100 %, 66
2026/10/10 10:48:01.612, 17303 MiB, 354.30 W, 100 %, 66
2026/10/10 10:48:02.623, 17303 MiB, 354.45 W, 87 %, 65
2026/10/10 10:48:03.634, 17303 MiB, 352.09 W, 100 %, 65
2026/10/10 10:48:04.636, 17303 MiB, 353.14 W, 98 %, 66
2026/10/10 10:48:05.648, 17303 MiB, 350.46 W, 100 %, 65
2026/10/10 10:48:06.661, 17303 MiB, 352.86 W, 100 %, 66
2026/10/10 10:48:07.669, 17303 MiB, 352.37 W, 100 %, 66
2026/10/10 10:48:08.678, 17303 MiB, 350.93 W, 100 %, 66
2026/10/10 10:48:09.684, 17303 MiB, 355.30 W, 100 %, 66
2026/10/10 10:48:10.688, 17303 MiB, 352.49 W, 100 %, 66
2026/10/10 10:48:11.700, 17303 MiB, 357.98 W, 100 %, 67
2026/10/10 10:48:12.711, 17303 MiB, 350.37 W, 93 %, 64
2026/10/10 10:48:13.723, 17303 MiB, 348.07 W, 100 %, 65
2026/10/10 10:48:14.733, 17303 MiB, 352.84 W, 100 %, 66
2026/10/10 10:48:15.739, 17303 MiB, 355.01 W, 99 %, 66
2026/10/10 10:48:16.751, 17303 MiB, 354.82 W, 100 %, 66
2026/10/10 10:48:17.760, 17303 MiB, 351.17 W, 100 %, 66
2026/10/10 10:48:18.767, 17303 MiB, 356.38 W, 100 %, 63
2026/10/10 10:48:19.768, 17303 MiB, 346.61 W, 100 %, 66
2026/10/10 10:48:20.781, 17303 MiB, 354.04 W, 100 %, 66
2026/10/10 10:48:21.793, 17303 MiB, 349.93 W, 100 %, 66
2026/10/10 10:48:22.806, 17303 MiB, 348.92 W, 96 %, 64
2026/10/10 10:48:23.815, 17303 MiB, 353.48 W, 100 %, 67
2026/10/10 10:48:24.825, 17303 MiB, 356.69 W, 100 %, 66
2026/10/10 10:48:25.832, 17303 MiB, 352.14 W, 96 %, 64
2026/10/10 10:48:26.838, 17303 MiB, 346.60 W, 99 %, 66
2026/10/10 10:48:27.843, 17303 MiB, 346.32 W, 85 %, 65
2026/10/10 10:48:28.847, 17303 MiB, 348.20 W, 98 %, 66
2026/10/10 10:48:29.851, 17303 MiB, 350.52 W, 100 %, 65
2026/10/10 10:48:30.858, 17303 MiB, 352.02 W, 100 %, 66
2026/10/10 10:48:31.872, 17303 MiB, 352.22 W, 100 %, 66
2026/10/10 10:48:32.877, 17303 MiB, 350.18 W, 87 %, 65
2026/10/10 10:48:33.885, 17303 MiB, 351.66 W, 100 %, 66
2026/10/10 10:48:34.899, 17303 MiB, 351.25 W, 88 %, 66
2026/10/10 10:48:35.907, 17303 MiB, 354.92 W, 100 %, 66
2026/10/10 10:48:36.918, 17303 MiB, 352.87 W, 100 %, 66
2026/10/10 10:48:37.923, 17303 MiB, 353.62 W, 100 %, 65
2026/10/10 10:48:38.929, 17303 MiB, 349.51 W, 100 %, 66
2026/10/10 10:48:39.940, 17303 MiB, 349.04 W, 99 %, 65
2026/10/10 10:48:40.945, 17303 MiB, 353.52 W, 100 %, 66
2026/10/10 10:48:41.948, 17303 MiB, 362.71 W, 100 %, 66
2026/10/10 10:48:42.954, 17303 MiB, 351.29 W, 100 %, 66
2026/10/10 10:48:43.966, 17303 MiB, 350.45 W, 98 %, 66
2026/10/10 10:48:44.978, 17303 MiB, 348.42 W, 100 %, 66
2026/10/10 10:48:45.980, 17303 MiB, 350.15 W, 100 %, 66
2026/10/10 10:48:46.990, 17303 MiB, 353.29 W, 93 %, 65
2026/10/10 10:48:48.003, 17303 MiB, 346.75 W, 87 %, 65
2026/10/10 10:48:49.016, 17303 MiB, 357.90 W, 99 %, 65
2026/10/10 10:48:50.022, 17303 MiB, 353.09 W, 86 %, 65
2026/10/10 10:48:51.030, 17303 MiB, 347.20 W, 99 %, 66
2026/10/10 10:48:52.035, 17303 MiB, 353.57 W, 100 %, 66
2026/10/10 10:48:53.046, 17303 MiB, 352.28 W, 100 %, 66
2026/10/10 10:48:54.049, 17303 MiB, 346.16 W, 83 %, 65
2026/10/10 10:48:55.051, 17303 MiB, 352.03 W, 100 %, 66
2026/10/10 10:48:56.060, 17303 MiB, 354.05 W, 100 %, 66
2026/10/10 10:48:57.064, 17303 MiB, 354.87 W, 100 %, 66
2026/10/10 10:48:58.072, 17303 MiB, 350.28 W, 100 %, 64
2026/10/10 10:48:59.078, 17303 MiB, 348.93 W, 100 %, 66
2026/10/10 10:49:00.080, 17303 MiB, 352.42 W, 86 %, 66
2026/10/10 10:49:01.085, 17303 MiB, 353.23 W, 100 %, 66
2026/10/10 10:49:02.099, 17303 MiB, 352.87 W, 99 %, 65
2026/10/10 10:49:03.101, 17303 MiB, 349.12 W, 100 %, 66
2026/10/10 10:49:04.114, 17303 MiB, 353.35 W, 100 %, 66
2026/10/10 10:49:05.128, 17303 MiB, 350.27 W, 100 %, 65
2026/10/10 10:49:06.130, 17303 MiB, 351.00 W, 100 %, 66
2026/10/10 10:49:07.145, 17303 MiB, 352.35 W, 100 %, 66
2026/10/10 10:49:08.158, 17303 MiB, 352.81 W, 100 %, 66
2026/10/10 10:49:09.170, 17303 MiB, 350.51 W, 99 %, 66
2026/10/10 10:49:10.182, 17303 MiB, 354.78 W, 99 %, 66
2026/10/10 10:49:11.184, 17303 MiB, 351.05 W, 100 %, 65
2026/10/10 10:49:12.200, 17303 MiB, 352.70 W, 99 %, 65
2026/10/10 10:49:13.213, 17303 MiB, 354.17 W, 87 %, 66
2026/10/10 10:49:14.214, 17303 MiB, 356.43 W, 100 %, 66
2026/10/10 10:49:15.227, 17303 MiB, 349.41 W, 95 %, 65
2026/10/10 10:49:16.231, 17303 MiB, 353.72 W, 100 %, 66
2026/10/10 10:49:17.244, 17303 MiB, 344.70 W, 87 %, 65
2026/10/10 10:49:18.246, 17303 MiB, 350.11 W, 100 %, 66
2026/10/10 10:49:19.256, 17303 MiB, 351.41 W, 100 %, 65
2026/10/10 10:49:20.259, 17303 MiB, 351.31 W, 87 %, 66
2026/10/10 10:49:21.266, 17303 MiB, 352.40 W, 86 %, 63
2026/10/10 10:49:22.280, 17303 MiB, 348.73 W, 100 %, 66
2026/10/10 10:49:23.294, 17303 MiB, 354.39 W, 100 %, 66
2026/10/10 10:49:24.305, 17303 MiB, 356.68 W, 100 %, 66
2026/10/10 10:49:25.309, 17303 MiB, 348.88 W, 100 %, 66
2026/10/10 10:49:26.322, 17303 MiB, 357.15 W, 88 %, 64
2026/10/10 10:49:27.323, 17303 MiB, 351.26 W, 100 %, 66
2026/10/10 10:49:28.333, 17303 MiB, 350.64 W, 100 %, 65
2026/10/10 10:49:29.341, 17303 MiB, 351.41 W, 100 %, 66
2026/10/10 10:49:30.346, 17303 MiB, 354.42 W, 95 %, 66
2026/10/10 10:49:31.357, 17303 MiB, 347.16 W, 97 %, 65
2026/10/10 10:49:32.368, 17303 MiB, 355.55 W, 100 %, 66
2026/10/10 10:49:33.372, 17303 MiB, 348.86 W, 88 %, 66
2026/10/10 10:49:34.383, 17303 MiB, 350.92 W, 99 %, 66
2026/10/10 10:49:35.385, 17303 MiB, 351.19 W, 100 %, 65
2026/10/10 10:49:36.404, 17303 MiB, 352.67 W, 100 %, 65
2026/10/10 10:49:37.407, 17303 MiB, 354.11 W, 100 %, 66
2026/10/10 10:49:38.411, 17303 MiB, 354.77 W, 99 %, 66
2026/10/10 10:49:39.417, 17303 MiB, 354.83 W, 100 %, 66
2026/10/10 10:49:40.432, 17303 MiB, 354.48 W, 99 %, 66
2026/10/10 10:49:41.440, 17303 MiB, 357.74 W, 100 %, 66
2026/10/10 10:49:42.441, 17303 MiB, 352.13 W, 100 %, 65
2026/10/10 10:49:43.449, 17303 MiB, 356.00 W, 100 %, 66
2026/10/10 10:49:44.453, 17303 MiB, 354.19 W, 89 %, 66
2026/10/10 10:49:45.455, 17303 MiB, 355.68 W, 100 %, 66
2026/10/10 10:49:46.462, 17303 MiB, 360.81 W, 95 %, 66
2026/10/10 10:49:47.464, 17303 MiB, 345.12 W, 76 %, 65
2026/10/10 10:49:48.469, 17303 MiB, 350.76 W, 100 %, 66
2026/10/10 10:49:49.479, 17303 MiB, 352.65 W, 96 %, 66
2026/10/10 10:49:50.488, 17303 MiB, 355.99 W, 87 %, 63
2026/10/10 10:49:51.497, 17303 MiB, 354.79 W, 100 %, 66
2026/10/10 10:49:52.501, 17303 MiB, 347.06 W, 99 %, 65
2026/10/10 10:49:53.508, 17303 MiB, 349.64 W, 99 %, 65
2026/10/10 10:49:54.521, 17303 MiB, 350.28 W, 85 %, 64
2026/10/10 10:49:55.532, 17303 MiB, 354.96 W, 100 %, 66
2026/10/10 10:49:56.541, 17303 MiB, 350.64 W, 99 %, 65
2026/10/10 10:49:57.544, 17303 MiB, 348.32 W, 100 %, 66
2026/10/10 10:49:58.551, 17303 MiB, 353.63 W, 100 %, 66
2026/10/10 10:49:59.563, 17303 MiB, 345.41 W, 86 %, 64
2026/10/10 10:50:00.573, 17303 MiB, 350.54 W, 99 %, 66
2026/10/10 10:50:01.586, 17303 MiB, 351.49 W, 99 %, 65
2026/10/10 10:50:02.600, 17303 MiB, 348.51 W, 100 %, 66
2026/10/10 10:50:03.607, 17303 MiB, 356.25 W, 100 %, 66
2026/10/10 10:50:04.614, 17303 MiB, 349.33 W, 97 %, 65
2026/10/10 10:50:05.623, 17303 MiB, 354.07 W, 92 %, 65
2026/10/10 10:50:06.637, 17303 MiB, 351.32 W, 81 %, 66
2026/10/10 10:50:07.640, 17303 MiB, 352.60 W, 100 %, 66
2026/10/10 10:50:08.655, 17303 MiB, 351.67 W, 99 %, 65
2026/10/10 10:50:09.658, 17303 MiB, 352.67 W, 99 %, 66
2026/10/10 10:50:10.659, 17303 MiB, 355.81 W, 100 %, 66
2026/10/10 10:50:11.668, 17303 MiB, 352.96 W, 100 %, 65
2026/10/10 10:50:12.680, 17303 MiB, 354.19 W, 99 %, 66
2026/10/10 10:50:13.688, 17303 MiB, 348.98 W, 81 %, 63
2026/10/10 10:50:14.697, 17303 MiB, 347.45 W, 100 %, 65
2026/10/10 10:50:15.708, 17303 MiB, 357.83 W, 99 %, 66
2026/10/10 10:50:16.716, 17303 MiB, 348.16 W, 100 %, 66
2026/10/10 10:50:17.726, 17303 MiB, 352.76 W, 100 %, 66
2026/10/10 10:50:18.734, 17303 MiB, 349.32 W, 100 %, 65
2026/10/10 10:50:19.735, 17303 MiB, 350.03 W, 100 %, 65
2026/10/10 10:50:20.746, 17303 MiB, 347.87 W, 100 %, 66
2026/10/10 10:50:21.758, 17303 MiB, 347.26 W, 100 %, 66
2026/10/10 10:50:22.766, 17303 MiB, 354.31 W, 100 %, 66
2026/10/10 10:50:23.772, 17303 MiB, 352.41 W, 99 %, 65
2026/10/10 10:50:24.783, 17303 MiB, 351.36 W, 100 %, 66
2026/10/10 10:50:25.793, 17303 MiB, 348.60 W, 100 %, 65
2026/10/10 10:50:26.804, 17303 MiB, 349.19 W, 100 %, 65
2026/10/10 10:50:27.813, 17303 MiB, 348.95 W, 100 %, 65
2026/10/10 10:50:28.823, 17303 MiB, 351.82 W, 100 %, 66
2026/10/10 10:50:29.829, 17303 MiB, 349.89 W, 84 %, 66
2026/10/10 10:50:30.830, 17303 MiB, 350.87 W, 100 %, 66
2026/10/10 10:50:31.835, 17303 MiB, 352.20 W, 85 %, 66
2026/10/10 10:50:32.848, 17303 MiB, 351.45 W, 100 %, 66
2026/10/10 10:50:33.854, 17303 MiB, 352.18 W, 100 %, 65
2026/10/10 10:50:34.865, 17303 MiB, 353.42 W, 100 %, 66
2026/10/10 10:50:35.877, 17303 MiB, 352.84 W, 100 %, 66
2026/10/10 10:50:36.889, 17303 MiB, 350.46 W, 100 %, 66
2026/10/10 10:50:37.904, 17303 MiB, 348.58 W, 88 %, 64
2026/10/10 10:50:38.917, 17303 MiB, 350.68 W, 100 %, 66
2026/10/10 10:50:39.926, 17303 MiB, 348.97 W, 100 %, 66
2026/10/10 10:50:40.936, 17303 MiB, 352.02 W, 100 %, 65
2026/10/10 10:50:41.938, 17303 MiB, 352.96 W, 100 %, 66
2026/10/10 10:50:42.945, 17303 MiB, 346.21 W, 81 %, 66
2026/10/10 10:50:43.954, 17303 MiB, 347.10 W, 80 %, 65
2026/10/10 10:50:44.958, 17303 MiB, 350.95 W, 100 %, 66
2026/10/10 10:50:45.964, 17303 MiB, 355.39 W, 100 %, 65
2026/10/10 10:50:46.974, 17303 MiB, 352.32 W, 100 %, 65
2026/10/10 10:50:47.978, 17303 MiB, 349.38 W, 99 %, 65
2026/10/10 10:50:48.991, 17303 MiB, 347.69 W, 100 %, 66
2026/10/10 10:50:50.002, 17303 MiB, 350.72 W, 100 %, 66
2026/10/10 10:50:51.007, 17303 MiB, 355.00 W, 100 %, 66
2026/10/10 10:50:52.016, 17303 MiB, 351.45 W, 100 %, 65
2026/10/10 10:50:53.028, 17303 MiB, 354.85 W, 100 %, 65
2026/10/10 10:50:54.034, 17303 MiB, 351.66 W, 99 %, 65
2026/10/10 10:50:55.041, 17303 MiB, 352.21 W, 100 %, 66
2026/10/10 10:50:56.052, 17303 MiB, 355.67 W, 100 %, 66
2026/10/10 10:50:57.061, 17303 MiB, 353.37 W, 100 %, 66
2026/10/10 10:50:58.065, 17303 MiB, 355.75 W, 98 %, 66
2026/10/10 10:50:59.076, 17303 MiB, 350.97 W, 100 %, 66
2026/10/10 10:51:00.090, 17303 MiB, 346.55 W, 100 %, 66
2026/10/10 10:51:01.097, 17303 MiB, 354.55 W, 97 %, 64
2026/10/10 10:51:02.110, 17303 MiB, 346.48 W, 82 %, 65
2026/10/10 10:51:03.112, 17303 MiB, 350.05 W, 97 %, 65
2026/10/10 10:51:04.126, 17303 MiB, 356.17 W, 96 %, 65
2026/10/10 10:51:05.134, 17303 MiB, 352.12 W, 100 %, 66
2026/10/10 10:51:06.142, 17303 MiB, 352.87 W, 95 %, 65
2026/10/10 10:51:07.148, 17303 MiB, 353.86 W, 84 %, 66
2026/10/10 10:51:08.155, 17303 MiB, 347.83 W, 100 %, 66
2026/10/10 10:51:09.161, 17303 MiB, 354.95 W, 84 %, 65
2026/10/10 10:51:10.165, 17303 MiB, 348.16 W, 100 %, 66
2026/10/10 10:51:11.179, 17303 MiB, 355.55 W, 100 %, 67
2026/10/10 10:51:12.181, 17303 MiB, 353.92 W, 100 %, 66
2026/10/10 10:51:13.184, 17303 MiB, 355.46 W, 89 %, 66
2026/10/10 10:51:14.186, 17303 MiB, 355.09 W, 91 %, 65
2026/10/10 10:51:15.188, 17303 MiB, 348.37 W, 100 %, 65
2026/10/10 10:51:16.194, 17303 MiB, 351.93 W, 100 %, 65
2026/10/10 10:51:17.202, 17303 MiB, 350.10 W, 100 %, 66
2026/10/10 10:51:18.214, 17303 MiB, 349.11 W, 94 %, 67
2026/10/10 10:51:19.219, 17303 MiB, 348.15 W, 99 %, 66
2026/10/10 10:51:20.221, 17303 MiB, 356.57 W, 100 %, 66
2026/10/10 10:51:21.235, 17303 MiB, 354.31 W, 100 %, 66
2026/10/10 10:51:22.245, 17303 MiB, 349.84 W, 100 %, 66
2026/10/10 10:51:23.246, 17303 MiB, 352.37 W, 100 %, 66
2026/10/10 10:51:24.249, 17303 MiB, 354.89 W, 100 %, 66
2026/10/10 10:51:25.261, 17303 MiB, 350.03 W, 100 %, 65
2026/10/10 10:51:26.274, 17303 MiB, 347.78 W, 100 %, 65
2026/10/10 10:51:27.275, 17303 MiB, 349.11 W, 98 %, 65
2026/10/10 10:51:28.283, 17303 MiB, 351.64 W, 99 %, 66
2026/10/10 10:51:29.286, 17303 MiB, 357.08 W, 99 %, 66
2026/10/10 10:51:30.300, 17303 MiB, 352.08 W, 99 %, 65
2026/10/10 10:51:31.303, 17303 MiB, 353.77 W, 99 %, 66
2026/10/10 10:51:32.305, 17303 MiB, 345.90 W, 98 %, 65
2026/10/10 10:51:33.321, 17303 MiB, 349.38 W, 100 %, 66
2026/10/10 10:51:34.331, 17303 MiB, 350.29 W, 83 %, 64
2026/10/10 10:51:35.339, 17303 MiB, 346.46 W, 100 %, 66
2026/10/10 10:51:36.349, 17303 MiB, 353.34 W, 100 %, 66
2026/10/10 10:51:37.363, 17303 MiB, 352.18 W, 82 %, 66
2026/10/10 10:51:38.377, 17303 MiB, 350.01 W, 99 %, 66
2026/10/10 10:51:39.378, 17303 MiB, 354.82 W, 83 %, 66
2026/10/10 10:51:40.386, 17303 MiB, 354.02 W, 100 %, 64
2026/10/10 10:51:41.400, 17303 MiB, 354.77 W, 85 %, 65
2026/10/10 10:51:42.409, 17303 MiB, 348.39 W, 100 %, 66
2026/10/10 10:51:43.410, 17303 MiB, 347.80 W, 100 %, 66
2026/10/10 10:51:44.421, 17303 MiB, 354.34 W, 100 %, 66
2026/10/10 10:51:45.432, 17303 MiB, 351.59 W, 100 %, 66
2026/10/10 10:51:46.441, 17303 MiB, 348.47 W, 93 %, 65
2026/10/10 10:51:47.445, 17303 MiB, 347.35 W, 99 %, 65
2026/10/10 10:51:48.445, 17303 MiB, 353.06 W, 100 %, 65
2026/10/10 10:51:49.448, 17303 MiB, 350.83 W, 100 %, 66
2026/10/10 10:51:50.459, 17303 MiB, 353.88 W, 99 %, 66
2026/10/10 10:51:51.474, 17303 MiB, 356.63 W, 100 %, 66
2026/10/10 10:51:52.486, 17303 MiB, 351.21 W, 100 %, 65
2026/10/10 10:51:53.499, 17303 MiB, 349.97 W, 100 %, 65
2026/10/10 10:51:54.514, 17303 MiB, 351.88 W, 100 %, 66
2026/10/10 10:51:55.520, 17303 MiB, 354.76 W, 99 %, 66
2026/10/10 10:51:56.524, 17303 MiB, 354.92 W, 100 %, 66
2026/10/10 10:51:57.529, 17303 MiB, 348.11 W, 100 %, 65
2026/10/10 10:51:58.533, 17303 MiB, 356.01 W, 79 %, 65
2026/10/10 10:51:59.543, 17303 MiB, 353.26 W, 94 %, 64
2026/10/10 10:52:00.556, 17303 MiB, 353.65 W, 99 %, 65
2026/10/10 10:52:01.559, 17303 MiB, 351.49 W, 99 %, 65
2026/10/10 10:52:02.560, 17303 MiB, 350.79 W, 100 %, 65
2026/10/10 10:52:03.567, 17303 MiB, 353.51 W, 98 %, 65
2026/10/10 10:52:04.581, 17303 MiB, 350.90 W, 100 %, 65
2026/10/10 10:52:05.588, 17303 MiB, 350.87 W, 100 %, 65
2026/10/10 10:52:06.592, 17303 MiB, 354.32 W, 100 %, 65
2026/10/10 10:52:07.602, 17303 MiB, 353.49 W, 98 %, 66
2026/10/10 10:52:08.608, 17303 MiB, 349.02 W, 98 %, 67
2026/10/10 10:52:09.620, 17303 MiB, 346.23 W, 99 %, 66
2026/10/10 10:52:10.631, 17303 MiB, 346.54 W, 100 %, 65
2026/10/10 10:52:11.643, 17303 MiB, 350.21 W, 100 %, 66
2026/10/10 10:52:12.653, 17303 MiB, 350.64 W, 100 %, 65
2026/10/10 10:52:13.659, 17303 MiB, 353.10 W, 84 %, 65
2026/10/10 10:52:14.667, 17303 MiB, 344.68 W, 100 %, 65
2026/10/10 10:52:15.675, 17303 MiB, 357.79 W, 100 %, 63
2026/10/10 10:52:16.679, 17303 MiB, 348.88 W, 100 %, 66
2026/10/10 10:52:17.683, 17303 MiB, 346.22 W, 99 %, 65
2026/10/10 10:52:18.690, 17303 MiB, 351.31 W, 100 %, 65
2026/10/10 10:52:19.705, 17303 MiB, 356.36 W, 95 %, 65
2026/10/10 10:52:20.717, 17303 MiB, 355.97 W, 86 %, 65
2026/10/10 10:52:21.732, 17303 MiB, 343.66 W, 71 %, 64
2026/10/10 10:52:22.743, 17303 MiB, 344.60 W, 100 %, 65
2026/10/10 10:52:23.754, 17303 MiB, 353.28 W, 80 %, 66
2026/10/10 10:52:24.761, 17303 MiB, 354.42 W, 100 %, 66
2026/10/10 10:52:25.769, 17303 MiB, 351.93 W, 100 %, 66
2026/10/10 10:52:26.776, 17303 MiB, 351.82 W, 100 %, 66
2026/10/10 10:52:27.789, 17303 MiB, 352.35 W, 100 %, 66
2026/10/10 10:52:28.796, 17303 MiB, 354.92 W, 100 %, 66
2026/10/10 10:52:29.800, 17303 MiB, 356.25 W, 100 %, 64
2026/10/10 10:52:30.807, 17303 MiB, 353.32 W, 100 %, 65
2026/10/10 10:52:31.815, 17303 MiB, 351.29 W, 99 %, 65
2026/10/10 10:52:32.825, 17303 MiB, 349.09 W, 100 %, 66
2026/10/10 10:52:33.835, 17303 MiB, 348.35 W, 100 %, 66
2026/10/10 10:52:34.846, 17303 MiB, 348.78 W, 81 %, 65
2026/10/10 10:52:35.859, 17303 MiB, 344.97 W, 81 %, 66
2026/10/10 10:52:36.869, 17303 MiB, 352.15 W, 100 %, 66
2026/10/10 10:52:37.874, 17303 MiB, 351.27 W, 99 %, 65
2026/10/10 10:52:38.885, 17303 MiB, 351.74 W, 100 %, 66
2026/10/10 10:52:39.898, 17303 MiB, 355.99 W, 99 %, 65
2026/10/10 10:52:40.913, 17303 MiB, 348.91 W, 100 %, 66
2026/10/10 10:52:41.922, 17303 MiB, 353.45 W, 99 %, 66
2026/10/10 10:52:42.932, 17303 MiB, 348.63 W, 100 %, 65
2026/10/10 10:52:43.943, 17303 MiB, 350.03 W, 100 %, 66
2026/10/10 10:52:44.950, 17303 MiB, 351.36 W, 100 %, 66
2026/10/10 10:52:45.963, 17303 MiB, 349.37 W, 100 %, 66
2026/10/10 10:52:46.974, 17303 MiB, 351.84 W, 83 %, 66
2026/10/10 10:52:47.989, 17303 MiB, 345.39 W, 100 %, 65
2026/10/10 10:52:48.995, 17303 MiB, 355.19 W, 100 %, 65
2026/10/10 10:52:50.009, 17303 MiB, 346.57 W, 100 %, 64
2026/10/10 10:52:51.018, 17303 MiB, 349.83 W, 100 %, 66
2026/10/10 10:52:52.029, 17303 MiB, 351.25 W, 100 %, 65
2026/10/10 10:52:53.040, 17303 MiB, 353.20 W, 99 %, 65
2026/10/10 10:52:54.051, 17303 MiB, 355.39 W, 100 %, 66
2026/10/10 10:52:55.061, 17303 MiB, 351.70 W, 100 %, 66
2026/10/10 10:52:56.075, 17303 MiB, 351.15 W, 100 %, 65
2026/10/10 10:52:57.083, 17303 MiB, 348.58 W, 100 %, 65
2026/10/10 10:52:58.096, 17303 MiB, 343.44 W, 82 %, 65
2026/10/10 10:52:59.103, 17303 MiB, 346.66 W, 83 %, 65
2026/10/10 10:53:00.104, 17303 MiB, 346.66 W, 100 %, 65
2026/10/10 10:53:01.112, 17303 MiB, 353.79 W, 100 %, 66
2026/10/10 10:53:02.120, 17303 MiB, 345.31 W, 94 %, 66
2026/10/10 10:53:03.129, 17303 MiB, 344.65 W, 100 %, 65
2026/10/10 10:53:04.134, 17303 MiB, 347.55 W, 100 %, 65
2026/10/10 10:53:05.148, 17303 MiB, 351.47 W, 100 %, 66
2026/10/10 10:53:06.160, 17303 MiB, 352.80 W, 98 %, 65
2026/10/10 10:53:07.175, 17303 MiB, 354.08 W, 100 %, 65
2026/10/10 10:53:08.180, 17303 MiB, 350.79 W, 100 %, 66
2026/10/10 10:53:09.194, 17303 MiB, 351.55 W, 100 %, 66
2026/10/10 10:53:10.201, 17303 MiB, 352.49 W, 88 %, 66
2026/10/10 10:53:11.211, 17303 MiB, 348.83 W, 100 %, 66
2026/10/10 10:53:12.220, 17303 MiB, 347.59 W, 100 %, 66
2026/10/10 10:53:13.229, 17303 MiB, 344.37 W, 80 %, 65
2026/10/10 10:53:14.236, 17303 MiB, 344.51 W, 100 %, 65
2026/10/10 10:53:15.248, 17303 MiB, 350.58 W, 100 %, 66
2026/10/10 10:53:16.253, 17303 MiB, 350.01 W, 100 %, 66
2026/10/10 10:53:17.266, 17303 MiB, 353.16 W, 100 %, 65
2026/10/10 10:53:18.274, 17303 MiB, 352.71 W, 98 %, 65
2026/10/10 10:53:19.282, 17303 MiB, 354.20 W, 100 %, 66
2026/10/10 10:53:20.284, 17303 MiB, 353.88 W, 100 %, 66
2026/10/10 10:53:21.295, 17303 MiB, 349.40 W, 100 %, 66
2026/10/10 10:53:22.302, 17303 MiB, 351.95 W, 100 %, 66
2026/10/10 10:53:23.308, 17303 MiB, 349.82 W, 100 %, 65
2026/10/10 10:53:24.317, 17303 MiB, 349.89 W, 100 %, 65
2026/10/10 10:53:25.328, 17303 MiB, 352.20 W, 100 %, 65
2026/10/10 10:53:26.336, 17303 MiB, 354.16 W, 99 %, 66
2026/10/10 10:53:27.342, 17303 MiB, 354.13 W, 99 %, 65
2026/10/10 10:53:28.346, 17303 MiB, 348.01 W, 100 %, 66
2026/10/10 10:53:29.353, 17303 MiB, 351.59 W, 100 %, 66
2026/10/10 10:53:30.356, 17303 MiB, 359.00 W, 95 %, 67
2026/10/10 10:53:31.367, 17303 MiB, 350.54 W, 100 %, 66
2026/10/10 10:53:32.379, 17303 MiB, 355.80 W, 100 %, 66
2026/10/10 10:53:33.385, 17303 MiB, 350.41 W, 100 %, 66
2026/10/10 10:53:34.389, 17303 MiB, 350.08 W, 99 %, 65
2026/10/10 10:53:35.398, 17303 MiB, 352.53 W, 98 %, 66
2026/10/10 10:53:36.405, 17303 MiB, 350.17 W, 100 %, 66
2026/10/10 10:53:37.406, 17303 MiB, 350.51 W, 84 %, 66
2026/10/10 10:53:38.409, 17303 MiB, 351.68 W, 100 %, 66
2026/10/10 10:53:39.418, 17303 MiB, 350.51 W, 100 %, 65
2026/10/10 10:53:40.425, 17303 MiB, 351.00 W, 100 %, 65
2026/10/10 10:53:41.438, 17303 MiB, 355.81 W, 81 %, 66
2026/10/10 10:53:42.454, 17303 MiB, 352.21 W, 100 %, 65
2026/10/10 10:53:43.460, 17303 MiB, 347.16 W, 100 %, 65
2026/10/10 10:53:44.461, 17303 MiB, 354.51 W, 100 %, 65
2026/10/10 10:53:45.463, 17303 MiB, 349.34 W, 99 %, 65
2026/10/10 10:53:46.477, 17303 MiB, 350.82 W, 100 %, 65
2026/10/10 10:53:47.483, 17303 MiB, 349.01 W, 77 %, 67
2026/10/10 10:53:48.491, 17303 MiB, 343.79 W, 100 %, 64
2026/10/10 10:53:49.505, 17303 MiB, 350.14 W, 100 %, 65
2026/10/10 10:53:50.507, 17303 MiB, 347.38 W, 99 %, 66
2026/10/10 10:53:51.516, 17303 MiB, 355.30 W, 100 %, 66
2026/10/10 10:53:52.521, 17303 MiB, 349.28 W, 100 %, 65
2026/10/10 10:53:53.534, 17303 MiB, 351.12 W, 100 %, 65
2026/10/10 10:53:54.548, 17303 MiB, 350.07 W, 100 %, 66
2026/10/10 10:53:55.558, 17303 MiB, 353.57 W, 100 %, 65
2026/10/10 10:53:56.560, 17303 MiB, 352.66 W, 100 %, 65
2026/10/10 10:53:57.575, 17303 MiB, 356.59 W, 98 %, 65
2026/10/10 10:53:58.586, 17303 MiB, 346.22 W, 87 %, 64
2026/10/10 10:53:59.601, 17303 MiB, 349.21 W, 100 %, 66
2026/10/10 10:54:00.615, 17303 MiB, 350.58 W, 100 %, 65
2026/10/10 10:54:01.619, 17303 MiB, 348.09 W, 100 %, 65
2026/10/10 10:54:02.627, 17303 MiB, 345.15 W, 100 %, 65
2026/10/10 10:54:03.631, 17303 MiB, 347.63 W, 98 %, 65
2026/10/10 10:54:04.637, 17303 MiB, 351.70 W, 100 %, 66
2026/10/10 10:54:05.639, 17303 MiB, 348.00 W, 86 %, 66
2026/10/10 10:54:06.640, 17303 MiB, 351.11 W, 100 %, 65
2026/10/10 10:54:07.657, 17303 MiB, 355.75 W, 100 %, 65
2026/10/10 10:54:08.671, 17303 MiB, 356.69 W, 83 %, 63
2026/10/10 10:54:09.686, 17303 MiB, 350.61 W, 99 %, 66
2026/10/10 10:54:10.691, 17303 MiB, 352.19 W, 100 %, 66
2026/10/10 10:54:11.691, 17303 MiB, 354.34 W, 100 %, 66
2026/10/10 10:54:12.697, 17303 MiB, 353.67 W, 100 %, 66
2026/10/10 10:54:13.706, 17303 MiB, 353.60 W, 95 %, 66
2026/10/10 10:54:14.710, 17303 MiB, 348.49 W, 100 %, 65
2026/10/10 10:54:15.723, 17303 MiB, 350.35 W, 100 %, 66
2026/10/10 10:54:16.726, 17303 MiB, 354.31 W, 100 %, 65
2026/10/10 10:54:17.727, 17303 MiB, 352.77 W, 100 %, 66
2026/10/10 10:54:18.730, 17303 MiB, 350.47 W, 100 %, 65
2026/10/10 10:54:19.736, 17303 MiB, 350.89 W, 100 %, 65
2026/10/10 10:54:20.740, 17303 MiB, 350.52 W, 100 %, 66
2026/10/10 10:54:21.747, 17303 MiB, 356.58 W, 99 %, 66
2026/10/10 10:54:22.755, 17303 MiB, 349.30 W, 92 %, 64
2026/10/10 10:54:23.769, 17303 MiB, 351.37 W, 100 %, 66
2026/10/10 10:54:24.776, 17303 MiB, 349.98 W, 100 %, 66
2026/10/10 10:54:25.784, 17303 MiB, 349.34 W, 100 %, 65
2026/10/10 10:54:26.794, 17303 MiB, 353.29 W, 100 %, 65
2026/10/10 10:54:27.797, 17303 MiB, 352.02 W, 100 %, 66
2026/10/10 10:54:28.802, 17303 MiB, 349.07 W, 99 %, 66
2026/10/10 10:54:29.810, 17303 MiB, 350.29 W, 100 %, 66
2026/10/10 10:54:30.819, 17303 MiB, 354.37 W, 100 %, 66
2026/10/10 10:54:31.832, 17303 MiB, 359.70 W, 100 %, 66
2026/10/10 10:54:32.839, 17303 MiB, 354.55 W, 99 %, 65
2026/10/10 10:54:33.848, 17303 MiB, 348.87 W, 100 %, 65
2026/10/10 10:54:34.855, 17303 MiB, 349.51 W, 100 %, 65
2026/10/10 10:54:35.859, 17303 MiB, 347.69 W, 100 %, 65
2026/10/10 10:54:36.866, 17303 MiB, 351.96 W, 89 %, 66
2026/10/10 10:54:37.872, 17303 MiB, 354.94 W, 100 %, 65
2026/10/10 10:54:38.874, 17303 MiB, 346.48 W, 89 %, 65
2026/10/10 10:54:39.884, 17303 MiB, 341.43 W, 100 %, 65
2026/10/10 10:54:40.887, 17303 MiB, 352.58 W, 100 %, 66
2026/10/10 10:54:41.897, 17303 MiB, 351.88 W, 83 %, 63
2026/10/10 10:54:42.907, 17303 MiB, 347.71 W, 100 %, 66
2026/10/10 10:54:43.915, 17303 MiB, 352.97 W, 100 %, 66
2026/10/10 10:54:44.925, 17303 MiB, 350.69 W, 88 %, 64
2026/10/10 10:54:45.931, 17303 MiB, 349.32 W, 99 %, 66
2026/10/10 10:54:46.937, 17303 MiB, 354.08 W, 100 %, 66
2026/10/10 10:54:47.951, 17303 MiB, 345.08 W, 86 %, 62
2026/10/10 10:54:48.960, 17303 MiB, 352.94 W, 88 %, 66
2026/10/10 10:54:49.971, 17303 MiB, 351.03 W, 100 %, 65
2026/10/10 10:54:50.974, 17303 MiB, 350.48 W, 100 %, 65
2026/10/10 10:54:51.987, 17303 MiB, 349.06 W, 100 %, 66
2026/10/10 10:54:52.997, 17303 MiB, 353.30 W, 100 %, 66
2026/10/10 10:54:54.009, 17303 MiB, 354.61 W, 100 %, 66
2026/10/10 10:54:55.018, 17303 MiB, 353.54 W, 100 %, 65
2026/10/10 10:54:56.029, 17303 MiB, 349.09 W, 99 %, 66
2026/10/10 10:54:57.039, 17303 MiB, 349.15 W, 99 %, 65
2026/10/10 10:54:58.053, 17303 MiB, 353.20 W, 100 %, 65
2026/10/10 10:54:59.066, 17303 MiB, 353.42 W, 100 %, 65
2026/10/10 10:55:00.069, 17303 MiB, 348.48 W, 100 %, 65
2026/10/10 10:55:01.083, 17303 MiB, 352.71 W, 100 %, 65
2026/10/10 10:55:02.091, 17303 MiB, 350.28 W, 100 %, 65
2026/10/10 10:55:03.100, 17303 MiB, 351.36 W, 99 %, 65
2026/10/10 10:55:04.112, 17303 MiB, 351.59 W, 87 %, 64
2026/10/10 10:55:05.124, 17303 MiB, 347.91 W, 100 %, 65
2026/10/10 10:55:06.137, 17303 MiB, 349.14 W, 100 %, 65
2026/10/10 10:55:07.147, 17303 MiB, 350.02 W, 82 %, 64
2026/10/10 10:55:08.158, 17303 MiB, 344.13 W, 100 %, 65
2026/10/10 10:55:09.170, 17303 MiB, 350.24 W, 72 %, 64
2026/10/10 10:55:10.183, 17303 MiB, 344.60 W, 84 %, 64
2026/10/10 10:55:11.197, 17303 MiB, 343.60 W, 100 %, 65
2026/10/10 10:55:12.210, 17303 MiB, 351.58 W, 100 %, 65
2026/10/10 10:55:13.218, 17303 MiB, 351.84 W, 87 %, 66
2026/10/10 10:55:14.229, 17303 MiB, 351.14 W, 99 %, 65
2026/10/10 10:55:15.239, 17303 MiB, 348.43 W, 100 %, 66
2026/10/10 10:55:16.248, 17303 MiB, 350.59 W, 100 %, 65
2026/10/10 10:55:17.259, 17303 MiB, 350.24 W, 100 %, 65
2026/10/10 10:55:18.269, 17303 MiB, 352.76 W, 100 %, 65
2026/10/10 10:55:19.274, 17303 MiB, 350.74 W, 100 %, 65
2026/10/10 10:55:20.279, 17303 MiB, 350.79 W, 99 %, 66
2026/10/10 10:55:21.287, 17303 MiB, 351.98 W, 100 %, 65
2026/10/10 10:55:22.295, 17303 MiB, 348.58 W, 100 %, 65
2026/10/10 10:55:23.304, 17303 MiB, 349.45 W, 100 %, 66
2026/10/10 10:55:24.317, 17303 MiB, 350.16 W, 100 %, 65
2026/10/10 10:55:25.324, 17303 MiB, 349.56 W, 100 %, 66
2026/10/10 10:55:26.336, 17303 MiB, 349.79 W, 100 %, 66
2026/10/10 10:55:27.346, 17303 MiB, 347.40 W, 91 %, 65
2026/10/10 10:55:28.356, 17303 MiB, 346.38 W, 81 %, 65
2026/10/10 10:55:29.367, 17303 MiB, 351.19 W, 100 %, 65
2026/10/10 10:55:30.377, 17303 MiB, 351.35 W, 100 %, 66
2026/10/10 10:55:31.382, 17303 MiB, 350.15 W, 84 %, 64
2026/10/10 10:55:32.392, 17303 MiB, 348.04 W, 100 %, 66
2026/10/10 10:55:33.397, 17303 MiB, 352.09 W, 100 %, 65
2026/10/10 10:55:34.408, 17303 MiB, 350.60 W, 100 %, 66
2026/10/10 10:55:35.418, 17303 MiB, 350.83 W, 99 %, 65
2026/10/10 10:55:36.423, 17303 MiB, 348.31 W, 100 %, 65
2026/10/10 10:55:37.428, 17303 MiB, 348.39 W, 100 %, 65
2026/10/10 10:55:38.431, 17303 MiB, 350.81 W, 99 %, 66
2026/10/10 10:55:39.433, 17303 MiB, 344.67 W, 84 %, 64
2026/10/10 10:55:40.434, 17303 MiB, 345.53 W, 100 %, 65
2026/10/10 10:55:41.434, 17303 MiB, 350.68 W, 100 %, 65
2026/10/10 10:55:42.437, 17303 MiB, 353.14 W, 100 %, 66
2026/10/10 10:55:43.444, 17303 MiB, 346.83 W, 77 %, 65
2026/10/10 10:55:44.447, 17303 MiB, 348.80 W, 100 %, 65
2026/10/10 10:55:45.453, 17303 MiB, 350.17 W, 82 %, 65
2026/10/10 10:55:46.457, 17303 MiB, 348.43 W, 100 %, 65
2026/10/10 10:55:47.465, 17303 MiB, 355.87 W, 99 %, 65
2026/10/10 10:55:48.468, 17303 MiB, 355.29 W, 100 %, 66
2026/10/10 10:55:49.472, 17303 MiB, 351.06 W, 100 %, 65
2026/10/10 10:55:50.483, 17303 MiB, 348.60 W, 84 %, 64
2026/10/10 10:55:51.495, 17303 MiB, 348.10 W, 100 %, 65
2026/10/10 10:55:52.501, 17303 MiB, 351.53 W, 87 %, 65
2026/10/10 10:55:53.505, 17303 MiB, 349.99 W, 100 %, 65
2026/10/10 10:55:54.515, 17303 MiB, 351.24 W, 99 %, 65
2026/10/10 10:55:55.530, 17303 MiB, 351.17 W, 99 %, 66
2026/10/10 10:55:56.531, 17303 MiB, 349.95 W, 100 %, 63
2026/10/10 10:55:57.535, 17303 MiB, 344.04 W, 100 %, 65
2026/10/10 10:55:58.540, 17303 MiB, 352.34 W, 99 %, 66
2026/10/10 10:55:59.550, 17303 MiB, 347.53 W, 99 %, 65
2026/10/10 10:56:00.553, 17303 MiB, 349.76 W, 99 %, 65
2026/10/10 10:56:01.561, 17303 MiB, 356.71 W, 100 %, 65
2026/10/10 10:56:02.572, 17303 MiB, 352.54 W, 100 %, 65
2026/10/10 10:56:03.573, 17303 MiB, 350.47 W, 99 %, 64
2026/10/10 10:56:04.577, 17303 MiB, 353.66 W, 99 %, 66
2026/10/10 10:56:05.585, 17303 MiB, 350.55 W, 99 %, 65
2026/10/10 10:56:06.595, 17303 MiB, 354.03 W, 100 %, 66
2026/10/10 10:56:07.609, 17303 MiB, 347.61 W, 88 %, 66
2026/10/10 10:56:08.615, 17303 MiB, 348.07 W, 100 %, 65
2026/10/10 10:56:09.625, 17303 MiB, 352.23 W, 89 %, 66
2026/10/10 10:56:10.626, 17303 MiB, 351.46 W, 100 %, 66
2026/10/10 10:56:11.632, 17303 MiB, 349.65 W, 100 %, 66
2026/10/10 10:56:12.647, 17303 MiB, 353.90 W, 99 %, 66
2026/10/10 10:56:13.658, 17303 MiB, 352.57 W, 100 %, 65
2026/10/10 10:56:14.659, 17303 MiB, 347.84 W, 100 %, 66
2026/10/10 10:56:15.659, 17303 MiB, 349.56 W, 100 %, 66
2026/10/10 10:56:16.662, 17303 MiB, 350.67 W, 100 %, 66
2026/10/10 10:56:17.663, 17303 MiB, 353.97 W, 100 %, 66
2026/10/10 10:56:18.670, 17303 MiB, 356.38 W, 100 %, 65
2026/10/10 10:56:19.685, 17303 MiB, 358.04 W, 100 %, 64
2026/10/10 10:56:20.686, 17303 MiB, 351.14 W, 98 %, 66
2026/10/10 10:56:21.700, 17303 MiB, 352.70 W, 100 %, 66
2026/10/10 10:56:22.714, 17303 MiB, 353.32 W, 100 %, 65
2026/10/10 10:56:23.729, 17303 MiB, 351.40 W, 100 %, 66
2026/10/10 10:56:24.736, 17303 MiB, 350.66 W, 100 %, 65
2026/10/10 10:56:25.736, 17303 MiB, 355.52 W, 100 %, 66
2026/10/10 10:56:26.740, 17303 MiB, 352.16 W, 100 %, 66
2026/10/10 10:56:27.746, 17303 MiB, 350.63 W, 88 %, 66
2026/10/10 10:56:28.760, 17303 MiB, 350.16 W, 98 %, 66
2026/10/10 10:56:29.768, 17303 MiB, 351.61 W, 85 %, 65
2026/10/10 10:56:30.784, 17303 MiB, 347.73 W, 100 %, 65
2026/10/10 10:56:31.794, 17303 MiB, 349.87 W, 100 %, 65
2026/10/10 10:56:32.799, 17303 MiB, 354.07 W, 100 %, 65
2026/10/10 10:56:33.806, 17303 MiB, 356.37 W, 100 %, 65
2026/10/10 10:56:34.810, 17303 MiB, 347.35 W, 100 %, 66
2026/10/10 10:56:35.824, 17303 MiB, 347.17 W, 100 %, 66
2026/10/10 10:56:36.828, 17303 MiB, 353.50 W, 86 %, 66
2026/10/10 10:56:37.833, 17303 MiB, 345.35 W, 100 %, 66
2026/10/10 10:56:38.836, 17303 MiB, 352.54 W, 100 %, 65
2026/10/10 10:56:39.850, 17303 MiB, 350.27 W, 100 %, 65
2026/10/10 10:56:40.854, 17303 MiB, 352.79 W, 100 %, 65
2026/10/10 10:56:41.866, 17303 MiB, 352.66 W, 100 %, 65
2026/10/10 10:56:42.868, 17303 MiB, 352.64 W, 100 %, 65
2026/10/10 10:56:43.882, 17303 MiB, 351.08 W, 100 %, 65
2026/10/10 10:56:44.885, 17303 MiB, 352.59 W, 98 %, 66
2026/10/10 10:56:45.898, 17303 MiB, 351.31 W, 100 %, 66
2026/10/10 10:56:46.910, 17303 MiB, 352.22 W, 100 %, 65
2026/10/10 10:56:47.923, 17303 MiB, 346.74 W, 83 %, 65
2026/10/10 10:56:48.934, 17303 MiB, 346.79 W, 100 %, 65
2026/10/10 10:56:49.946, 17303 MiB, 353.84 W, 100 %, 66
2026/10/10 10:56:50.954, 17303 MiB, 355.60 W, 100 %, 66
2026/10/10 10:56:51.957, 17303 MiB, 355.49 W, 100 %, 66
2026/10/10 10:56:52.972, 17303 MiB, 351.63 W, 100 %, 66
2026/10/10 10:56:53.984, 17303 MiB, 351.79 W, 100 %, 66
2026/10/10 10:56:54.989, 17303 MiB, 354.30 W, 100 %, 66
2026/10/10 10:56:55.993, 17303 MiB, 351.42 W, 100 %, 66
2026/10/10 10:56:56.994, 17303 MiB, 347.97 W, 87 %, 65
2026/10/10 10:56:58.009, 17303 MiB, 349.74 W, 100 %, 66
2026/10/10 10:56:59.020, 17303 MiB, 350.19 W, 100 %, 66
2026/10/10 10:57:00.034, 17303 MiB, 354.10 W, 86 %, 65
2026/10/10 10:57:01.047, 17303 MiB, 354.98 W, 98 %, 66
2026/10/10 10:57:02.048, 17303 MiB, 349.71 W, 100 %, 66
2026/10/10 10:57:03.060, 17303 MiB, 352.43 W, 100 %, 65
2026/10/10 10:57:04.066, 17303 MiB, 354.65 W, 100 %, 66
2026/10/10 10:57:05.078, 17303 MiB, 350.35 W, 100 %, 66
2026/10/10 10:57:06.083, 17303 MiB, 349.08 W, 93 %, 63
2026/10/10 10:57:07.096, 17303 MiB, 344.17 W, 100 %, 65
2026/10/10 10:57:08.096, 17303 MiB, 353.92 W, 100 %, 66
2026/10/10 10:57:09.109, 17303 MiB, 356.01 W, 99 %, 65
2026/10/10 10:57:10.122, 17303 MiB, 352.51 W, 100 %, 66
2026/10/10 10:57:11.133, 17303 MiB, 351.23 W, 100 %, 65
2026/10/10 10:57:12.142, 17303 MiB, 350.76 W, 100 %, 66
2026/10/10 10:57:13.156, 17303 MiB, 350.68 W, 100 %, 66
2026/10/10 10:57:14.168, 17303 MiB, 351.23 W, 100 %, 65
2026/10/10 10:57:15.178, 17303 MiB, 351.25 W, 91 %, 64
2026/10/10 10:57:16.182, 17303 MiB, 348.28 W, 100 %, 66
2026/10/10 10:57:17.194, 17303 MiB, 352.22 W, 83 %, 65
2026/10/10 10:57:18.205, 17303 MiB, 350.68 W, 100 %, 65
2026/10/10 10:57:19.213, 17303 MiB, 348.96 W, 98 %, 66
2026/10/10 10:57:20.224, 17303 MiB, 350.12 W, 100 %, 66
2026/10/10 10:57:21.235, 17303 MiB, 349.89 W, 100 %, 66
2026/10/10 10:57:22.245, 17303 MiB, 351.85 W, 100 %, 66
2026/10/10 10:57:23.260, 17303 MiB, 350.51 W, 98 %, 65
2026/10/10 10:57:24.270, 17303 MiB, 350.41 W, 100 %, 66
2026/10/10 10:57:25.280, 17303 MiB, 351.20 W, 86 %, 65
2026/10/10 10:57:26.288, 17303 MiB, 351.86 W, 100 %, 65
2026/10/10 10:57:27.303, 17303 MiB, 354.69 W, 100 %, 66
2026/10/10 10:57:28.308, 17303 MiB, 358.21 W, 100 %, 67
2026/10/10 10:57:29.321, 17303 MiB, 354.72 W, 100 %, 66
2026/10/10 10:57:30.334, 17303 MiB, 354.25 W, 100 %, 65
2026/10/10 10:57:31.348, 17303 MiB, 349.30 W, 99 %, 66
2026/10/10 10:57:32.360, 17303 MiB, 352.83 W, 100 %, 66
2026/10/10 10:57:33.373, 17303 MiB, 355.02 W, 100 %, 66
2026/10/10 10:57:34.380, 17303 MiB, 354.17 W, 100 %, 65
2026/10/10 10:57:35.386, 17303 MiB, 344.92 W, 74 %, 65
2026/10/10 10:57:36.395, 17303 MiB, 347.57 W, 100 %, 65
2026/10/10 10:57:37.403, 17303 MiB, 350.69 W, 100 %, 65
2026/10/10 10:57:38.414, 17303 MiB, 353.34 W, 100 %, 65
2026/10/10 10:57:39.427, 17303 MiB, 356.13 W, 85 %, 66
2026/10/10 10:57:40.437, 17303 MiB, 353.21 W, 100 %, 66
2026/10/10 10:57:41.448, 17303 MiB, 352.55 W, 100 %, 66
2026/10/10 10:57:42.462, 17303 MiB, 347.08 W, 99 %, 65
2026/10/10 10:57:43.468, 17303 MiB, 348.60 W, 90 %, 64
2026/10/10 10:57:44.478, 17303 MiB, 343.80 W, 97 %, 65
2026/10/10 10:57:45.480, 17303 MiB, 351.11 W, 100 %, 66
2026/10/10 10:57:46.490, 17303 MiB, 354.11 W, 98 %, 66
2026/10/10 10:57:47.499, 17303 MiB, 350.48 W, 100 %, 65
2026/10/10 10:57:48.509, 17303 MiB, 347.49 W, 95 %, 67
2026/10/10 10:57:49.522, 17303 MiB, 357.18 W, 100 %, 66
2026/10/10 10:57:50.536, 17303 MiB, 348.70 W, 94 %, 64
2026/10/10 10:57:51.544, 17303 MiB, 349.71 W, 100 %, 65
2026/10/10 10:57:52.556, 17303 MiB, 349.61 W, 100 %, 65
2026/10/10 10:57:53.568, 17303 MiB, 353.50 W, 99 %, 66
2026/10/10 10:57:54.570, 17303 MiB, 353.51 W, 99 %, 66
2026/10/10 10:57:55.583, 17303 MiB, 351.89 W, 100 %, 65
2026/10/10 10:57:56.595, 17303 MiB, 353.06 W, 100 %, 65
2026/10/10 10:57:57.605, 17303 MiB, 351.47 W, 100 %, 65
2026/10/10 10:57:58.615, 17303 MiB, 344.39 W, 86 %, 64
2026/10/10 10:57:59.629, 17303 MiB, 352.83 W, 98 %, 65
2026/10/10 10:58:00.639, 17303 MiB, 354.94 W, 100 %, 65
2026/10/10 10:58:01.653, 17303 MiB, 356.91 W, 100 %, 66
2026/10/10 10:58:02.662, 17303 MiB, 353.30 W, 100 %, 66
2026/10/10 10:58:03.665, 17303 MiB, 353.36 W, 94 %, 66
2026/10/10 10:58:04.680, 17303 MiB, 353.55 W, 100 %, 65
2026/10/10 10:58:05.696, 17303 MiB, 349.16 W, 100 %, 65
2026/10/10 10:58:06.711, 17303 MiB, 354.26 W, 100 %, 65
2026/10/10 10:58:07.715, 17303 MiB, 352.83 W, 100 %, 65
2026/10/10 10:58:08.726, 17303 MiB, 351.93 W, 100 %, 66
2026/10/10 10:58:09.733, 17303 MiB, 355.57 W, 100 %, 66
2026/10/10 10:58:10.743, 17303 MiB, 347.74 W, 100 %, 66
2026/10/10 10:58:11.757, 17303 MiB, 345.68 W, 100 %, 65
2026/10/10 10:58:12.769, 17303 MiB, 353.59 W, 100 %, 65
2026/10/10 10:58:13.771, 17303 MiB, 352.23 W, 100 %, 65
2026/10/10 10:58:14.781, 17303 MiB, 356.11 W, 99 %, 66
2026/10/10 10:58:15.783, 17303 MiB, 351.26 W, 100 %, 66
2026/10/10 10:58:16.788, 17303 MiB, 346.67 W, 100 %, 65
2026/10/10 10:58:17.800, 17303 MiB, 351.33 W, 100 %, 66
2026/10/10 10:58:18.802, 17303 MiB, 349.28 W, 100 %, 65
2026/10/10 10:58:19.816, 17303 MiB, 353.36 W, 84 %, 63
2026/10/10 10:58:20.829, 17303 MiB, 347.18 W, 98 %, 66
2026/10/10 10:58:21.833, 17303 MiB, 350.74 W, 83 %, 62
2026/10/10 10:58:22.844, 17303 MiB, 345.11 W, 85 %, 65
2026/10/10 10:58:23.855, 17303 MiB, 346.95 W, 100 %, 66
2026/10/10 10:58:24.867, 17303 MiB, 353.17 W, 100 %, 65
2026/10/10 10:58:25.874, 17303 MiB, 354.87 W, 99 %, 66
2026/10/10 10:58:26.885, 17303 MiB, 357.03 W, 100 %, 65
2026/10/10 10:58:27.894, 17303 MiB, 348.80 W, 100 %, 65
2026/10/10 10:58:28.908, 17303 MiB, 348.66 W, 100 %, 65
2026/10/10 10:58:29.924, 17303 MiB, 349.94 W, 87 %, 66
2026/10/10 10:58:30.928, 17303 MiB, 350.06 W, 100 %, 66
2026/10/10 10:58:31.940, 17303 MiB, 349.19 W, 87 %, 63
2026/10/10 10:58:32.948, 17303 MiB, 349.93 W, 100 %, 66
2026/10/10 10:58:33.961, 17303 MiB, 350.67 W, 100 %, 65
2026/10/10 10:58:34.962, 17303 MiB, 349.48 W, 94 %, 65
2026/10/10 10:58:35.977, 17303 MiB, 350.17 W, 100 %, 66
2026/10/10 10:58:36.990, 17303 MiB, 356.49 W, 100 %, 66
2026/10/10 10:58:38.003, 17303 MiB, 348.97 W, 100 %, 65
2026/10/10 10:58:39.005, 17303 MiB, 348.95 W, 100 %, 65
2026/10/10 10:58:40.019, 17303 MiB, 352.36 W, 86 %, 62
2026/10/10 10:58:41.024, 17303 MiB, 348.14 W, 99 %, 65
2026/10/10 10:58:42.036, 17303 MiB, 350.70 W, 100 %, 66
2026/10/10 10:58:43.050, 17303 MiB, 351.73 W, 100 %, 65
2026/10/10 10:58:44.052, 17303 MiB, 353.12 W, 98 %, 66
2026/10/10 10:58:45.062, 17303 MiB, 350.25 W, 99 %, 66
2026/10/10 10:58:46.070, 17303 MiB, 353.04 W, 100 %, 65
2026/10/10 10:58:47.084, 17303 MiB, 349.15 W, 100 %, 65
2026/10/10 10:58:48.086, 17303 MiB, 350.64 W, 100 %, 66
2026/10/10 10:58:49.089, 17303 MiB, 356.79 W, 100 %, 65
2026/10/10 10:58:50.098, 17303 MiB, 355.95 W, 100 %, 65
2026/10/10 10:58:51.100, 17303 MiB, 353.12 W, 100 %, 65
2026/10/10 10:58:52.112, 17303 MiB, 348.72 W, 100 %, 65
2026/10/10 10:58:53.122, 17303 MiB, 349.31 W, 99 %, 64
2026/10/10 10:58:54.134, 17303 MiB, 352.02 W, 100 %, 65
2026/10/10 10:58:55.148, 17303 MiB, 354.35 W, 88 %, 65
2026/10/10 10:58:56.150, 17303 MiB, 348.15 W, 100 %, 65
2026/10/10 10:58:57.153, 17303 MiB, 350.69 W, 100 %, 66
2026/10/10 10:58:58.168, 17303 MiB, 356.98 W, 99 %, 66
2026/10/10 10:58:59.170, 17303 MiB, 346.97 W, 85 %, 65
2026/10/10 10:59:00.181, 17303 MiB, 349.16 W, 100 %, 66
2026/10/10 10:59:01.184, 17303 MiB, 353.57 W, 100 %, 66
2026/10/10 10:59:02.186, 17303 MiB, 352.28 W, 100 %, 66
2026/10/10 10:59:03.187, 17303 MiB, 351.41 W, 100 %, 66
2026/10/10 10:59:04.190, 17303 MiB, 300.77 W, 0 %, 56
2026/10/10 10:59:05.198, 757 MiB, 75.80 W, 1 %, 52
